category,name,area_m2,levels,zone_row
transport,Escolta,1061.118200770358,,277
health,Mercury Drug,216.8320591533942,,652
food,Starbucks,1717.396512511556,,652
shop,,140.16917620980325,,25
shop,,140.16917620980325,,377
food,Jollibee,135.37041389242955,,713
school,Philippine College Of Criminology,718.7846034350955,,295
leisure,Bscp Billiards Zone,515.4925463046939,,704
worship,St. Mark United Church,156.5917103788095,,408
school,Manila Central University College of Dentistry,123.42528247008869,,394
work,Cluster Building,5437.663624639296,,891
food,Bacolod Chicken Inasal,253.5562660405043,,654
health,UST Hospital Clinical Division,3259.652905557963,,456
gov,Pandacan Police Station,269.3527154623713,,818
shop,Mabuhay Textile Market,140.16917620980325,,1
school,Juan Luna High School,2436.3334419817224,,383
worship,Iglesia Evangelica Methodista En Las Islas Filipinas,121.38341664389247,,787
school,Vicente Romualdez Integrated School,74.84742580392303,,565
school,Camilio Osias School,2436.3334419817224,,151
school,Philippine Sun Yat Sen High School,215.06504804320434,,288
shop,,36.01046737498409,,850
school,Philippine Marine Incorporated,1657.0948117271446,,322
school,A. C. Herrera High School,117.6172655732288,,183
worship,Arcilla's Memorial Seventh Day Adventist Church,412.7150738837928,,585
shop,Shops,1601.2831363950459,,232
school,Our Help of Christian School,263.84916426511154,,591
shop,7-Eleven,613.4442244876144,,679
school,Bethel High School,1719.4224743472591,,298
school,St. Joseph School,167.6439897949291,,818
shop,Teknika Sales & Diesel Service,125.04374379424765,,151
school,Manuel L. Quezon High School,53.814883277960945,,195
market,Puregold Jr.,1014.7039631180519,,836
food,Max's Restaurant,253.5562660405043,,654
transport,Mcl Bus Terminal,1061.118200770358,,119
worship,Lutheran Church In The Philippines,412.7150738837928,,573
gov,Central Market Police Station,190.21495838080017,,296
gov,Office of the Press Secretary,472.8174943117733,,629
market,Republic Supermarket,402.6756871592618,,290
worship,Roosevelt Memorial Church,887.1318233715324,,191
market,Santa Mesa Central Market,277.3492276159189,,579
health,Mercury Drug,691.9022764940959,,476
gov,Bureau of Customs,540.6161859819629,,33
school,PCU College of Business Administration,2436.3334419817224,,682
school,Bethel Lutheran School,254.35017768720914,,214
worship,Eatery,332.3780157553335,,505
food,Gumbo,253.5562660405043,,654
school,Lope K. Santos School,2436.3334419817224,,857
food,Wendy's,96.96160299969165,,661
gov,Malacanang Records Office,3126.9945849681835,,629
worship,United Bethel Church,412.7150738837928,,567
worship,Church Of Christ,412.7150738837928,,363
school,University of Santo Tomas Junior High School,3427.110043753735,,456
school,Legarda High School,252.04742908405757,,510
school,Manila Central University,2436.3334419817224,,386
worship,Trinity Baptist Church,436.1685344476532,,214
school,Unciano Parammedical College,2436.3334419817224,,574
worship,First Church Of God Of Manuguid,124.89710211596892,,191
work,Caritas Manila,484.38137293840987,,817
gov,Philippine Veterans Affairs Office,416.7064690872631,,894
shop,Petals Galore,140.16917620980325,,728
worship,Manila Central Church Seventh Day Adventist,412.7150738837928,,346
shop,Tesoros - Mabini,491.6593883169094,,653
leisure,Army And Navy Club,515.4925463046939,,651
worship,Soc Tan Buddhist Temple,412.7150738837928,,232
gov,Dagonoy Police Community Precint,139.9122290564459,,752
shop,Se5,140.16917620980325,,358
school,De Ocampo Memorial College,2436.3334419817224,,620
school,Three Angels Educational Center,2436.3334419817224,,613
gov,Office of the President,1591.8957782397495,,629
food,Secret Recipe,253.5562660405043,,654
health,Mercury Drug,217.9866723346426,,292
leisure,Kilometer Zero (Manila);KM 0,515.4925463046939,,651
food,Jollibee,151.1761501614384,,375
food,Chowking,210.44489338372404,,293
food,Ma Mon Luk,160.8815420887634,,293
shop,Aklatang Lunas,128.23998750585457,,330
shop,7-Eleven,526.2641770115099,,690
shop,7-Eleven,196.6845174741306,,704
shop,7-Eleven,228.05614982901324,,620
food,LGA Froglegs,719.9523924590644,,283
shop,7-Eleven,547.3643599039045,,683
food,,3397.2516580756637,,336
food,,3397.2516580756637,,336
health,Mercury Drug,228.71118303067234,,221
food,5 Aces,194.71904639328392,,511
food,Burger Machine,194.71904639328392,,836
food,Ichiban-ya,462.65088480470195,,686
shop,Uncle John's,283.69318848009226,,683
shop,7-Eleven,529.9304347059369,,653
health,Farmacia Fatima,423.98289388457357,,661
health,AdCare,635.6229384748151,,661
shop,Norma's Store,140.16917620980325,,535
shop,Aling Mercy's,140.16917620980325,,535
food,Rose,194.71904639328392,,550
gov,Commission on Elections,2143.314368696075,,641
shop,Uncle John's,753.809393549998,,641
market,Puregold,1608.0570364506304,,358
shop,Uncle John's,161.4126614474802,,683
worship,,266.0794779720004,,635
worship,Church,116.5290161601055,,635
work,2GO Forwarding Services,352.7730392533996,,292
shop,New Tatson Weighing Equipment,429.62878119392826,,277
shop,DIY Shop,957.2004011802437,,276
shop,Renaissance Travel and Tours Inc.,140.16917620980325,,276
work,Northwest Insureance and Surety,352.7730392533996,,277
shop,Quiana Industrial Sales,758.2403713153217,,277
worship,Po Chuan Am Temple,412.7150738837928,,277
shop,Sin Jiang Trading Corp.,140.16917620980325,,277
shop,World Central Apppliance,193.22612978376435,,277
work,AXA Philippines,184.19243076428245,,277
shop,Watching Electrical Supply,427.30743550764623,,277
shop,,99.89376181038492,,277
work,TESDA,1065.6980454661493,,292
shop,Uncle John's,139.3614793550932,,277
food,Mang Inasal,162.0919851395726,,292
gov,,139.9122290564459,,292
food,Mang Inasal,615.7138960484561,,292
food,Dong Bei,257.8407609239342,,274
food,Starbucks,240.61845218034546,,704
shop,Uncle John's,886.5578709540782,,704
food,Kenny Rogers Roasters,176.17778279372527,,713
shop,National Book Store,364.74408795652147,,713
shop,7-Eleven,3068.7509069239704,,704
food,KFC,348.3459605303457,,704
food,ZUS Coffee,194.71904639328392,,704
shop,Uncle John's,2497.1846463703905,,704
health,Mercury Drug,2542.422053519733,,138
worship,Manila Po An Temple,331.7250642811337,,704
gov,,139.9122290564459,,704
worship,Alakdan,86.37888409920464,,790
shop,Flour & Faith Bakery,187.78965656454992,,783
health,Mercury Drug,723.8831764328519,,661
food,Starbucks,3397.2516580756637,,336
shop,7-Eleven,488.4138238666279,,336
food,Chowking,218.0067355307278,,642
food,Greenwich,218.0067355307278,,642
food,Ilustrado,194.71904639328392,,643
shop,Uncle John's,140.16917620980325,,626
shop,"Filman Travel Center, Inc.",89.12219560380424,,281
food,KFC,195.13955742199377,,651
food,Jollibee,374.576965358479,,651
food,Gotobox,374.576965358479,,651
market,Don Bosco Market,516.6176986900227,,106
health,TGP,87.6316822561185,,109
health,DermaClinic,121.60215565870476,,409
shop,7-Eleven,109.65787020084225,,410
shop,,182.53326144028998,,411
health,TGP,62.93678149855288,,411
shop,Watsons,510.8544246383012,,411
school,AMA Computer School,239.38413585731828,,413
shop,,123.80182645850627,,409
worship,Holy Rosary Chapel,412.7150738837928,,410
transport,Manila North Harbor,1061.118200770358,,113
food,Club Intramuros,194.71904639328392,,642
food,Max's Restaurant,427.03754423172813,,642
work,Consulate of Chile,466.2830535794801,,642
food,,427.03754423172813,,642
shop,7-Eleven,655.1698905830979,,640
food,McDonald's,1040.0249252492013,,627
shop,Uncle John's,288.27340799235844,,643
gov,Police Station,139.9122290564459,,894
leisure,Flower Clock,515.4925463046939,,651
leisure,Halamanang Pilipino,515.4925463046939,,651
food,,194.71904639328392,,651
gov,Manila City Court,1297.9248597794247,,894
gov,Manila Barangay Bureau,274.3407880873597,,894
food,Starbucks,71.88266103061565,,645
health,Mariner's Dental Clinic,288.27340799235844,,643
work,YMCA of Manila,838.9939585255208,,645
gov,Social Security System,777.5843453801162,,894
food,Liezel's Place,31.273947510658918,,643
shop,Pointer Enterprises Inc,236.98118013951654,,644
health,Transnational Medical & Diagnostic Center,557.8327185999641,,644
shop,Silahis Art & Artifacts,1118.3653383260619,,643
food,Adams Canteen,111.24669473559975,,643
work,Senior Citizen's League of Intramuros,75.77665617223938,,644
food,Sunlai Foodhouse,38.34106650337078,,643
shop,7-Eleven,100.4901796790926,,644
food,Casa Marinero II,376.1763398611991,,644
gov,National Reintegration Center for OFWs,725.0230116568409,,644
health,Seamary's Pharmacy,288.27340799235844,,643
work,NYK-Fil Training Center,360.3000598016296,,644
food,Pepito Foodhouse,123.84139177139443,,644
food,Bacolod Chicken Inasal,195.13955742199377,,651
school,Southern Institute of Maritime Studies-Manila,216.8320591533942,,652
shop,7-Eleven,182.58121830651478,,651
food,Pizza Hut,451.24028023008196,,652
food,Jollibee,194.71904639328392,,652
food,Jollibee,522.7799660118469,,652
shop,Solidaridad Bookshop,109.1195054151693,,652
food,Mang Inasal,194.71904639328392,,652
food,Chowking,2195.9367722908414,,652
food,,194.71904639328392,,651
food,UIP Restaurant,194.71904639328392,,651
health,Mercury Drug,1641.607280480543,,651
food,Karinderya ni Ramon,194.71904639328392,,651
food,Blue Bay,194.71904639328392,,651
food,Dad's World Buffet,522.7799660118469,,652
food,Mang Inasal,522.7799660118469,,652
shop,7-Eleven,1635.0115329242026,,655
food,Big Mama's,194.71904639328392,,652
food,Burger Machine,194.71904639328392,,652
shop,7-Eleven,140.16917620980325,,652
food,Wendy's,419.37311560489564,,652
food,Dunkin',135.01158039937042,,661
school,Mariana Academy of Maritime Studies Inc.,1367.9956386033577,,651
food,McDonald's,866.9189993718685,,651
shop,Morbai Charts/Maps & Maritime Supplies,483.71544589250317,,641
shop,Mananzan Handicrafts,483.4845360446452,,642
shop,Hiraya Gallery,209.54152142797534,,652
food,J.Co,232.80211384387061,,652
food,Starbucks,232.80211384387061,,652
market,Puregold,497.68410802883363,,652
shop,Uncle John's,497.68410802883363,,652
shop,7-Eleven,365.1533417284471,,651
food,Peter's Tea House,210.7338373917454,,651
food,Angel's Pizza,511.4716739741463,,651
food,Starbucks,374.576965358479,,651
health,Mercury Drug,374.576965358479,,651
shop,Lawson,374.576965358479,,651
food,Za's Cafe,194.71904639328392,,652
food,Max's Restaurant,918.3121188349655,,655
shop,Goldilocks,290.994103475752,,651
food,Conti's,175.77181761990425,,651
health,Generika,243.20390126108958,,655
gov,Barangay 670 Hall,139.9122290564459,,655
shop,7-Eleven,184.4031161240423,,651
food,Mang Inasal,184.4031161240423,,651
food,Arquiza Seafood and Hotpot Restaurant,353.41067653573197,,652
shop,7-Eleven,359.9863608556294,,653
shop,Uncle John's,481.9439002913737,,653
shop,Uncle John's,427.03754423172813,,642
food,Bacolod Chk-N-Bbq,218.0067355307278,,642
shop,Snappy Copy,3401.1670492123853,,641
work,Consulate of Jordan,427.03754423172813,,642
food,Flower Stories Cafe,51.04371182528116,,641
food,Patio de Conchita,315.1267651851332,,641
work,"Skyland Brokerage, Inc.",209.9877081284317,,642
gov,,287.1006420693152,,644
leisure,Anda Fitness Center,800.8897271972841,,640
work,People's General Insurance,521.5025290187609,,641
food,Chowking,101.07979092773314,,660
food,Jollibee,101.07979092773314,,660
shop,7-Eleven,358.3247757294072,,659
shop,M Lhuillier,335.19716670186256,,659
food,Gen. Luna Cafe,178.40463651214844,,659
food,Old Swiss Inn,565.2855257563367,,659
food,Subway,917.9095532587846,,659
health,Rich-B Pharmacy,200.98504224551772,,659
gov,EAC Outpost,200.91801737239325,,659
shop,Uncle John's,149.1568761847525,,659
school,Only by Grace Academy,552.6156483150789,,659
worship,,1183.76073631226,,659
food,Globe Lumpia,410.3246072368963,,293
gov,,139.9122290564459,,497
food,Binalot,218.35338607834703,,684
shop,Uncle John's,140.16917620980325,,684
food,Mamita's Deli,175.00411806236673,,684
health,TGP,64.938866684118,,690
food,Bentoya,126.33079142694919,,683
health,Nordic Medical Clinic Manila,373.42415690578053,,686
shop,Shell Select,263.4067499669603,,686
food,Jollibee,1405.6395476612288,,299
food,Chowking,337.98663715552044,,299
shop,SMG,410.3246072368963,,293
shop,Highland Radio Supply,117.68367132010485,,293
health,Mercury Drug,615.7138960484561,,292
shop,Henry's Camera,214.75575567640306,,292
shop,Goldilocks,372.5829220249502,,292
shop,Columbia Digital,220.9259193280969,,292
food,Jollibee,453.0749058376058,,293
shop,Avenue P,220.9259193280969,,292
shop,Watson's Photo Shop,214.75575567640306,,292
food,KFC,164.8516622183911,,293
health,TGP,162.0919851395726,,292
shop,7-Eleven,62.89883818650039,,191
health,Amisola Maternity Hospital,200.98504224551772,,192
food,Turks,220.29582263009945,,863
health,Mercury Drug,200.98504224551772,,860
health,Mercury Drug,282.7532829755354,,660
food,Chowking,143.74126147647814,,669
food,Mang Inasal,165.3297640759672,,669
shop,Dali,457.48993304858845,,672
food,Jollibee,279.84399452819287,,669
shop,Goldilocks,165.66776117694843,,669
shop,Lawson,241.0472740485023,,668
food,McDonald's,149.54293112745003,,666
shop,Texwood Lumber,768.3147503027725,,116
shop,Eng Bee Tin Chinese Deli,196.75858579981642,,275
shop,Eng Bee Tin,321.3973924983317,,275
shop,Graman Medical Trading,213.43740785123683,,325
health,K2 Pharmacy,297.4963370086799,,116
food,Jollibee,436.75612870902097,,317
food,Ichigo Ichigo Japanese restaurant and bar,547.3643599039045,,683
food,Wai Ying Fastfood,469.6816275412835,,250
health,Mercury Drug,2106.984077988069,,580
shop,Rex Store Helmet,140.16917620980325,,636
shop,Tondo Convenience Store,44.60915829689244,,86
health,St. Luke's Medical Center Extension Clinic,200.98504224551772,,655
gov,Tourist Police Station,139.9122290564459,,651
food,Starbucks,399.3548476034145,,684
health,Mercury Drug,171.9600378635647,,893
food,Andok's,194.71904639328392,,191
market,Abucay Market,208.27580244666106,,192
food,Mang Inasal,60.644851588655186,,191
shop,HBC,62.89883818650039,,191
shop,Uncle John's,146.13176476048977,,438
food,Jollibee,112.0944172457917,,456
shop,Uncle John's,140.16917620980325,,474
health,Mercury Drug,388.7952622807858,,467
food,McDonald's,388.7952622807858,,467
shop,Aida & Billy Handicrafts,172.42244535409284,,370
food,Avila Lutong Kapampangan,60.55175638081594,,646
work,Embassy of the Republic of Palau,2641.5637422802865,,686
shop,Mansmark Houseware Center,148.2751410886345,,292
food,Aling Nene,194.71904639328392,,743
shop,7-Eleven,580.1039220059865,,462
food,Pizza Hut,502.60214381727945,,465
shop,"Times Trading Co., Inc.",333.86841423022827,,275
food,Calle 5,570.165122665375,,653
shop,Lawson,155.1567870937858,,654
health,Farmacia Sicaba,200.98504224551772,,871
work,"UltraShip Crewing Phils., Inc.",352.7730392533996,,710
shop,7-Eleven,239.16663621407798,,686
shop,Autoline,140.16917620980325,,741
food,Angel's Pizza,312.02863224308203,,390
food,Jollibee,1552.317180831711,,381
school,St. Teodora's Learning Center,632.7219636431645,,240
health,Manwen Drug Store,249.38745847406244,,240
market,Ever Supermarket,665.8237678874087,,252
food,Arya,3050.198622419758,,654
food,Café Breton,253.5562660405043,,654
shop,7-Eleven,399.3548476034145,,684
shop,7-Eleven,362.0244188943787,,653
shop,Uncle John's,1376.5523993128895,,678
food,Nitz Restaurant,187.05575940952127,,678
shop,7-Eleven,140.16917620980325,,678
food,AlynnaEm Tapsilugan,75.62728541570382,,359
school,Samantabhadra Institute,2436.3334419817224,,217
shop,Booksale,613.4442244876144,,679
health,Farmacia ni Dok,1729.2233526365528,,679
health,Skill Builders Therapy Services Corp.,188.38850943234158,,678
food,La Mesa Inasal,253.4385880520274,,677
health,RITM Satellite Clinic,189.0167221794669,,678
food,Sinangag Express,606.9778937701225,,679
health,TGP,152.46837602966642,,679
shop,Uncle John's,156.25645689841244,,518
market,Highmart Supermarket,122.08463327588734,,525
food,,140.4686512879782,,553
shop,,79.99652328411662,,525
food,,194.71904639328392,,525
shop,Lunar's Bakery,170.27914945002817,,520
shop,,140.16917620980325,,525
shop,,81.39028372687307,,563
shop,,140.16917620980325,,525
shop,,138.4851645152922,,549
shop,,148.13054370699803,,553
market,,139.68436777325823,,532
food,Jollibee,114.48606459593191,,537
food,,194.71904639328392,,525
shop,,140.16917620980325,,525
shop,,140.16917620980325,,535
shop,,107.33083047978116,,551
shop,,140.16917620980325,,559
shop,,140.16917620980325,,527
shop,,121.93088798796212,,547
shop,,135.1768670037365,,551
shop,,112.20470849763042,,526
food,Becky's Kitchen,265.84436755793195,,747
worship,MDS Metro Manila Christian Church,358.3247757294072,,659
work,Nawras Manpower,893.0439912886877,,684
shop,Decimal,170.0886089998914,,380
shop,Cycle Art Marketing,146.29731686599823,,377
shop,Fort Bicol Trading,268.954965178566,,377
shop,King's Bicycle Store,115.28036181755286,,377
shop,EK Marketing,191.33870021224354,,380
shop,Clark Lane,147.7891552842034,,380
shop,One Stop Bicycle,269.3482825330245,,380
shop,G.C. Cyclist,58.55001336131162,,380
shop,,150.50767031112034,,380
worship,Youth Gospel Center,389.3883830459656,,250
school,University of Santo Tomas Faculty of Arts and Letters,1165.4722007569962,,456
shop,Bee Tin Grocery,188.83224741967402,,282
school,University of Santo Tomas Faculty of Engineering,3606.0030827388905,,456
school,University of Santo Tomas College of Fine Arts and Design,733.2585182553537,,456
school,University of Santo Tomas Faculty of Medicine and Surgery,6106.141567896578,,456
market,Robinsons Department Store and Supermarket,1943.494979035331,,891
food,Sinangag Express,194.71904639328392,,710
shop,Car Wash,140.16917620980325,,710
food,Bonchon Chicken,348.3459605303457,,704
food,Chowking,124.48451462609144,,713
food,Starbucks,124.48451462609144,,713
food,Flaming Wings,194.71904639328392,,712
food,Rice : Taft Avenue,225.57886684013195,,710
food,Mang Inasal,183.7775760105879,,713
food,Mr. Poon,665.0507015177922,,682
food,Jollibee,483.06286179155126,,682
food,The Coffee Bean & Tea Leaf,240.1369772809876,,653
food,Army Navy,240.1369772809876,,653
shop,Cebuana Lhuillier,743.5830405362245,,877
health,Manila Almighty Drug,200.98504224551772,,750
health,Mercury Drug,200.98504224551772,,365
food,Chooks-to-go,743.5830405362245,,877
food,McDonald's,1273.917846257158,,877
shop,Monterey Meat Shop,743.5830405362245,,877
gov,Philippine Commission on Women,218.4774627564321,,629
shop,New Albarose Enterprises,140.16917620980325,,85
food,Jollibee,194.71904639328392,,362
food,Chowking,194.71904639328392,,362
shop,Red Ribbon,1608.0570364506304,,358
shop,,140.16917620980325,,370
worship,San Roque Chapel,57.027388046077476,,377
food,Burger,161.4747943723196,,379
shop,Carenlex Bakery,230.6160520262096,,380
food,Delicious,282.5960388603998,,369
shop,HBC,151.7115504646087,,369
health,KC Dental,394.1284869825717,,293
work,LBC,51.49001518818482,,292
shop,Master Hopia Bakery,79.37850958859329,,292
shop,Villarica,171.824534855279,,292
shop,,93.33235051888366,,369
shop,,83.21525659297255,,369
shop,,146.0833500766806,,369
shop,Lyric,154.34152917344898,,293
shop,,177.21293610307117,,293
shop,,74.78422951685465,,293
shop,,279.2498423100919,,293
shop,Abesamis Optical,136.57080016757757,,293
shop,Newport Electronics,101.94259467469531,,293
transport,GV Florida - Sampaloc Terminal,296.07795825786707,,446
food,Tianlala,106.64551394850864,,382
health,Mercury Drug,183.8990121090508,,383
food,Mang Inasal,106.64551394850864,,382
food,Greenwich,106.64551394850864,,382
food,Dunkin Donuts,95.65394286072284,,382
market,SM Savemore,484.4316665825168,,289
work,Arrangque Multipurpose Cooperative,1206.329033496302,4.0,291
shop,Rhapsody Music House,103.32758379166336,,293
food,McDonald's,194.71904639328392,,294
work,Chinese Commercial News,86.87092080252117,,275
shop,7-Eleven,263.7870823765469,,277
shop,Goodluck Pawnshop,129.62868382789097,,377
shop,N & C Barbershop,129.62868382789097,,377
shop,Netspree Internet,129.62868382789097,,377
shop,Lin Aqua Refilling Station,129.62868382789097,,377
shop,7-Eleven,129.62868382789097,,377
food,Joy & Joan Eatery,194.71904639328392,,377
food,K.G.W.D. Abel Ihaw-Ihaw,194.71904639328392,,377
shop,4 Yeps Store,291.28656117081607,,377
shop,Calix Bakery,251.58751887631593,,378
shop,Penings House of Bread,267.0743662493573,,378
food,Pizza Hut,218.88470923232722,,378
school,Sudeco Polytechnic Integrated College,218.88470923232722,,378
shop,Cebuana Lhuillier,182.9828213957119,,369
shop,Uncle John's,117.42012057871375,,369
shop,Index Hair & Body Salon,456.55412808805204,,378
school,Royal Philippines Educational Specialist,456.55412808805204,,378
school,Access Computer College,65.94221011712781,,377
shop,BBTS Computer Sales,131.06008477564492,,377
shop,C.J. Clemente Trading,332.5174744407918,,377
shop,Cebuana Lhuillier,73.84164004823077,,377
shop,Deovir,332.5174744407918,,377
shop,Deovir,73.84164004823077,,377
work,Eli Rae Bookbinding Services,332.5174744407918,,377
health,Generic Pharmacy,65.94221011712781,,377
food,Goto Beef Beep,73.84164004823077,,377
food,Janine Eatery,332.5174744407918,,377
shop,Japan-Korean Computer,131.06008477564492,,377
gov,LBC,73.84164004823077,,377
shop,Merilon's General Merchandise,131.06008477564492,,377
shop,Mommy Dhes Laundry Shop,332.5174744407918,,377
school,Montessori Professional College,65.94221011712781,,377
shop,Park n Go Bakeshop,73.84164004823077,,377
shop,The Genuine Center Elect & Hardware,73.84164004823077,,377
food,Hong Kong Noodle & Dimsum House,250.54390942489132,,293
food,Amis Restaurant,351.55222014278485,,292
food,Chowking,351.55222014278485,,292
shop,Cedric Framing Services,39.7266621813722,,377
work,Champion Shoe Repairshop,39.7266621813722,,377
shop,E Chan Optometric Clinic & Gen. Merchandise,80.05480506164267,,377
shop,E.L.E. General Merchandise,39.7266621813722,,377
shop,Firefly General Merchandise,59.51563979224184,,377
shop,HBS Barbershop,59.51563979224184,,377
shop,Raiven.net,39.7266621813722,,377
shop,Jai-Dan General Merchandise,59.51563979224184,,377
shop,Little Emmanuelle Marketing,80.05480506164267,,377
shop,Oriental Const. & Elect. Supplies,80.05480506164267,,377
shop,Aclopen Ukay Ukay,80.05480506164267,,377
food,,80.05480506164267,,377
shop,Raiven Haircutters,190.80391198446392,,377
mall,Carriedo Arcade,372.5829220249502,,292
food,Jollibee,615.7138960484561,,292
shop,Ladie Store,79.0175453067475,,377
food,,151.0155034324074,,377
food,,151.0155034324074,,377
food,,151.0155034324074,,377
shop,,251.9632092148017,,377
food,City Walk Luncheonette,64.82646702096777,,377
shop,Global Craze Bikes,237.99781822354066,,377
shop,NPJN Marketing,237.99781822354066,,377
shop,RD,65.94221011712781,,377
shop,,76.49180207915023,,377
shop,La Pacita Factory Outlet,91.76331427464208,,379
shop,The Padilla Art Gallery,91.76331427464208,,379
food,Chock Pot,258.7826548334581,,380
mall,Isetann Cinerama Recto,1493.0839106957517,,294
shop,Diamond Glass Store,81.85333004464408,,293
shop,Manila Music and Sports Store,62.78494215440292,,293
shop,Megapro Electronics,46.590137289234086,,293
shop,OMP Elctronics,110.6117892617486,,293
shop,Salonga Music and Sports Store,66.4787431663525,,293
shop,Filipinas Pawnshop,210.44489338372404,,293
shop,Luzon Hardware Shop,56.93064892827413,,293
shop,RSB General Merchandise,43.96876972188887,,293
shop,Sportsmax,50.36008730750075,,293
shop,7-Eleven,250.54390942489132,,293
market,Mary's Corner Grocery Store,277.42274093667265,,293
shop,Joseph's Nook,277.42274093667265,,293
food,Dunkin',164.8516622183911,,293
shop,Appliance & Mobile Phone Store,164.8516622183911,,293
worship,Nedo Kagyu Temple,642.8175718809623,,600
food,Shakey's,274.8677795486507,,572
shop,,127.4430122874536,,596
health,Mercury Drug,383.9194274723837,,578
school,Our Lady of Fatima Parochial School,338.0964077139407,,595
shop,Demarge Store,184.1823144094546,,596
shop,7-Eleven,107.11140546962712,,577
food,Jollibee,1685.0169720986648,,620
health,Mercury Drug,505.392853827918,,573
food,Chowking,536.2338902459445,,704
food,Heavenly Grace,257.8407609239342,,274
shop,Mitsubishi Digital Express,412.17566475454,,292
shop,Sonny House of Beads,90.30610668044754,,292
shop,Cebuana Lhuillier,51.49001518818482,,292
shop,Continental Pawnshop,92.70610137540672,,292
market,Progressive Grocery,165.6744020620056,,292
shop,Cebuana Lhuillier,155.33710082460385,,292
shop,National Electrical Supply and Hardware,80.7828827256466,,292
shop,Fortress Digital Foto Center,201.18118209946098,,292
shop,Megatrend Pawnshop,53.6722516340981,,292
shop,Kim Chong Tin Hopia Factory,73.45617585702182,,292
shop,Wellmanson Beads and Accessories,464.5099079088088,,292
shop,Butingting atbp.,121.58610670071121,,292
shop,Pot of Gems,98.43971081187544,,292
shop,Buckingham Embroidery,70.90832635291521,,292
shop,Fans Digital Imaging,113.66663987405752,,292
food,KFC,186.58052167852532,,376
food,Dimsum Treats,441.4218699644015,,376
work,Ricky Reyes Learning Institute,416.77598375261863,,370
food,Shawarma Snack Center,381.71359320422886,,653
food,Mesa Luntian,111.43157826467963,,620
school,PUP,808.8939146310614,,620
school,Sean & Clyde,2436.3334419817224,,596
shop,,140.16917620980325,,599
shop,Ivy's Bakery,107.86785496495122,,605
shop,M Lhuillier,312.87905823528325,,594
shop,,375.2715638613118,,595
market,,187.74078139536624,,596
gov,Bacood Police Station,139.9122290564459,,606
food,Lucia's Cafeteria,85.17005959095695,,596
health,Dr. Aguillar Pharmacy,200.98504224551772,,596
shop,,140.16917620980325,,596
shop,,107.86785496495122,,605
shop,Unicar,140.16917620980325,,596
health,St. Francis Pharmacy,200.98504224551772,,606
shop,,140.16917620980325,,605
market,,325.447539656851,,608
shop,,140.16917620980325,,606
health,Clinica Dela Luz,156.65068367361584,,605
shop,Uncle John's,140.16917620980325,,685
food,Wok Inn,417.91741717121386,,684
food,Finale Cafe,194.71904639328392,,684
shop,7-Eleven,503.33552051672063,,683
gov,LBC,64.938866684118,,690
food,Landap Café,195.07736311562635,,370
food,Sr. Pedro,106.81547270758111,,379
shop,Villarica,235.165396710776,,379
shop,Standard Refrigeration Supply,410.3246072368963,,293
shop,Vilmar Bakery,93.72921974623827,,750
food,Chowking,151.1761501614384,,375
shop,7-Eleven,740.0899658823847,,390
shop,Conanan Bookstore,589.930419788164,,390
shop,Anding’s Toys and Flowers Inc.,2804.7005536333745,,258
gov,Barangay 329 Hall,528.7803872915067,,315
food,Mang Inasal,479.28915962525116,,292
gov,Barangay 300 Barangay Hall,139.9122290564459,,286
gov,Arranque Fire Brigade,121.04619976664972,,286
shop,Bounty Flow Water Station,119.08056646227989,,256
shop,Cebuana Lhuillier,119.08056646227989,,256
food,Chicken Benedict,300.623417073281,,256
shop,Healing Spa,257.05685745951484,,256
shop,LYS Hardware,267.12976039673333,,256
shop,Yale Hardware,311.17162280345156,,250
gov,Barangay 260 Outpost,131.29561201218092,,250
gov,Fida Logistics Services,708.1020868380477,,250
food,Mang George Catering,185.00243433436728,,256
health,K-2 Drugstore,185.15111285204154,,297
health,Mother's Drugstore,117.7739992093189,,297
worship,Telecom Chapel,166.3629167912364,,296
shop,Aqua Vendita,90.07204129851857,,378
food,NVS Carinderia,148.82396246797796,,378
shop,Total One-Stop Tools Station,894.6561331230575,,256
shop,Goldilocks,264.9247159311985,,199
work,LBC,166.80619141231787,,209
shop,7-Eleven,1145.2502891707443,,349
shop,Gloria Nery Sari Sari Store,293.1578485323079,,599
health,Lubiran Pharmacy,166.22713480312376,,596
food,Seattle's Best Coffee,176.17778279372527,,713
food,Burger King,124.48451462609144,,713
food,Gravy Fix,112.86270405055699,,712
work,Kumon,625.1459692324667,,712
food,Zark's Burgers,112.86270405055699,,712
food,Jus & Jerry's,112.04187405102536,,694
shop,Uncle John's,112.04187405102536,,694
food,24 Chicken,112.04187405102536,,694
food,Andok's,194.71904639328392,,839
health,Mercury Drug,139.1426029472866,,827
health,Asian Dental Supply,162.99255720966235,,290
shop,Tile Depot,951.25338710894,,290
shop,7-Eleven,1161.7584882536448,,291
food,Mommy's Kitchen,194.71904639328392,,655
food,Bob Uy,194.71904639328392,,655
food,Siomai House,194.71904639328392,,655
food,Sisig,194.71904639328392,,655
food,Nutrilicious,194.71904639328392,,655
work,"Unex Machineries, Inc",334.1091304715195,,879
school,University of Santo Tomas College of Architecture,733.2585182553537,,456
shop,Avon,585.5113230987091,,877
health,Mercury Drug,561.5335498260175,,879
worship,Pentecostal Missionary Church of Christ (4th Watch),221.9299222838742,,478
shop,Water on the Rock,221.9299222838742,,478
shop,Diocelle Motor Parts and General Merchandise,140.16917620980325,,342
shop,Embalmer Internment Service,692.8026641117777,,397
work,Jojie's Catering Services Inc.,107.84156125492208,,742
food,Izakaya Den Japanese Restaurant,194.71904639328392,,654
food,Arabic Kitchen Restaurant,194.71904639328392,,654
food,Doniz Korean Restaurant,194.71904639328392,,654
food,Mak Chang Korean Grill Restaurant,416.7059085453269,,653
food,Hwangso-Ga,194.71904639328392,,654
food,McDonald's,277.6191662639952,,683
worship,PGH Chapel,757.349454542221,,654
health,PGH Main Pharmacy,1162.2696926804947,,654
health,Novodental,669.6228915289888,,653
shop,7-Eleven,364.9477755229906,,684
food,Ying Ying Tea House,86.87092080252117,,276
gov,Santa Cruz Fire Brigade,243.29877225862987,,289
mall,Fairmart,243.29877225862987,,289
shop,Southern Pan Pacific International Corporation,301.54447782513313,,289
shop,Watson Electronic Center,97.33792483549719,,289
work,,353.0568508876103,,289
shop,Margie Aircon Industries,1946.0172704824272,,289
food,Jollibee,274.13439033464545,,289
shop,Solar,93.42071632778988,,289
health,TGP,65.52222421858407,,776
shop,Cebuana Lhuillier,140.16917620980325,,776
health,Mercury Drug,87.44691415612242,,775
health,TGP,100.38887218578618,,789
food,Burger Machine,194.71904639328392,,787
school,Republic Institute,61.57732167538299,,787
shop,E. Cuevas Bakery,158.67991193969777,,787
food,Pepay's Food House,247.81918992368645,,789
market,Neighborhood Wholesale,197.2738264670885,,786
shop,Cebuana Lhuillier,242.10409250916587,,786
food,Jack Wings,186.64347026071226,,786
health,Classy Dental Care,142.18881350162727,,786
shop,Town Center General Merchandising,140.16917620980325,,771
health,Bradley Pharmacy,298.21516915632344,,790
shop,New Era Auto Supply,140.16917620980325,,771
shop,Motolast Battery and Tire Supply,140.16917620980325,,789
school,Reggio De San Jose Learning Center,2436.3334419817224,,756
shop,7-Eleven,279.5555132642224,,789
food,Andok's,120.3057522725459,,789
health,Lawrence's Pharmacy,234.27011955869403,,790
shop,New Triple S Medical and Dental Trading Corp.,167.32815729162235,,306
shop,Alt Care,125.89939459115402,,319
shop,Health Craft Medical Supplies,125.89939459115402,,319
shop,Medical Center Trading Corporation,164.78371184196382,,319
shop,Medicare Medical Supplies Trading,125.89939459115402,,319
shop,Bio Ted,31.369734124644463,,320
shop,Multi Med,31.369734124644463,,320
shop,I&M Apparel,31.369734124644463,,320
shop,Global Medical Supplies,31.369734124644463,,320
shop,Juan Luna Medical Supplies,31.369734124644463,,320
shop,7-Eleven,41.579997824490654,,506
shop,SolarFlow Solutionz,324.1440699516237,,278
shop,Hi-Steel Trading,324.1440699516237,,278
shop,HertzBlaster Solar Energy Products,86.44373656077411,,309
food,Baliwag,194.71904639328392,,860
shop,Mary Pauline Salon,22.90478864140008,,868
shop,Myxcutz Salon,126.4856767464477,,868
food,Cha Tuk Chak,50.70680833384045,,863
food,Angel's Burger,194.71904639328392,,860
shop,Santa Ana Enovations,76.11505512565782,,863
shop,Index Salon,606.0395691342139,,863
shop,Heaven Store,140.16917620980325,,873
shop,Balai Pandesal,50.70680833384045,,863
shop,Lina-lyn Phoneshop and Trading Inc.,31.36454104967049,,863
transport,Santa Ana,1061.118200770358,,860
shop,Cebuana Lhuillier,140.16917620980325,,860
food,Mr. Liempo,62.520401274143794,,860
food,Kai Cha Milk Tea,22.90478864140008,,868
shop,WCHA Fashion Haus,140.16917620980325,,863
shop,Mapalad Bakery,183.62284104276506,,868
shop,Visage Manila,77.59673971284663,,868
shop,Cherskie Menos de Gastos,31.36454104967049,,863
transport,Punta,1061.118200770358,,884
shop,Printhive,249.04591200870922,,863
health,St. Anne Orthopedic,67.70945602799348,,857
shop,Reyes Haircutters,86.34442224036968,,860
food,Eneelid's Sizzling House,57.6087780056664,,860
shop,Sophie,147.2358083630556,,863
health,Adoracion Diagnostic Center,67.70945602799348,,857
health,Savecare Pharmacy,86.34442224036968,,860
food,Quain Na,57.6087780056664,,860
food,Terry's,67.70945602799348,,857
shop,7-Eleven,86.34442224036968,,860
shop,Cebuana Lhuillier,86.34442224036968,,860
shop,Yzy Bubbles,57.6087780056664,,860
shop,Welron Motor Shop,140.16917620980325,,860
shop,Mar-an Bakery,87.14443675179976,,857
health,Dental Clinic,57.6087780056664,,860
shop,Top of D Line Laundry,97.72822844358109,,857
food,Perjan Food House,194.71904639328392,,857
gov,LBC,98.18822678144488,,860
food,Liyah Kaffea,98.18822678144488,,860
food,Food Cube Carinderia,194.71904639328392,,860
shop,Red Ribbon,98.18822678144488,,860
shop,P100 Fashion Ave,98.18822678144488,,860
shop,Gasul,140.16917620980325,,860
shop,Villarica,140.16917620980325,,857
shop,Skhyller Pet Grooming,82.57465388365054,,857
gov,Barangay 873 Hall,139.9122290564459,,857
shop,Humble Store,82.57465388365054,,857
shop,Santa Ana Hardware,87.14443675179976,,857
shop,Cadey Store,82.57465388365054,,857
shop,Joe's Store,440.39077935533044,,857
shop,Aqua Mega,59.14992745069923,,863
health,Farmacia Ortega,59.67566474732618,,868
shop,Julitz Beauty Lane,145.55504066439892,,868
shop,Plaza Barber Shop,140.16917620980325,,863
shop,Two Angels Laundry,59.14992745069923,,863
work,Santa Ana Parish Office,1370.4966933453202,,869
shop,Decara Grocery,96.74727750575425,,857
health,Dr. Lui Dental Clinic,31.36454104967049,,863
health,Herran Laboratory & Medical Clinic,31.36454104967049,,863
shop,Makei's Tenderly Touch,70.42656353689854,,863
food,Andok's,86.34442224036968,,860
shop,Blind Wonder Massage,86.34442224036968,,860
school,Happy Kids Learning Center,133.94847097949742,,857
health,South Star Drug,86.34442224036968,,860
worship,Camarín de la Virgen,113.42216640209449,,869
food,Chooks to Go,88.14817990519225,,876
health,Patient's Choice Medical and Industrial Laboratory,876.2349491558964,,874
health,Save U More Drug,346.80775927568004,,874
work,"Reliance Surety & Insurance Co., Inc.",497.55474455126,,277
worship,River Of Joy Christian Ministry & Family of Fellowship,222.21340695234045,,367
health,ABC Clinic,337.72707637005084,,367
food,Wai Ying Fast Food,89.12219560380424,,281
shop,7-Eleven,1179.6632413600362,,687
shop,Circle K,480.0488576589427,,654
food,Inasal Chicken Bacolod,480.0488576589427,,683
work,Knights of Rizal International Headquarters,645.0369050564584,,637
food,Pancake House,399.3548476034145,,684
food,Don Henrico's,399.3548476034145,,684
shop,Ace Elec-Tech Center,96.25998058165146,,289
shop,Roks,419.8068464318123,,289
shop,Rizal's Execution Site,140.16917620980325,,651
shop,Manila Aquatic Center,200.68126126609283,,478
work,JECH Manpower Services Inc.,352.7730392533996,,890
food,,4457.618237203154,,279
shop,7-Eleven,258.6498109185542,,658
health,Mercury Drug,459.1481019096409,,588
shop,Henry's Professional,225.98309021276006,,292
food,Blu Dynasty Cantonese Cuisine,628.9454528473234,,287
gov,Land Transportation Office - Manila West District Office,208.72543356312744,,514
work,UP Manila Office of the Registrar,956.8465125663853,,655
market,Urban Generation,406.9183428541748,,295
market,Urban Generation,551.1860376795568,,293
market,Metropole,807.6707736832877,,295
worship,Metropolitan Bible Baptist Church,214.15851440102102,,859
shop,7-Eleven,751.6187467841603,,681
shop,7-Eleven,1023.0708106786626,,679
shop,Uncle John's,221.08743660556226,,661
gov,Bureau of the Treasury,5281.312038628411,,641
leisure,Puerta de Almacenes,4730.409954503589,,642
gov,Office of the Presidential Spokesperson,639.9251292585628,,629
gov,Presidential Communications Operations Office,639.9251292585628,,629
food,Mabuhay Teahouse,259.97131912046063,,704
food,The Century Seafood Restaurant,15642.28258481071,,704
work,98B COLLABoratory,651.3825470698058,,277
food,Mang Inasal,76.93988802921879,,322
food,McDonald's,210.8253957701845,,322
health,Mercury Drug,76.93988802921879,,322
shop,Index Salon,210.8253957701845,,322
food,Burger King,253.5562660405043,,654
shop,Banahaw Heals Spa,299.9562105735138,,267
food,TAMbayan,563.7603869352786,,382
food,KFC,380.2559990589047,,448
food,Tayuman,500.59927363411526,,381
food,McDonald's,194.71904639328392,,381
food,Jigg's eatery,228.5094801590887,,426
shop,7-Eleven,73.79671630666925,,553
shop,7-Eleven,95.65394286072284,,382
shop,Pustura Salon,82.9031081986621,,540
shop,Dynaquest PC,468.5291349326457,,465
health,Watsons,571.4079990103165,,440
health,Mercury Drug,515.8323555291025,,508
food,McDonald's,797.3487683639182,,390
market,Super 8,379.00467927837695,,381
food,Madbrews,106.64551394850864,,382
food,DCream,156.07193868970975,,382
food,Nitz Restaurant,222.2661471669499,,381
shop,7-Eleven,150.06658179495045,,381
shop,7-Eleven,166.34036013408303,,299
food,Hoppers,211.89028483692317,,381
food,Tita Bey's,85.61613166968893,,381
shop,AIDA STORE,140.16917620980325,,382
shop,Digital Foto,150.06658179495045,,381
shop,Uncle John's,86.96359260421842,,382
shop,Big Cup,204.13630225834353,,382
food,Raloy's,31.782007742278886,,382
work,Institute of Computer Engineers of the Philippines,150.06658179495045,,381
food,Baliwag,71.70644409665938,,448
shop,Nitz Printing Service Center,222.2661471669499,,381
food,BRO Sizzling Hauz,222.2661471669499,,381
food,Yvan Navy,98.40893966437251,,452
gov,LBC,165.02103701276073,,455
food,,720.8600977559462,,381
shop,7-Eleven,474.21390468689094,,382
shop,Fresh Buko,27.328913244563616,,382
food,PACS,27.328913244563616,,382
shop,Colorvision Photography,106.64551394850864,,382
work,,31.782007742278886,,382
food,Visayan's Pride Eatery,194.71904639328392,,382
food,Elconal Photo Services;Lugawan ni Carlos,194.71904639328392,,382
shop,LIBRASAM General Merchandise,106.64551394850864,,382
shop,,95.65394286072284,,382
shop,,140.16917620980325,,382
shop,,140.16917620980325,,382
shop,,140.16917620980325,,382
work,,352.7730392533996,,382
shop,Angel store,87.6223940861699,,386
shop,Chai Labandera,78.34839063363185,,386
food,Frappeetea,78.34839063363185,,386
shop,Good Luck,78.34839063363185,,386
shop,Marie Janvin,87.6223940861699,,386
shop,Pacita Annang,87.6223940861699,,386
shop,,379.27924412521975,,390
food,Nitz Fast food,222.2661471669499,,381
shop,Nitz Quick Print and copy Systems,222.2661471669499,,381
food,Joy's PorkChopan,85.61613166968893,,381
shop,,140.16917620980325,,382
gov,2GO,139.9122290564459,,382
shop,R. Lazo Photo Printing,140.16917620980325,,382
work,,352.7730392533996,,382
shop,,140.16917620980325,,382
shop,,95.65394286072284,,382
food,Steak Station,71.70644409665938,,448
shop,2GO,71.70644409665938,,448
gov,FedEx,71.70644409665938,,448
shop,Laundy Magic,71.70644409665938,,448
food,Churros House,71.70644409665938,,448
food,BJM Eatery,80.16483124677204,,389
health,CNK,74.11954040897162,,386
food,Chinito Grilled Burgers,80.16483124677204,,386
food,Dimsum Treats,74.11954040897162,,386
food,Estee's Lutong Bahay,80.16483124677204,,389
food,Marshal Eatery,80.16483124677204,,389
shop,Metro Zen Salon & Spa,235.29886767774042,,390
gov,Palawan Express,235.29886767774042,,390
shop,Piso Print,80.16483124677204,,386
shop,Tambunting Pawnshop,235.29886767774042,,390
shop,3EJ Laudry Shop,80.16483124677204,,389
shop,7-Eleven,235.29886767774042,,390
shop,Injoy Negosyong Bayan,161.60013188470413,,382
food,CRS Fastfood,194.71904639328392,,390
shop,Morning Star Beauty Salon,702.8620740272346,,386
food,Teka Muna Diner,317.50650607709815,,386
shop,RBS Barbershop,59.51563979224184,,377
food,D'Cream,197.15435367484216,,389
shop,Metro Zen Salon,380.2559990589047,,448
work,Besavilla Review Center,95.65394286072284,,382
shop,Wish Wash,220.01173027954104,,382
health,Dental Connection,156.07193868970975,,382
shop,Lora's Store,87.6223940861699,,386
health,Far Estern University Health Services,613.2683991912254,,381
worship,Worship Generation,156.07193868970975,,382
shop,Easy Clean Laundry Shop,220.01173027954104,,382
food,The Wicked Waffle,220.01173027954104,,382
shop,Clyde's Bread and Pastries,156.07193868970975,,382
food,AJIE'S Kitchennette,220.01173027954104,,382
food,It's Caffeine,61.748508776455346,,382
shop,JB Mobile Zone,35.63958459602934,,382
shop,Tam Shop,563.7603869352786,,382
food,Rice in a Box,36.999415500114026,,381
food,Jollibee,321.97411215282295,,381
health,FJO - TMJ Esthetics Dental Clinic,36.999415500114026,,381
shop,Photo Prints,36.999415500114026,,381
food,Public Food Hub,36.999415500114026,,381
food,Pobi,194.71904639328392,,381
shop,Tams Eye,83.08804539569026,,381
food,Frappeetea,83.08804539569026,,381
shop,Pure Flow,83.08804539569026,,381
food,D'Cream,86.96359260421842,,382
shop,Kambal Pandesal,86.96359260421842,,382
food,Chicboy,156.07193868970975,,382
shop,FEU Tech Bookstore,998.3233496437884,,381
food,Chicken Corner,95.65394286072284,,382
work,ICSEC-KAPLAN Review Center,156.07193868970975,,382
shop,Arizona Spa,220.01173027954104,,382
transport,Morayta - Fairview,1061.118200770358,,381
transport,Morayta - Project 6,1061.118200770358,,381
food,Chef-O,161.60013188470413,,382
food,,253.9193266848109,,382
shop,Ablaza Pawnshop,179.76256879372443,,381
shop,Cebuana Lhuillier,179.76256879372443,,381
shop,,253.9193266848109,,382
shop,Aiyana eye hair salon,189.04308551638368,,448
shop,Aqua Safe Drinking Water,189.04308551638368,,448
gov,Barangay 395 Zone 41 Hall,139.9122290564459,,381
worship,Barangay zone 46 Chapel,412.7150738837928,,450
food,Brewing beyond coffee,238.35633439146474,,448
health,Dr. Paul C. Maggay Dental Clinic,189.04308551638368,,448
food,First 5 Food House,85.61613166968893,,381
food,Icyt Food Haus (Lutong Bahay),189.04308551638368,,448
shop,Jomar's Art supplies,85.61613166968893,,381
shop,KBR's Frame Shop,61.40248278979234,,448
shop,Lucky May Arts & Frame,61.40248278979234,,448
shop,M Lhuillier,189.04308551638368,,448
food,McCoy's Grill,85.61613166968893,,381
shop,Sari-sari store,140.16917620980325,,450
food,Sisig Express,85.61613166968893,,381
shop,Tambunting,179.76256879372443,,381
food,Tapsilogan ni Mama Leng,85.61613166968893,,381
shop,The Net.Com,85.61613166968893,,381
shop,Sun Beam Laundry Shoppe,140.16917620980325,,382
shop,Bakery,140.16917620980325,,382
shop,,140.16917620980325,,382
food,Mack's seyer Cuisine,194.71904639328392,,382
food,Johnken Food House,126.24369030503422,,382
food,,253.9193266848109,,382
shop,Nails. Glow Hand and foot Spa,126.24369030503422,,382
shop,7-Eleven,121.77545431301584,,381
shop,Lucky RTW Uniforms,121.77545431301584,,381
food,Dad's Lutong Bahay,121.77545431301584,,381
shop,L'Jogreti Mimeography and Printing Jobs,121.77545431301584,,381
shop,Mary Jo Refreshment & Trading,121.77545431301584,,381
food,Milk & Butter Food House,121.77545431301584,,381
shop,Evora Copy Center,121.77545431301584,,381
food,Dim Sum Treats,86.96359260421842,,382
shop,Petra & Pepita,140.16917620980325,,390
health,Jubilee Dental Clinic,200.98504224551772,,390
work,Vertex Security Agency,374.3715024064494,,381
work,Review Center For Allied Professions (RCAP),121.77545431301584,,381
worship,University Baptist Church,190.3965584367436,,381
school,Youth Life Student Center (YLSC) Elementary school,190.3965584367436,,381
food,Ersao,112.7124030571284,,249
food,Jollibee,262.894505734419,,244
food,Jollibee,372.001532970342,,273
leisure,RJ Gym,220.01173027954104,,382
work,ACES Review Center,184.76759503270836,,454
work,Powerline Review Center,184.76759503270836,,454
work,Review University for Nurses,352.7730392533996,,621
shop,M Lhuillier,239.34506648692155,,2
shop,Cebuana Lhuillier,186.39557977143923,,535
shop,Palawan Express,239.34506648692155,,2
shop,Tam Shop,500.59927363411526,,381
food,Andok's,55.116204209754585,,2
food,Taste from the Greens,55.116204209754585,,2
shop,7-Eleven,134.0959119059554,,20
food,King Sisig,1493.0839106957517,,294
shop,Bench,1493.0839106957517,,294
shop,Penshoppe,1493.0839106957517,,294
shop,Goldilocks,1493.0839106957517,,294
food,Bulalo World,1493.0839106957517,,294
food,Goldilocks,215.93500312443422,,445
food,Domino's,215.93500312443422,,445
health,Southstar Drug,520.2482207559462,,9
food,Jollibee,256.3626399192277,,6
food,YoWell,161.60013188470413,,382
shop,C&E Bookshop - Recto Branch,115.68195188613515,,390
food,McDonald's,153.01204593956572,,652
shop,Michelle's Ribbon and Lace,3058.521603918894,,891
shop,7-Eleven,118.73156188458053,,798
health,Citimed Polyclinic,237.6124620445287,,617
food,Chowking,151.536842742376,,612
gov,Department of Labor and Employment,276.84399639499355,,712
food,Great Buddha Cafe,196.75858579981642,,275
shop,C&E Bookshop,502.47967038693,,456
work,Meralco,352.7730392533996,,605
food,Starbucks,143.25749948477397,,455
food,Shakey's,393.2045280667593,,445
food,Pancake House,351.0498663800085,,383
food,Wing Vibe,134.27262992645436,,455
food,Calda Pizza,695.5307874652492,,383
food,Tori Box,143.25749948477397,,455
gov,Mines and Geosciences Bureau Regional Office Ⅳ-A,362.0244188943787,,653
gov,,362.0244188943787,,653
food,Jollibee,1399.1115690932852,,297
shop,7-Eleven,119.51436231849867,,301
shop,ASSI Mariner's Korean Mart,240.1369772809876,,653
food,Cameo Café,194.71904639328392,,653
food,Sushi Foodie,240.1369772809876,,653
shop,7-Eleven,240.1369772809876,,653
food,Eats!,281.3828151671875,,694
food,Hayashi,281.3828151671875,,694
market,Savemore,281.3828151671875,,694
health,Watsons,281.3828151671875,,694
food,Tagpuan,60.347439182088465,,697
shop,L. Carlos Florist,135.01158039937042,,661
food,McDonald's,131.34837849365493,,647
shop,Lawson,638.301050641103,,647
work,vendor,352.7730392533996,,645
shop,,140.16917620980325,,647
shop,7-Eleven,140.16917620980325,,646
gov,Sibama Police Community Precinct 3,413.8185851261713,,484
shop,Uncle John's,132.6433760854528,,684
work,Esplana Engineering Review Center (EERC),184.76759503270836,,454
health,East Asia Chinese Drugstore,272.7211479076215,,293
food,Greenwich,247.9982533395286,,292
food,McDonald's,1071.5551308939284,,289
shop,Michaela,637.2177862561241,,293
shop,True Colors,272.7211479076215,,293
shop,Xuping Jewelry,272.7211479076215,,293
shop,7-Eleven,197.5344530861606,,292
food,June-Nairah Halal Food,66.11726502330275,,370
shop,JSC AGENCY,148.60144889146105,,707
shop,HAPPY WORLD,3459.7219367771363,,653
shop,Picadilly Minimart,135.01158039937042,,661
shop,CTi-Mideast Shipmanagement Ltd.,373.42415690578053,,686
shop,,140.16917620980325,,771
shop,DSL GAM Enterprises,86.29140209918774,,273
shop,Smart,86.29140209918774,,273
school,Far East Maritime Training Institute,420.5123203475662,,651
food,Ganggang Chicken,76.67372324721958,,694
shop,City Laundry,76.67372324721958,,694
food,,70.16062569747258,,718
shop,Manila United Electrical Supply,169.61206034406058,,289
shop,Bambike,132.3285354097194,,644
gov,pagibig fund,34.7781763310051,,46
shop,Orlina Atelier,135.69498670040687,,525
worship,Jesus Reigns Christian Academy - Manila,1130.4192853807806,,681
market,Robinsons Supermarket,253.5562660405043,,654
school,Jesus Reigns Christian College,2436.3334419817224,,681
shop,Meister's Den Computer Gaming,140.16917620980325,,645
shop,Myrna Arellano,140.16917620980325,,418
food,Plane Bistro,166.04273342443105,,508
food,Amo Yamie Crib,329.49100470668577,,383
food,Amo Yamie Crib,385.052314791354,,376
shop,ROPA Commercial,237.59688901145614,,277
leisure,,515.4925463046939,,376
leisure,,515.4925463046939,,376
shop,Saver's Place,1043.5690635457695,,632
shop,7-Eleven,137.72031796335062,,442
food,Pamanganan Halal Foods,218.8009578553902,,369
food,Wakila Halal Food,66.11726502330275,,370
shop,Acebedo Optical,72.3237214639711,,293
shop,Standard Optical,72.3237214639711,,293
food,Moud Halal Food,260.97602379887155,,370
shop,BEPR Salon,140.16917620980325,,423
work,Mama Tina Pasta Company Inc.,6820.117927713136,,118
shop,Skin Vibes,159.96694812702475,,422
gov,Gandara Police Community Precinct,84.20806520577545,,276
gov,Ongpin-Gandara-Tetuan Volunteer Fire Brigade,139.9122290564459,,283
gov,Barangay 290 Barangay Hall,139.9122290564459,,276
food,Mang Inasal,120.92855318043252,,438
shop,Kabayan Bakery,140.16917620980325,,544
shop,,140.16917620980325,,527
food,Jollibee,164.4033677938823,,438
shop,,140.16917620980325,,437
gov,Calabash Police Community Precinct,139.9122290564459,,525
shop,Casildas,140.16917620980325,,438
shop,,140.16917620980325,,527
food,Batangas Lomi,194.71904639328392,,527
shop,,140.16917620980325,,527
food,Jollibee,194.71904639328392,,537
shop,,65.59192949810962,,527
food,ENALIN SIMON SILOG,194.71904639328392,,545
health,Cebu Health Center,200.98504224551772,,544
shop,Meat shop,140.16917620980325,,527
health,Mercury Drug,164.4033677938823,,438
market,Ever,647.3067450815664,,438
shop,7-Eleven,139.21143804333033,,439
shop,24k,71.75479230675157,,437
shop,Loreta's,140.16917620980325,,545
food,Tres-e Eatery,166.37936332228875,,437
shop,Alfamart,223.91541858692727,,439
shop,Roadside Bakery,1636.5048375117774,,271
food,Essense,239.4261289875531,,267
shop,7-Eleven,451.9407812246811,,271
shop,Phil Span Asia Shipping and Ticketing Office,466.3179226389225,,267
worship,Gerizim Evangelical Church,448.0423061960828,,268
food,Lan Zhou La Mien,129.8988674631095,,267
shop,Pan de Manila,705.4724204355298,,267
food,Cantina El Cheda,91.35703626431302,,379
shop,NCL Hair Salon,91.35703626431302,,379
shop,New Edmart,91.35703626431302,,379
shop,7-Eleven,604.370510170637,,379
shop,Banahaw Heal Spa,324.1147485989632,,379
food,Barbosa Grill,138.9635532743104,,369
shop,Hasan Travel and Tours,380.85247335552987,,369
health,Imart Pharmacy,106.81547270758111,,379
shop,Khem & Floor,117.42012057871375,,369
gov,383 Barangay Hall,117.42012057871375,,369
shop,Amerabul Ticketing Outlet,88.19330830790626,,370
shop,,88.19330830790626,,370
shop,,88.19330830790626,,370
work,Khayra Ummah,195.07736311562635,,370
shop,Ben Vaciador,273.13795545839326,,369
shop,D.R. Hortaleza Vaciador,151.7115504646087,,369
shop,JR Barber Shop,273.13795545839326,,369
shop,Magdalena Pawnshop,227.75338049451528,,369
food,Chowking,348.2261999128863,,294
shop,Iconic,150.50767031112034,,380
health,K2 Drugs,306.053287007612,,380
health,Mercury Drug,150.50767031112034,,380
shop,Uncle John's,76.18114548456316,,369
shop,,89.74935363148,,380
shop,Armia's Store,486.4025080797067,,379
shop,Jimmy's Grocery & Canteen,70.77863902071076,,377
shop,Tong & Mile's LPG gas,199.34604826005597,,377
food,ZAGU,36.999415500114026,,381
food,Al Merra Halal Foods,155.56446853613502,,370
food,Garlic Shawarma,161.49108957625455,,369
shop,Hassan Mini Store,161.49108957625455,,369
shop,Iqbal Halal Meat Shop,161.49108957625455,,369
shop,Phoenix Rises,155.56446853613502,,370
food,,194.71904639328392,,369
shop,,416.77598375261863,,370
shop,,155.56446853613502,,370
food,,125.28230985921665,,369
shop,,125.28230985921665,,369
shop,Cebuana Lhuillier,70.94619738943214,,292
shop,Cebuana Lhuillier,92.81876398061188,,292
shop,Central Home,447.0299202356374,,292
shop,DIY Beads,350.67463861706136,,292
shop,Golden Cup,70.94619738943214,,292
food,Hong Kong Noodle & Dimsum House,466.07127793696077,,292
shop,Island Souvenir,148.2751410886345,,292
shop,Liberty Cooked Ham & Food Supply,148.2751410886345,,292
shop,MegaColors Photo Supply,163.27650288615544,,292
shop,Metro Focus,401.618624138152,,292
shop,Meyer Photo,214.75575567640306,,292
shop,New Sin Kian Heng,250.0981263846661,,292
shop,Pandora House Trading,72.28688597252503,,292
shop,RBit,225.98309021276006,,292
shop,Stan Mark,109.7551635452144,,292
shop,Tru Colors Digital,163.27650288615544,,292
health,Watsons,1579.165770319223,,292
shop,,423.8982441783628,,292
shop,DMC Commercial,219.79697448594936,,292
shop,Emperor's Chinese Ham,53.6722516340981,,292
shop,JJ's Bakeshop,53.6722516340981,,292
shop,Lady Madonna Stitches N' Frames,219.79697448594936,,292
shop,Sari-Sari Manila,64.99175199633284,,292
shop,Tony's Lace Center & Craft Materials,64.99175199633284,,292
shop,Oriental Novelty,308.22520719661196,,292
worship,Victory U-Belt,412.7150738837928,,390
leisure,,515.4925463046939,,379
health,Skin Station,184.19243076428245,,277
shop,Red Ribbon,203.52001448083752,,275
food,Uno Seafood Wharf Palace,410.671779794658,,277
health,Mercury Drug,410.671779794658,,277
shop,7-Eleven,475.83226017630136,,267
shop,Mini King,475.83226017630136,,267
food,Moonleaf + Bunnies Cafe,1422.2218532741879,,274
shop,Merriam Webster Book Store,497.39267436865225,,275
food,Chuan Kee,96.29548291348046,,274
shop,7-Eleven,164.24145155925802,,274
health,Mercury Drug,138.1563086984516,,276
food,,797.5882651543657,,629
shop,Capital Pawnshop,377.75321760659483,,293
shop,Claire Vision,157.37662477382477,,293
shop,IOS Marketing,273.45830165370967,,293
shop,Jai Santoshi Mata Optical,72.3237214639711,,293
food,KFC,1071.5551308939284,,289
shop,Looks,72.3237214639711,,293
shop,Optical One,72.3237214639711,,293
shop,Parungao Optical,93.5358571489608,,293
shop,Villarica,160.8819476257896,,293
food,Quik Snack,291.82643370934795,,275
shop,,372.001532970342,,273
shop,RSAP Vape shop,434.37170410534725,,339
market,Mightee Mart,218.44936955628907,,579
food,Jollibee,218.44936955628907,,579
gov,Office of the Bar Confidant,658.822976528616,,655
shop,Yi-fu,789.403792983265,,274
gov,Malate Fire Volunteer and Rescue Squad,139.9122290564459,,686
health,Red Cross Blood Bank,801.4183608600962,,644
food,Cristopiy,231.6763387200672,,460
gov,Sangguniang Pambarangay ng Barangay 163,76.46280996011596,,153
shop,Kapitan Magno,140.16917620980325,,755
health,Maria Clara Health Center and Lying-in Clinic,128.54904937595788,,469
school,Barangay 134 Daycare Center,2436.3334419817224,,124
food,,194.71904639328392,,312
food,Red Baron,194.71904639328392,,312
shop,Puregold Jr.,140.16917620980325,,402
food,Mang Inasal,322.89361017043126,,375
gov,Alpha Fire Brigade,139.9122290564459,,124
gov,B.M. Domingo Brigade,139.9122290564459,,0
gov,Bambang-Masangkay-Abad Santos Volunteer Fire Brigade,139.9122290564459,,254
gov,Blue Dragon Fire and Rescue,139.9122290564459,,165
gov,Central Downtown Firefighters,139.9122290564459,,321
gov,Central Sampaloc Fire and Rescue Volunteer Brigade,128.54904937595788,,469
gov,Central San Nicolas Fire Brigade,139.9122290564459,,270
gov,Central Tondo Volunteer Fire Brigade,152.78945333533017,,68
gov,Chinatown Volunteers,139.9122290564459,,276
gov,Dagupan Volunteer Fire Brigade,139.9122290564459,,44
gov,Divisoria Volunteer Firefighters,82.7252290397453,,258
gov,Binondo Paco Fire Search and Rescue Brigade,139.9122290564459,,274
gov,G. Perfecto Volunteer Fire Brigade,139.9122290564459,,43
gov,Hometown Volunteer,139.9122290564459,,280
gov,Maginoo Fire Rescue Volunteer,89.64875656744405,,98
gov,Manila Blumentrit Volunteer Fire Brigade,139.9122290564459,,345
gov,Manila DJ Zone 31 Volunteer Fire Brigade,139.9122290564459,,300
gov,Manila Setba Volunteer Fire Brigade,139.9122290564459,,347
gov,New Market Volunteer Fire Brigade,139.9122290564459,,3
gov,North Jose Abad Santos Fire Brigade,139.9122290564459,,138
gov,North Tondo Volunteers,139.9122290564459,,141
gov,Pandacan Volunteers,139.9122290564459,,827
gov,Red Cross Fire Brigade,78.80896374490253,,636
gov,Saint Florian Rescue Fire Department,139.9122290564459,,316
gov,San Andres Fire Volunteer Brigade,139.9122290564459,,748
gov,Soler Volunteer Fire Prevention Center,139.9122290564459,,290
gov,Tondo 1 Volunteer Firefighters,60.25354478235582,,43
gov,Tutuban Prime,139.9122290564459,,891
work,TXTFire Philipines,196.75858579981642,,275
gov,West Tondo Volunteer Brigade,64.13764735203176,,234
health,,200.98504224551772,,456
shop,JVS Security & Alarm System,159.1998997028706,,289
shop,Wireless Link Technology,221.61023903239004,,289
shop,Transpower Electrical Supply,149.04435154505035,,289
food,Ramon Lee's Panciteria,100.53956151916603,,289
shop,7-Eleven,57.921622978950964,,289
shop,7-Eleven,699.0068786618879,,299
food,Mae~San,314.9519882183524,,302
shop,Bonny Furniture,140.16917620980325,,666
market,Shoppers' Mart,118.88437823549644,,274
shop,State Alliance Enterprises Inc.,66.82809540752181,,266
food,Manila Yacht Club,1169.080233401368,,704
food,Mineski Infinity,197.15435367484216,,389
shop,Pythagoras Const. inc,184.33523459550074,,710
market,Puregold,1059.6934163379049,,42
market,Puregold,16279.327737204141,,279
shop,7-Eleven,184.33523459550074,,710
shop,7-Eleven,362.51882844345374,,686
food,Barok's Ihawan,194.71904639328392,,306
shop,Alva Printing Services,777.5843453801162,,894
food,Starbucks,855.8374668953624,,627
shop,National Book Store,71.88266103061565,,645
food,Hugot Cafe,194.71904639328392,,893
school,APEC School,112.0944172457917,,456
shop,7-Eleven,195.1641810105996,,396
school,APEC School,122.97329480952416,,397
gov,Escolta Santa Cruz Fire and Rescue Volunteers,1572.0655572901792,,289
food,Callows Burger,60.273259820171766,,466
shop,Motolite,180.96938434917485,,817
shop,Fuso Otis Manila,640.7711859644122,,817
shop,Ford Otis,1360.6950989068534,,815
food,Cafe Alfredo,1086.65881056111,,381
food,EB Cafeteria,708.5137951594374,,381
food,NRH Cafeteria,2066.2046116842557,,381
food,FEU Food Court,813.8877589609675,,381
food,Tayuman,500.59927363411526,,381
food,Su Zhou,364.9477755229906,,684
food,Su Zhou,194.71904639328392,,283
food,Estero,460.00991787339757,,283
work,PEB Steel Manila,2497.1846463703905,,704
work,Review School of Accountants (ReSA),121.77545431301584,,381
health,Mercury Drug,354.45071918418256,,284
food,McDonald's,558.8443937967394,,284
shop,Holland Bakeshop,350.86675980809684,,275
market,Mandarin Supermarket,2403.085053469977,,283
food,Ang Tunay Beef House,455.71199275289916,,283
shop,Salazar Bakery,279.279201672614,,283
shop,Gigahertz Main Office,140.16917620980325,,372
shop,Expresions,286.6476277470216,,375
work,CDL Trucking,72.80138249719059,,17
work,Jimmy's Grocery and Canteen,70.77863902071076,4.0,377
gov,Barangay 390 Hall,139.9122290564459,,379
food,Nid's Balot,194.71904639328392,,685
school,FEU Senior High School,613.2683991912254,,381
shop,C&E Bookstore,740.0899658823847,,390
work,Prime Review Center,121.77545431301584,,381
work,CPAR,576.0682706767653,,443
shop,Morelia Tours and Travel,268.395356704896,,686
food,Huaren Barbecue Bar,47.20313953193334,,276
shop,OSM Office,500.94284283454294,,653
shop,Lamson Digital Electronics,140.16917620980325,,249
shop,Liberty shoe supply,140.16917620980325,,275
gov,Maritime Industry Authority,1218.5780519243601,,895
work,Carl Balita Review Center,747.8067704490809,,382
work,Taipei Economic and Cultural Office in the Philippines,89.12219560380424,,281
work,United Fire Association,581.2585838828202,,382
work,Leonis Navigation Company,624.5525179531357,,677
school,University of the East College of Law,740.0899658823847,,390
food,Flaming Wings,305.7874487396096,,712
shop,Dexact Photo & Graphic Services,140.16917620980325,,715
food,Spice City,194.71904639328392,,504
shop,Starberks,662.8858225544036,,390
work,Professional Review and Training Center,181.14308703491412,,376
shop,Jhanis Music and Sports,81.85333004464408,,293
food,Manang's Chicken,106.6078206544505,,694
health,Mercury Drug,124.48451462609144,,713
gov,PhilHealth,351.3112755043679,,626
work,LBC,192.50616166691626,,391
shop,Uncle John's,183.93433912561585,,289
shop,LPM,1008.3326425180314,,671
shop,Phlipipians Hardwere,147.6931358221108,,768
shop,808 T.Alonzo Marketing,686.4800470884488,,299
shop,Dailycare Food Mart,140.16917620980325,,676
shop,huatai construction & development corporation,358.6110319214309,,260
shop,CF Sharp Crew Management Inc.,599.803307471008,,640
shop,NYK Shipping,140.16917620980325,,641
shop,Lacerta Shipping Agencies,304.60252479694645,,653
work,United Marine Training Centre,254.48195690056946,,709
food,Smynoshery,909.1526041014948,,383
food,45 Burger,172.24268171960017,,452
food,Jacko's Burger Bar,416.27054742731207,,467
work,,85.22803482721412,,815
shop,,85.22803482721412,,815
school,Calvin Therapy Center,154.97093536884228,,463
shop,Sales Glass And Aluminum Supply,151.49044333976695,,199
work,,165.82736273654123,,457
food,Darling's Canteen,428.6482569985887,,452
food,John Allen's Eatery,194.0170570322735,,452
food,,825.1827617703611,,452
health,,176.80839693862873,,453
food,John Ken's Tapsilogan,160.7325524709757,,456
shop,7-Eleven,257.62180929620786,,356
food,Starbucks,309.8431840530554,,816
food,Binalot,309.8431840530554,,816
shop,7-Eleven,437.49939648744834,,406
gov,,139.9122290564459,,404
health,Mercury Drug,309.8431840530554,,816
shop,National Book Store,309.8431840530554,,816
food,Phở Hòa,194.71904639328392,,816
food,Binondo Fried Chicken House,482.0648358071834,,814
market,Robinsons Supermarket,309.8431840530554,,816
food,Pancake House,309.8431840530554,,816
gov,LBC,309.8431840530554,,816
food,Bacolod Chicken Inasal,309.8431840530554,,816
food,Tokyo Tokyo,309.8431840530554,,816
food,Shakey's Pizza Parlor,309.8431840530554,,816
leisure,Joncor Building,461.1359796247057,,653
leisure,1618 Office,73.05261926812187,,248
work,Zoom International,283.32466130200254,,404
transport,Jeepney Terminal to Robinson Otis,173.27085141022732,,620
shop,7-Eleven,140.16917620980325,,833
shop,Philippine Martial Arts Supplies,286.6825245113433,,816
shop,M Lhuillier,777.5843453801162,,894
shop,"Hi-Safety Industrial Supplies, Inc",86.05724805500608,,816
food,Pancake House,785.5382891396291,,651
shop,SYM,124.35957292042463,,250
food,Cafe Khivan,341.94411757844637,,451
food,Dimsum Treats,326.3657794545784,,457
food,Starbuck's Coffee,252.0525528256573,,457
shop,Index Salon,318.8521023793614,,767
food,Lan Zhou La Mian,627.0414261132255,,252
shop,BP Shipping,353.2722762445792,,516
shop,Chua Kendrick,1111.3580614124828,,273
work,MCSA Marketing,448.0423061960828,,267
worship,,417.6390710131035,,815
shop,Escortas,283.6013501432043,,815
health,,450.1287141613049,,815
shop,Philippine Martial Arts Supplies,140.16917620980325,,816
food,,194.71904639328392,,815
work,mori inc agency corporation,352.7730392533996,,661
shop,1183,140.16917620980325,,27
shop,Beramy Ent. OPC,200.36874851377402,,101
transport,DALIN Bus Line - Sampaloc Terminal,233.75648121710861,,416
gov,News and Information Bureau,472.8174943117733,,629
work,"Dolphin Ship Management, Inc.",352.7730392533996,,639
work,"Abojeb Manpower Solutions, Inc.",844.9789623535039,,639
work,Lockleed Detective & Watchman Agency,1770.7647476353957,,684
work,Seaman Center,352.7730392533996,,651
health,,200.98504224551772,,307
food,,133.5171727192362,,850
health,Supercare Medical Services,200.98504224551772,,655
worship,Iglesia Ni Cristo - Lokal ng Bambang,595.4446407050732,,248
health,Watsons,1685.0169720986648,,620
food,Mr Kimbob,1685.0169720986648,,620
transport,Jeepney Nagtahan-Otis,1061.118200770358,,620
work,Pambato Cargo Forwarder Inc.,352.7730392533996,,357
shop,,104.34158282256874,,723
shop,Nare Tools Inc.,86.15783099901557,,732
shop,wilpol,85.26957373789314,,734
work,Eastern Mediterranean Manning Agency,749.4919489568467,,686
work,BSM,986.3051674579949,,677
food,Pong's Ihaw Ihaw,456.3317128809962,,475
worship,Ang Dating Daan Local of Bambang,71.14793188287933,,320
food,Starbucks,2058.8066718069776,,456
shop,Sunway International Agency,87.61771643306483,,728
shop,7-Eleven,401.43512412683117,,644
shop,7-Eleven,550.4032100043497,,684
health,"Windsor International Maritime Clinic, Inc.",410.76066830526736,,641
shop,1618 Office Solution Inc,87.85744370171852,,248
health,,200.98504224551772,,641
health,Smile Savers Dental Clinic,200.98504224551772,,425
health,,160.16896719905228,,830
shop,Bright Maritime Corporation,1059.7671228772856,,652
shop,Honey residence,140.16917620980325,,444
food,Dunkin' Donuts,161.39730906366324,,877
shop,Bakers' Fair,721.6022566631239,,298
shop,KOKOTM Hardware,131.65485417214543,,342
shop,Tambunting,334.3900499989059,,798
shop,Solid Looks Optical Clinic 1,257.5515606640911,,292
shop,Solid looks Optical Clinic 2,622.0043911279957,,293
shop,WeClean,213.42373884391873,,748
food,Mr. Liempo,194.71904639328392,,748
shop,Kambal pandesal,64.39271699514218,,733
gov,Social Security System,737.5901255184332,,498
work,"Southfield Agencies, Inc.",328.7323265506729,,686
shop,Hartmann Maritime,344.8899826675729,,690
work,luzern international manpower services,352.7730392533996,,680
gov,NAMRIA - Hydrography Branch,1150.8104598472553,,268
shop,7-Eleven,152.73699935331544,,451
shop,Uncle John's,148.84344372261037,,451
shop,E-Gizmo Electronics,76.67372324721958,,694
shop,,276.9724620423626,,293
shop,A-class electrical supply #667,140.16917620980325,,295
shop,NZY Agency,269.64890234073056,,676
shop,Minerva Trading,195.8934839828671,,249
shop,Exclusively His,329.49100470668577,,383
shop,HotLights Philippines HID and LED Projectors,367.81858580395345,,200
transport,San Andres,1061.118200770358,,784
transport,Vito Cruz,1061.118200770358,,749
transport,Paco,1061.118200770358,,810
transport,Pandacan,1061.118200770358,,849
transport,Santa Mesa,1061.118200770358,,579
work,Martial Steel Corp,352.7730392533996,,299
health,Karen dental,47.84889739879183,,391
shop,Helen Jewelry Shop,43.39949609177339,,288
work,Parklane Commercial Inc,197.7698272450485,,307
food,Angel's Burger,109.01930994960878,,504
shop,,283.6013501432043,,815
health,Clarin's Lying-in Clinic,66.62604316268451,,136
health,Marine medical and laboratory clinic inc.,200.98504224551772,,710
shop,Velco Center,1282.791697470377,,636
shop,,140.16917620980325,,548
school,Philippine Merchant Marine School,810.6362650197306,,321
food,Silya,194.71904639328392,,682
shop,Vista Prima Optical Clinic,173.57987514997302,,293
shop,Ken-Tool Hardware Corp,1900.0156731528866,,228
work,Global Nexus Corporation,193.5368617633817,,694
gov,Barko International,139.9122290564459,,747
health,Yngaran Dental Clinic,2612.047101220512,,704
shop,Zix Performance,297.19407717919404,,309
work,Manila Integated Review School (MIRS),458.85326895775444,,573
food,L'Eau Vive,1620.395089207327,,814
shop,,561.5335498260175,,879
shop,ABACCA SPA,140.16917620980325,,684
food,McDonald's,247.42742144678942,,164
market,Puregold Gagalangin,2659.121979369941,,138
worship,Ang Dating Daan Lokal ng Santa Mesa,157.00731027062915,,898
shop,7-Eleven,126.53877535676635,,581
food,Lucky 8 Garden Bistro,176.51456555165248,,440
work,Associated Marine Officers' and Seamen's Union of the Philippines,426.78417240251804,,644
work,Great Seas Mariners training and Assessment center GSM,139.5428823636136,,448
work,Global Manpower,225.57886684013195,,710
food,Savor & Kribs,1075.0781377717744,,644
food,Beat Oven Griddle,244.7159648451359,,624
work,Land Bank Head Office,1770.7647476353957,,684
shop,Uncle John's,441.9414529199663,,684
shop,Uncle John's,185.9628870608512,,850
food,Ribsarap,241.0472740485023,,668
shop,,83.41799206989027,,864
health,Dentrix,125.74576482615966,,462
shop,Tita Em's Beauty Salon,304.00014046471244,,385
school,University of Santo Tomas Faculty of Civil Law,4533.222877554442,,456
shop,7-Eleven,257.11981332499244,,175
shop,STB -DJL Humanlink,140.47207049133596,,674
work,City Employment,214.02571527597922,,679
shop,Connor and Wyson,156.97840767189513,,674
food,Chowking,185.73826865261444,,863
shop,,140.16917620980325,,292
shop,,250.0981263846661,,292
health,El Roi Medical Clinic Diagnostics Center,1576.6768851090555,,709
shop,7-Eleven,686.7056311936261,,708
worship,Kingdom Hall of Jehovah's Witnesses,234.12754083009918,,332
shop,Carmens Fruit Shake,60.273259820171766,,466
shop,UME Technology CCTV,207.50683567578585,,281
food,Mang Inasal,488.4138238666279,,336
gov,Sangguniang Pambarangay ng Barangay 227,89.59171329337869,,217
shop,Petscription Veterinary Clinic & Grooming Center,140.16917620980325,,322
health,Catalig Dental Clinic,61.08800048183459,,322
shop,Solid Business Machines Center,1136.2529597576383,,277
work,Dizon trucking,352.7730392533996,,271
work,NAC Cargo,1724.4785203998788,,268
health,Hi-Precision Diagnostics,1009.2358632359692,,275
market,SM Supermarket,3397.2516580756637,,336
gov,Assets Management Office,369.7124846020996,,629
work,Thenamaris Phil. inc,1593.6828352024918,,686
food,Callows Burger,60.273259820171766,,466
food,Batangas lomihan,194.71904639328392,,368
shop,Original Utility Electrical Wire Corp,1210.5379101252588,,302
worship,One Faith Ministry,426.78333720423285,,573
shop,7-Eleven,247.42742144678942,,164
gov,Barangay 432 Zone 44 Hall,67.13385068921082,,418
health,Mercury Drug,212.45676281553588,,387
shop,Office Warehouse Inc,1184.7784042249198,,275
food,Cafe Ilang-Ilang,3367.5637761833746,,639
shop,J.S. Contractor Inc.,304.4822771943084,,641
shop,Watsons,849.0830128264957,,655
health,Miraculous Mother Medical Clinic,142.43260689125927,,323
health,OurHealth Medical and Diagnostic Clinic,195.13955742199377,,651
health,Medisense Diagnostic Clinic,200.98504224551772,,651
food,Army Navy,1165.0968462714995,,651
health,St.Peter-Paul Medical Clinic,200.98504224551772,,652
shop,PJM building (Trans Overseas Manpower),140.16917620980325,,659
food,Everything but cheese,225.40421999205597,,868
health,Mercury Drug,239.94509192010355,,725
gov,Social Security System,1118.789492972067,,273
worship,Kingdom Hall of Jehovah's Witnesses,107.61826399698883,,40
gov,Police Palm Plaza,139.9122290564459,,653
shop,The Green Laundry,140.16917620980325,,672
shop,7-Eleven,113.35286791961684,,375
shop,OPD,140.16917620980325,,646
gov,,253.5562660405043,,654
shop,2GO Travel,253.5562660405043,,654
food,Food market (night only?),194.71904639328392,,665
shop,TNC,140.16917620980325,,480
food,Mang Inasal,250.00258487123,,456
food,KFC,273.4450796101054,,456
food,Wendy's,122.81718896699826,,456
food,Jollibee,663.3495374832102,,279
work,Knights of Columbus - Manila Council,483.71544589250317,,641
work,Manila Council - Boy Scouts of the Philippines,304.7256768590463,,704
shop,Uncle John's,126.57498573729782,,448
shop,Xerox na Mura,113.14717691564881,,646
shop,"Atienza Shipping Lines to Coron Tuesday 20:00, Thursday 16:00, Saturday 12:00",3716.61109919264,,635
food,Army Navy,108.43182383612447,,457
shop,"Atienza Shipping Lines to El Nido, Liminangcong Saturday 16:00",3716.61109919264,,635
shop,Jemarsons Place,358.1967647793423,,681
food,Greenwich,374.576965358479,,651
food,Carmen's Diner,71.89709032012362,,510
food,Floticafe,296.07795825786707,,446
work,Orophil Shipmanagement Corp.,216.46955232614215,,677
food,Sincerity Cafe & Restaurant,572.6995157094075,,275
shop,Altitude Outdoor Gears,556.6683579174064,,681
food,McDonald's,465.8061167498641,,640
shop,Pure Water World Drinking Water Station,234.18043001734446,,683
shop,Master Shia Drinking Water Station,1179.6632413600362,,687
gov,Soler Police Precint MPD PS11,139.9122290564459,,279
gov,Raxabago Police Station № 1,139.9122290564459,,140
transport,Kalentong Jeepney Terminal,1061.118200770358,,877
food,Cel's Eatery,122.74902960785153,,652
work,VERA Studios,352.7730392533996,,641
shop,Skyrise Lumber & Hardware,208.9183744568429,,670
shop,2Go Travel,1858.9030507459406,,23
work,"Renaissance Training Center, Inc.",194.81160812500735,,651
transport,Manila Pier 9,1061.118200770358,,639
transport,Manila Pier 13,1061.118200770358,,639
transport,Manila Pier 5,1061.118200770358,,635
transport,Eva Macapagal Super Terminal,1061.118200770358,,639
school,FEU Institute of Technology,1869.7151852222466,,382
health,Dr. Tan,180.99651078525892,,288
transport,"Cagsawa Travel and Tours, Inc.",481.9439002913737,,653
transport,Bicol Isarog Transport System Inc.,481.9439002913737,,653
gov,,139.9122290564459,,137
gov,D'ECK TRANS Volunteer Fire & Rescue Brigade,139.9122290564459,,19
shop,MGRC Grafix Photo and Graphics Studio,180.56022671651,,473
market,Tutuban Mall,3058.521603918894,,891
transport,Bus Station,1061.118200770358,,461
gov,Department of Social Welfare and Development - Region IV-B Office,334.247088936505,,680
shop,Floor Center,108.83294173297678,,670
food,Thai Mango,78.4812953406124,,712
shop,Sinensis Spa,81.10457953729804,,712
food,Chomp chomp,94.88525020272851,,712
food,Dakasi,94.88525020272851,,712
shop,Cebuana Lhuillier,282.77839533301324,,131
shop,,140.16917620980325,,574
shop,Big J Cyberstation,140.16917620980325,,584
food,Papa John's,194.71904639328392,,651
work,Versia Corporation,1325.521375256491,,274
shop,Mightee Mart,363.31284684274516,,339
shop,Aglolos,140.16917620980325,,3
shop,Sky waves,140.16917620980325,,276
shop,ES Farbo Trading & Car Service Center,131.1454430638812,,340
shop,King harry cargo,140.16917620980325,,341
worship,Temple of Taoism,555.2726947853755,,681
worship,LifeChurch Office and Activity Center,146.19630876967926,,377
gov,LBC,363.31284684274516,,339
health,TGP,363.31284684274516,,339
shop,Hanseatic Shipping,589.5383721908328,,681
shop,Jolly Nuts & Candy Center,445.7978584684613,,259
shop,,448.32870732248205,,435
worship,Paco Hong Giam Taoist Temple,502.21327061600306,,659
shop,,102.96776660936902,,848
health,Bell Bleu,200.98504224551772,,846
shop,,140.16917620980325,,116
shop,Victoriano ent corp,140.16917620980325,,116
work,Scan Marine Inc.,857.1484608126506,,116
worship,Manila Chinese Baptist Church,412.7150738837928,,276
worship,One Faith Ministries,647.8206303118498,,573
food,Wendy's,253.5562660405043,,654
food,Pizza Hut,253.5562660405043,,654
shop,Builders,85.50228449404992,,123
food,Tim Hortons,211.22920618788714,,650
transport,Aniceto Bus Line - Sampaloc Terminal,84.73100620975566,,328
gov,Gagalangin Police Community Precinct,139.9122290564459,,163
food,Mang Inasal,313.9245906537782,,163
food,Chowking,313.9245906537782,,163
market,Super 8,313.9245906537782,,163
market,San Roque Supermarket,368.37313819686676,,152
shop,Goldilocks,173.27941409161716,,169
market,Puregold,264.9247159311985,,199
food,McDonald's,264.9247159311985,,199
market,Obrero Public Market,516.6176986900227,,351
food,Savory Bustillos,92.3685827160499,,391
work,CRC ACE Review Center,95.65394286072284,,382
food,Chowking,1218.5780519243601,,895
food,Kainan s Lacson,65.95398110771922,,107
gov,Overland Cargo,198.94805549259593,,653
shop,,120.43745284959878,,507
shop,,78.34839063363185,,386
health,,450.1287141613049,,815
work,Filstar Maritime Corporation,647.4824390064824,,679
school,MULTIVECTOR,296.9780627371708,,443
food,Troika Reston,287.1295272682461,,446
shop,Ty Po Huat Goldsmith,97.62602709986844,,286
shop,Mayfair Goldsmith (Mayfair Gem),115.3364141541356,,286
shop,Digital Walker,140.16917620980325,,799
food,Ceant Chinese Delicious Dish and Hotpot,177.80684759702933,,282
shop,Monte-Land Hopia & Bake House,263.42213895460577,,282
market,SM Savemore,1117.1841950381433,,680
shop,CSV International Placement Agency,830.9584890334536,,660
shop,Style Metro,462.55835238505364,,383
health,Healing Galing,231.45113063476,,293
food,President Grand Palace Restaurant,148.06502205817353,,282
food,Tasty Dumplings,1258.47943487764,,274
food,Masuki,197.985222320015,,281
shop,Solidwine,2556.522346684112,,278
food,Mister Li,89.12219560380424,,281
shop,Dreamlight Studio,429.9591441014967,,282
food,Cafe aquatica,1258.47943487764,,274
work,AXA,1258.47943487764,,274
shop,Bionic,1258.47943487764,,274
food,Uncle Fish Balls,249.78692189074366,,278
worship,United Pentecostal Church Santa Ana,300.2226536048664,,746
school,Zenith Training Center,267.19243982103654,,653
shop,,140.16917620980325,,884
shop,7-Eleven,239.38413585731828,,413
shop,Oean palace,140.16917620980325,,285
work,Prieto cargo,352.7730392533996,,673
shop,Advance solution,140.16917620980325,,659
shop,Proton,707.7362624103845,,647
work,Daily overland cargo,352.7730392533996,,682
shop,Pioneer Computer Center,114.26738939952217,,679
health,Merita Medical Center,1636.1773301624658,,677
food,Canteen Port Area,723.8833223643708,,639
shop,Cusco IT Solution,87.85744370171852,,248
shop,Northpoint,232.55535296477376,,0
work,Victor cargo,352.7730392533996,,123
shop,Micro smith,140.16917620980325,,814
shop,Luxent computer,211.33108966059496,,445
shop,TQM,464.89791285851237,,704
shop,Office Warehouse,140.16917620980325,,445
shop,SILC,182.60653800010817,,286
shop,Maitilink system,140.16917620980325,,681
shop,ISERVE INFOTECH,149.17449406725407,,247
worship,Kingdom Hall of Jehovah's Witnesses,412.7150738837928,,533
shop,Reliable Repair Shop,67.83964664074256,,26
health,Ricerra Dental Place,35.04700690046536,,800
shop,Jun Auto Electrical & Surplus,495.7095860236028,,542
work,Odfjell Ship Management Phil Inc,439.1652462519278,,710
shop,,300.623417073281,,256
health,Perpetual Succor Maternity Hospital,838.9028917222315,,443
food,KFC,959.3718627011812,,642
shop,7-Eleven,483.06286179155126,,682
shop,rylax,73.77654521061545,,23
market,Isetann Supermarket,418.1195360973801,,572
shop,,140.16917620980325,,398
food,Donna's Tapsilugan,114.79992964481141,,303
shop,Ivan's Wood Furniture,200.10021918146165,,490
food,Sabroso's Comfort Food,162.44541773707414,,605
work,JPT Review Center,313.628512471488,,383
shop,7-Eleven,3618.259091277976,,705
shop,Lawson,597.4172624185952,,704
shop,Hagsombol Bakery,119.12601425107513,,181
health,Jacinto Medical Clinic,139.36855502273482,,181
shop,XTZ,1834.7702375948015,,817
shop,Big Pocket Marketing,227.4133241792282,,309
shop,Orient Star Shipmanagement Co. Inc.,746.270738553927,,651
shop,Dulce Homes,192.67998439367236,,196
shop,Royal Pluming Hardware,140.16917620980325,,283
gov,,139.9122290564459,,779
shop,Fishingbuddy,252.25385588731532,,686
worship,Fil-Chi Ongking Temple,522.4138795635965,,244
shop,Royal bay terrace(fil-sms),140.16917620980325,,652
gov,Paco Volunteer Fire Brigade,139.9122290564459,,667
shop,Baker's Fair,138.1563086984516,,276
shop,Relaxing Laundry,311.90033609149293,,468
food,Doon Thai Asian Cuisine,205.10967798059812,,715
food,Chicken Chicken,370.13849049571957,,731
food,Samgyupsalamat,143.07879630745612,,712
food,Noel's BBQ,194.71904639328392,,694
food,mc.Poldo jr.'s Boodle fight,194.71904639328392,,19
food,Apostol Canteen and Catering Services,283.6013501432043,,815
work,Compass Training Center,468.15310219041965,,688
shop,NFIN Motorcycle Parts and Accessories,773.3824605854313,,295
work,9.0 Niner IELTS Review,247.96799450126636,,660
shop,Hans Infinite,140.16917620980325,,146
work,Gada Realty Investment Inc.,1111.3580614124828,,273
work,Seagate Cargo,424.3774628552706,,306
food,Eldix Eatery,194.71904639328392,,322
work,Great faith commercial,55.388806089322316,,291
shop,,140.16917620980325,,203
food,Bulalord manila,42.08047052934052,,3
food,Chooks to go,42.08047052934052,,3
food,Bulalohan sa España,208.72543356312744,,516
shop,D.G.R. Bookbinding & Photocopying Services,179.76256879372443,,381
shop,The Polka Dot Bakeshop,343.15063461282,,687
food,Greenwich,71.88266103061565,,645
shop,Getaway Tours,140.16917620980325,,687
shop,iFish ProShop,140.16917620980325,,491
work,Siccion Marketing Inc.,337.33426494054027,,328
food,Seattle's Best,2038.3490535835406,,651
food,Samgyopsalamat,81.10457953729804,,712
work,Santisimo Rosario Parish Office,1355.735572471369,,456
shop,7-Eleven,395.8168205121719,,456
shop,Wesley,140.16917620980325,,749
work,HRD Employment Consultation,358.1967647793423,,681
work,Excslsior Worldwide Logistics,352.7730392533996,,660
work,Greatways Manpower,1282.791697470377,,636
work,Benchstone Enterprises Incorporated,352.7730392533996,,740
work,Aguileon Cargo Express Corp.,352.7730392533996,,328
work,Rosam Cargo,352.7730392533996,,681
work,Maytipan Metal,284.4932693131765,,163
shop,7-Eleven,195.9454598710811,,617
work,SMART EDGE ECE Review Specialist,168.71573522883594,,381
shop,Barbershop,210.21092723287637,,452
food,SOSIMUSARAP,194.71904639328392,,102
shop,Jayson Deisel Parts and supply,641.5390323615906,,238
health,TGP,158.14024959554905,,731
health,TGP,89.91382468690395,,716
health,TGP,200.98504224551772,,682
transport,Blumentritt,166.4485689506948,,334
health,TGP,187.96368581090172,,577
shop,PNGB,229.16259550870936,,289
food,Lopez Canteen,194.71904639328392,,451
school,University of Santo Tomas Faculties of Ecclesiastical Studies,1355.735572471369,,456
shop,Jober's Bakery,225.40734470279202,,511
shop,Uniform refrigeration,140.16917620980325,,293
market,Savemore Market,1920.9717308451168,,691
shop,Goldilocks,64.938866684118,,690
work,Mapecon,367.41272770847434,,731
food,Chades Tapsilog,136.3741008610039,,301
food,Crazy Katsu,106.6078206544505,,694
shop,Bratpack,106.6078206544505,,694
food,Ersao,106.6078206544505,,694
food,Dunkin',281.3828151671875,,694
food,Sbarro,281.3828151671875,,694
food,La Casitas,1429.9250817593866,,693
food,Domino's,226.5271745209787,,713
food,Tokyo Tokyo,226.5271745209787,,713
shop,7-Eleven,348.3459605303457,,704
work,Padilla Gig Review Center,184.76759503270836,,454
work,CTI Engineering Office,657.7973694269962,,653
food,Infinitea,106.6078206544505,,694
shop,Tambunting,43.212646146411835,,36
food,Tasty Dumplings,83.62985951890072,,282
food,Starbucks,145.9116792834071,,381
shop,Morayta Bookstore,145.9116792834071,,381
shop,7-Eleven,189.53631602556615,,477
work,Dodgers Commercial,352.7730392533996,,116
shop,,147.07317589933504,,527
food,Asilo de San Vicente de Paul Canteen,194.71904639328392,,657
food,Pope Pius XII Canteen,603.8870298302564,,897
shop,Philippine Airlines,744.912551161161,,654
gov,Bureau of Internal Revenue Manila,139.9122290564459,,812
shop,Ama Bike Shop,110.57492155738598,,695
shop,Ariel's Bikeshop,140.16917620980325,,478
shop,Healthy Family Purified Water Santa Mesa Manila,140.16917620980325,,593
shop,,160.149477381703,,644
shop,HUE Massage,194.57807547040014,,687
food,KP2,246.47499046725497,,687
shop,ACDC Travel and Tour Inc.,140.16917620980325,,571
shop,Flower Market,227.61686520213811,,329
shop,Roy N' Cherryl Bakery,140.16917620980325,,579
food,Celebrity X Food Kiosk,194.71904639328392,,578
shop,Pana Shirt Trading,74.53481436566432,,273
worship,LifeChurch Manila,412.7150738837928,,447
shop,Ignacia R. Lumanog Music and Sports,140.16917620980325,,898
shop,Salon 360°,204.4372032812207,,898
shop,Palawan Pawnshop,98.12805284091414,,898
transport,Punta,1061.118200770358,,885
food,Treehouse,146.8169374021582,,694
food,Country Chicken,300.89167331514625,,281
food,Sushi Yum,300.89167331514625,,281
shop,Barbershop,300.89167331514625,,281
food,McDonald's,526.3971525497677,,253
food,Shakey's,353.26391349527205,,253
shop,Wash and Wait - Laundry Mat,481.9672735800697,,862
work,Transfer It (Masangkay Office),178.49150312640168,,251
food,Juliet’s Lechon,194.71904639328392,,507
shop,VP Cycling,203.52001448083752,,275
work,Viva Arlene Manpower Services,127.09651914573962,,175
food,Jollibee,440.8260539903931,,292
shop,LG Flores Memorial Chapels Inc.,136.32521717144675,,802
shop,Julie's Bakeshop,140.16917620980325,,770
shop,Malate Hardware,60.46086061669931,,687
food,Honesty Cafe,60.19096203408139,,734
work,ken moore agency,352.7730392533996,,660
work,Kenmore afency,352.7730392533996,,670
market,Penguin Mart ペンギンマート,509.1248073138455,,684
food,Sinsun,701.6550125404178,,683
work,Helen Keller International (HKI),464.89791285851237,,704
shop,Red Ribbon,183.7775760105879,,713
food,Coffee Project co-lab,597.4172624185952,,704
shop,Virtual shop,455.70070259493986,,444
work,Power Steel Specialist Trading Corporation,352.7730392533996,,468
shop,Lagring Softdrinks,53.22013823540246,,341
food,Lords Burger,194.71904639328392,,75
work,Lightstar Sign Corp.,352.7730392533996,,315
market,Puregold,516.6176986900227,,586
health,Bio millenium Diagnostic,292.0323022068877,,232
work,design crest thomas pinpin,352.7730392533996,,276
food,Jollibee,88.47048175003687,,716
food,Angel's Burger,120.09604812672619,,729
shop,7-Eleven,60.19096203408139,,734
work,Valesco Strategic Manpower Solutions Inc.,225.2645754485051,,688
work,YMA Human Resource Corporation,352.4002860323791,,659
shop,Norma Store,261.56392239385195,,579
market,Puregold,1071.5551308939284,,289
shop,Lawson,138.87885688402275,,451
food,Ichiro,235.97232933610394,,451
shop,Jayson Auto Supply Co. Inc.,173.51969750242085,,233
food,Chef Von,147.13241325386636,,579
food,Ristorante delle Mitre,1162.1584117398788,,641
transport,Punta,1061.118200770358,,884
work,Kumar Plastic,755.8461480671991,,850
work,Surefast Manpower Services,96.88594032688269,,708
school,Saint Anthony of Makati Montessori Inc.,2436.3334419817224,,850
shop,JTSD Motorcycle Parts & Accessories,197.57241187880012,,766
shop,Express Wash,129.35153885587042,,858
food,McDonald's,1414.6173562376775,,290
worship,International Bible Church - Manila,73.81454331148937,,864
shop,Mano Charlie,52.73233467875084,,635
food,Tatay Pepe's Tapsilogan,144.96880567359702,,614
shop,Ocean Day Massage,223.6877351216668,,614
shop,Tambunting,140.16917620980325,,579
shop,Cebuana Llhuillier,140.16917620980325,,579
shop,Emie Store,91.83474814936375,,615
shop,D & E Store,97.85276763209296,,614
shop,Hair Club Salon and Barber Shop,229.3731156700211,,614
food,Lugawan sa Hipodromo,194.01040248940973,,614
worship,Manila Chinese Seventh Day Adventist Church,421.2568590087291,,615
food,Burger Machine,194.71904639328392,,613
shop,Cora's Store,97.85276763209296,,614
worship,United Pentecostal Church (UPC) San Andress Bukid,148.40530934827714,,790
food,Yellow Cab Pizza,385.3745948517467,,446
shop,,325.2358210495628,,732
shop,Blessed Hearts Water Station,838.290841811021,,865
food,Shawarma Cravings,194.71904639328392,,646
worship,Nuestra Señora de la Soledad Parish,380.7732878920333,,260
shop,7-Eleven,125.85477901827066,,443
shop,Great One Agency,114.94510701079722,,661
food,Lido Cocina Tsina,232.80211384387061,,652
shop,Jade Bookstore,209.54152142797534,,652
shop,7-Eleven,263.1581308141226,,652
food,El Jefe,226.02159287896433,,340
shop,California Computer Technology,163.70349016453662,,250
food,Cuervorito,140.97616304887976,,674
food,,150.2833821222538,,676
work,Maranaw Luzon Shipping Co.,232.36770738257073,,684
food,Kuya J's,1447.9284417063552,,816
shop,Bread talk,474.9330166355141,,279
food,Ilang-Ilang Restaurant,445.5356607102945,,267
food,The Den,651.3825470698058,,277
gov,Barangay 534 Hall,139.9122290564459,,520
work,Pilipino Manpower Agencies Accredited to Taiwan inc,184.4031161240423,,651
health,St. Martin Polyclinic. Inc,386.53017070298193,,661
school,Chinese General Hospital Colleges,1574.0718415710837,,358
shop,F Salon Legarda,151.1761501614384,,375
food,Golden Lantern Chinese Restaurant,89.12219560380424,,281
food,,194.71904639328392,,686
work,Mabuhay Padala,99.78445530114946,,379
worship,Lokal ng Washington,815.7222143018432,,496
gov,Barangay 775 Hall,32.13002229060319,,760
shop,F.R Palma Bread House,122.48208223588277,,577
work,National Federation of Women's Clubs of the Philippines,231.60633733237572,,660
work,Jo System,352.7730392533996,,210
work,Star Mark,423.76725687620905,,244
shop,Signrays,140.16917620980325,,866
work,Jomars Trucking,673.0559604878263,,261
shop,RCG Print,140.16917620980325,,381
shop,Star Gazer,140.16917620980325,,194
work,Crispal,352.7730392533996,,328
work,Munsec Trucking,352.7730392533996,,268
work,Synapsys Advertising,352.7730392533996,,676
food,Isa Una Kapihan & Atbp,398.2349015861514,,743
health,Hi-Precision Diagnostics Center,350.2595062935941,,678
work,Equitable Enterprises,352.7730392533996,,676
food,Resto 1,194.71904639328392,,446
worship,Doulos For Christ World Harvest Ministries,513.8410151286099,,659
shop,BoxPH,339.03032643565314,,423
school,Oceanlink Institute inc.,298.6475469940282,,651
work,Deckman Sea Experts Inc,352.7730392533996,,651
shop,Lorenz MotoShop,140.16917620980325,,542
worship,Ang Dating Daan Local of Pandacan,218.18869542837155,,820
gov,Sangguniang Pambarangay ng 598,106.81726472619911,,584
worship,Ang Dating Daan,420.31889433204924,,510
shop,Ate Baby’s,140.16917620980325,,584
food,Dunkin',135.15035364755448,,617
food,KFC,135.15035364755448,,617
shop,Yamaha,359.15148168507494,,817
shop,Shovel & Pail,75.18518140910487,,87
gov,Barangay 102 Hall,336.0399044355777,,95
work,"Oceanlink Institute, Inc.",265.7630608804603,,684
work,Blue Line,352.7730392533996,,233
work,Image Format,352.7730392533996,,394
work,RGB advertising,241.91320042870615,,189
shop,Axen Printing,140.16917620980325,,842
shop,OOS Optics Enterprise,342.4832983194119,,293
shop,Speqs Optical Center,99.5933390414016,,293
food,Chowking,214.67300646143136,,728
work,,352.7730392533996,,729
shop,,2322.650067448639,,684
shop,7-Eleven,178.6893729725889,,707
gov,Presidential Complaint Center,284.6933464288456,,631
shop,Macam de Jesus Contact Lens Optical,140.16917620980325,,293
shop,Victory Dental Supply,93.5358571489608,,293
worship,,412.7150738837928,,618
gov,MICP,48.39007899687245,,19
worship,Risen Christ Parish,773.7254859772027,,118
health,Victory Lying-In Center,131.0619426744776,,483
shop,Torres tech,255.72390867354795,,741
shop,,118.90618787085003,,708
shop,,118.90618787085003,,708
shop,Lotto,114.68044257965474,,612
shop,Sampaloc Diamond Hardware,234.15722663626656,,612
shop,,140.16917620980325,,747
food,Barzaga's Canteen & Catering Services,85.22803482721412,,815
health,Physical Therapy & Rehabilitation,450.1287141613049,,815
health,Dr. Tuquero,200.98504224551772,,866
food,Shakey's,355.130359020426,,197
shop,Uncle John's,164.39978448221348,,588
gov,,5504.8774017585965,,629
work,Manila Bulletin,855.2644672329083,,643
food,Paper + Cup,855.2644672329083,,643
shop,DaOnlineSeller,140.16917620980325,,475
shop,Dong Camera Repair Center,163.27650288615544,,292
gov,Barangay 118 Zone 9 People's Hall,158.67951017298964,,108
transport,Morayta - Fairview,1061.118200770358,,381
work,Metro Manila Development Skill Center,894.6418853745947,,222
school,United Seafarers Maritime Center,1619.8485772036797,,645
shop,KOLIN,213.8694809199356,,368
work,PERC DC,161.60013188470413,,382
shop,Saint Mark,160.20115331924927,,422
health,Micah Clinic,128.44440165615737,,676
shop,Judy Ann Store,140.16917620980325,,871
shop,7-Eleven,103.03559143418585,,850
shop,Delta Lighting,136.02627743999608,,277
shop,7-Eleven,1611.8089304859952,,277
food,Starbucks,506.97602398034684,,644
work,The Manila Times,427.03754423172813,,642
work,C.F. Sharp Crew Management,466.2830535794801,,642
health,Lifeway Dental Clinic,53.10178049033925,,690
shop,,140.16917620980325,,584
shop,Sure Care Purified Water Refilling Station,140.16917620980325,,584
shop,,140.16917620980325,,584
shop,7-Eleven,447.92003309352833,,704
food,,246.47499046725497,,687
shop,Supertravel,252.25385588731532,,686
work,Foscon,410.76066830526736,,641
food,Jollibee,213.50990410982152,,877
shop,RossWill,188.4924212436114,,381
food,Sr. Pedro,194.71904639328392,,584
food,,194.71904639328392,,611
health,TGP,35.04700690046536,,800
work,LBC,54.390275606157076,,798
shop,Merlan Bicycle Shop,44.813493147208504,,796
worship,Jesus Is Lord Curch,58.98527614591977,,759
worship,Jesus Is Lord Church,120.71305699811224,,796
worship,Jesus Is Lord Church,412.7150738837928,,724
shop,7-Eleven,211.55835967144077,,674
worship,Jesus Is Lord Church,412.7150738837928,,674
worship,Jesus Is Lord Church,160.9881985198544,,706
food,Shakey's,79.53570062774145,,766
food,Andok's,93.09234635270073,,766
food,Swig,48.350567914338086,,857
worship,Jehovah's Witness,412.7150738837928,,857
health,Medico Depot,69.10848514515664,,858
health,Mercury Drug,1059.6934163379049,,42
health,IHADS - International Health Aide Diagnostic Services Inc.,200.98504224551772,,661
work,TV Maria Philippines,2262.5495085790844,,817
shop,AJ Lumanog,121.13237884523836,,580
work,Industrial Advancement Academy of the Philippines,111.24669473559975,,643
shop,Aquabest,112.61914546326702,,793
shop,Mig's Barbershop,628.8551756957446,,661
shop,Puno's Barbershop,338.78083789029523,,667
shop,"SAFEWAY Engine Rebuilder, Inc.",140.16917620980325,,198
shop,2BC General Merchandise,140.16917620980325,,423
shop,M2 Printing,140.16917620980325,,375
shop,American Bearing Marketing Corporation,397.6257531961039,,299
shop,United Bearing Industrial Corp.,367.6507524146199,,280
work,Status Maritime Corp.,352.7730392533996,,680
work,TDG Crew Management,2679.0161410299906,,639
health,,200.98504224551772,,357
shop,,140.16917620980325,,357
shop,Goldilocks,163.27333786057022,,4
health,South Star Drug,200.97409843131817,,4
market,Ultra Mega Value Store,105.30780941978153,,2
food,Greenwich,1414.198225134622,,860
health,Mercury Drug,50.70680833384045,,863
shop,OZ Racing Manila,569.3786582824425,,667
food,Mang Inasal,1892.797067427054,,261
food,Chowking,1892.797067427054,,261
food,Jollibee,1892.797067427054,,261
food,Chowking,971.8131146270459,,146
transport,Lambingan,1061.118200770358,,881
transport,Santa Ana,1061.118200770358,,863
transport,PUP,1061.118200770358,,616
food,Barbara’s Casa Manila,472.99918303659,,644
food,Ling Nam Wanton Parlor & Noodle Factory,97.99882031622525,,288
shop,GLM Bakery,189.21857696037407,,565
shop,Lawson,189.21857696037407,,565
food,,189.21857696037407,,565
shop,,189.21857696037407,,565
food,Sam Kok,455.71199275289916,,283
food,Fengsheng Restaurant,133.67959864967503,,286
shop,Jalber's Laundry,57.49901707922159,,578
shop,Mach Printshop,57.49901707922159,,578
work,Tablas Forwarder,82.3580681242535,,400
food,Bo's Coffee,3397.2516580756637,,336
food,Krispy Kreme,3397.2516580756637,,336
shop,7-Eleven,91.40702529090524,,460
shop,Mapalad Bakery,270.07610150612805,,495
shop,Cebuana Lhuillier,119.8538665312351,,494
shop,Lavada,510.66169069865913,,465
food,Zus Coffee,208.2830096715188,,467
shop,Macho Labandero,91.40702529090524,,460
shop,Eng Bee Tin,1416.9837125999782,,296
work,LBC,1399.1115690932852,,297
shop,Palawan Express,73.14929139000502,,456
food,Chooks To Go,123.84920915208568,,456
food,MaiCafe,73.14929139000502,,456
food,Mang Inasal,517.5448271725992,,258
food,Jollibee,3251.666321756643,,279
work,Atienza shipping line Manila - Palawan,3716.61109919264,,635
food,Heavenly Grace Vegetarian Restaurant,194.71904639328392,,254
shop,Raul's School Supplies,16.553711602016815,,882
shop,,22.97249348032987,,882
shop,,51.644675226040476,,882
shop,Baby's School Supplies,39.878253845561964,,882
shop,Mando's Sari-sari Store,71.35889206086645,,882
shop,,51.943242897795834,,882
food,Malabanan's Eatery,54.91671172152931,,882
worship,Iglesia Filipina Independiente,130.7613111951672,,882
shop,,48.37516583727194,,882
shop,Malabanan's Sari-sari Store,47.955167406335576,,882
shop,Cebuana Lhuillier,129.30917660581682,,456
food,Royaltea,117.52907545987064,,456
shop,7-Eleven,2574.6651712222215,,336
work,Concentrix,488.4138238666279,,336
food,McDonald's,2574.6651712222215,,336
work,SILICON,62.99156275077367,,776
shop,Rusi,362.2196307302926,,796
shop,Mitsubishi Service Center,184.53193022307448,,800
food,Baliwag,48.43082336420412,,800
shop,Gelchad Pet Salon,54.62805823474252,,796
food,Esteng's,102.4684810877437,,796
health,Citigen Pharmacy,140.39615849261043,,796
shop,I-Style Salon,132.27454773818505,,796
health,Pharmaline,81.00965523706543,,798
shop,Villarica,104.47949191298156,,798
shop,Motortrade,102.64056902829977,,798
shop,Brio Salon,31.07341022193263,,798
shop,Panaderia ni Angela,153.33912689973363,,798
food,Chef Von,124.79078149605823,,797
shop,M Lhuillier,121.07045311360676,,797
shop,Diamond,107.83206518341771,,793
food,Palibhasa Frankie,109.34977506382259,,798
worship,Pentecostal Missionary Church of Christ (4th Watch),522.0231106961346,,567
food,Hashi Donburi,252.7585528458646,,475
food,Redbuck's,150.84716231497893,,465
shop,Cebuana Lhuillier,149.48727421472313,,463
shop,Cebuana Lhuillier,260.27457798766966,,467
work,LBC,196.9643996321524,,467
food,Burger House,194.71904639328392,,584
shop,Versatile Salon,77.51402343000723,,859
shop,Versatile Body Massage,77.51402343000723,,859
health,,77.51402343000723,,859
food,Tapsilogan,99.38991685840989,,859
shop,Goodwill Hardware and Construction Supply,99.38991685840989,,859
shop,Kalel Franchise Meatshop,26.291931819987383,,859
work,STIBGAM Corporation,86.18475317866489,,859
work,TESHEBY Trading,86.18475317866489,,859
work,Hendrick Transport,86.18475317866489,,859
shop,Sally's Sari Sari Store,141.6256341932724,,859
shop,White Store,67.96366762759219,,859
shop,Adele's Sari Sari Store,107.71297251616465,,859
shop,Bebe's Sari Sari Store,159.51167131294562,,859
food,Wnason Jack and Eatery,237.84083351396282,,859
food,Emillie's Eatery,171.08653508336187,,859
work,Real Estate Lessons,30.580385376289204,,859
shop,Ellyn's Mini Store,26.291931819987383,,859
shop,El-Ans' Laundry,26.291931819987383,,859
shop,Mallium Zinc Pawnshop,30.580385376289204,,859
shop,HNDEDSM Sari Sari Store,30.580385376289204,,859
work,JSFR Information Technology,138.42620696563785,,859
work,WEBBEXPO Enterprise,81.79121963442591,,859
work,Dynamic Human Skills Solution Inc.,81.79121963442591,,859
food,Eastern Cuisine,30.580385376289204,,859
shop,The Barber Shop,107.63213386945205,,857
shop,Goldilocks,175.9293952044836,,868
health,Ambulatory CPU Lingap Bata – UST Medical Social Service Dapartment,4295.772910839646,,456
food,Starr's Famous Shakes,172.22651701876367,,456
food,TORI BOX,145.0652131233342,,456
food,Tim Hortons,3397.2516580756637,,336
food,The Hashery,183.59757666424915,,448
shop,Palawan Pawnshop,193.38731616366556,,391
work,The Salvation Army Social Services,432.9179087166242,,678
work,Foundation for Adolescent Development,103.52787663144622,,673
work,Tahanan Outreach Projects and Services,167.57505275699506,,868
work,Development Action For Women Network,352.7730392533996,,652
work,Ladies of Charity - AIC Philippines,352.7730392533996,,657
work,Dynamic Filipino Citizen Civic Organization,139.3614793550932,,277
work,Kababaihan Laban Sa Karahasan Foundation,352.7730392533996,,381
work,Young Women's Christian Association,200.91801737239325,,659
work,Alay Kapwa Kilusang Pangkalusugan,352.7730392533996,,3
work,Alay Lakad Foundation,334.247088936505,,680
work,Mother Maria Stollenwerk Foundation,409.1944913990722,,592
work,Urban Program for Livelihood Finance & Training Philippines,139.3614793550932,,277
work,Child Protection Network Foundation,665.0507015177922,,682
work,Museo Pambata Foundation,1713.9920038615535,,651
work,Advocacy for the Development of Muslim OCWs,290.89605550377667,,652
work,Hope For The Youth Foundation,96.96160299969165,,661
work,Americares Foundation,2408.586179397637,,661
work,Visions of Hope Foundation,96.96160299969165,,661
work,Stairway Foundation,1471.0957087892098,,661
shop,Uniqlo,3397.2516580756637,,336
food,Starbucks,630.691890409636,,445
food,Jollibee,948.3665537173829,,443
food,Kkulhyanggi,273.4450796101054,,456
shop,Bajoy,284.387823227063,,156
school,University of Santo Tomas AMV College of Accountancy,2058.8066718069776,,456
health,Benavides Cancer Institute,689.8369724101555,,456
shop,KOBS,962.2721602710317,,249
gov,Remedios Police Community Precinct,139.9122290564459,,687
shop,Cebuana Lhuillier,316.8330377648816,,327
shop,Uncle John's,411.53441866885487,,327
shop,Yamaha,432.6078064477804,,339
shop,Singer,120.67538909678866,,239
food,Chowking,87.6697986458153,,322
shop,7-Eleven,145.1368779236632,,339
shop,Kinmo PW Corp,588.5169374469031,,242
shop,Bake Beyond,320.0656793201446,,236
food,Good Munch,162.63089394706344,,456
shop,Uncle John's,364.5224246079321,,457
food,,299.16272103612135,,457
shop,Zen Tea,316.96810049091545,,463
health,Mercury Drug,225.86502553041146,,323
shop,R. P. Battery Sales,118.12913905257275,,462
shop,7-Eleven,231.84293981161665,,466
gov,Freedom of Information,268.05011802045937,,626
work,,352.7730392533996,,815
work,AP Cargo,253.95984637656662,,303
food,Ricing Star,155.8202405338285,,456
school,Perpetual Help College Manila,273.4450796101054,,456
food,SamgyupSalamat,736.8110337629323,,457
shop,rm a,140.16917620980325,,258
shop,Vines Wines & Spirits,242.7170332249778,,684
shop,,153.57613368796413,,82
work,D-Lake,352.7730392533996,,225
work,D-Lake(Tutuban),1271.0301143735082,,231
shop,Amy Silver,249.37074237583045,,293
shop,7-Eleven,205.89518718818704,,894
food,Sher's Cafe,353.90130978418415,,276
shop,Mighty Wash Coin Laundromat,384.69180254099746,,644
food,Srinidhi's Cafe,211.22920618788714,,650
shop,Tom Silver,92.81876398061188,,292
work,PLDT Smart,71.88266103061565,,645
shop,Smart,71.88266103061565,,645
food,Bodhi Vegetarian,71.88266103061565,,645
health,iScan Diagnostic Center,450.1274231744283,,357
shop,DIY Coin Laundromat,140.16917620980325,,647
food,Cool-In Coffee Shop,201.30600472893468,,277
shop,Assad Mini Mmart,150.58612088389967,,657
food,Assad Cafe,150.58612088389967,,657
shop,Mightee Mart,143.7561247103865,,493
shop,Super Girl Silver,123.88413478207703,,293
work,YWA Human Resource Corp,352.7730392533996,,659
food,Mang Inasal,194.71904639328392,,572
shop,Audiophile components,140.16917620980325,,107
food,Starbucks,465.8061167498641,,640
food,Zing Cafe,347.0866248605561,,683
food,Vege Select,49.708540589061585,,282
work,Marsaman Manning Agency Inc.,284.36268349599186,,651
food,Kei Coffee,509.1248073138455,,684
food,Ongpin Manosa Resturant,194.71904639328392,,275
shop,Bike shop,140.16917620980325,,709
transport,Narpin Bus Transport - Sampaloc Terminal,146.39568864197113,,507
food,Breeze resto bar,1516.6299745339206,,383
food,Spotlight restobar,263.8147231975628,,328
food,Tapsi resto,139.4595696161485,,457
work,SMC Shipping and Lighterage Corporation,216.8320591533942,,652
shop,Rpower extension Intramuros,42.77023828560445,,640
food,Kabayan Food House,194.71904639328392,,644
work,Trans-Phil Land Corporation,381.8765703003513,,743
shop,Killion Merchandising,234.70998560228378,,292
food,Shakey's,426.2871364283536,,639
work,Transcom CY,352.7730392533996,,98
shop,RMC Store,89.18185601864673,,473
shop,2 Brothers Auto Supply,89.18185601864673,,473
work,Masters and Mates Association of the Philippines,103.78408663527831,,679
shop,Palawan Pawnshop,93.26581090808715,,635
shop,Palawan Pawnshop,183.93433912561585,,289
work,"Manila Marine Trade Carriers, Inc.",333.66447099539147,,268
market,,2973.772752715748,,292
leisure,,515.4925463046939,,764
food,Vatel,554.1824821421668,,731
food,Cafe Romancon,554.1824821421668,,731
shop,7-Eleven,367.41272770847434,,731
school,"DLS-CSB School of Hotel, Restaurant, and Institution Management",554.1824821421668,,731
gov,Barangay 760 Zone 82 Hall,139.9122290564459,,745
work,EXACT Training Center,736.0742709766588,,383
health,"PMP Diagnostic Center, Inc.",628.084015316475,,661
shop,Golden Success (GS) Building,606.2653144047961,,445
health,"Prosperity Medical Clinic and Laboratory, Inc.",299.7473349712401,,677
health,MMC Medical and Diagnostic Center,349.4343983362694,,682
food,KFC,211.22920618788714,,650
shop,Barber shop,247.33430532733655,,455
food,,191.74222904599526,,451
work,,352.7730392533996,,637
food,Teodora's Family Recipe,194.71904639328392,,861
work,New Century or Discovery,352.7730392533996,,658
school,University of Santo Tomas College of Tourism and Hospitality Management,1762.897986847915,,456
food,Subway,2058.8066718069776,,456
shop,Techshop28 Audiophile Store,356.03525550095117,,660
shop,7-Eleven,426.2871364283536,,639
market,Super 8,972.5192226636473,,356
food,Shanghai Fried Siopao,86.37128246875407,,286
shop,George Enterprises,142.09740432858442,,258
shop,7-Eleven,206.43685222567018,,608
shop,7-Eleven,140.16917620980325,,586
shop,7-Eleven,655.922577550846,,660
food,To Ho Panciteria Antigua,194.71904639328392,,276
health,Philippine General Hospital Psychiatry & Behavioral Medicine Department,5166.441138832809,,654
shop,7-Eleven,347.69153504466186,,375
shop,7-Eleven,190.97264423436727,,542
shop,7-Eleven,630.691890409636,,445
shop,7-Eleven,1112.6048338220444,,383
shop,MRM Philippines Inc.,849.9451331434443,,680
leisure,,515.4925463046939,,882
shop,Tita Rae,20.031757868476735,,876
shop,Lotto,20.031757868476735,,876
shop,,140.2130639564104,,877
health,Watsons,161.39730906366324,,877
health,TGP,678.0418846353813,,620
food,Mang Inasal,383.9194274723837,,578
work,Samsung Service Center,212.88426278259482,,858
shop,GIWU Shipping,164.2058596089099,,652
gov,Bahay Pamahalaan ng Barangay Barangay 887,139.9122290564459,,871
health,A.H. Lacson Health Center,494.379253281962,,868
leisure,,515.4925463046939,,866
shop,Eliseum Memorial Chapel Services,76.80784641687504,,167
worship,Members Church of God International,231.60633733237572,,660
shop,Colorpoint Classic,351.16871590773815,,445
shop,Uncle John's,777.5843453801162,,894
food,Bonchon Chicken,211.22920618788714,,650
food,Café France,211.22920618788714,,650
shop,Dolor's Kakanin,133.12047661483695,,671
shop,Cut Encarnacion,205.89518718818704,,894
shop,Golden Dragon,423.33042361620505,,660
shop,"Batco Battery Parts Co., Inc.",286.08791270148106,,674
gov,Barangay 764 Zone 85 Multi-purpose Hall,139.9122290564459,,749
work,Shore Access Simcards,374.576965358479,,651
gov,Barangay 728 Zone 9 Hall,139.9122290564459,,713
shop,Megacrimson,167.442640416158,,742
shop,Cuevas Bakery,140.16917620980325,,791
shop,,140.16917620980325,,791
worship,Chapel,330.09311383806676,,791
work,,221.20610395592018,,753
food,Minute Burger,22.90478864140008,,868
shop,,140.16917620980325,,864
shop,,140.16917620980325,,865
shop,,140.16917620980325,,865
shop,,140.16917620980325,,865
food,Mang Inasal,606.0395691342139,,863
food,Samgyupsamalat,307.9616614517569,,715
shop,Uncle John's,800.7956059219553,,713
shop,Sylver Tires and Works,119.49338835764556,,301
shop,Bong's Motorcycle Accessories,342.0195124906251,,301
health,Dobles Dentist Clinic,139.94579315114933,,301
food,24 Chicken,108.88897588160735,,712
food,Tokyo Tempura,81.10457953729804,,712
shop,Needle Juice,124.48451462609144,,713
health,Skintelligence Dermatology,73.81454331148937,,864
work,Automatechs Manpower,166.259297465518,,864
food,Pizza Hut,194.71904639328392,,864
food,Food Park,220.61827340994614,,864
food,Moonleaf,100.4901796790926,,644
food,Cioccolata,1078.9118508300594,,644
work,LBS Recruitment Solutions Corp.,194.81160812500735,,651
food,Cassa Food House,194.71904639328392,,864
shop,Tom Co Car repair shop,140.16917620980325,,276
food,Jolly Friend,194.71904639328392,,577
food,Incredibowl,220.01173027954104,,382
shop,Uncle John's,47.85344581227129,,499
food,Chowking,285.84245498057027,,455
gov,Barangay 310 Hall,520.0449264459988,,296
food,Bo's Coffee,71.88266103061565,,645
work,North Harbor Point,352.7730392533996,,19
market,Fortunes Mart,291.5130607610847,,714
food,Black Scoop Cafe,211.22920618788714,,650
work,CKAT Inc.,657.7973694269962,,653
leisure,Oneside,1073.3372084766295,,653
food,Tropical Hut,410.671779794658,,277
shop,King's Laundry,95.65888620868952,,709
school,Altitude Training Center-(9th Floor),298.6475469940282,,651
shop,Lotto,140.16917620980325,,710
work,Golden Galleon Ship Management Services,288.27340799235844,,643
leisure,Widesea Marine Shipping,1179.6632413600362,,687
shop,GPM Emission Testing Center,140.16917620980325,,682
shop,Internet Shop,735.682759011436,,710
work,Baltic Asia Crewing,352.7730392533996,,670
work,Oceanic Shipping,352.7730392533996,,137
work,Infinite Manning Services Inc.,343.82920715793256,,711
work,Solpia Marine & Ship Management Inc,285.5207478939825,,708
work,Tutela Marine Inc.,132.03777953155736,,707
shop,Laquis Bakery,245.9885273982826,,708
shop,Vaultmax Pawnshop,370.81840425045783,,652
shop,Tambunting,132.6433760854528,,684
shop,Xundd Philippines,140.16917620980325,,651
food,La Cathedral Cafe,441.9721315432502,,641
shop,7-Eleven,140.16917620980325,,8
work,987 G.M. Tolentino Street Sampaloc,226.929564859013,,454
work,MBPS Cabling Corporation (2156-D P. Florentino Street Sampaloc),126.03481069380109,,498
work,Copharm Trading,925.2213922709434,,261
shop,980 Severino Street,640.4104275473725,,300
worship,Horizon Ministries,432.29085154784457,,626
food,Romantic Baboy,488.4138238666279,,336
food,Romantic Baboy Masangkay,154.96531280923446,,253
leisure,Tutuban Indoor Basketball Court,3058.521603918894,,891
health,BotiCARD Pharmacy,239.59066079773297,,384
shop,7-Eleven,202.98735628190175,,684
shop,7-Eleven,463.5237046216341,,268
worship,Locale of Baseco,116.5290161601055,,635
shop,extreme outdoor motorcycle shop,140.16917620980325,,178
gov,OPAP - PDOS,290.89605550377667,,652
work,Alcorcorn Review Center,168.71573522883594,,381
work,INRESS Review Center,379.00467927837695,,381
shop,Mevbuild Inc.,322.67678811205946,,300
shop,Kimgold,150.64324939757836,,547
shop,April Manila Sewing Machines,119.26509377401936,,225
work,China Airlines,3503.2732048488647,,653
shop,7-Eleven,614.7568863502344,,652
health,Porta Dental Clinic,200.98504224551772,,827
shop,Montronic Electronics Center,68.25547539753553,,295
work,JTQ Insurance (1918,132.1779527045055,,673
shop,Uncle John's,140.16917620980325,,679
shop,7-Eleven,859.2495773612716,,261
worship,Pentecostal Missionary Church of Christ (4th Watch),149.5259019111146,,832
health,"S.i.b.o.l. Therapy Center, Inc.",187.23999801861032,,514
food,Lola Gening's Kitchen,282.2900573658856,,325
health,,426.78417240251804,,644
shop,Mini Puregold,140.16917620980325,,614
shop,,73.34636067585464,,69
shop,,621.1510992682871,,83
food,,655.4253319171969,,83
shop,,339.0350053926833,,575
shop,Cut n' Fix,109.01930994960878,,504
shop,,131.3630499775605,,496
food,Paluto,194.71904639328392,,504
shop,,79.49775785814523,,504
health,Smiles Dental Center,200.98504224551772,,484
shop,Lunar's Bakery,220.81907938717234,,482
shop,,298.11520835915763,,504
shop,Le Montblanc,91.24516850882485,,500
shop,Bornes,91.24516850882485,,500
worship,,412.7150738837928,,496
worship,Grace Generation Church,102.2699293244827,,470
shop,Cre8 Salon,218.46260629791846,,468
shop,Spin Me Laundry,169.0812788907472,,504
shop,Lancer Pawnshop,100.0022148851476,,504
food,Donjar,545.6233146638542,,500
gov,Intramuros Police Community Precinct,6527.878046689105,,643
health,,98.10714539609879,,652
health,,366.10824269537494,,684
health,,929.0522066142037,,317
health,Manila Public Health Laboratory,200.98504224551772,,320
health,St. Cecilia Polyclinic,238.2540160331824,,652
health,,168.28854836619152,,652
health,,451.24028023008196,,652
health,Calpe Medical Services and Supplies,56.42204573573647,,653
work,Positive Action Foundation Philippines Inc.,321.2805768089744,,741
health,CBZ Medical Clinic,231.60633733237572,,660
health,,420.5123203475662,,651
shop,Jham Bikeshop,140.16917620980325,,636
shop,,140.16917620980325,,636
shop,Sam's Bicycle Shop,140.16917620980325,,636
work,Local Shipping Lines Operations Office,3349.474877289743,,108
work,,197.22096768222414,,37
work,One Binondo Condo,793.8152113372516,,5
shop,7-Eleven,599.3934981904205,,681
health,R&L Dental Clinic,447.26491022260836,,645
health,Philippine General Hospital,3545.5150082498963,,654
health,Avs Medical Clinic,451.24028023008196,,652
health,RBG Medical and Dental Clinic,131.80467495704204,,653
health,Sea Landers Diagnostic and Treatment Center,366.10824269537494,,684
health,Vizcarra Diagnostic Center,168.28854836619152,,652
health,,1659.0359549131717,,477
health,Centerport Medical Services Inc.,420.5123203475662,,651
shop,Khan Botique (over run shop),140.16917620980325,,296
gov,Barangay 782 Zone 85 District V Hall,139.9122290564459,,767
food,Cora's Tapsilogan,194.71904639328392,,529
food,Kynthia's,22.90478864140008,,868
shop,7-Eleven,190.34920423514038,,876
health,,1945.8727171763583,,297
health,Agoncillo Medical Clinic,113.78930363479455,,679
health,,101.07979092773314,,660
health,American Out Patient Clinic,218.0067355307278,,642
health,,218.0067355307278,,642
health,"The Family Clinic, Inc. Hospital",1318.8956064822232,,328
health,University of Santo Tomas Graduate School Psychotrauma Clinic,1854.2790271576894,,456
shop,JC LED,246.44246966262702,,859
food,Figaro,218.0067355307278,,642
health,Our Lady of Lourdes Hospital,409.1944913990722,,592
food,Amis Restaurant,1493.861903721727,,293
health,University Physicians Medical Center,3545.5150082498963,,654
health,MVR LAB Diagnostic Center,194.81160812500735,,651
health,JED Diagnostic Clinic,224.72213360534684,,645
shop,Goldilocks,64.56061719200459,,388
shop,7-Eleven,111.54614264424043,,388
shop,Villarica,172.13825353474758,,388
shop,7-Eleven,212.45676281553588,,387
shop,Cebuana Lhuillier,164.21446257713947,,391
shop,7-Eleven,236.5640478797908,,393
shop,,159.9424193454548,,410
market,,160.14648370601168,,410
market,,167.4283037242332,,410
gov,Sangguniang Pambarangay ng Barangay 424,57.67420197144407,,410
shop,7-Eleven,784.4420580232241,,386
shop,Genesis,140.16917620980325,,679
worship,Jesus the Living Gospel - Manila Sector,258.779945165216,,340
market,Allan Blumentrit,516.6176986900227,,353
transport,Northern Luzon Bus Line - Sampaloc Terminal,185.7098613821406,,507
shop,Makerlab Electronics,489.0862057484895,,315
transport,RCJ Bus Line - Sampaloc Terminal,144.0933684498047,,447
work,Hospico de San Jose,352.7730392533996,,896
work,"A Home for the Angels Crisis Home for Abandoned Babies Foundation, Inc.",110.29919901664522,,791
work,Childhope Asia Philippines Foundation Inc.,425.2673421037304,,812
work,"AKAP SA BATA NG MGA GURO-KALINGA PHILIPPINES, INC.",160.5856760116041,,609
work,Asociacion de Damas de Filipinas,1571.0470590720665,,667
work,Our Lady of Lourdes Hospital,1100.928891418017,,592
work,University of Santo Tomas Hospital,352.7730392533996,,456
work,Medical Center Manila,917.9095532587846,,659
work,"Young Focus for Education and Development Foundation, Inc.",147.9377687995734,,120
work,"Canossa-Tondo Children Foundation, Inc.",352.7730392533996,,99
transport,Lawton,1061.118200770358,,894
health,,200.98504224551772,,317
health,Isidro Mendoza Health Center,88.55418447366681,,833
shop,,96.80404247957287,,96
shop,,22.051775816710503,,96
shop,Aqua Best Water Station,53.880071878168046,,96
shop,,536.0827676971854,,815
shop,,536.0827676971854,,815
health,Generika Drugstore,92.85718253198533,,833
shop,,536.0827676971854,,815
market,Ever,394.60643070678094,,844
shop,,140.16917620980325,,847
shop,Mauricio,134.24981881524428,,582
gov,Sangguniang Pambarangay ng 867,52.58549228355976,,851
food,Macao Imperial Tea,252.0525528256573,,457
gov,Barangay 297 Zone 29 Hall,139.9122290564459,,284
shop,7-Eleven,180.40523756607044,,255
gov,Bambang Police Community Precinct,97.2036027627985,,255
shop,DP Bike Motto,118.09071069870711,,320
work,Chamber of Commerce of the Philippine Islands,780.1104447896181,,642
health,Mercury Drug,337.71548150862816,,278
food,Jollibee,817.8186425697497,,0
shop,Liberty Foodmart,517.3387232087434,,44
health,Silver Drug,200.98504224551772,,356
health,TGP,125.20033982961655,,353
gov,Baracom Central Fire & Rescue Volunteer,139.9122290564459,,362
work,Seacare International Phils. Inc,657.7973694269962,,653
shop,Nanosol Cycle World,140.16917620980325,,221
shop,Levy,140.16917620980325,,436
shop,Funeraria San Raphael,140.16917620980325,,5
shop,Aiselle Optical Clinic,78.26647778866861,,573
shop,Cebuana Lhuillier,78.26647778866861,,573
shop,MoTech,138.6750568126684,,338
shop,7-Eleven,140.9612147818867,,470
shop,7-Eleven,79.79721312613998,,327
shop,,140.16917620980325,,478
shop,,85.08089482211783,,354
shop,,85.08089482211783,,354
shop,7-Eleven,61.928669727197274,,253
shop,The Store at DLSU,443.87240443792126,,704
shop,National Book Store,443.87240443792126,,704
health,TGP,116.24196951113254,,740
food,Chowking,1042.477727643243,,258
shop,PCSO Lotto,288.27340799235844,,643
work,LBC,179.68855648934027,,277
shop,Cebuana Lhuillier,151.04521600730328,,277
work,Soka Gakkai International of the Philippines,827.3323130943761,,277
work,LBC,115.73004677956156,,411
shop,R O Jewellery,80.26429735126182,,287
food,Hap Chan,449.78502998809677,,291
shop,Cebuana Lhuillier,49.48174347702637,,291
shop,Goldwyn,79.89100165994691,,291
shop,Ongpin Jewelry Shop,85.55764204041245,,291
shop,Golden Dragon Gift Shop,57.76055775876304,,291
shop,,57.921622978950964,,289
shop,Benhan   Jewelry,57.921622978950964,,289
shop,,57.921622978950964,,289
shop,Star Gift Shop,57.921622978950964,,289
shop,Hope Jewelry,57.921622978950964,,289
food,Kim Hiong Food Garden,479.4368479460262,,284
food,Ongpin Mañosa Restaurant,45.22154568016717,,284
shop,Ganette Jewelrt & Gift Shoppe,30.872239528465816,,284
shop,,30.872239528465816,,289
shop,,30.872239528465816,,289
shop,,30.872239528465816,,289
shop,,30.872239528465816,,289
shop,,30.872239528465816,,289
shop,,30.872239528465816,,289
shop,,30.872239528465816,,289
food,KFC,354.45071918418256,,284
shop,Q. K. P. Hardware,489.25708941734223,,306
shop,Maharlika Medical Supply,140.16917620980325,,307
shop,MDP Medical Enterprises,148.07808126398646,,307
shop,Bambang Medical & Hospital Equipment Supply Co.,112.11488176858343,,320
shop,JVM,112.11488176858343,,320
shop,NEMRAC Medical & Pharma Supplies Corp.,112.11488176858343,,320
shop,Skymed Pharma,159.20620553566175,,320
shop,Meedpharma,159.20620553566175,,320
shop,RoDaise Pharma Distributor Corporation,178.7094278342643,,319
shop,Onestop Medical Equipment Supplies,413.3196973640954,,320
shop,ELC Medical Apparel and Supplies,310.92891591970664,,307
shop,jkos Medical Supplies and Equipment Inc.,213.4958789288735,,307
shop,Mec Manila Medical Supply,351.635000779713,,307
shop,R8 Pharmaceuticals Supply,85.22863582806319,,307
shop,Famili-Juan General Merchandise,85.22863582806319,,307
shop,Right Choice Medical Products,140.4216576928901,,307
shop,Holy Family Medical Supply,132.30325655531587,,307
shop,Puljed Trading,132.30325655531587,,307
shop,CMC Medical Supplies,132.30325655531587,,307
shop,Burda Medical Apparel,310.92891591970664,,320
shop,D&L Medical,310.92891591970664,,320
health,Pharma Depot,150.35838058549058,,320
shop,Esphar Medical Center Inc.,342.7516603229691,,320
shop,Marzan Pharma,140.16917620980325,,320
shop,"Esphar Medical Center, Inc.",261.41312583358604,,320
shop,NEMRAC,70.01869930686013,,320
shop,Sunmed Pharma,70.01869930686013,,320
shop,Ark Gen Pharma Corp.,227.48107730814087,,320
shop,Nestop Medical Supplies & Equipment,321.4397006057895,,312
shop,Prisca Medical Trading,141.64545089725456,,313
shop,Jenia Pharma Trading,141.64545089725456,,313
food,Red Baron Ribs & Steaks,168.06151231732633,,312
shop,Getsum Dimsum Food Products,178.49150312640168,,254
shop,Jolenrich,178.49150312640168,,254
gov,Social Security System,343.22561841382674,,251
food,Red Mug Cafe,83.56803072200289,,251
food,Taverna Europa,83.56803072200289,,251
food,Yawoo! Foods,183.4654952596265,,251
food,Pixie's Sinugba,194.71904639328392,,251
health,Emerson Drugs,123.26457600766139,,251
health,Rockford Clinic,123.26457600766139,,251
market,Whartoner Supermarket,1193.3382394215816,,252
shop,Goldilocks,627.0414261132255,,252
shop,Pan de Manila,627.0414261132255,,252
health,Mercury Drug,627.0414261132255,,252
shop,Kambal Pandesal,57.70694670705015,,253
food,New Po-Heng Lumpia House,57.70694670705015,,253
gov,LBC,57.70694670705015,,253
food,Kyushu Ramen,498.834914662368,,250
shop,Pretty Eyebrows Aesthetic,498.834914662368,,250
shop,Nuat Thai,597.925985364497,,256
shop,Lamb Laundry Shop,179.170921692439,,250
shop,Baan Khun Thai,807.8231509787629,,256
shop,SKF,285.47203720059156,,250
shop,Masangkay Meatshop,814.2439990780053,,256
food,Cha Tuk Chak,112.83265515386098,,250
food,KMS Foo Service,112.83265515386098,,250
shop,Vision Plus Center,124.35957292042463,,250
shop,Bijou Laundromat,124.35957292042463,,250
food,Ha Yuan,977.0073360708844,,256
shop,Essential Auto Supply,140.16917620980325,,256
shop,Ultramaster Bearing & Parts Corporation,140.16917620980325,,256
shop,A.M. Star Luck Co. Inc.,262.27800561229657,,250
shop,Masangkay Computer Center,119.08056646227989,,256
shop,Alfalub Trading,148.21411252401967,,250
shop,Tropical Motor Supply,74.98264786943528,,280
shop,ATC Auto Supply,74.98264786943528,,280
shop,Lau Hap Auto Electrical Center,139.68126241556232,,280
food,New Magic Foodhouse,164.69268668506407,,280
shop,Weller Motor Parts Center,164.69268668506407,,280
shop,Gulong Auto Parts,108.31114751198227,,280
shop,New Life Auto Supply,108.31114751198227,,280
shop,Simplex,108.31114751198227,,280
shop,Chee Puck Refrigeration Inc.,220.42841720568552,,280
shop,D Spex General Mechandising,220.42841720568552,,280
food,Golden Fortune Seafood Restaurant,409.00995164711276,,280
shop,Hua Mei Lighting,2648.724681196361,,281
shop,,246.44474839302555,,281
shop,Polland Hopia Factory,259.3979393487078,,281
shop,939 Fashion,397.9542013697838,,281
health,Sim Clinical Laboratory,89.12219560380424,,281
shop,Sinyilong,89.12219560380424,,281
food,Min Nan Di Yi Wei,89.12219560380424,,281
shop,"Wan Kee Bakery, Inc.",89.12219560380424,,281
shop,Amo Hopia & Bakery,300.89167331514625,,281
food,Wai Ying Roasting Take Home,89.12219560380424,,281
work,"Phl United Daily Publications, Inc.",89.12219560380424,,281
health,Canadian Drug House,388.66909761159866,,282
shop,Diao Eng Chay,261.4129162243455,,282
food,Shin Ton Yon Foods,206.1281674931009,,282
food,Shin Tai-Shang Foods,226.06679895353724,,282
shop,Lord Stow's Bakery,485.4492402688618,,274
food,Café Mezzanine,96.29548291348046,,274
shop,Vision Manila,164.24145155925802,,274
shop,City Chain Trading,419.76842344175975,,275
shop,SMY Merchandising,284.2315077293606,,275
food,Sincerity Café & Restaurant,176.13317800432438,,275
work,Sunlife Financial,1103.2058796670724,,275
shop,Lawson,209.85273768265876,,275
food,Starbucks,203.52001448083752,,275
shop,Polland,203.52001448083752,,275
work,Allianz PNB Life,975.6879372515444,,275
work,Pru Life UK,458.2584651781338,,277
shop,7-Eleven,1201.9600315272496,,277
shop,CBD Furniture,634.3487284189499,,277
shop,Welcome Home Appliance,136.02627743999608,,277
food,Yno's Foodhouz,151.04521600730328,,277
work,JRS Express,2751.2014415648823,,277
health,Watsons,501.2353244753381,,300
food,McDonald's,501.2353244753381,,298
shop,Alfamart,501.2353244753381,,298
food,Dunkin',501.2353244753381,,300
health,Generika,501.2353244753381,,298
shop,Grasco Builders Supply Inc.,37.886367613544486,,287
shop,Asiaco Commercial,37.886367613544486,,287
shop,"Hap Seng Hardware, Inc.",37.886367613544486,,287
shop,New Setamy Plumbing Corp.,37.886367613544486,,287
shop,Cheson Controls Center Inc.,37.886367613544486,,287
shop,New TCT Merchandising,147.92715797319238,,285
shop,Leong Seng Hardware,147.92715797319238,,285
shop,D' Great Iris Industrial Sales,199.92017890028697,,285
shop,Mackenzie Hardware,129.83668254220862,,287
shop,New Manila Hardware,97.79548175863222,,285
shop,MZQ Trading,88.17164037645547,,287
shop,Triton Electrical Marketing Corporation,88.17164037645547,,287
shop,Ge's Lighting,88.17164037645547,,287
shop,Aluminum Power Marketing Corp.,97.79548175863222,,285
shop,Mega Pacific Stainless Trading Company,88.17164037645547,,287
shop,TH Grocers Corporation,88.17164037645547,,287
shop,Prosperity Hardware,88.17164037645547,,287
shop,Everbest Achievers International Trading,42.746660218424296,,285
shop,Extreme JJC Industrial Sales,42.746660218424296,,285
shop,Grand Sehong Hardware Corp.,42.746660218424296,,285
shop,"United Power Hardware & Const. Co., Inc.",42.746660218424296,,285
shop,Suy Hong Chinese Drugstore,88.17164037645547,,287
shop,Union Hardware Far East Corporation,88.17164037645547,,287
shop,Marland Cakes & Pastries,205.00330439528557,,285
food,Eng Ho Cafe & Deli,156.83477145654663,,288
shop,Silver Eagle Industrial Sales Co. Ltd.,233.77071102599473,,286
shop,Arsey Industrial Center,233.77071102599473,,286
shop,InterLighting,557.5388476003595,,286
shop,Richlite Electrical Supply,156.83477145654663,,288
shop,CS Chinese Drugstore,156.83477145654663,,288
shop,Suy Chong Chinese Drug Store,156.83477145654663,,288
shop,H&S Stainless Steel,97.99882031622525,,288
shop,New Niagara Hardware and Plumbing,246.73462862281087,,288
shop,Soler Metalcraft Marketing,246.73462862281087,,288
shop,A&S Lamps,180.99651078525892,,288
shop,Corona Metal Enterprises Corp.,125.68168198072338,,288
shop,E.Y. Industrial Sales Inc.,140.16917620980325,,284
shop,SMM Technology Designer's Center,161.58891905751295,,283
shop,Mega Enterprises Incorporated,140.16917620980325,,284
shop,Eastman,161.58891905751295,,283
shop,"An Yiac Hardware Co., Inc.",161.58891905751295,,283
shop,Juyco,140.16917620980325,,284
shop,Magnificent Marketing,161.58891905751295,,283
shop,Domingo Multi Sales Center,161.58891905751295,,283
shop,Total Tools Sefrvice Center,161.58891905751295,,283
shop,Powerman Hardware Inc.,140.16917620980325,,284
shop,Jansy Commercial,140.16917620980325,,284
shop,M.A. Pumps and Electrical Supplies,161.58891905751295,,283
shop,Hiap Gee Commercial,140.16917620980325,,284
shop,Julles Industrial Sales,161.58891905751295,,283
shop,Sheraton Plumbing & Construction Supply,161.58891905751295,,283
shop,Alloy Master Industrial Supply,140.16917620980325,,284
shop,Jom Electrical and Industrial Supply,90.45121751770198,,283
shop,Rubi Stainless Steel Enterprises,140.16917620980325,,284
shop,HongTai Asia Marketing,140.16917620980325,,284
shop,Four Winds Commercial Trading Corp.,140.16917620980325,,284
shop,Stronghard Commercial,90.45121751770198,,283
shop,ingco,90.45121751770198,,283
shop,opple,92.97475205903818,,283
shop,Bohong Electrical Supplies Trading,140.16917620980325,,284
shop,MG Hardware and Electrical,140.16917620980325,,284
shop,Bright Well Crystal Trading & Builders Corp.,140.16917620980325,,284
shop,SMM Technology Designer's Center,92.97475205903818,,283
food,Bingdao Chinese Food House,65.26270980353989,,286
shop,Edsun Electrical Control Supply,65.26270980353989,,286
shop,Ming Hua Chinese Drug Store,65.26270980353989,,286
shop,EMCO Industrial Supply,121.1510977308773,,288
shop,Tiong Kieng Metal & Hardware,56.39970180172396,,288
market,Hua Lian Supermarket,603.6970939964302,,283
shop,Wine Century Bros.,140.16917620980325,,286
shop,Dragon Phoenix Ent.,140.16917620980325,,286
shop,Mayfair Gem (Mayfair Goldsmith),619.3728948243654,,283
shop,Twin Sisters' Jewelry,132.52976841571646,,283
shop,,50.06833512936671,,286
shop,,50.06833512936671,,286
shop,,50.06833512936671,,286
health,Destiny Chinese Drugstore,132.52976841571646,,286
shop,Tong Ren Tang,140.16917620980325,,283
shop,A.E.Y. General Merchandise,86.37128246875407,,286
health,Man Ling Chinese Drugs Store,41.632783319105584,,286
market,,55.40528125062143,,286
shop,J&A Mansion Gift Shop,92.97475205903818,,286
shop,Century Time Center,92.97475205903818,,286
shop,Vitalife Drugstore,92.97475205903818,,286
shop,Nafu Lucky Charm,92.97475205903818,,286
shop,RS Fine Art Jewelry,180.99651078525892,,288
food,Hao Feng Food Shop,45.22154568016717,,284
shop,Goldfinity Gifts Shop Co.,43.39949609177339,,288
shop,Regina's Jewelry Shop,568.5324722867288,,288
shop,JA Fine Art Jewelry,43.39949609177339,,288
shop,Ritz Jewels,43.39949609177339,,288
shop,One Stop Option Lights Trading,94.47350509835833,,288
shop,Hongsan Gift Shop,70.97529552411812,,288
shop,Valyrian Brilliant Gems,77.69202284634602,,288
food,Good Fragrance Restaurant,73.29868534515188,,288
shop,,109.35609230049266,,288
shop,,95.338783828532,,288
shop,Fortunate Crafts Store,109.35609230049266,,288
shop,,30.558570524034288,,288
health,Kim Sheng Chinese Drugstore,30.558570524034288,,288
shop,Lemarcus Brilliant Gems,30.558570524034288,,288
food,New Eastern Garden Restaurant,30.558570524034288,,287
shop,,30.558570524034288,,287
health,Sim Sim Chinese Drugstore,30.558570524034288,,287
shop,DG Gold Jewelry Repair Shop,30.558570524034288,,287
shop,Lotto,30.558570524034288,,287
shop,Ying Ying Jewelry Shop,57.09664877663308,,287
shop,New Sin Chi Sing Trading,38.91270821834851,,287
shop,Min-Shun Trading,89.86894222364978,,287
shop,CH Solid Gold Jewelry Shop,49.48174347702637,,291
shop,"Amsterdam Pawnshop, Jewelry & Money Changer",49.48174347702637,,291
health,South Ocean Chinese Drug Store,33.54911338256695,,291
shop,,33.54911338256695,,291
shop,Metro Manila Medical Supply,123.08782028950252,,306
shop,Nickulay Scrubs and Medical Supply,123.08782028950252,,306
shop,Mightee Mart,147.78836848427238,,307
shop,ERB Medical Suit and Supplies Wholesaler & Retailer,221.73155038145487,,307
shop,JVB Medical Supplies,170.4529027441536,,319
shop,Lucky Angel Medical Supply,70.12793572537996,,319
shop,Medical Gallery,70.12793572537996,,319
shop,Safety Access Medical and Dental Supplies,140.2655414670197,,319
shop,Santa Cruz Medical Supplies,164.78371184196382,,319
shop,Crossmed Pharma,164.78371184196382,,319
shop,K&N Medical  Supplies and Equipment,143.4937837023484,,320
health,Luked Pharma,75.84624767231092,,306
shop,MediXCare Medical Supply,75.84624767231092,,306
shop,NF-Salvatus Medical Trading Corp.,75.84624767231092,,306
shop,CareMart Medical Supplies,75.84624767231092,,306
shop,Uni-Asia Healthcare,117.66255695194889,,306
shop,Metrogen Pharmaceutical,96.36103694454994,,306
shop,Latriel Corp.,44.77352245308005,,306
shop,Medvariance,198.93433658053965,,306
shop,R8 Drugs Distributor,71.14793188287933,,320
shop,Niko Medical Supply,165.8762466408116,,320
shop,R8 Pharmaceuticals,80.63133131606288,,320
shop,Qualitymed Pharma Corp.,80.63133131606288,,320
shop,Medtrade Medical Supply,80.63133131606288,,320
shop,ALT Hospital and Medical Supplies,80.63133131606288,,320
food,Original Partners Pares and Mami House,80.63133131606288,,320
shop,Maharlika Medical Supply,123.81358977094283,,307
shop,CCM Medhealth Co.,178.7094278342643,,319
shop,,148.4854324944258,,254
shop,Cebuana Lhuillier,148.4854324944258,,255
shop,Definite Purified Drinking Water,171.84825987847466,,255
shop,Four Star General Merchandise,171.84825987847466,,255
shop,Monterey Meatshop,180.40523756607044,,255
shop,Denro Hardware & Bicycle Parts Supply,130.41214352056258,,255
health,TGP,669.9113152493491,,257
gov,Barangay 304 Zone 29 Barangay Hall,484.4316665825168,,289
food,Jollibee,484.4316665825168,,289
food,Mang Inasal,484.4316665825168,,289
shop,7-Eleven,238.28726760265698,,290
leisure,Manila Center Billiard Hall,130.34271928432983,,295
shop,Narcibelle Enterprises,351.5272509351805,,295
shop,AC Hilario General Merchandise,351.5272509351805,,295
shop,Metrobeat Pro Lights and Sounds Trading Corp.,130.34271928432983,,295
shop,RJEM Electronics,130.34271928432983,,295
shop,Electx Electrical Supply,68.25547539753553,,295
shop,XMX Trading,68.25547539753553,,295
shop,Audio Maxx Trading,68.25547539753553,,295
shop,"CJR Hardware, Electronics & Electrical Supplies",68.25547539753553,,295
shop,Lux Master LED Light Center,68.25547539753553,,295
shop,Easyfix,43.58141089416347,,295
shop,Noburich General Merchandise,43.58141089416347,,295
shop,Laud Clear General Merchandise,43.58141089416347,,295
shop,J.A. Elarde Sound System Trading,43.58141089416347,,295
shop,Royal Electrical Supply,43.58141089416347,,295
shop,Audiotech Electronics Center,43.58141089416347,,295
shop,Anvil Sporting Goods & General Merchandise,17.298946886974072,,295
shop,A&R Sporting Goods,17.298946886974072,,295
shop,Benden Marketing,17.298946886974072,,295
shop,,17.298946886974072,,295
shop,Audiocenter,17.298946886974072,,295
shop,Solid Electronics,117.68367132010485,,295
shop,628RTS Gen. Merchandise,117.68367132010485,,295
shop,Power Ville Enterprises,67.35357971117043,,295
shop,Stage Point,96.270480645199,,295
shop,ABA Audio Center,99.71726424760686,,295
shop,PersonnelZEN Trading,99.71726424760686,,295
shop,Pacific Electronics,150.3979100921158,,295
shop,Regent Electronics,86.5518038126434,,295
shop,Le Duarte Gen. Merchandise,86.5518038126434,,295
shop,Gallery Lighting International,86.5518038126434,,295
shop,Alexan,167.35452245380884,,295
shop,Martcom Cellular & Electronics Center,248.4115226202596,,295
shop,PersonnA Marketing,108.60535875843945,,295
shop,MMR General Merchandise,50.46673521679037,,295
shop,Blessed Hope Merchandising,50.46673521679037,,295
shop,Redeemer Merchandising,150.62557947889007,,295
shop,Beest Sale,104.0541664046224,,295
shop,Uno Sporting Goods,54.65758515997835,,295
shop,JRR General Merchandise,54.65758515997835,,295
shop,Yssa Mae's Sportss & Music Enterprises,54.65758515997835,,295
shop,Avideo General Merchandise,54.65758515997835,,295
shop,Coby Electronics,113.64179060411269,,295
shop,Sonice Enterprises,113.64179060411269,,295
shop,Green 2 Optical Clinic,99.71726424760686,,293
shop,Metronome General Merchandise,446.1150230902625,,293
shop,Ftstar Marketing,140.16917620980325,,293
shop,Magus General Merchandise,946.9326685895921,,293
food,Ate Rica's Bacsilog,29.958351175901058,,693
food,Good munch,29.958351175901058,,693
food,Red Jade,7389.7234210759125,,639
food,Champagne Room,4395.031360856268,,639
food,Army Navy,334.69253601774085,,712
food,Yi Fang,112.86270405055699,,712
market,Puregold,4467.484398358881,,299
shop,Villarica,97.20734944340016,,299
shop,Gold Jade Lighting Deco,1005.8277144890536,,291
shop,Lighting Depot,112.93061412900391,,291
shop,To Suy Hardware,947.97752022097,,291
shop,Tee Tosuy New Tosuy Screw Master,565.5164698297839,,291
shop,Screw City Hardware,308.58410455541224,,291
shop,Malackku Industrial Sales,308.58410455541224,,291
shop,World Top Hardware,308.58410455541224,,291
shop,Voltaje Lighting Outlet,969.0281716670438,,291
shop,Western Appliances,789.8219541590687,,291
food,Chowking,687.1857014258829,,289
food,1919 Grand Cafe,965.592838134877,,273
shop,7-Eleven,147.0352028015949,,714
shop,Cebuana Lhuillier,135.37041389242955,,713
shop,Acedragon Fishing Gears Outlet,281.88794714331124,,684
health,MVR Medical Facility,194.81160812500735,,651
food,Banana Camote Cue Stand,78.42456094774329,,684
food,Acedragon Kainan Tabi-Simbahan,194.71904639328392,,651
food,Korean Palace,138.50913577279255,,684
food,Sze-Chuan House,1175.850410525127,,686
worship,Ermita Mosque,451.24028023008196,,652
work,Impex Cargo Services,458.2584651781338,,277
work,Marasaman Manning Agency Inc.,284.36268349599186,,651
worship,Timoteo Paez Masonic Temple GLNF,349.472281426621,,280
gov,Barangay 657 Zone 70 Barangay Hall,139.9122290564459,,643
leisure,Japanese Cannon,515.4925463046939,,643
gov,Intramuros Administration,2143.314368696075,,641
gov,Komisyon sa Wikang Filipino,876.404477950187,,626
shop,Anson's,124.54902015891832,,282
work,"J-Phil Maritime, Inc.",352.7730392533996,,728
shop,7-Eleven,238.18371317901955,,480
food,Redbucks Cafe,223.89508543526205,,481
food,Cafe Tribu,194.71904639328392,,480
shop,,140.16917620980325,,481
food,Alas Pares,194.71904639328392,,496
work,PLM Propaganda,3230.173991501422,,643
work,Benilde Hive,918.5952968477774,,713
health,,200.98504224551772,,652
work,PNU Katalonan,2262.089036467276,,645
work,UST Hiraya,1355.735572471369,,456
work,PUP Kasarianlan,1353.8303255997052,,616
shop,7-Eleven,224.72213360534684,,645
work,J&T Express,190.0922767861578,,5
shop,RSA Optical Supplies,99.5933390414016,,293
shop,Reshma Optical,160.8819476257896,,293
shop,D'rat Gaming Cafe,140.16917620980325,,614
shop,Orap's Bakery,180.26765129145915,,404
shop,Cebuana Lhuillier,509.0263320804812,,404
shop,Marites Sari-Sari store,200.13848135510193,,404
gov,Maritime Industry Authority,139.9122290564459,,638
shop,DEECO,357.8079288514542,,671
work,LBC,1131.1645069699593,,664
health,Eimi Pharmacy,283.56297026037976,,690
shop,Tambunting Pawnshop,1399.013958527945,,687
food,Baliwag Lechon Manok,1399.013958527945,,687
shop,7-Eleven,102.5351596520378,,897
work,Linsangan Linsangan & Linsangan Law Offices,241.76203232364455,,897
market,Talwar Indian Grocery,210.0894177691487,,657
market,Little India Simron Grocery,210.0894177691487,,657
market,Jashmeet Indian Grocery,210.0894177691487,,657
gov,Department of Budget and Management,139.9122290564459,,632
gov,Department of Budget and Management,139.9122290564459,,632
shop,Optical zone,140.16917620980325,,293
food,Makougo,194.71904639328392,,450
health,Safeway Diagnostics and Medical Clinic Inc.,963.8479920111281,,620
shop,Camera zone,140.16917620980325,,292
shop,Watsons,247.96799450126636,,660
school,"Eulogio ""Amang"" Rodriguez Institute of Science and Technology",1545.8763589498858,,621
food,Master Buffalo,87.11454853810918,,620
shop,Signo Office,105.13331171979154,,275
shop,Lyric Studio,105.13331171979154,,275
shop,Total Tools Philippines,86.87092080252117,,275
shop,Soti Travel & Tours,86.87092080252117,,275
shop,Great World Appliances Center,86.87092080252117,,275
food,Plato Rustico,165.77335884745625,,160
shop,Margarita House,297.0562152283643,,777
shop,7-Eleven,108.09687700085884,,515
shop,Uncle John's,68.26063879332125,,498
shop,"Higland Lumber & Construction Co., Inc.",345.7370638543513,,498
health,Mercury Drug,562.7174531247795,,516
shop,HZKIA Hardwre,75.26494132296969,,515
shop,Squeaky Clean,75.26494132296969,,515
shop,Palawan Pawnshop,41.47794199646642,,515
food,Tapsilog Avenue,41.47794199646642,,515
shop,Save 5,138.70156261545108,,859
work,Cyware,138.70156261545108,,859
work,SFV Trading,192.90841330590862,,871
food,Starbucks,194.71904639328392,,863
food,My Home Grill Restuarant,194.71904639328392,,279
health,"Javier's Ears, Nose, Throat",50.70680833384045,,863
food,Happy Cup,220.29582263009945,,863
work,Goal Seekers Tutorial,251.1620501428315,,864
shop,Billie,107.11803415026374,,280
food,Tim Hortons,218.24820677930614,,714
shop,Watsons,218.24820677930614,,714
shop,HYE hua yang electronics enterprises corporation,1544.9124687389067,,290
shop,CLK Supertools Depot,387.86554204499566,,276
shop,Peterson Hardware,96.151246474105,,342
shop,UNI-JEM General Merchandise,192.3240752863997,,283
food,Pirates Grill,252.25385588731532,,686
gov,PCG-SOF,299.7610275006206,,265
health,International Care Foundation,200.98504224551772,,98
food,Romantic Baboy,200.84571692194822,,710
food,blumentrit,194.71904639328392,,214
shop,Red Images Timeless Photography,137.5251334288127,,461
food,Tapa Supreme,217.73147222110558,,462
shop,7-Eleven,415.5657297175156,,446
shop,Hair Cut,89.90221448165966,,461
food,Pares Laksa-Mami House,89.90221448165966,,461
shop,WiWash Laundry Hub,247.5291516415452,,461
gov,LBC,171.75382834827815,,459
shop,Cebuana Lhuillier,86.20962965045302,,459
work,,352.7730392533996,,98
leisure,Victoria Park,515.4925463046939,,644
worship,Catholic Trade Center SVD,1488.8131893693153,,330
health,,168.28854836619152,,652
health,,321.2805768089744,,741
health,,462.121889983313,,317
health,,1059.3330060968033,,651
health,,1684.5280949422904,,870
health,,1415.7464588328191,,116
health,,1231.1221284845155,,40
health,,1319.5485178247343,,476
health,,131.80467495704204,,653
health,,101.07979092773314,,660
health,DOH HIV Treatment Hub,3545.5150082498963,,654
worship,Kingdom Hall of Jehovah's Witnesses,157.40746081873095,,71
health,,113.78930363479455,,679
health,,409.1944913990722,,592
health,,231.60633733237572,,660
health,,98.10714539609879,,652
health,,238.2540160331824,,652
health,,56.42204573573647,,653
gov,Maritime Industry Authority (MARINA),812.4959355169343,,638
shop,7-Eleven,147.9593827201831,,833
shop,VM General Merchandice,226.34356989171107,,833
food,Aling Pina's Carenderia,194.71904639328392,,843
work,San Miguel Corporation Distribution Center,2022.0086371504765,,850
shop,Palawan Pawnshop,1064.335177482677,,827
shop,Cebuana Lhuillier,139.1426029472866,,827
shop,Villarica,158.2769729230343,,836
food,Baliwag,194.71904639328392,,836
gov,MARINA BLDG,139.9122290564459,,638
school,Rosauro Almario Elementary School - Island Puting Bato Annex,2436.3334419817224,,19
shop,7-Eleven,116.45373307882815,,489
food,Dolora's Hauz of Pancit Malabon (Bambang Tondo Branch),526.6643572126204,,248
food,Dolora's Hauz of Pancit Malabon,137.18518125228985,,742
food,Dolora's Hauz of Pancit Malabon (Balic-Balic Branch),73.26016241124739,,538
food,Dolora's Hauz of Pancit Malabon,126.37675758727755,,492
food,Dolora's Hauz of Pancit Malabon (Pandacan Branch),281.6166616686033,,820
food,Dolora's Hauz of Pancit Malabon,136.32521717144675,,802
shop,Romar Leah Artificial Flower Shop,142.09740432858442,,258
food,BigBrew Dapitan,119.12358884096913,,475
gov,Barangay Hall of 771,138.2216413034116,,756
market,Mandaluyong Public Market,743.5830405362245,,877
shop,Filipinas Pawnshop,1187.675123195414,,877
food,Lucky Chai Cafe,223.031839425794,,0
health,Avenida Drug and General Merchandise,357.7776288729678,,323
shop,Clared Medical Supplies,207.1821513028121,,323
shop,Medicalway,162.243725997706,,323
shop,VitalCare Medical Supply,173.1848754864497,,323
shop,Powerflex,140.16917620980325,,588
work,VSA Customs Brokerage,597.9618105283754,,249
gov,Delpan Police Community Precinct,139.9122290564459,,17
shop,Good Luck Pawnshop,45.73166673617705,,264
shop,Kymco Dragon,186.8578099696481,,265
work,MoveOn PH,60.19096203408139,,734
food,Hermosa Pares Mami House,172.04017235850682,,890
shop,Rakatech Motor Shop,57.5133983961657,,890
food,La Paz Batchoy de Iloilo,57.5133983961657,,890
shop,Homesquare Furniture,117.03656723260735,,360
shop,Rf Furniture Shop,117.03656723260735,,360
shop,Fionamie Home Furniture,117.03656723260735,,360
shop,Soniel Home Furnishing,186.77731121145965,,198
shop,Furniture Fair,196.03761726668674,,198
shop,Golden Apple Home Furniture,350.03713256340563,,198
shop,Furniture Station,140.16917620980325,,198
shop,C&M Interior Home and Office Furniture,125.27067415181637,,196
food,Chick 'n Juicy,194.71904639328392,,198
shop,Soho Sanitaryware Philippines Inc.,127.52862452237747,,196
shop,Floor Trading Ceramic and Granite Tiles,140.561375611337,,196
food,Padi's Point,294.90623295475785,,330
shop,Sako.Com,516.5046272274581,,261
shop,7-Eleven,65.94221011712781,,377
shop,Bisikleta Manila,147.7891552842034,,380
shop,Joyoung,36.842510868770944,,380
shop,EM Bicycle Center,121.82731071964628,,379
gov,LBC,89.85568915869523,,379
shop,Ruslin,89.85568915869523,,379
shop,Boulevard Bicycle Center,220.76934744912995,,380
work,Cargo Padala Express,461.5935342903344,,398
food,Bulaluhan sa Laon Laan,109.56983456423684,,501
shop,Cyclone Construction Supply,100.0022148851476,,504
shop,EMCO Marketing,279.1613831566033,,504
shop,Villarica,162.34497624457282,,494
shop,,140.16917620980325,,495
shop,Mapalad Bakery,208.9210756449662,,473
shop,,92.40116562686323,,474
shop,San Andres Lowrider Custom Bicycles & Parts,140.16917620980325,,788
shop,,63.73697194914048,,305
shop,Shell Select,63.73697194914048,,305
shop,Yokohama,949.868091584174,,303
shop,Uncle John's,158.45125815070188,,383
food,KFC,194.71904639328392,,479
shop,Villarica,63.914461584739364,,478
shop,Cebuana Lhuillier,63.914461584739364,,478
shop,The Discount Alley,1108.8486741665215,,620
shop,Octagon,731.1402793975078,,620
food,Chooks to Go,85.49861313972687,,404
work,Amdragon Aluminum & Glass Supply,241.82884156211125,,396
shop,Fernandez Optical,88.33044123941585,,398
shop,Motortrade,88.33044123941585,,398
shop,Xtech Philippines,258.251378459963,,398
shop,SD Hardware & Lumber,282.26802560416917,,398
shop,SAVEDECO,97.48652240424876,,398
work,I-cloud International,97.48652240424876,,398
shop,Baker's World,115.86767664495974,,398
gov,SSS Legarda,115.86767664495974,,398
health,Life Aid Pharmacy,150.23298378876177,,398
shop,BHT Animal & Feeds,83.5531045684817,,398
school,ACLC College,124.3230681793039,,402
shop,Uncle John's,124.3230681793039,,402
shop,Cebuana Lhuillier,616.909308278282,,402
health,Generika,60.644851588655186,,191
health,Watsons,94.10145298463206,,191
shop,Villarica,50.726052691202575,,191
work,LBC,62.89883818650039,,191
shop,,160.4462637842536,,186
shop,,80.88330349261126,,196
shop,,80.88330349261126,,196
shop,,52.81765344003783,,368
gov,Lico Community Police Assistance Center,139.9122290564459,,199
shop,7-Eleven,200.3463321453762,,199
food,Andok's,194.71904639328392,,334
shop,7-Eleven,210.8253957701845,,322
shop,,140.16917620980325,,322
work,Port Net Logistics Container Freight Station,2590.0168625943547,,874
food,King Juan Bao Restaurant,100.53956151916603,,289
food,Chubby Checker,274.13439033464545,,289
shop,,327.18158956848504,,155
shop,JKMB Bike Store,79.89852898171327,,796
shop,Cebuana Lhuillier,47.5575837594074,,853
shop,Jho-Nes,81.09084903572622,,858
shop,RD,95.05188912485505,,858
shop,Sili Siklista,165.62196676951692,,858
shop,7-Eleven,215.5886703357474,,768
shop,7-Eleven,176.20375899534093,,767
food,Baliwag Lechon Manok,150.51389059136227,,858
shop,Paps Bikeshop,520.0085011574282,,357
shop,Cebuana Lhuillier,27.402776588587514,,492
food,Baliwag Lechon,27.402776588587514,,492
food,Angel's Burger,27.402776588587514,,492
shop,2075 Store,188.1068891761351,,500
shop,Franz Paint Center,180.35625405268357,,501
shop,Lola Esing Bakery,126.73918428573461,,501
shop,RD Pawnshop,176.694730274918,,475
shop,Palawan Pawnshop,188.07989721128928,,466
health,Hayati Dental Clinic,71.18638360108164,,463
shop,Mt Fuji,216.84385720311906,,474
health,St Francis Generic Drug,200.98504224551772,,463
shop,M Lhuillier,140.16917620980325,,463
shop,QCredit Corporation,187.47025112358742,,474
shop,Amo Hopia & Bakery,107.82846361900708,,493
shop,Mightee Mart,222.77577473249562,,494
shop,Margesan,81.949821046317,,494
health,CGT,27.402776588587514,,492
shop,,69.93852394724098,,500
food,Chooks to Go,41.579997824490654,,506
health,Generika,206.3927702679298,,506
work,Elwin Crew Management Inc.,367.29342804435464,,708
shop,Motorstar,96.88594032688269,,708
health,Emmanuel Medical and Diagnostics Center,200.98504224551772,,710
gov,LBC,190.40968053837534,,710
food,Cha Tuk Chak,200.84571692194822,,710
shop,NuYou Salon and Spa,200.84571692194822,,710
work,Desetwealth,219.20491190653556,,694
work,Golden Legacy Jobmovers Corp.,219.20491190653556,,694
work,Somerville Professional Commercial Kitchen Specialist,219.20491190653556,,694
food,Andok's,194.71904639328392,,694
shop,Honda,233.6679650451788,,677
work,"King's Manpower Services, Inc.",394.5258618658477,,681
health,TruHealth Diagnostics Center,225.2645754485051,,688
shop,Natasha,162.77021237580144,,688
health,Nephrology Center of Manila Dialysis Center,225.2645754485051,,688
health,TGP,200.98504224551772,,768
work,Saint Nicholas,203.71555441264272,,651
work,MaritimeCity Corporation,203.71555441264272,,651
worship,Kiu Siao Grand Taoist Temple,493.05688288103045,,316
food,McDonald's,3397.2516580756637,,336
shop,Maxipoly Sales,140.16917620980325,,261
work,J&T Express,113.32110554394978,,176
shop,Gold 8,166.22713480312376,,596
shop,Candice,156.65068367361584,,605
shop,PUP Souvenir Shop,23.359349796782602,,616
shop,3 Bicycles Manila,144.24093335099525,,404
market,Metro Supermarket,474.9330166355141,,279
food,S&R New York Style Pizza,827.5516400839052,,279
shop,Handyman,827.5516400839052,,279
shop,Miguel Bicycle Shop,121.1143536451783,,574
food,Hok Ren Yee Fried Siopao,194.71904639328392,,256
shop,Palawan Pawnshop,102.20049647665803,,822
health,Shiphealth,200.98504224551772,,655
shop,Magnetar,91.52803687574514,,850
shop,Old School Barbershop - Main,91.52803687574514,,850
market,,87.28803609840247,,853
market,Neigborhood Wholesale,73.973115597098,,777
health,Dr. Lui Dental Clinic,100.49558612505759,,850
shop,,100.49558612505759,,850
shop,,141.70707092213144,,850
school,Silahis ng Katarungan Special School,251.1878269366608,,666
shop,S. Cimtar Marketing Corporation,1606.5939785730714,,588
gov,Barangay 602 Hall,79.69817875433014,,588
food,Tap Tea,101.77306471818497,,67
food,,194.71904639328392,,421
shop,Norma Store,100.68382696346835,,212
shop,PJ Bike Shop,652.1176851748709,,651
shop,Isiah,140.16917620980325,,635
worship,Liu Siao Grand Taoist Temple,493.05688288103045,,316
shop,Sabon Station District 3,82.6040238353126,,367
shop,FOLK Barbershop and Retail,651.3825470698058,,277
health,Nutrialternatives,162.77021237580144,,688
shop,Mightee Mart,281.710679132944,,498
food,Pares Street,126.0058670158122,,499
shop,JKTM Auto Cycle Shop,40.43699042276121,,499
work,RS Graphics Print Shop,208.72543356312744,,514
health,WLK Medical Clinic,208.72543356312744,,514
health,Ingaran Dental,146.6721671557852,,514
shop,Cut España,231.07134581569906,,498
food,Pares Mami House,231.07134581569906,,498
food,Milk Tea 36.5 C,231.07134581569906,,498
shop,BubbleBoy,231.07134581569906,,498
shop,Mitsukoshi,231.07134581569906,,498
shop,JSDCO Merchandising,231.07134581569906,,498
shop,ACH Tiles Center,231.07134581569906,,498
shop,Boogie-Boogie Ukay-Ukay,231.07134581569906,,498
shop,Sahara Construction Supply,231.07134581569906,,498
shop,Super Sale Auto Supply,71.89709032012362,,510
food,Tokyo Tokyo,194.71904639328392,,510
shop,Motolite,266.6511360208564,,510
health,SVL Dental Clinic,21.86678068874546,,503
health,TGP,21.86678068874546,,503
health,Southstar Drug,164.79588503357363,,503
work,J&T Express,47.85344581227129,,499
shop,RAYA ART SHOP,140.16917620980325,,138
transport,Manila Pier 12,1061.118200770358,,113
shop,Southern Auto Supply,295.76788844786444,,280
shop,Bearing Republic,216.22475423014941,,280
shop,New Extensive Auto Supply,216.22475423014941,,280
shop,Best Seal and Bearing Company,352.4811578391672,,280
shop,MT Parts Supply,352.4811578391672,,280
shop,Bindy Parts Corp.,181.70318633153386,,250
shop,Japan Parts Trading Center,657.5594830569216,,250
shop,Dairin Auto Truckline,360.8447742876435,,280
shop,PI Tractor & Isuzu Parts Sales,360.8447742876435,,280
shop,RD Pawnshop,82.94339183969,,835
gov,Sangguniang Barangay ng № 842,242.8327934157787,,827
shop,Ablaza Pawnshop,139.1426029472866,,827
shop,Motur Electric Vehicle,73.05261926812187,,248
food,Tapa King,1058.4875523100607,,663
shop,7-Eleven,1058.4875523100607,,663
worship,Heritage Christian Fellowship,152.73554690916302,,812
food,17Boba,117.63443871492483,,662
shop,Naga Optic Center,102.5351596520378,,897
food,Hangry Pares,104.9294861211529,,814
shop,Nissan Otis,1127.1949152740128,,814
shop,Suzuki Auto Otis,1333.8794788501261,,812
shop,Isuzu Manila,1333.8794788501261,,812
shop,TailG Eletric Bicycle,111.43157826467963,,620
shop,Petra & Pepita,115.73004677956156,,411
shop,NWow,115.73004677956156,,411
food,Andok's,313.51766775110235,,411
shop,FFL General Merchandise,509.4300494832864,,381
shop,Topaz Hardware,96.151246474105,,342
shop,Atoyko A&J Flower Accessories,75.11667192216451,,329
shop,Doggo Alley,463.5237046216341,,268
food,Kape Siklo,194.71904639328392,,820
shop,Chayong Frozen Food Trading,229.21367120235243,,488
shop,7-Eleven,65.7886455397368,,503
shop,7-Eleven,495.81871095271777,,465
shop,Robwash Self-Service Laundry,140.16917620980325,,465
health,Watsons,142.22347558100032,,684
shop,Dmon Ink Tattoo,84.5113020718623,,179
shop,UPLB-DTRI Farm Fresh Distributor,140.16917620980325,,846
shop,Martina's Laundromat,216.5711605044105,,744
shop,New Citizen Dental Supply,273.45830165370967,,293
health,US Dontics,62.93678149855288,,411
shop,Petron Gasul,140.16917620980325,,819
shop,,153.5598861982014,,819
shop,,153.5598861982014,,819
gov,LBC,139.9122290564459,,833
gov,Sangguniang Pambarangay ng Barangay 839,180.38534717570897,,824
food,Mr. Ube Rice and Noodle House,485.4492402688618,,274
food,Belfry Café,62.433161174668186,,641
food,Shi Lin Binondo,474.9330166355141,,279
work,"Filipino-Chinese Dental Foundation, Incorporated",108.10115588900612,,268
work,"Manila Chinatown Charity Foundation, Incorporated",108.10115588900612,,268
shop,Titan Flexmaster Enterprice,306.3737276270416,,258
shop,Edgar Hardware,140.16917620980325,,19
gov,Parola Police Community Precinct,48.31889179541692,,265
leisure,,515.4925463046939,,895
health,JNCE Medical and Diagnostic Clinic,246.1161126991955,,655
food,Lucky Way,152.4122199341665,,653
work,LBC,152.4122199341665,,653
shop,7-Eleven,464.21077633904827,,653
shop,Cebuana Lhuillier,664.4026403218215,,653
shop,Syrian Minimart,319.8988628476677,,653
shop,,93.92670413469138,,823
shop,,83.72527538687639,,823
shop,,85.25902655807454,,823
shop,,81.70901630688697,,823
shop,Ucag Dealer,140.16917620980325,,635
gov,Sangguniang Pambarangay ng 386,78.97308119795754,,372
shop,M Lhuillier,181.32575264911867,,410
gov,Sangguniang Pambarangay ng 391,31.517141043396983,,377
shop,M Lhuillier,77.63081089006964,,388
shop,RD,77.63081089006964,,388
gov,Sangguniang Pambarangay ng 578,38.491277040288914,,564
gov,Sangguniang Pambarangay ng 629,111.47659452672153,,615
gov,Sangguniang Pambarangay ng 607,123.02129020129087,,593
shop,,85.31665873286961,,587
shop,Treats,85.31665873286961,,587
shop,Herbie Bakery,140.16917620980325,,876
health,,200.98504224551772,,876
shop,7-Eleven,100.83612046290439,,812
market,Neighborhood Wholesale,176.9310138890295,,812
gov,Bulwagang Pambarangay ng 831,139.9122290564459,,816
leisure,,515.4925463046939,,690
food,Totoroy Sisigan,70.16062569747258,,718
shop,Mommy's Best,70.16062569747258,,718
food,Arab Asian Resto Cafe,195.07736311562635,,370
school,Maranatha Christian Academy of Singalong Malate,2436.3334419817224,,717
market,Neigborhood Wholesale,521.2258957219274,,724
health,R.B. Jonga Medical Clinic,132.66777416732447,,723
gov,Sangguniang Pambarangay ng 848,258.99051295637867,,833
shop,,43.40952724912835,,887
health,Esguerra Dental Care,50.37001065215778,,887
shop,,140.16917620980325,,887
shop,Palawan Pawnshop,140.16917620980325,,883
gov,Bulwagang Pambarangay ng 742,139.9122290564459,,727
shop,Shell Shop,73.36241576771474,,728
shop,Villarica,165.66776117694843,,669
shop,Mightee Mart,152.6379390858325,,775
shop,E.J. Viray Enterprises,165.55368438881942,,764
shop,Clash of Clothes,140.16917620980325,,764
gov,Sangguniang Pambarangay ng 391,121.02287863079991,,377
gov,Sangguniang Pambarangay ng 880,38.44416793315641,,864
shop,Daff Bru,169.90244487497978,,840
shop,7-Eleven,1231.1221284845155,,40
shop,Save5,71.28699262082024,,40
shop,Cyclus Bike Shop,67.63155163725649,,479
food,McDonald's,650.3856949218707,,440
shop,Compresstech Resources Inc.,399.0614483967525,,690
shop,UPlift Accesories,708.1020868380477,,250
shop,PowerTechnic Lighting Inc.,140.16917620980325,,271
shop,New Davao Cold Store,467.2954723391596,,256
health,Mercury Drug,200.98504224551772,,267
shop,7-Eleven,440.37421941943285,,267
shop,Suds Laundry and Dryclean,440.37421941943285,,267
work,DHL,86.29140209918774,,273
food,McDonald's,193.36466275226473,,273
shop,Yalex Plain Shirts,140.16917620980325,,273
shop,Uni-Orient Travel Inc.,237.0644642595758,,273
shop,transfer it!,168.85400484390527,,273
health,Intercon Diagnostic Laboratory Inc.,168.85400484390527,,273
shop,MTN Esthetique Supplies Inc.,630.9617226544691,,273
shop,Aclem Paper,397.78115548051915,,273
shop,Hi-Thess Commercial RTW,74.53481436566432,,273
shop,Ever Alliance,74.53481436566432,,273
shop,Good Deal Paper,74.53481436566432,,273
health,TGP,393.7358237700105,,258
shop,7-Eleven,552.9829999739048,,279
school,Wong Chun Seng Memorial Preschool,468.0200525935627,,249
food,Angel's Burger,249.26642581257377,,249
shop,Xiaomi,270.15179631653837,,283
shop,Power Mac Center,270.15179631653837,,283
food,Black Scoop Cafe,86.92782021723308,,250
food,Sajang Chicken,112.83265515386098,,250
work,2GO Express,177.88800289573763,,277
food,Bon Appetea,1020.9988904229643,,277
shop,Fifty Seven Styles & Brews,287.8353438770821,,277
food,Turo-Turo sa Escolta,287.8353438770821,,277
shop,Pan Pacific Industrial Sales Co.,741.3075391122422,,277
shop,Yeehome,458.2584651781338,,277
food,Burger Machine,194.71904639328392,,277
food,Spoon and Porks Silogs,194.71904639328392,,277
work,Manulife,634.3487284189499,,277
work,Oriental Photographix,213.12141817857176,,277
shop,Luis Pens Store,179.68855648934027,,277
shop,Vision Line Optical,179.68855648934027,,277
food,Nine to Six Grilled Food House,151.04521600730328,,277
shop,Watsons,161.76004385481863,,275
food,Sharetea,161.76004385481863,,275
shop,Sinitis Art and Sign,388.66909761159866,,282
work,Focus Zone Art Studio,206.1281674931009,,282
shop,Frame Express PH,230.496724178768,,296
food,David's Tea House,220.95263186886282,,284
food,David's Tea House,73.47930763319303,,284
shop,H&F Brarber Shop,220.95263186886282,,284
shop,Leonard's Breadhouse,75.32878687845678,,284
food,Morales Eatery,75.32878687845678,,284
food,Cary's Beef House,75.32878687845678,,284
shop,Jade-Tan Feng Shui Shop,75.32878687845678,,291
shop,,33.54911338256695,,291
shop,Fine Gold jewelry,135.86612500933,,291
shop,Sieng Hu CCTV Trading,190.84093625433778,,291
food,Lido de Paris Seafood Restaurant,87.31771742895862,,284
shop,,87.31771742895862,,284
shop,,87.31771742895862,,284
shop,,87.31771742895862,,284
shop,,87.31771742895862,,284
shop,,87.31771742895862,,284
shop,,87.31771742895862,,284
gov,2GO Express,57.921622978950964,,289
shop,Central Chinese Drug Store,68.77598503759293,,289
shop,Eng Bee Tin Chinese Deli,68.97279530024507,,289
food,The Shawarma Shack,68.97279530024507,,289
shop,Easy Cool Electronic Appliance Center,306.38947510481177,,289
food,Black Scoop Cafe,181.64792871481427,,289
work,"Global Training Systems Phils., Inc.",354.45071918418256,,284
health,TGP,30.872239528465816,,284
shop,Joy-Well Jewelry,30.872239528465816,,284
shop,,30.872239528465816,,289
shop,Solid Gold Jewelry,30.872239528465816,,289
shop,,30.872239528465816,,289
shop,,173.68844356377764,,284
shop,,173.68844356377764,,284
gov,,183.93433912561585,,289
shop,Glomax Solar Panel,183.93433912561585,,289
shop,7-Eleven,131.6655920599489,,381
work,Malaya Business Insight,202.70948969857048,,641
work,Chinese Commercial News,202.70948969857048,,641
shop,,1261.9179451942296,,253
shop,Deme Barbershop,169.8589451939176,,677
work,,585.1352220502326,,279
food,Chooks to Go,585.1352220502326,,279
food,Popeyes,552.9829999739048,,279
work,,827.5516400839052,,279
food,Dunkin',777.5843453801162,,894
leisure,,515.4925463046939,,644
food,Dolor's Kakanin and Pansit Malabon,194.71904639328392,,820
shop,,186.67106412080696,,814
gov,Palanca Community Police Precinct,139.9122290564459,,633
gov,Sangguniang Pambarangay ng Barangay 384,39.79482322505827,,370
shop,Philippine Youhao International Travel Service,333.66447099539147,,268
work,"Federation of Filipino-Chinese Chambers of Commerce and Industry, Inc",333.66447099539147,,268
gov,Bulwagang Pambarangay ng Barangay 493,139.9122290564459,,479
shop,J. Lunar's Bakery,81.22064004381792,,359
gov,Sangguniang Pambarangay ng Barangay 210,72.16525195402292,,200
gov,Sangguniang Pambarangay ng Barangay 212,98.87207443273198,,202
shop,Water Bender,140.16917620980325,,635
food,Bugoy Lechon Manok,194.71904639328392,,635
shop,7-Eleven,140.16917620980325,,62
shop,,41.73827428509067,,109
shop,Celina's Bicycle Parts & Trading,41.73827428509067,,109
gov,Barangay 55 Hall,139.9122290564459,,48
gov,Sangguniang Pambarangay ng Barangay 154,75.2488413276899,,144
leisure,,515.4925463046939,,94
gov,Barangay 97,139.9122290564459,,90
gov,Bulwagang Pambarangay ng Barangay 99,139.9122290564459,,91
worship,,412.7150738837928,,138
shop,Eldith General Merchandise,93.84170138799591,,153
leisure,,515.4925463046939,,157
shop,,39.40974597176158,,104
shop,Jobeth,39.40974597176158,,104
health,Catimbang-Banaban Clinic,85.46334925861873,,104
shop,Arjhen Cycle Parts,66.606552881302,,104
gov,Sangguniang Pambarangay ng Barangay 161,31.14946549765557,,151
gov,Sangguniang Pambarangay ng Barangay 181,43.66797002963649,,171
gov,Sangguniang Pambarangay ng Barangay 127,41.236627720167064,,117
shop,Superkalan Gaz,140.16917620980325,,556
gov,Sangguniang Pambarangay ng Barangay 584,65.24867216245882,,570
work,Gota de Leche,275.84402435657887,,381
shop,Mr. Purple Bubble,104.98627207246398,,889
food,RRJ Carinderia,103.132281889899,,889
shop,Ken Dexter & Kate Store,103.132281889899,,889
shop,National Bakery,99.11960578609734,,889
food,"Manoy: Chicken, Pork etc.",72.19784935044099,,888
shop,Butoy's Pandesal,14.751124856006387,,887
food,Kape Barato,59.42727206077389,,889
shop,Vinta Tours and Travels Incorporated,140.16917620980325,,684
food,Nobunaga,701.1920317270803,,684
shop,Cebuana Lhuillier,504.6842466339758,,141
shop,Motortrade,504.6842466339758,,141
market,Milcare General Merchandise,516.6176986900227,,19
shop,Milcare Water Station,140.16917620980325,,19
shop,ETC Ed Ty Commercial,81.70237085014139,,2
food,Dunkin',194.70780346649013,,512
leisure,arch of good will,515.4925463046939,,289
food,Markie and L.A. Pansit Cabagan,45.86784487605501,,391
food,McDonald's,424.87136673047706,,408
shop,Regasco,93.3956675927218,,459
shop,Cathmialab,186.9247470045287,,516
work,Tzu Chi Foundation Philippines,352.7730392533996,,607
food,Tzu Chi Café,328.2978793669332,,607
shop,,82.8122510034543,,138
shop,,82.8122510034543,,138
shop,Armonic Store,60.3621104252512,,137
food,Tokyo Tokyo,194.71904639328392,,138
shop,Honda,239.7613468644642,,195
shop,Nissan J. Abad Santos,503.0125302180429,,195
shop,Wilson & Jackson Auto Repair Shop,631.1142294405759,,197
shop,Hino J. Abad Santos,2487.115507168196,,196
shop,Amaro Store,58.31813213864359,,108
food,Casa Marinero,376.1763398611991,,644
gov,Sangguniang Pambarangay ng 756 Zone 27,95.8845870305979,,743
health,Escosia Dental Clinic,52.78064652703202,,743
food,Balai Maria,483.71544589250317,,641
health,Dermaesthetique Skin Clinic & Hair Restoration Center,200.98504224551772,,710
food,Dunkin',364.74408795652147,,713
shop,Laundry ni Juan,505.03243648526785,,710
shop,EarthLive Wellness Spa,184.33523459550074,,710
shop,hues salon,184.33523459550074,,710
food,Colobaba Cafe,184.33523459550074,,710
shop,7-Eleven,184.33523459550074,,710
shop,Sebo Massage,140.16917620980325,,710
food,Projuice,112.86270405055699,,712
food,Everything but Cheese,225.57886684013195,,710
school,PHILIPPINE ACADEMY OF FAMILY PHYSICIAN,639.2293213382488,,710
food,Mr Don Korean Restaurant,225.57886684013195,,710
food,MISS WA NOODLES and RICE,225.57886684013195,,710
food,Kaffeinated,190.40968053837534,,710
shop,Dimsum Factory Outlet Store,219.20491190653556,,694
food,Tapa King,106.6078206544505,,694
food,royaltea,146.8169374021582,,694
shop,Pro Group E-bike & Scooter,140.16917620980325,,694
shop,Nabi Mini Mart,76.67372324721958,,694
health,Smile Life Dental Clinic,95.8281651123147,,704
food,U ME KAPE,95.8281651123147,,704
shop,Fab & Vibes,224.001138980159,,704
work,SMHP Marketting and Consultancy,95.8281651123147,,704
shop,Dito,71.88266103061565,,645
gov,Sangguniang Pambarangay ng Barangay 177,96.01103579413592,,167
shop,,140.16917620980325,,174
food,HongKong Date,211.22920618788714,,650
food,Tempura,211.22920618788714,,650
gov,LBC,211.22920618788714,,650
gov,Sangguniang Pambarangay ng Barangay 673,24.54450934671978,,658
gov,Sangguniang Pambarangay ng Barangay 355,34.35686094778444,,341
leisure,Puerta de Isabel II,515.4925463046939,,642
food,Duke's Castle Cafe,98.40893966437251,,452
shop,Palawan Pawnshop,56.11718475383158,,681
shop,7-Eleven,326.51330368392826,,158
shop,E-Links CCTV Trading,149.04435154505035,,289
food,Captain's Nook,194.71904639328392,,683
food,Bashen Fresh,247.2009100150442,,683
work,FAL Conducive Engineering Review Center,332.5174744407918,,377
shop,WeClean,45.620177047148886,,704
leisure,Billiards,299.0222166423416,,712
food,Milktea Shop,299.0222166423416,,712
shop,AC 7 Mini Mart,147.90262277868322,,712
food,Filipino Restaurant,81.10457953729804,,712
food,Shawarma Rice Place,134.68482167532486,,714
shop,Barbershop,218.24820677930614,,714
food,Chef Babs,348.3459605303457,,704
food,David's Tea House,218.24820677930614,,714
shop,Red Ribbon,537.2844125746834,,3
food,Best Friends,194.71904639328392,,5
food,McDonald's,194.71904639328392,,5
food,Plato Rustico,169.90768853320978,,52
shop,La Suerte Bakery,141.84446472632868,,108
shop,K-Mart,102.68413486116134,,65
shop,Hikvision store,159.1998997028706,,289
market,,9241.209148512724,,650
shop,,403.01756226417433,,642
leisure,Casa Manila,132.3285354097194,,644
worship,World Mission Society Church of God,263.76706231514146,,707
worship,World Mission Society Church of God,84.87894777776748,,311
worship,World Mission Society Church of God,303.44285685681905,,613
gov,Presidential Action Center (PACe),139.9122290564459,,631
gov,Dept. of Engr. Highway Div. IV,139.9122290564459,,358
gov,,139.9122290564459,,839
food,Warma,29.958351175901058,,693
food,,194.71904639328392,,831
shop,,152.6379390858325,,775
food,Big Brew,194.71904639328392,,799
shop,Big Brew,103.03559143418585,,850
food,"Goto Cantina, Tapsihan at iba pa...",36.01046737498409,,850
shop,Coco Circle,29.958351175901058,,693
food,Cantonese Dimsum House,29.958351175901058,,693
food,Colonel's Curry,91.36444871304937,,704
food,Potato Giant,29.958351175901058,,693
shop,Fruitas,91.36444871304937,,704
food,Crepeman Cafe,106.6078206544505,,694
shop,Suave Brothers Razor Co.,146.8169374021582,,694
shop,NaiLashes Beauty Lounge,146.8169374021582,,694
food,Dimsum Treats,112.04187405102536,,694
food,Exile Eats,76.67372324721958,,694
shop,Fruit Zone,29.958351175901058,,693
shop,Mina Korean,106.6078206544505,,694
shop,The Belle Salon,106.6078206544505,,694
shop,Jobette Mini Mart,140.16917620980325,,699
food,Chicks 2 Go,29.958351175901058,,693
food,Joy’s Kainan,194.71904639328392,,699
food,Queggs,91.36444871304937,,704
shop,Animo Wash,140.16917620980325,,699
shop,Nail Lashes Beauty Lounge,146.8169374021582,,694
food,Mei Nguyen,112.04187405102536,,694
food,Ged & Bart,29.958351175901058,,693
food,Wurma,29.958351175901058,,693
food,Sandwich Corner,91.36444871304937,,704
food,Yatai Curry House,29.958351175901058,,693
shop,Pentagon,106.6078206544505,,694
shop,Clean Again Full Service Laundry,112.04187405102536,,694
shop,Vape Shop,140.16917620980325,,694
shop,7 Folds Laundry,76.67372324721958,,694
shop,Drs.' Drip Lounge,106.6078206544505,,694
shop,,151.58454997795877,,699
food,Cupbab Kfoodstop,477.391256048854,,694
food,Seolhajung,106.6078206544505,,694
shop,Pixel Pro,106.6078206544505,,694
shop,Animo Dailywash,56.35947056093253,,699
shop,Barber Shop,56.35947056093253,,699
food,Potato Corner,91.36444871304937,,704
food,Quickly,106.6078206544505,,694
food,Tako Bros,106.6078206544505,,694
health,Smile Guru,106.6078206544505,,694
shop,Asterisko Artisan Coffee,140.16917620980325,,693
health,Oraldent Dental Center,112.04187405102536,,694
food,Tealive,281.3828151671875,,694
food,Tasty Things,29.958351175901058,,693
shop,Fresh Squeezy,29.958351175901058,,693
food,Caric’s Rice Tops,29.958351175901058,,693
shop,Infinitea,91.36444871304937,,704
food,Happy N' Healthy,91.36444871304937,,704
food,Joy Juice,29.958351175901058,,693
gov,Barangay 714 Zone 78 District V,101.74158381183445,,699
food,Frenchie's Diner,29.958351175901058,,693
food,Yaki Yaki,29.958351175901058,,693
shop,,140.16917620980325,,699
food,Nitro 7 Coffee Bar,146.8169374021582,,694
food,Mongolian Master,91.36444871304937,,704
food,Big Breakfast Club,29.958351175901058,,693
food,Sinangag Trip,91.36444871304937,,704
shop,Danica’s House of Frappe and Milktea,29.958351175901058,,693
shop,Joy Juice,29.958351175901058,,693
shop,Happy N’ Healthy,29.958351175901058,,693
food,Kuya Mel Kitchen,29.958351175901058,,693
food,Olympia’s House of Roast Beef,29.958351175901058,,693
shop,Ezpresso,29.958351175901058,,693
food,Ofelia's Kitchenette,29.958351175901058,,693
food,St. Cafe Manila,194.71904639328392,,694
shop,Prestige Travel,106.6078206544505,,694
shop,7FoldsLaundry,140.16917620980325,,694
shop,CityLaundry,76.67372324721958,,694
shop,Mina Korean,106.6078206544505,,694
shop,Prestige Travel Incorporated,106.6078206544505,,694
gov,City of Manila Office of Building Official Fire Safety,177.03910087340606,,694
food,dalAwa,158.61088878287478,,694
food,Siomai House,29.958351175901058,,693
food,Carics Rice Tops,29.958351175901058,,693
food,Big Breakfast Club,29.958351175901058,,693
food,Ged & Bart,29.958351175901058,,693
food,Happy N' Healthy,29.958351175901058,,693
food,Yaki Yaki,29.958351175901058,,693
shop,Prestige Travel Incorporated,106.6078206544505,,694
food,Olympia's Hpuse of Roastbeef,29.958351175901058,,693
food,Ezpresso,29.958351175901058,,693
shop,Tindahan ni Aling Mila,140.16917620980325,,2
gov,MEO West,139.9122290564459,,653
health,Materials Storage Facility,200.98504224551772,,653
food,Ugbo Street Food,194.71904639328392,,89
food,Estero,194.71904639328392,,282
shop,Channe Vee Storel,140.16917620980325,,480
shop,,182.6448230788764,,480
shop,Yankee Candle,253.5562660405043,,654
gov,Sangguniang Pambarangay ng Barangay 160,23.669494050040143,,150
gov,Sangguniang Pambarangay ng Barangay 130,24.948564617355483,,120
gov,Bgy. 589 Barangay Hall,40.58535905253973,,575
shop,Tonichi,140.16917620980325,,276
gov,Barangay 590 Zone 58 Hall,323.9512018218393,,576
gov,Barangay 591 Hall,110.1518905101332,,578
gov,Barangay 593 Hall,92.28546235921036,,579
gov,Barangay 592 Hall,86.88671549437609,,578
gov,Barangay 587 Hall,132.02435777314892,,573
gov,Barangay 587-A Hall,45.84971101088219,,898
shop,Dali Everyday Grocery,107.59057730941112,,898
gov,Bgy. 595 Barangay Hall,57.490380450859654,,581
leisure,,515.4925463046939,,840
gov,Sangguniang Pambarangay ng Barangay 846,45.24010768527585,,840
work,Sisters of Charity of Saint Anne,352.7730392533996,,765
gov,Dept. of Engineering and Public Works Hi-Div.6,139.9122290564459,,396
work,,352.7730392533996,,381
worship,,332.5174744407918,,377
gov,Sangguniang Pambarangay ng Barangay 155,23.811433243603517,,145
gov,Sangguniang Pambarangay ng Barangay 228,55.0226472249216,,218
gov,Sangguniang Pambarangay ng Barangay 308,149.44063624278888,,294
shop,e & g petshop,140.16917620980325,,570
food,Seafood Paradise Buffet,71.88266103061565,,645
work,Carosa Property Leasing,1061.5181716908294,,683
transport,Quinta,1061.118200770358,,292
food,ONI Ramen + Maki Cafe,225.57886684013195,,710
shop,Parmasiyutika Drugstore,100.49558612505759,,850
shop,Le Sucre lab,129.35153885587042,,858
shop,ALEX G Beauty and Hair,93.09234635270073,,766
shop,Cebuana Lhuillier,140.16917620980325,,6
work,LBC,352.7730392533996,,6
shop,Tomas Mapua Bakery,140.16917620980325,,6
shop,Palawan Pawnshop,140.16917620980325,,6
health,Buenos Drug,252.05551739200908,,2
shop,,72.32629302962513,,567
shop,Petron Gasul,140.16917620980325,,567
shop,Treats,72.32629302962513,,567
shop,,118.79339910833806,,858
shop,Petron Gasul,140.16917620980325,,858
shop,,102.70678043746227,,778
food,Ersao,218.24820677930614,,714
health,Elnics Pharma,91.86677177100661,,243
market,Puregold Herbosa @DiviMart,1682.1607898808709,,84
food,Master Siomai,542.14410420509,,292
food,Andok's,542.14410420509,,292
food,Master Siomai,1528.0876201189055,,292
work,,542.14410420509,,292
gov,PhilHealth Express,552.9829999739048,,279
health,Clinica Konsulta Medical Clinic,552.9829999739048,,279
gov,LTO Drivers License Renewal Office,552.9829999739048,,279
gov,Negosyo Center,552.9829999739048,,279
health,Asiatic Medical Laboratories Inc.,132.52976841571646,,283
gov,LBC,63.914461584739364,,478
market,Ever,163.51854440678738,,893
shop,Wash Me,342.6559150440637,,893
shop,Tambunting,140.9112815629022,,192
shop,Goldilocks,140.9112815629022,,192
shop,Superwash Laundromat,140.16917620980325,,192
shop,Julie's,94.10145298463206,,191
shop,Save5,111.88883670514922,,191
health,Polymed Medical Services,200.98504224551772,,191
shop,Jed Globey Reloading,68.07288011444314,,191
food,Dunkin',194.71904639328392,,191
shop,Red Ribbon,140.16917620980325,,191
gov,Pandacan Police Station 10,139.9122290564459,,849
health,Generika,250.0981263846661,,292
gov,Meisic Police Station (PS-11),236.41910705864,,279
shop,7-Eleven,175.1539262752653,,57
work,Melvin's,31.07341022193263,,798
shop,8D Packaging Supplies Trading,31.07341022193263,,798
health,Anon,117.91238593051665,,798
shop,,140.16917620980325,,669
health,LDA Pharmacy,91.1348466857671,,666
shop,Newest Trading,52.38283741250849,,669
shop,Excellent Hardware,52.38283741250849,,669
shop,Wash-up! Wash-up!,140.16917620980325,,669
health,,200.98504224551772,,669
shop,Guido Optical Clinic,140.16917620980325,,669
shop,Red Ribbon,140.16917620980325,,669
shop,Tambunting,90.8561607099725,,388
shop,Celerina's,64.56061719200459,,388
work,JRS Express,64.56061719200459,,388
shop,Cebuana Lhuillier,284.32160758201115,,388
gov,Pag-IBIG Fund,253.5562660405043,,654
gov,NBI,253.5562660405043,,654
gov,PAG-IBIG Fund,552.9829999739048,,279
health,Unciano Paramedical General Hospital,529.3100362372501,,574
health,Our Lady of Lourdes Hospital,1282.4274013078343,,592
gov,Oxva Fire and Rescue Volunteers Headquarters,222.89913619021004,,592
gov,Moriones Fire and Rescue Volunteer Sta. Mesa Substation,139.9122290564459,,579
gov,Bocood Fire Station,82.37473162658699,,608
worship,Maranatha International Baptist Church,524.7478949660764,,614
worship,Nation Transformers Covenant Church Sta. Mesa,412.7150738837928,,614
worship,Upper Room International Family Ministry,129.4063857230137,,573
worship,Parish of the Good Shepherd,126.27500472283008,,595
worship,Old Sta. Mesa Bible Church,459.1481019096409,,588
worship,Harvest International Church,164.39978448221348,,588
worship,New Life Alliance Church,262.67320415971943,,578
worship,New Creation Christian Fellowship,383.9194274723837,,578
worship,Christ the Counselor Fellowship,670.1053123475585,,613
worship,Sta. Mesa IEMELIF Church,399.614668013307,,615
worship,Tzu Chi,412.7150738837928,,607
food,Soy & Bean,137.0143472243029,,388
health,Watsons,111.54614264424043,,388
shop,Express Wash Laundry Center,113.32110554394978,,176
gov,V. Mapa Police Community Precint,54.63941447211868,,585
shop,Mapili's Fresh Vegetables,28.757132328898194,,807
leisure,Bollard ligt lamp,515.4925463046939,,280
shop,VE’lashed,231.36565892484327,,337
shop,Morning View,144.33114078198489,,292
shop,DTBase,233.30032053915156,,292
food,G&G Fried Chicken,70.90832635291521,,292
shop,MB-Sunstar,70.90832635291521,,292
health,"Trails Center for Children, inc.",749.7777668686388,,465
shop,Tambunting,140.16917620980325,,588
food,Andok's,194.71904639328392,,588
food,Burger Machine,194.71904639328392,,588
food,Kainan ni Lakay,194.71904639328392,,659
gov,Sangguniang Pambarangay ng Barangay 341,45.28775489171293,,327
shop,Soy and Bean,884.4504343291004,,278
shop,Smilee,621.248353759442,,273
shop,Toy Kingdom,474.9330166355141,,279
food,Chowking,3251.666321756643,,279
food,Starbucks,474.9330166355141,,279
food,HenLin,827.5516400839052,,279
health,Mercury Drug,474.9330166355141,,279
food,Royaltea,827.5516400839052,,279
food,J.Co,474.9330166355141,,279
food,Sincerity,474.9330166355141,,279
shop,Beyond the Box,474.9330166355141,,279
food,UCC Coffee Café Terrace,474.9330166355141,,279
food,Pepper Lunch,218.24820677930614,,714
food,The Coffee Bean & Tea Leaf,2909.8917076294483,,704
shop,Booking,281.3828151671875,,694
shop,Zion Electrical Supply,104.1291002679653,,299
shop,Universal Circulate Electrical Marketing Corporation,44.55490373928056,,299
shop,Yes Electrical Supply,40.42125335587552,,299
shop,Daily Hardware,59.03663691747278,,299
shop,Mercury Drugstore,789.8219541590687,,291
shop,Elan's,598.2346928351275,,249
food,Tapa Loco,29.958351175901058,,693
food,The Shawarma Shack,552.9829999739048,,279
shop,Medical Depot,130.95107532506788,,380
work,Negrense,345.53150849548007,,639
work,2GO Express,345.53150849548007,,639
food,Landers Central,7868.69775557465,,816
gov,Manila Traffic and Parking Bureau Sector 6,139.9122290564459,,396
shop,Ladylynx Salon,165.02103701276073,,455
shop,7-Eleven,165.02103701276073,,455
food,McDonald's,194.71904639328392,,454
food,Lola Nena's,447.5737607637899,,454
market,Saeromi Korean Mart,224.001138980159,,704
food,Bully Buffalo Wing Bar,218.24820677930614,,714
market,WeShop Supermarket,218.24820677930614,,714
food,D’ Cream,3561.1535900474,,704
work,PMFTC CDS,352.7730392533996,,162
shop,Sky Printing,40.131698148295186,,566
food,Mang Inasal,435.1633743506959,,294
food,Jollibee,435.1633743506959,,294
work,,332.5174744407918,,377
shop,Nostrax,137.2018523753933,,710
shop,Wei Wei Cold Store,357.3589373331615,,291
food,Hap Chan,89.07471545321968,,253
shop,SFY Salon,89.07471545321968,,253
food,Chewsarap,101.84139063557988,,250
shop,Wahome Lighting & Home Improvement,101.84139063557988,,250
shop,Market 88,154.96531280923446,,253
food,Sushi House,57.70694670705015,,253
food,Kirei Curry House,194.71904639328392,,252
food,Country Chicken,436.0138438695785,,252
food,Sio Cha,436.0138438695785,,252
shop,Jim’s Recipe,114.70398644423722,,252
shop,Hi Protect Armored Cars Corp,928.4407425408676,,659
shop,Hi Protect Armored Cars Corp,928.4407425408676,,659
food,Drip Kofi,112.86270405055699,,712
food,Chef Babs,91.36444871304937,,704
work,Pacific Union Insurance Company,139.3614793550932,,277
shop,James' Textile & Burlington Tailoring,139.3614793550932,,277
food,BoredEgg,290.74179324692943,,277
food,Smiling,145.73292952974984,,277
work,Insular Life,1201.9600315272496,,277
shop,Cebuana Lhuillier,1059.6934163379049,,42
food,McDonald's,517.5448271725992,,258
food,Yellow Cab Pizza,218.24820677930614,,714
shop,J&R Appliances,351.38422446470184,,277
work,Pioneer Your Insurance,366.98396601042225,,277
food,Perico’s Grill,1429.9250817593866,,693
health,,200.98504224551772,,651
shop,Uncle John's,253.5562660405043,,654
food,Cafe Habib,414.9172642582985,,652
health,Healthway,744.912551161161,,654
health,,371.7202846575612,,680
shop,JanJan works,437.90573815914513,,729
food,Chi Mac Chicken & Beer,396.79098797804056,,685
work,"Toplis Solutions, Inc.",345.53150849548007,,639
work,"Greatways Manpower International, Inc.",345.53150849548007,,639
work,Noble Philippines,345.53150849548007,,639
work,"Shared Solutions, Inc.",345.53150849548007,,639
work,TOTC Inc.,1282.791697470377,,636
work,UPark,345.53150849548007,,639
health,Blood Bank,2620.2480412808336,,637
health,Watsons,418.03493573390955,,578
work,Studio J 2.0,371.8512180177195,,573
shop,7-Eleven,140.16917620980325,,118
shop,,47.89712589187357,,99
shop,,1635.3237283645994,,103
shop,Alfamart,816.6813741793294,,651
food,Pares to go,238.0078970161081,,624
food,Ayy laaab sizzling,267.3028477605409,,422
shop,WOW!,135.37041389242955,,713
health,TGP,135.37041389242955,,713
health,Mothercare Women’s Clinic,200.98504224551772,,509
worship,Iglesia ni Cristo,45.88632173262208,,100
shop,7-Eleven,123.9675624003364,,103
shop,calamares de Santa ana,168.5680171788244,,863
food,Cafe Sofia,1209.9902461031645,,643
gov,Barangay 409 Zone 42 Hall,204.8713877862593,,395
shop,7-Eleven,256.33387064392304,,395
shop,,122.26330838410007,,395
shop,,140.16917620980325,,395
food,Tap and Chop,194.71904639328392,,395
shop,Staples,114.0260825747234,,395
shop,,140.16917620980325,,395
food,WingFinity,187.8865911151221,,712
food,Davids Tea House,218.24820677930614,,714
shop,Mr. Quickie,309.8431840530554,,816
leisure,Court Zone,2932.5917078542793,,812
shop,Pets N' Us - Life with Pets,86.05724805500608,,816
shop,The Barking Zoo,86.05724805500608,,816
shop,Healing Palm,86.05724805500608,,816
food,Al Makkah,225.57886684013195,,710
food,Dixxie's Diner,76.67372324721958,,694
food,Coffee Street,477.391256048854,,694
health,Mercury Drug,368.1210170423485,,129
shop,Red Ribbon,561.5335498260175,,879
food,Potato Corner,561.5335498260175,,879
food,Fruitas,561.5335498260175,,879
health,,26.50830899817483,,878
food,Big Brew Cafe,194.71904639328392,,833
food,Dunkin',194.71904639328392,,819
market,SM Hypermarket,4680.8184997715925,,89
food,Jollibee,194.71904639328392,,94
shop,Alfamart,4680.8184997715925,,89
food,Potato Corner,25.139392670415702,,812
food,big brew,194.71904639328392,,811
health,Generika Drugstore,25.139392670415702,,812
health,Unibless Drugstore,25.139392670415702,,812
food,Chooks to Go,77.12965540939356,,807
shop,Panaderia de la Virgen,77.12965540939356,,807
food,Big Brew Cafe,25.7730865978183,,834
shop,T.C.H Lunar Bakery,94.63805665904343,,834
food,Jollibee,465.376085419977,,835
shop,Yayay Sari-Sari Store,52.53347243686829,,834
shop,Tambunting,359.57592546942203,,664
shop,Old School,140.16917620980325,,768
market,Talipapa,92.35440637295069,,767
food,Shakeys,98.54639110254419,,766
food,Lechon Manok ni Sr. Pedro,194.71904639328392,,858
gov,Barangay 207 Zone 19 Hall,139.9122290564459,,197
health,K2 Pharmacy,135.01158039937042,,661
health,New World Diagnostics,407.6123894346073,,661
gov,Sangguniang Pambarangay ng Barangay 776,84.76782089758612,,761
shop,M Lhuillier,971.8131146270459,,146
shop,Abenson,971.8131146270459,,146
health,Mercury Drug,971.8131146270459,,146
shop,Red Ribbon,971.8131146270459,,146
shop,HardwareOne,971.8131146270459,,146
work,LBC,971.8131146270459,,146
food,Mang Inasal,971.8131146270459,,146
shop,Mr. DIY,971.8131146270459,,146
health,A Trustworthy Drug Co.,142.2881164884928,,84
market,Divimart,322.6841988101922,,84
health,Trustworthy Drug,73.5187362383579,,80
shop,United Pawnshop,73.5187362383579,,80
shop,Ablaza Pawnshop,73.5187362383579,,80
school,West Manila Christian School,101.89375870227708,,52
school,Kinder Bright Montessori School,124.9580154293252,,40
shop,Cebuana Lhuillier,175.1539262752653,,57
school,University of Santo Tomas College of Information and Computing Sciences,1279.4378079913772,,443
school,University of Santo Tomas Senior High School,1279.4378079913772,,446
school,University of Santo Tomas College of Commerce and Business Administration,1165.4722007569962,,456
school,University of Santo Tomas Education High School,1383.129418730971,,456
school,University of Santo Tomas College of Education,1383.129418730971,,456
school,University of Santo Tomas Institute of Physical Education and Athletics,5579.102418778583,,456
school,University of Santo Tomas Conservatory of Music,1383.129418730971,,456
work,Kabraso Multi-Purpose Cooperative,345.53150849548007,,639
shop,7-Eleven,159.11906668069673,,223
shop,Cebuana Lhuillier,213.3411220510038,,348
market,Mega Ocean Grocery,172.42244535409284,,370
gov,Barangay 387 Hall,432.7581530031828,,373
shop,Palawan Pawnshop,2723.990957454822,,891
worship,San Roque Chapel,412.7150738837928,,248
shop,Cebuana Lhuillier,248.44318472629095,,349
shop,Sandblock Construction Supply,57.43705006098534,,353
shop,Lunar's Bakery,362.3057215285901,,482
shop,,49.708540589061585,,282
food,Xiao Long Pao,194.71904639328392,,282
food,Wong Kei Sugarcane Juice,194.71904639328392,,282
gov,Port Police Headquarters,4488.855469075534,,638
health,Dental Way Clinic,295.95394022322677,,464
health,Junmery's Pharmacy,162.574757542459,,519
shop,Premiumbikes,167.20081021846408,,436
shop,Cebuana Lhuillier,84.17324735824906,,439
shop,RD Pawnshop,84.17324735824906,,439
health,Watsons,223.91541858692727,,439
health,Rayilles Pharmacy,70.25806753033942,,433
work,LBC,102.40495383855503,,439
health,TGP,102.40495383855503,,439
shop,Villarica,80.15629955601878,,433
market,Easy Day Shop,199.2981430503329,,433
health,Watsons,101.25983414726369,,408
shop,Flowers for Maria Clara,146.7317996792782,,432
work,J&T Express,153.69083629345818,,442
shop,Uncle John's,797.5379251042464,,571
gov,Pag-Ibig Fund,458.85326895775444,,573
gov,Social Security System,458.85326895775444,,573
work,J&T Express,78.26647778866861,,573
health,,118.35329386720971,,661
health,Unlab Medical Clinic,221.08743660556226,,661
shop,Greenday Laundry,221.08743660556226,,661
shop,Cebuana Lhuillier,149.1568761847525,,659
shop,7-Eleven,149.1568761847525,,659
health,Helal Pharmacy,550.4032100043497,,684
health,Medzone,136.0878364114684,,853
health,Medzone,47.5575837594074,,853
shop,Red Dragon Auto Supply,35.18740201716101,,778
health,BetterMed,35.18740201716101,,778
shop,Tambunting,35.18740201716101,,778
shop,Goodwill Hardware,144.58760831001956,,858
shop,Wheeltek,69.10848514515664,,858
health,Ortega Drugstore,119.13763762020952,,858
work,Coca-Cola Manila Distribution Center,352.7730392533996,,659
food,Popeyes,849.1629999728852,,591
health,El Roi Medical Clinic & Diagnostic Center,249.7876959175946,,709
shop,Goldilocks,137.5421845622314,,716
gov,Everwin Hotel Postal Station,137.5421845622314,,716
shop,Motortrade,89.91382468690395,,716
work,LBC,136.06366871858594,,716
food,Baliwag,194.71904639328392,,716
shop,,122.05601656943725,,725
health,3JDMM Pharmacy,454.57121605672245,,671
shop,Honda,139.11818462094215,,671
work,LBC,4162.782655058277,,672
shop,Regasco,139.14481304442106,,672
shop,Cebuana Lhuillier,139.14481304442106,,672
shop,Hosea Pawnshop,176.25991034843275,,672
shop,Filipinas Pawnshop,307.6455818310473,,671
food,Hong Kong Noodles & Dimsum House,307.6455818310473,,671
shop,Motorstar,265.25488689062,,876
shop,Yamaha,140.65074947981415,,876
food,Lugawan De Tejeros,140.65074947981415,,876
food,Chooks to Go,194.71904639328392,,799
shop,Cebuana Lhuillier,168.66086202048464,,800
health,Hi-Precision Diagnostics,1752.5268771699768,,864
shop,7-Eleven,1752.5268771699768,,864
health,BGD Drugstore,200.98504224551772,,770
health,KB1734 Pharmacy,258.028906827812,,756
health,Dentavilla Dental Center,257.1363184296654,,748
health,Ro-Na Drugstore,273.4705945403902,,752
shop,Cebuana Lhuillier,284.9332249193839,,790
shop,WeClean,268.0924151713574,,752
shop,Palawan Pawnshop,140.16917620980325,,752
shop,Acebedo Optical,100.38887218578618,,789
shop,Tambunting,100.38887218578618,,789
gov,Barangay 802 Zone 87 Hall,264.7974571156447,,787
food,Chicken Star,66.88643643648264,,787
shop,Pretty Wash,142.18881350162727,,786
shop,1648 Auto Center,140.16917620980325,,789
food,Andok's,332.5087927069372,,788
worship,Restored Liberty International Church,412.7150738837928,,788
shop,Christian Book Store,140.16917620980325,,788
work,Al-Alamia International Manpower Services,111.08473069061513,,783
health,Medissential Pharmacy,61.57732167538299,,787
shop,RD Pawnshop,65.52222421858407,,776
shop,7-Eleven,77.35300525868693,,775
gov,SAB Police Community Precinct Outpost,139.9122290564459,,775
shop,Bos BATUSAI PH,54.62805823474252,,796
food,Emerald Restaurant,579.0973166909898,,652
food,,194.71904639328392,,652
food,Dunkin',194.71904639328392,,388
food,Cafe Intramuros,132.3285354097194,,641
food,Cold Treats,132.3285354097194,,641
food,Tesoros,132.3285354097194,,644
shop,Solidum Vulcanzing,44.25451715871734,,644
shop,MK Cookies & Pastries,140.16917620980325,,641
shop,Laiko Souvenir Shop,466.44109090050836,,641
food,Parers Kimchi,357.1684056979397,,641
food,Cafe Janealo,194.71904639328392,,641
food,,53.56244984367045,,640
shop,Asian Favorites Food Mart,78.33824015039517,,641
shop,,120.49633424118625,,641
shop,,218.4896841530853,,641
shop,Adam's Tailoring,471.7253551861828,,641
food,Ga Lim Korean Restaurant,126.33079142694919,,683
food,Moiza @ Inseng Gomtang,126.33079142694919,,683
shop,CJ's Copy Center,197.78471152577777,,681
food,Ibarra's Kitchen,197.78471152577777,,681
shop,Cuevas,102.54360906963097,,681
shop,Parekoys Store,140.16917620980325,,694
food,Mood Coffee,194.71904639328392,,694
shop,Fruitas,140.16917620980325,,694
food,Nokk Nokk Korean Fried Chicken,194.71904639328392,,694
food,KOReaN DOG,194.71904639328392,,694
food,Oh My Chicken,106.6078206544505,,694
shop,Drs'. Drip Lounge Infusion Bar,106.6078206544505,,694
food,Seolhajung Korean Restaurant,106.6078206544505,,694
food,Illo,106.6078206544505,,694
food,Juan Café,194.71904639328392,,693
shop,Mango Go,140.16917620980325,,693
shop,2233 Store,140.16917620980325,,693
health,DMJ Dental Clinic,200.98504224551772,,694
food,Happy N' Healthy,29.958351175901058,,693
food,Ate Rica's Bacsilog,29.958351175901058,,693
food,Coffee Spot,106.6078206544505,,694
food,Illio Japanese Restaurant,106.6078206544505,,694
food,The Kitchen City,1724.4166747541813,,694
food,Woo Samgyupsalamat,60.347439182088465,,697
health,Watson,281.3828151671875,,694
food,Alo Nhau,194.71904639328392,,693
food,Allie's Carinderya,194.71904639328392,,693
food,Juan Cafe,194.71904639328392,,693
shop,Power Mac,140.16917620980325,,704
shop,Silingan Coffee,443.87240443792126,,704
food,Prelude,477.391256048854,,694
food,Tealive,281.3828151671875,,694
shop,7 Folds Laundry,140.16917620980325,,693
food,Hao Ming,194.71904639328392,,693
food,G&G Taiwan Famous Fried Chicken,112.04187405102536,,694
shop,Bang Bang Chicken,106.6078206544505,,694
shop,InCare,281.3828151671875,,694
food,Coffee Bean,194.71904639328392,,704
shop,Pickup Coffee,187.8865911151221,,712
food,Tinuhog Ni Benny,194.71904639328392,,710
shop,Kiamore Laundymat,225.57886684013195,,710
food,Balai Kaffa,194.71904639328392,,857
food,CALLE CAFE,183.4787200696224,,859
food,FaB Caffe,194.71904639328392,,858
food,Berts,48.350567914338086,,857
leisure,,515.4925463046939,,816
shop,"Innovative Sales & Solutions, Inc",86.05724805500608,,816
health,Godoy Dental Manila,86.05724805500608,,816
food,My. Girl - Milk Tea and Coffee,86.05724805500608,,816
shop,"Comptech - Computer Parts, Sets & Gaming Accessories",86.05724805500608,,816
shop,Shivalik - Fashion Collection,86.05724805500608,,816
food,C.A.R. Food Center,58.05213695467515,,816
shop,Philippine Charity Sweepstakes Office,140.16917620980325,,816
shop,Ledelicieux,482.0648358071834,,814
shop,Mitsubishi Service Center,649.056251607486,,814
market,SM Supermarket,71.88266103061565,,645
shop,SM Information Center,71.88266103061565,,645
shop,Sprinto,71.88266103061565,,645
food,Fruitas,71.88266103061565,,645
shop,Sweetblooms,71.88266103061565,,645
food,Baa Baa,71.88266103061565,,645
shop,Candy Corner,71.88266103061565,,645
food,Zagu,71.88266103061565,,645
shop,Prescripto,71.88266103061565,,645
food,Tokyo Tokyo,71.88266103061565,,645
shop,Broadway Gems,71.88266103061565,,645
shop,Karat World,71.88266103061565,,645
shop,Dear Self,71.88266103061565,,645
shop,Mendrez,71.88266103061565,,645
shop,Sunnies Studios,71.88266103061565,,645
shop,Unisilver,71.88266103061565,,645
shop,Watch Republic,71.88266103061565,,645
shop,George,71.88266103061565,,645
shop,Prestige,71.88266103061565,,645
shop,Healthy Options,71.88266103061565,,645
shop,CLN,71.88266103061565,,645
shop,Great Image,71.88266103061565,,645
shop,SM Appliance,71.88266103061565,,645
food,Sukiya Gyudon & Curry,71.88266103061565,,645
food,Pepper Lunch,71.88266103061565,,645
food,Chowking,71.88266103061565,,645
food,Bistro Ibarra,71.88266103061565,,645
food,Happy Lemon,71.88266103061565,,645
food,Zark's,71.88266103061565,,645
food,Cabalen,71.88266103061565,,645
shop,Giordano,71.88266103061565,,645
shop,Watsons,71.88266103061565,,645
shop,DNA Therapy,71.88266103061565,,645
shop,Payless ShoeSource,71.88266103061565,,645
shop,Miniso,71.88266103061565,,645
shop,Zenutrients,71.88266103061565,,645
shop,Asprey,71.88266103061565,,645
shop,Alberto,71.88266103061565,,645
shop,Kamiseta,71.88266103061565,,645
food,Scorched Steakhouse,71.88266103061565,,645
food,Sumo Niku,71.88266103061565,,645
food,Max's Restaurant,71.88266103061565,,645
shop,Ace Hardware,71.88266103061565,,645
food,Ramen Kuroda,71.88266103061565,,645
shop,EO Kids & Up,71.88266103061565,,645
shop,Time Depot,71.88266103061565,,645
food,Chatime,71.88266103061565,,645
food,Auntie Anne's,71.88266103061565,,645
food,Gorae Hotdog,71.88266103061565,,645
shop,LAC,71.88266103061565,,645
shop,Levi's,71.88266103061565,,645
shop,Regatta,71.88266103061565,,645
shop,Executive Optical,71.88266103061565,,645
shop,Havaianas,71.88266103061565,,645
shop,Marithe Francois Girbaud,71.88266103061565,,645
shop,The Body Shop,71.88266103061565,,645
shop,Guess,71.88266103061565,,645
shop,Citizen Emporium,71.88266103061565,,645
shop,Ideal Vision Center,71.88266103061565,,645
food,Mary Grace,71.88266103061565,,645
food,Botejyu,71.88266103061565,,645
food,Razon's of Guagua,71.88266103061565,,645
food,Gringo,71.88266103061565,,645
food,Shakey's,71.88266103061565,,645
food,Krispy Kreme,71.88266103061565,,645
food,KFC,71.88266103061565,,645
shop,Papemelroti,71.88266103061565,,645
shop,Bench,71.88266103061565,,645
shop,The Face Shop,71.88266103061565,,645
food,Classic Savory,71.88266103061565,,645
food,Kenny Rogers Roasters,71.88266103061565,,645
food,Wendy's,71.88266103061565,,645
market,The SM Store,71.88266103061565,,645
food,The French Baker,71.88266103061565,,645
food,McDonald's,71.88266103061565,,645
food,Pizza Hut,71.88266103061565,,645
shop,BreadTalk,71.88266103061565,,645
shop,Goldilocks,71.88266103061565,,645
shop,@Tokyo,71.88266103061565,,645
food,Jollibee,71.88266103061565,,645
shop,Uniqlo,71.88266103061565,,645
food,Dragon Court,2120.4470310748757,,650
food,Marcelino Cafe,2120.4470310748757,,650
food,Pickup Coffee,211.22920618788714,,650
health,Estallo Pharmacy,67.51164902322132,,361
shop,KAPEpito's,159.77426764799964,,360
shop,G. Caamic school supplies,140.57402836819958,,359
shop,Wash Corner Laundromat,58.66013851945281,,361
shop,Rueda’s Pharmacy,140.16917620980325,,878
shop,Hardware One,561.5335498260175,,879
shop,A.B Placer,173.431869677858,,878
shop,Jcel Store,97.20260663759692,,878
shop,Glin 21,77.18082018709069,,878
worship,Pozo de la Virgen,9.667528651027533,,869
shop,Eric's,140.16917620980325,,582
shop,Limar Hardware,140.16917620980325,,887
gov,Sangguniang Pambarangay ng Barangay 905,41.40580042310167,,889
food,Guby's,71.88266103061565,,645
work,Mr. Quickie,71.88266103061565,,645
work,RFG Watch Service Center,71.88266103061565,,645
food,Drip Kofi,71.88266103061565,,645
food,Plato Wraps,71.88266103061565,,645
food,Coco Juan,71.88266103061565,,645
shop,Perfume Dessert,71.88266103061565,,645
shop,Ian Darcy,71.88266103061565,,645
shop,iBrows,71.88266103061565,,645
health,NSN Dentalworks,71.88266103061565,,645
shop,Nuat Thai,71.88266103061565,,645
shop,Centro Aesthetica,71.88266103061565,,645
shop,Gintell,71.88266103061565,,645
health,The Medical City,71.88266103061565,,645
shop,Jems Barber Salon,71.88266103061565,,645
shop,Buff Spa,71.88266103061565,,645
shop,Hey Sugar!,71.88266103061565,,645
shop,Keeping Scents Irresistible,71.88266103061565,,645
health,Great Smile Dental Center,71.88266103061565,,645
shop,Amazing Touch,71.88266103061565,,645
shop,Nail a Holics,71.88266103061565,,645
shop,Dermstrata,71.88266103061565,,645
shop,2 Hands,71.88266103061565,,645
shop,Urbanessence,71.88266103061565,,645
health,Smile Center,71.88266103061565,,645
shop,Dermcare,71.88266103061565,,645
shop,Luxallure,71.88266103061565,,645
shop,SkinStation,71.88266103061565,,645
shop,Let's Face It,71.88266103061565,,645
gov,MARINA SM City Manila Extension,71.88266103061565,,645
shop,Cosmolash,71.88266103061565,,645
health,Dentacare,71.88266103061565,,645
shop,Freshaire,71.88266103061565,,645
shop,Perfect Health,71.88266103061565,,645
shop,Lotto,71.88266103061565,,645
food,Mundae,71.88266103061565,,645
work,DHL,71.88266103061565,,645
work,APVL Graphic & Design,71.88266103061565,,645
work,Cocolife,71.88266103061565,,645
shop,Picture Picture,71.88266103061565,,645
shop,Stylash,71.88266103061565,,645
shop,Perfectly Polished,71.88266103061565,,645
shop,Lay Bare,71.88266103061565,,645
health,Dra. Des' Kids Dental Clinic,71.88266103061565,,645
gov,Department of Foreign Affairs,71.88266103061565,,645
shop,Alter Station,71.88266103061565,,645
shop,Gladex Travel and Tours Corp.,71.88266103061565,,645
shop,Belle Lumiere,71.88266103061565,,645
shop,2Go,71.88266103061565,,645
shop,Gateway Visa Solution,71.88266103061565,,645
shop,Life Four Cuts,71.88266103061565,,645
shop,Copy Pacific,71.88266103061565,,645
gov,LBC,71.88266103061565,,645
shop,Tronix Imaging Center,71.88266103061565,,645
work,Cebuana Lhuillier Financial,71.88266103061565,,645
food,Potato Corner,71.88266103061565,,645
food,CoCo Fresh Tea & Juice,71.88266103061565,,645
food,Samgyeop Masarap,71.88266103061565,,645
food,Gerry's Grill,71.88266103061565,,645
food,Chooks!,71.88266103061565,,645
food,Bonchon Chicken,71.88266103061565,,645
food,AJ Toro Steakhouse,71.88266103061565,,645
food,Dookki,71.88266103061565,,645
food,Mang Inasal,71.88266103061565,,645
food,Dunkin',71.88266103061565,,645
food,Popeyes,71.88266103061565,,645
food,Out of Nowhere Kitchen,71.88266103061565,,645
food,Kuya J,71.88266103061565,,645
food,The Aristocrat,71.88266103061565,,645
food,Hap Chan,71.88266103061565,,645
shop,Aficionado,71.88266103061565,,645
food,Infinitea,71.88266103061565,,645
food,Treat Me Pls!,71.88266103061565,,645
shop,Sarah's,71.88266103061565,,645
shop,Whoops,71.88266103061565,,645
shop,The Lower Left,71.88266103061565,,645
food,Fairy Floss,71.88266103061565,,645
shop,Herbench,71.88266103061565,,645
shop,Penshoppe,71.88266103061565,,645
food,John Lemon,71.88266103061565,,645
shop,Beauche International,71.88266103061565,,645
shop,Penshoppe,71.88266103061565,,645
shop,Macbeth,71.88266103061565,,645
shop,MN+LA,71.88266103061565,,645
shop,Onesimus,71.88266103061565,,645
shop,The Sweet Child,71.88266103061565,,645
shop,Plains & Prints,71.88266103061565,,645
shop,Katrina,71.88266103061565,,645
shop,Hang Ten Accessories,71.88266103061565,,645
shop,Photoline,71.88266103061565,,645
shop,Just Jewels,71.88266103061565,,645
shop,Dr. Kong,71.88266103061565,,645
shop,Blue Magic,71.88266103061565,,645
shop,N. Cat,71.88266103061565,,645
shop,Jewels,71.88266103061565,,645
shop,US Polo Association,71.88266103061565,,645
shop,Jag,71.88266103061565,,645
shop,Amara Shia Jewelry,71.88266103061565,,645
shop,Ojo Eyewear,71.88266103061565,,645
shop,Lee,71.88266103061565,,645
shop,Sports Central,71.88266103061565,,645
food,All 4 U,71.88266103061565,,645
food,The Alley,71.88266103061565,,645
food,Everything But Cheese,71.88266103061565,,645
shop,Bench/Body,71.88266103061565,,645
shop,Oxygen,71.88266103061565,,645
shop,Imono,71.88266103061565,,645
shop,Surplus,71.88266103061565,,645
food,S&R New York Style Pizza,71.88266103061565,,645
food,Lechon Haus,71.88266103061565,,645
shop,Silver Works,71.88266103061565,,645
shop,Bibingkinitan,71.88266103061565,,645
food,Potato Corner,71.88266103061565,,645
food,Buko Fruitas,71.88266103061565,,645
food,Turks,71.88266103061565,,645
food,Hen LIn,71.88266103061565,,645
food,Potato Corner,71.88266103061565,,645
food,Angus Pares,71.88266103061565,,645
food,Sizzling Plate,71.88266103061565,,645
food,Mr. Kimbob,71.88266103061565,,645
food,Kamay Kainan,71.88266103061565,,645
food,Chin's,71.88266103061565,,645
food,R. Lapid's Chicharon,71.88266103061565,,645
food,Lugaw King,71.88266103061565,,645
food,Mr. Katsu,71.88266103061565,,645
food,Seafood Grill,71.88266103061565,,645
food,Balay Ilocos,71.88266103061565,,645
food,Sisig Hooray!,71.88266103061565,,645
food,Gong Cha,71.88266103061565,,645
food,New Bistro Deli,71.88266103061565,,645
food,Inasal Chicken Bacolod,71.88266103061565,,645
food,Khao Khai Thai Chicken House,71.88266103061565,,645
shop,St Pauls,71.88266103061565,,645
food,Coffee Corner,71.88266103061565,,645
food,Tealive,71.88266103061565,,645
shop,Moto,71.88266103061565,,645
shop,Booksale,71.88266103061565,,645
shop,Egg,71.88266103061565,,645
shop,Flawless,71.88266103061565,,645
shop,T&J Salon,71.88266103061565,,645
shop,YES - Your Eyewear Specialist,71.88266103061565,,645
shop,Wacky Studio,71.88266103061565,,645
food,Taters,71.88266103061565,,645
shop,Privon Pastry,71.88266103061565,,645
food,Belgian Famous Waffles,71.88266103061565,,645
shop,David's Salon,71.88266103061565,,645
shop,Dermclinic,71.88266103061565,,645
health,Novagen Eye Center,71.88266103061565,,645
shop,Tobys Sports,71.88266103061565,,645
food,Tokyo Tempura,71.88266103061565,,645
food,Yaki n Sui,71.88266103061565,,645
food,Kimsea Mixx,71.88266103061565,,645
food,Chops to Go,71.88266103061565,,645
food,Eggspert,71.88266103061565,,645
food,Sumo Takoyaki,71.88266103061565,,645
food,SM Food Court,71.88266103061565,,645
food,Kyukyu Ramen 99,71.88266103061565,,645
shop,Salazar Bakery,71.88266103061565,,645
shop,Watsons,71.88266103061565,,645
food,The Brewed Buddies,71.88266103061565,,645
food,Kettle Korn,71.88266103061565,,645
shop,Capdase,71.88266103061565,,645
work,Powerfix,71.88266103061565,,645
shop,Honor,71.88266103061565,,645
shop,Maimi,71.88266103061565,,645
shop,Xundd,71.88266103061565,,645
shop,Realme,71.88266103061565,,645
shop,Awei,71.88266103061565,,645
shop,DJI,71.88266103061565,,645
shop,Itel,71.88266103061565,,645
shop,Romoss,71.88266103061565,,645
work,Gadget Master,71.88266103061565,,645
shop,Casematic,71.88266103061565,,645
work,Fix Gadget Repair Solution,71.88266103061565,,645
shop,Alibaba,71.88266103061565,,645
shop,Wiwi,71.88266103061565,,645
shop,Mi,71.88266103061565,,645
shop,IT Solutions,71.88266103061565,,645
shop,Protect Connect,71.88266103061565,,645
shop,Infinix,71.88266103061565,,645
shop,Firewyre,71.88266103061565,,645
shop,Halo,71.88266103061565,,645
shop,Vivo,71.88266103061565,,645
shop,Mega Pixel,71.88266103061565,,645
shop,Huawei,71.88266103061565,,645
shop,BSD International,71.88266103061565,,645
shop,Electroworld,71.88266103061565,,645
shop,One Info Technology,71.88266103061565,,645
shop,Aerofone,71.88266103061565,,645
shop,Link Plus,71.88266103061565,,645
shop,Celltime & Co.,71.88266103061565,,645
shop,IZell,71.88266103061565,,645
shop,Audionet,71.88266103061565,,645
shop,PC ak-ses-uh-rees,71.88266103061565,,645
shop,Gizmo Central,71.88266103061565,,645
shop,Mi,71.88266103061565,,645
shop,Cellboy,71.88266103061565,,645
shop,Laycom,71.88266103061565,,645
shop,PC Express,71.88266103061565,,645
shop,Vivo,71.88266103061565,,645
shop,Mixme,71.88266103061565,,645
shop,Cellway,71.88266103061565,,645
shop,Octagon,71.88266103061565,,645
shop,Rulls,71.88266103061565,,645
shop,Gigahertz,71.88266103061565,,645
shop,Cybertech,71.88266103061565,,645
shop,Asianic,71.88266103061565,,645
shop,Gaming Grounds,71.88266103061565,,645
shop,Silicon Valley,71.88266103061565,,645
shop,Techno Kid,71.88266103061565,,645
shop,Samsung,71.88266103061565,,645
food,Max Mango,71.88266103061565,,645
shop,Rue's Oven,71.88266103061565,,645
shop,Oppo,71.88266103061565,,645
shop,Office Warehouse,71.88266103061565,,645
shop,New Hengem General Merchandise,102.17386879659074,,811
shop,Efren's Barbershop,79.09784213035533,,811
shop,Café 17,140.16917620980325,,812
food,Arch Shawarma,76.06555284315978,,811
shop,glam: nail & spa,25.139392670415702,,812
shop,Joven BARBER SHOP,46.755847176615916,,807
health,Jeremiah Diagnostic Center,143.82408541282882,,806
shop,Tessie Sari-sari Store,58.19963151381149,,811
shop,Wash it up,139.1426029472866,,827
shop,Onyx Cake & Pastries,82.94339183969,,835
shop,Book King,281.3828151671875,,694
shop,Shell Select,85.22322408651118,,694
shop,Daily Fades,184.33523459550074,,710
food,Borro,288.63096322518606,,694
shop,Taft Silog,504.6508838346196,,694
food,Shakey's,1943.494979035331,,891
market,GT7,1059.6934163379049,,42
food,Chooks-to-Go,5437.663624639296,,891
food,Tambayan @ Tutuban,4337.651340723086,,891
food,,1059.6934163379049,,42
food,Coast Milk Tea Shop,218.24820677930614,,714
food,Food Alley (R-Square),218.24820677930614,,714
food,Gerry's Grill,218.24820677930614,,714
food,OUI Tacos French Tacos,218.24820677930614,,714
shop,K Food Mart,218.24820677930614,,714
food,Classic Savory,1943.494979035331,,891
food,,253.5562660405043,,654
shop,Watsons,253.5562660405043,,654
shop,Fix Bench Salon,253.5562660405043,,654
food,Famous Belgian Waffles,253.5562660405043,,654
shop,Abenson,253.5562660405043,,654
shop,Japan Home Centre,253.5562660405043,,654
food,Fruitas,253.5562660405043,,654
food,King Chef,474.9330166355141,,279
shop,7-Eleven,816.5163629286283,,712
shop,711,108.88897588160735,,712
food,Ababu,108.88897588160735,,712
food,Subway,124.48451462609144,,713
food,Gong Cha,187.8865911151221,,712
shop,Grainsmart,163.09261108495667,,712
shop,Man Barbershop,112.86270405055699,,712
food,Bok Chicken,194.71904639328392,,710
food,Angrydobo,334.69253601774085,,712
food,,1892.797067427054,,261
market,Kimly Mart,77.27634498326401,,254
health,HealthMED Diagnostic Corporation,77.27634498326401,,254
shop,Click Drug,84.81006109681624,,254
shop,DJ Sports,84.81006109681624,,254
gov,,139.9122290564459,,749
gov,J. Bocobo Police Community Precinct 3,139.9122290564459,,652
shop,Conti's,474.9330166355141,,279
shop,Aldo,474.9330166355141,,279
food,Krispy Kreme,474.9330166355141,,279
food,Lan Hot Pot,474.9330166355141,,279
food,Mango Float Supreme Manila,474.9330166355141,,279
shop,Lfafa,474.9330166355141,,279
shop,Must be Mom's,474.9330166355141,,279
shop,Watsons,474.9330166355141,,279
shop,Mary Grace,474.9330166355141,,279
food,Lil' Orbit Mini-Donuts,474.9330166355141,,279
gov,LBC,263.1581308141226,,652
health,Jacob's Ladder Immunization Center,263.1581308141226,,652
shop,Perry Ellis,253.5562660405043,,654
shop,HLA,253.5562660405043,,654
shop,Oxygen,253.5562660405043,,654
food,Highlands Coffee,253.5562660405043,,654
shop,Cotton:On,253.5562660405043,,654
food,Chick'n Egg,253.5562660405043,,654
shop,Swatch,253.5562660405043,,654
shop,Owndays,253.5562660405043,,654
food,Ippudo,253.5562660405043,,654
food,Tim Ho Wan,253.5562660405043,,654
food,TGI Fridays,253.5562660405043,,654
food,Curry House - CoCo Ichibanya,253.5562660405043,,654
food,Kainan ni Inday,529.9304347059369,,653
food,Dulang Restaurant,146.53858699518068,,653
health,Pinnacle Diagnostic Medical Corporation,881.2933588428634,,653
food,Sumi Sumi,1023.6816117104768,,653
shop,Bench,253.5562660405043,,654
shop,Adidas,253.5562660405043,,654
shop,Penshoppe,253.5562660405043,,654
shop,Breadtalk,253.5562660405043,,654
food,Ramen Nagi,253.5562660405043,,654
food,Greenwich,253.5562660405043,,654
shop,National Book Store,253.5562660405043,,654
food,Pound,253.5562660405043,,654
food,Nanyang,253.5562660405043,,654
food,Honolulu Cafe,253.5562660405043,,654
food,Yabu,253.5562660405043,,654
food,Super Bowl of China,253.5562660405043,,654
shop,Charles & Keith,253.5562660405043,,654
food,Starbucks,253.5562660405043,,654
shop,Hearts + Arrows,253.5562660405043,,654
shop,Esotico Jewelry,253.5562660405043,,654
shop,The Body Shop,253.5562660405043,,654
shop,Lola Soap,253.5562660405043,,654
shop,Ocampo's,253.5562660405043,,654
shop,Nature Republic,253.5562660405043,,654
food,Dairy Queen,253.5562660405043,,654
shop,Photoline,253.5562660405043,,654
food,Bee Cheng Hiang,253.5562660405043,,654
shop,LAC,253.5562660405043,,654
food,Hainanese Delights,253.5562660405043,,654
food,Mai Wei Fang,253.5562660405043,,654
shop,Kumori,253.5562660405043,,654
food,Yasu,253.5562660405043,,654
food,Serenitea,253.5562660405043,,654
food,Soi,253.5562660405043,,654
food,Cabalen,253.5562660405043,,654
food,McDonald's,253.5562660405043,,654
food,Panda Express,253.5562660405043,,654
food,Pepper Lunch,253.5562660405043,,654
food,Tong Yang,253.5562660405043,,654
food,No. 1 Malatang,253.5562660405043,,654
shop,Daiso,253.5562660405043,,654
shop,Uniqlo,253.5562660405043,,654
food,Razons of Guagua,253.5562660405043,,654
food,Tiger Sugar,253.5562660405043,,654
shop,Yves Rocher,253.5562660405043,,654
shop,Goldilocks,253.5562660405043,,654
food,Racks,253.5562660405043,,654
food,Kenny Rogers Roasters,253.5562660405043,,654
food,Peri-Peri,253.5562660405043,,654
food,Bad Bird,253.5562660405043,,654
food,Soban,253.5562660405043,,654
food,Marugame Udon,253.5562660405043,,654
shop,Anello,253.5562660405043,,654
shop,New Era,253.5562660405043,,654
shop,Wrist Pod,253.5562660405043,,654
food,BLK 513,253.5562660405043,,654
shop,My Diamond,253.5562660405043,,654
shop,Pandora,253.5562660405043,,654
shop,Clinique,253.5562660405043,,654
shop,MAC Cosmetics,253.5562660405043,,654
shop,Kiehl's,253.5562660405043,,654
market,Robinsons Department Store,253.5562660405043,,654
shop,Perez Optical,253.5562660405043,,654
shop,Bayo,253.5562660405043,,654
food,J.Co,253.5562660405043,,654
food,Koomi,253.5562660405043,,654
health,Mercury Drug,253.5562660405043,,654
food,Sumo Niku,253.5562660405043,,654
food,Lugang Cafe,253.5562660405043,,654
food,MOS Burger,253.5562660405043,,654
food,Mangan,253.5562660405043,,654
food,UCC Clockwork,253.5562660405043,,654
shop,Office Warehouse,216.8320591533942,,652
shop,JD Painting Art Gallery,614.7568863502344,,652
shop,Malasimbo Arts and Antiques,164.2058596089099,,652
shop,NMN Arts,164.2058596089099,,652
shop,Gallery 1153 Arts and Antiques,164.2058596089099,,652
shop,E. Santos Art Gallery,126.53979913818225,,652
shop,Cebuana Lhuillier,280.8853475652028,,652
health,Proper Care Medical Diagnostic and Laboratory Center,481.9439002913737,,653
food,Ristorante D' Amore,711.525136188536,,653
health,TGP,711.525136188536,,653
shop,7-Eleven,379.03840521401287,,652
food,Three Guys and a Grill,234.04268699801446,,652
shop,Pan de Manila,552.9829999739048,,279
shop,Mr. Spin Laundry shop & services,101.10908560514963,,198
shop,PCSO booth,138.80927264906688,,198
shop,Fünham Mart,121.67245628231144,,275
shop,7-Eleven,487.6230053712373,,368
shop,Colorvision Photography,211.89028483692317,,381
shop,Dennis Barbershop,94.89123325938694,,360
shop,Iverson003 Car Accessories,267.60891347743654,,198
work,Philippine Pharmacists Association,260.2195898296142,,381
food,Black Scoop,488.4138238666279,,336
shop,,140.16917620980325,,704
shop,Ocean Park Ticket Outlet,140.16917620980325,,651
shop,Anne's Flower Shop,334.69253601774085,,712
work,LKY Group Of Companies,284.2733689170424,,652
food,0402 Coffee,173.54721663775504,,465
food,Pancit Cabagan & Batil Patong,66.70930524636135,,499
gov,Flash,139.9122290564459,,498
shop,Melco Hardware,105.49397411452269,,498
food,Five Star,63.68880106903842,,499
shop,EGV Hardware,105.49397411452269,,498
shop,Bosch,105.49397411452269,,498
food,Special Hot Piaya,47.85344581227129,,499
food,Papit's Pritong Manok,194.71904639328392,,499
shop,Jobendek Builders Centre,105.49397411452269,,498
worship,The Kingdom of Jesus Christ,47.85344581227129,,499
shop,Topcoat Hardware,105.49397411452269,,498
shop,Wowin,105.49397411452269,,498
food,Tolens Kainan,105.49397411452269,,498
shop,7-Eleven,63.68880106903842,,499
food,Tora-san Ramen Bar,105.49397411452269,,498
food,The Melting Spot,155.61535210269705,,499
shop,Marikina Shoe Exchange,105.49397411452269,,498
food,Heavens Brew,63.68880106903842,,499
shop,PCSO Lotto,54.48787792788927,,499
food,Jon Lloyd Eatery,174.69366619980093,,499
shop,Megawash,105.49397411452269,,498
shop,Aling Rice,140.16917620980325,,498
food,Epeben Eatery,105.49397411452269,,498
gov,Brgy. Hall 513 Z 51,54.48787792788927,,499
food,Cafe Alnardo,48.816697722801074,,493
shop,Dyna's Barber Shop,100.89539999674886,,495
shop,NJ Store,81.15491652782568,,495
shop,EC Store,140.76090646200507,,493
food,Dhel's Eatery,81.15491652782568,,495
food,Tabeyou Food House,46.4484914551573,,494
shop,Jay Bee Maica Store,172.00386506222512,,495
food,Benok Kitchenette,73.393132535306,,493
shop,Greenstone Salon and Spa,48.816697722801074,,493
shop,King and Leon Poultry and Pet Supply,81.949821046317,,494
shop,101 Pet Shop,119.8538665312351,,494
food,Baa Baa Thai Tea,61.22343521110329,,500
shop,Palawan Pawnshop,48.816697722801074,,493
shop,Skin Royale Beauty Lounge,207.05425136556494,,495
health,Premier Smile Solutions,107.82846361900708,,493
shop,Betsy's Laundry,73.393132535306,,493
health,Paraoan Dental Clinic,126.99850475525233,,493
food,2 Chefs Catering,163.12859342618373,,494
market,Basilio Talipapa,111.22188519509399,,500
shop,N.Y.M Laundry Shop,100.89539999674886,,495
shop,Imon Store,73.393132535306,,493
shop,Leomar Hardware,46.4484914551573,,494
food,Zane and Je,46.4484914551573,,494
shop,GDC Marketing,116.84499028492253,,500
shop,Eaglestag Trading,96.47976539667964,,492
shop,Kinessa,69.98977045765962,,506
shop,Aja Water Refilling Station,87.70376498315409,,501
food,Charm's Canteen,69.93852394724098,,500
food,,206.3927702679298,,506
shop,Elegance Beauty Salon & Massage Spa,69.98977045765962,,506
shop,2031 G Mart,36.87470975000393,,500
shop,WinterCrib Airconditioning Sales & Services,38.78145448941101,,500
shop,RAF Pet Groomer Salon,38.78145448941101,,500
shop,Mototeq Motorcycle Parts Shop,81.48363041121505,,501
shop,Presyong Divisoria,36.87470975000393,,500
shop,Splendidz,36.87470975000393,,500
food,Snax Haven,43.44616997790646,,501
health,Eduvala Dental Clinic,116.84499028492253,,500
shop,Aqua Ciudad,38.78145448941101,,500
health,Derm-Stress Clinic,38.78145448941101,,500
shop,Orravan Store,36.87470975000393,,500
shop,Sandra Bakery,73.12437485610039,,496
health,Kasan Dental Clinic,190.6129161023747,,500
shop,Princlen Store,190.6129161023747,,500
shop,Mach Color Paint Center,81.48363041121505,,501
shop,Highlash Society.MNL,196.11493846949574,,501
food,Perere's Cafe,134.05329859957317,,494
food,Lutong Bahay,83.06749589416003,,497
shop,Lucy Store,104.29544317488156,,497
shop,2075 Store,190.6129161023747,,500
work,Mitch Electrical,43.44616997790646,,501
shop,M&A Cakes and Bakes,43.44616997790646,,501
shop,Shift Vape,128.486689847933,,483
food,Chie Bulalohan and Pancitan,83.06749589416003,,497
shop,Classy Clouds Vape Shop,67.75473494940177,,497
school,Little Children's School Manila,263.8767834498135,,483
shop,Jaden Cycle Center,67.75473494940177,,497
shop,Jing & Jovy Sari-Sari,128.486689847933,,483
shop,Marcos Diaz Store,73.12437485610039,,496
food,Siogo,113.59675742747709,,478
shop,Quicklean,138.8019732439895,,495
shop,Heavensway,134.05329859957317,,494
shop,H Cut's Salon,67.75473494940177,,497
shop,Arlene Store,228.35769753230227,,483
food,B. I. P,311.0937126826318,,483
food,Linda's Eatery,164.22681815521548,,483
shop,Selfie Washs Co.,475.3210156892171,,481
food,Frapatea,300.30415455243246,,483
food,East Cafe,87.95072490362118,,480
shop,Wrap N' Ride,100.77001666979176,,480
shop,MM's Sari-Sari Store,191.45139848637837,,481
food,Raina's Chinese Cooked Ham,194.71904639328392,,480
shop,KJK Motorcycle Parts & Accessories,247.57837838348638,,487
shop,Lalaba Laundry Services,316.0759124050124,,487
food,Tuna Town,38.35136992804493,,487
shop,Maverick Racing Factory,87.95072490362118,,480
shop,8KS Hardware,72.34083620104767,,480
food,O Fried Chicken,80.30030664662365,,480
shop,Matcar Battery Trading,80.30030664662365,,480
shop,WhiteN Beauty and Wellness,100.77001666979176,,480
shop,Me Aesthetics,38.35136992804493,,487
health,TLC Ob-Gyn & Medical Clinic,95.94012713624682,,487
food,Super Mom's Pizza,305.30618439153153,,487
shop,Kendi Beauty Lounge,95.94012713624682,,487
food,Ala Go-To,38.35136992804493,,487
food,Kape Ni Bossing,194.71904639328392,,484
food,Mommy Nida's,38.35136992804493,,487
food,4Js Sari Sari Store/Kitchenette,68.9393396738405,,496
shop,Aguiluz Vulcanizing,62.09072002026069,,487
shop,Aguiluz,62.09072002026069,,487
food,Erlin's Tapsilog,111.78575559450074,,487
food,Ragsak,199.5214465000686,,500
food,Uzumaki Rolls & Ramen,142.45582780228537,,504
work,Cernick S. Abad Law Office & Associates,126.24223039929755,,500
work,Cedrick S. Abad Law Office,35.44973550145385,,494
food,Paluto... Sizzling Nga Po!,194.71904639328392,,496
shop,Jonel Store,79.49775785814523,,504
worship,Fellowship Center Baptist Church,182.42475129776358,,492
school,St. Vincent Blessed School of Manila,68.9393396738405,,496
shop,Sabon Depot,140.16917620980325,,504
shop,Vella MNL,118.88798939314674,,500
shop,MKE Beauty Shop,103.28331003648229,,496
health,Smile Builders Dental Clinic,55.017454351470754,,496
health,RNV Ob-Gyne Clinic,55.017454351470754,,496
food,Apung Quintin Restaurant,408.22020725762735,,496
shop,Oniemoto,173.1989333824162,,492
food,BigBrew,103.28331003648229,,496
shop,Rie-An Mini Grocery,96.8515563254621,,494
shop,Lakay Barber Shop,195.13342057588127,,500
shop,Myian Salon,126.24223039929755,,500
shop,Calea Beauty Lounge,56.51878468479052,,500
shop,Calea Beauty Lounge,56.51878468479052,,500
food,Andok's,45.84597564764162,,500
shop,Estetica de Espana,45.84597564764162,,500
health,DC Dental Clinic,147.3052567862357,,500
shop,Marclyn Merchandising Rice Dealer,115.15489646100677,,503
shop,Aqua de Maceda,126.37675758727755,,492
shop,Comfort Zone Body & Nail Spa,63.39844448898896,,506
food,Meet Cute Cafe,48.745307644881976,,506
shop,Cyclemike Motor Parts & Repair,33.02737639173396,,492
shop,EssenZiale,63.39844448898896,,506
shop,Bunny Laundry,33.02737639173396,,492
shop,Arnel Store,33.02737639173396,,492
food,Fish2Go,33.02737639173396,,492
food,Empire's Shawarma,48.745307644881976,,506
health,Bagnes Pharmacy,74.31712800152692,,497
shop,Motortrade,37.83964660026497,,506
shop,ExpressWash Laundry Center,80.38301594772537,,505
shop,Tactical Bullet Gun Trading,21.86678068874546,,503
health,Happy Doctor Dental Clinic,146.7562954479096,,503
shop,TRQS,110.98617431131059,,505
shop,Skin Unique Facial Care and Spa,144.42269422586259,,503
shop,My Good Ride PH,37.83964660026497,,506
food,Wings Manila,299.5558406714332,,490
shop,Sunshine Bakeshop,151.34326716822068,,490
shop,Mavii & Friends,80.38301594772537,,505
shop,Shift Vape Pod,21.86678068874546,,503
shop,2Sis 2Bro Store,102.69983431430379,,487
shop,Cebuana Lhuillier,65.7886455397368,,503
gov,Barangay 511 Barangay Hall,136.18996768265131,,497
food,Silugan sa Maceda,163.03220494609567,,505
shop,Lorna Store,110.98617431131059,,505
shop,Barros Bigasan,388.691106087708,,505
shop,Skingoals,95.48778192248565,,503
shop,Lunar's Bakery,74.31712800152692,,497
shop,Infin8Spa,165.83662257614205,,503
shop,Robe Store,102.69983431430379,,487
health,Oxymed Pharmacy,200.98504224551772,,516
shop,Maria Clara Panaderya,140.16917620980325,,487
shop,Tambunting,140.16917620980325,,516
market,EasyDay Shop,92.41203712246929,,105
shop,Tambunting,108.51890210323091,,105
shop,Cebuana Lhuillier,95.17464231685744,,101
food,Cora's Tapsilog,194.71904639328392,,101
food,Chooks to Go,92.41203712246929,,105
health,MedSave Drug,292.2175127155896,,100
shop,Rosas Pandesal,95.17464231685744,,101
shop,Margie & Madie Nail Spa,77.3127683477906,,105
food,RJB Mango Shake Station,59.270134557540565,,105
shop,Lashkita,97.51319201660226,,101
shop,Dali,96.7879700679268,,100
shop,Cebuana Lhuillier,69.35462080008932,,100
food,29:11 Cafe,150.26077643438555,,101
food,RJB Bulalo Mami,59.270134557540565,,105
shop,Alfamart,160.5492485551361,,105
shop,Venice Laundry Shop,59.270134557540565,,105
shop,Drippin Clouds MNL,92.38086960907651,,105
food,Te Mami's Pares,196.62382183264714,,101
shop,Tolits Barcelona,38.69346907223329,,102
shop,RS8,111.32041378338938,,101
shop,Save 5 Self Service Laundromat,225.70548875388846,,101
food,Papa Roms,49.06059078314213,,102
shop,Drix Motorshop,140.16917620980325,,102
health,Happy Med Pharmacy,74.44612508796718,,104
health,Alimar Dental Clinic,200.98504224551772,,102
food,Kem's Food Hub,194.71904639328392,,104
health,Mercury Drug,623.4158984449731,,661
shop,Handyman,253.5562660405043,,654
shop,The French Baker,253.5562660405043,,654
food,Letty's Inihaw,253.5562660405043,,654
food,Zero Degree Espresso Bar,135.6250002934784,,535
work,"All Oceans Maritime Agency, Inc.",2512.418850429595,,639
food,Pickup Coffee,849.1629999728852,,591
work,Kabanalbanalang Iglesia ng Dios kay Kristo Hesus,136.65749678041504,,141
school,Pristine Heritage Academy,136.65749678041504,,141
shop,Kent Home Trends,99.12175718408007,,139
shop,Archworks Printing & Signages,99.12175718408007,,139
shop,Supremo Ebikes,99.12175718408007,,139
work,Hin Long Inc.,307.4028006238202,,141
shop,Save5,307.4028006238202,,141
school,Holy Heart Christian Academy,169.37909124019856,,141
shop,Avon,504.6842466339758,,141
food,Papa Gut's Kitchenette,504.6842466339758,,141
gov,LBC,218.0067355307278,,642
food,,203.92756823504183,,636
shop,,203.92756823504183,,636
gov,LBC,203.92756823504183,,636
shop,Petron Gasul,140.16917620980325,,642
food,Papa John's,142.22347558100032,,684
health,Hemotek Renal Center,200.98504224551772,,684
food,Andok's,194.71904639328392,,684
gov,PHLPost,3397.2516580756637,,336
gov,NBI Clearance Center Main Office,790.4230263098843,,655
food,Zhu Ba Jie,138.50913577279255,,684
food,Calle Cafe by Don Gabriel,183.8990121090508,,383
food,Sumu Cafe & Creative Space,165.02103701276073,,455
food,Burger King,182.58121830651478,,651
shop,Renzo Rubber Stamp Services,140.16917620980325,,203
food,Cloud Kitchen,70.42656353689854,,863
food,Dunkin',1414.198225134622,,863
shop,Fearless Skin Aesthetic & Beauty Lounge,70.42656353689854,,863
food,Chooks to Go,1343.8682323939083,,860
health,Watsons,1343.8682323939083,,860
food,Pizza Hut,801.8347759427782,,243
shop,MR.DIY,220.29582263009945,,863
food,Starbucks,3206.6652604794535,,273
leisure,Pasig River Esplanade,515.4925463046939,,894
gov,SIM Registrations Office Philippines,2077.3490304567763,,268
shop,Parish religious store,1145.0187389982957,,897
work,St. Maria Goretti Parish Office,603.8870298302564,,897
work,Current Parish office (SHJP Sta. Mesa),352.7730392533996,,579
work,Future parish office (under construction),1208.6492797119752,,579
food,Starbucks,635.7082228292472,,573
food,KFC,635.7082228292472,,573
food,PapJap,166.25548068964997,,456
food,Coffee Project,462.55835238505364,,383
shop,Lawson,456.55412808805204,,378
health,upsmile dental,116.45373307882815,,489
shop,Lawson,310.832016285893,,383
shop,Cebuana Lhuillier,263.24272994430356,,653
shop,7-Eleven,263.24272994430356,,653
shop,Ibrahim Grocery,503.90753023538593,,653
food,King Biboss Food and Beverage House,664.4026403218215,,653
food,Mary Grace,253.5562660405043,,654
shop,Calvin Klein,253.5562660405043,,654
food,Caramia,253.5562660405043,,654
food,Phở Hòa,253.5562660405043,,654
food,My Thai,253.5562660405043,,654
food,Krispy Kreme,253.5562660405043,,654
food,Paik's Coffee,253.5562660405043,,654
shop,Plains & Prints,253.5562660405043,,654
food,Classic Savory,253.5562660405043,,654
shop,Mossimo,253.5562660405043,,654
shop,Decathlon,253.5562660405043,,654
shop,Levi's,253.5562660405043,,654
food,Manam,253.5562660405043,,654
shop,EuroPak,253.5562660405043,,654
shop,Speedo,253.5562660405043,,654
shop,Filbar's,253.5562660405043,,654
shop,Anta,253.5562660405043,,654
shop,Jockey,253.5562660405043,,654
shop,Geox,253.5562660405043,,654
shop,N.Cat,253.5562660405043,,654
shop,Ogawa,253.5562660405043,,654
shop,Watch Republic,253.5562660405043,,654
shop,Urbanize,253.5562660405043,,654
shop,Fix Bench Salon,253.5562660405043,,654
shop,Timex,253.5562660405043,,654
shop,Guess,253.5562660405043,,654
shop,Hush Puppies,253.5562660405043,,654
shop,Dr. Kong,253.5562660405043,,654
shop,@Tokyo,253.5562660405043,,654
shop,Oro Gold,253.5562660405043,,654
shop,L. S. Pascual Optical,253.5562660405043,,654
shop,Vans,253.5562660405043,,654
shop,Lacoste,253.5562660405043,,654
shop,H&M,253.5562660405043,,654
shop,Tommy Jeans,253.5562660405043,,654
shop,Park Lane Jewelers,253.5562660405043,,654
shop,Havaianas,253.5562660405043,,654
shop,Mothercare,253.5562660405043,,654
shop,The Face Shop,253.5562660405043,,654
shop,Mango,253.5562660405043,,654
shop,Chris Sports,253.5562660405043,,654
shop,ACME Jewelry,253.5562660405043,,654
shop,Onesimus,253.5562660405043,,654
shop,Kipling,253.5562660405043,,654
shop,Payless ShoeSource,253.5562660405043,,654
shop,Kamiseta,253.5562660405043,,654
shop,Jesi Mendez Salon,253.5562660405043,,654
shop,Fila,253.5562660405043,,654
shop,Clarks,253.5562660405043,,654
shop,Memo,253.5562660405043,,654
food,Mesa,253.5562660405043,,654
food,Texas Roadhouse,253.5562660405043,,654
shop,For Me,253.5562660405043,,654
food,Auntie Anne's,253.5562660405043,,654
shop,Skechers,253.5562660405043,,654
food,Arya Persian Restaurant,253.5562660405043,,654
shop,Parfois,253.5562660405043,,654
shop,Jag,253.5562660405043,,654
food,Eataewon,253.5562660405043,,654
shop,Me & You,253.5562660405043,,654
shop,Hua Mulan,253.5562660405043,,654
shop,Regatta,253.5562660405043,,654
shop,Ideal Vision Center,253.5562660405043,,654
shop,L'Occitane,253.5562660405043,,654
shop,Shiseido,253.5562660405043,,654
shop,JB Music,253.5562660405043,,654
shop,DC,253.5562660405043,,654
food,The Coffee Bean & Tea Leaf,253.5562660405043,,654
shop,Terranova,253.5562660405043,,654
shop,Beauty Bar,253.5562660405043,,654
shop,Penguin,253.5562660405043,,654
shop,Miniso,253.5562660405043,,654
food,Conti's Bakery and Cafe,253.5562660405043,,654
food,Jamba Juice,253.5562660405043,,654
shop,Toni Pons,253.5562660405043,,654
shop,Shoe Salon,253.5562660405043,,654
shop,Nike,253.5562660405043,,654
shop,CLN,253.5562660405043,,654
shop,Call It Spring,253.5562660405043,,654
shop,HLA,253.5562660405043,,654
shop,Oxygen,253.5562660405043,,654
shop,Papemelroti,253.5562660405043,,654
shop,Karat World,253.5562660405043,,654
shop,Time Depot,253.5562660405043,,654
market,M&S Outlet,253.5562660405043,,654
shop,John Briann,253.5562660405043,,654
shop,SilverWorks,253.5562660405043,,654
shop,Oakley,253.5562660405043,,654
shop,Prima Gold,253.5562660405043,,654
shop,Red Ribbon,253.5562660405043,,654
food,Jollibee,253.5562660405043,,654
shop,House of Obagi,253.5562660405043,,654
shop,Toby's Sports,253.5562660405043,,654
shop,New Balance,253.5562660405043,,654
shop,Nail Addik,253.5562660405043,,654
leisure,Plaza Yuchengco,515.4925463046939,,277
shop,,578.1709087928594,,706
shop,,578.1709087928594,,706
food,,619.406145534772,,706
shop,,619.406145534772,,706
shop,,3266.4963632350837,,651
shop,,66.54270655805799,,757
food,,63.62366507193499,,757
shop,Ricky Diston Barber Shop,134.33242773658193,,757
food,Kape Siklo,31.88533862753138,,758
shop,Fatima's Store,175.75414912567615,,758
gov,Barangay 773 Zone 84 Hall,187.3083850384944,,758
shop,Mr. M Laundry Shop,137.62932312344796,,758
food,National Burger Addicition,159.73317606210267,,757
shop,Yuan And Clyde Salon,103.7762111600496,,775
shop,Photo Concept Studio,462.42045694747435,,381
shop,K-Oppa Ramyeon,207.38170406224805,,381
food,24 Chicken,153.46877006862667,,381
food,Angel's Pizza,95.65394286072284,,382
food,D'Urban Cafe,35.63958459602934,,382
food,Tomoro Coffee,149.47258215404946,,382
food,Calle Cafe,161.60013188470413,,382
food,Momiji,106.64551394850864,,382
shop,Pablings Barbershop,140.16917620980325,,381
food,Infinitea,194.71904639328392,,381
food,Obscure Cafe,429.6089629163459,,381
food,Delichows,271.87692085385487,,381
food,Dimsum Treats,168.71573522883594,,381
food,Wallace Chicken & Rice & Burger,255.7563402053493,,268
food,Garden Cafe by Hotel H2O,12157.464506584876,,651
food,Chowking,290.994103475752,,651
shop,Dali,84.62985377300359,,46
shop,Dali,140.16917620980325,,84
shop,Dali,434.7581922110687,,507
shop,Dali,141.4298622528867,,455
mall,818 Mall,560.7738361307165,,259
shop,Dr. Martens,253.5562660405043,,654
food,The Aristocrat Restaurant,253.5562660405043,,654
gov,Land Transportation Office (LTO),253.5562660405043,,654
gov,,253.5562660405043,,654
food,Tim Hortons,253.5562660405043,,654
food,SSC express,99.82256377429056,,653
shop,advocafe,218.35338607834703,,684
shop,ramz mini mart,290.82431831764006,,653
shop,Wash'n Wait,669.6228915289888,,653
food,Angel's Pizza,770.1578269174444,,275
food,China Lanzhou Beef Noodles,321.3973924983317,,275
food,24 Chicken,203.52001448083752,,275
work,Cocogen Insurance,203.52001448083752,,275
shop,Rakso Travel,203.52001448083752,,275
shop,Memoxpress,203.52001448083752,,275
food,Papa Kape,194.71904639328392,,642
shop,Bean Hustle,140.16917620980325,,676
shop,Dali,140.16917620980325,,625
shop,Alfamart,154.27831465994348,,443
shop,Alfamart,554.3468257218592,,394
shop,Dali,153.2722697219284,,502
leisure,Baluarte de San Diego,515.4925463046939,,643
shop,Dali,156.43439357050713,,666
shop,Dali,96.26775592779745,,881
food,Kumokuro,251.1620501428315,,864
health,TGP,200.98504224551772,,476
shop,Red Ribbon,241.03654077241376,,476
food,Chowking,241.03654077241376,,476
gov,Climate Change Commission,2325.571206494612,,626
gov,Climate Change Commission,139.9122290564459,,626
shop,Hua Seng Canvas & Plastics,629.7313824092967,,276
food,Zus Coffee,208.19957727215046,,668
food,Famous Amos,253.5562660405043,,654
health,Novo Dental,253.5562660405043,,654
shop,Nailogy,253.5562660405043,,654
shop,Bruno's,253.5562660405043,,654
food,Wendy's,175.77181761990425,,651
food,Bon Appetea,288.2747765811773,,651
food,Cafe Esperanza,306.50254475924993,,651
shop,7-Eleven,866.9189993718685,,651
gov,Barangay 670 Zone 72 District 7 Hall,1302.8975890780466,,652
shop,7-Eleven,617.6083090065674,,652
shop,Uncle John's,3050.198622419758,,654
food,Denny's,253.5562660405043,,654
food,Italianni's,253.5562660405043,,654
shop,Capital Your Gadget Pawnshop,154.27676110415382,,654
food,Midtown Inn Diner,275.7196234945133,,655
gov,LBC,154.27676110415382,,654
work,DHL,113.6284962814058,,655
health,Premiere Medical & Cardiovascular Laboratory,113.6284962814058,,655
food,Rita's Original Pancit Malabon,81.20329170330447,,655
shop,7-Eleven,81.20329170330447,,655
shop,Viva L'e Baron,140.16917620980325,,655
health,Paraoan Dental Clinic,492.47073944402916,,655
health,Healthline Multispecialty Center,200.98504224551772,,655
food,Auro Chocolate Cafe,106.6078206544505,,694
shop,Golden Arts Printing Services and Advertising,83.97372201462474,,170
food,Kuh Meal,187.8865911151221,,712
shop,Lawson,187.8865911151221,,712
food,éllatte coffee,194.71904639328392,,712
shop,Savinamgb Nails & Lashes,112.86270405055699,,712
food,Busy Dough,78.4812953406124,,712
shop,Baa Baa,102.91000625473819,,712
food,Potato Corner,94.88525020272851,,712
health,Smilestreet Dental Clinic,94.88525020272851,,712
food,Dejavi Hotpot,294.88278439523936,,684
food,Katutubo Catering Services,78.42456094774329,,684
food,Hong Chicken - Hong Chun Cheon Cheese Dak Galbi Restaurant,405.77781822596194,,683
food,P. Donuts,483.06286179155126,,682
food,Yue Lai Seafood And Hotspot,468.8448289207065,,684
health,New Smile Dental Studio,670.231284641601,,681
shop,Vladimir Barber Shop,91.72260299931204,,681
food,Urban Crab Seafood Shack,670.231284641601,,681
shop,Laundry Lounge,91.72260299931204,,681
shop,Pickup Coffe,448.3897175170591,,682
food,Bug Kyoung,547.3643599039045,,683
shop,Snackets Eat And Shop,1727.6395194488498,,684
food,Station 85 Cafe,871.3662703432494,,683
shop,Cookies By The Bucket,140.16917620980325,,704
food,Shawarma Shack,194.71904639328392,,704
food,tomo coffee,194.71904639328392,,704
food,Korean’s Food Station,194.71904639328392,,704
shop,Get Wheysted,140.16917620980325,,704
food,Go Bento,348.3459605303457,,704
food,Persia Wrap,97.52756732735864,,712
food,Calle Cafe by don gabriel,194.71904639328392,,713
food,melt station,194.71904639328392,,704
health,,201.90868203455068,,460
gov,Barangay 285 Zone 26 Hall,139.9122290564459,,271
shop,7-Eleven,501.2353244753381,,298
shop,Motorstar,166.24356687750418,,503
food,Claypot Rice,171.73641667693732,,503
health,Dr. Smile Dental Clinic,200.98504224551772,,518
shop,RideMasterPH,140.16917620980325,,742
shop,Joy Loading Shop,140.16917620980325,,478
food,Los Frailes Cafe,408.4012981642892,,644
food,Grotto Hookah Lounge,208.58697218216432,,641
leisure,San Roque Chapel,38.80146428802993,,800
leisure,Paco Cemetery,515.4925463046939,,659
food,,23.393053679777523,,643
gov,"Barangay 649, Zone 68 Senior Citizens Office",57.4896992819897,,635
gov,Kabaka Satellite Office,25.809281636375015,,635
gov,Office of Senior Citizens Affairs,25.809281636375015,,635
gov,"Sangguniang Kabataan ng Barangay 649, Zone 68",25.809281636375015,,635
food,Feliza Cafe,194.71904639328392,,741
food,Dad's Burger and House of Unlimited,251.1620501428315,,864
shop,Salon D Lou'ay,44.813493147208504,,796
food,D' Cream,933.8870047722489,,270
shop,Nitori Japan,827.5516400839052,,279
shop,Mary Barbers Shop,51.14189198614842,,270
work,AGRE Management Consultancy Services,3091.4458659660486,,99
work,UP Manila Police Office,462.964020752102,,654
health,Acupuncturist Manila,1162.2696926804947,,654
health,Acupuncturist Manila,4910.398890450571,,362
work,RAC Experts IT Inc,193.36466275226473,,273
gov,National Tax Research Center,5077.73558107554,,704
shop,Alfamart,115.68195188613515,,390
shop,Uncle John's,876.9693266220186,,390
gov,LBC,124.53088342541474,,390
work,East-West Review Center,124.53088342541474,,390
shop,Rex Book Store,90.56442904311893,,390
food,Kape Light,90.56442904311893,,390
worship,City of Zion Christrian Fellowship,90.56442904311893,,390
food,Don Macchiatos,283.1062205671161,,389
food,Chooks to Go,283.1062205671161,,389
shop,Red Ribbon,384.40837504281257,,402
food,Master Siomai,509.6010149126629,,402
food,Mister Biryani,110.28308812485763,,387
food,Coffee Perk,43.55103686386646,,391
food,Andrew's Canteen,47.84889739879183,,391
food,Bookafe,47.84889739879183,,391
food,Cargen's Canteen,61.26358380984948,,391
shop,James&Co Chocolates,379.00467927837695,,381
shop,Cebuana Lhuillier,379.00467927837695,,381
food,Barbs Bakeshop and Restaurant,379.00467927837695,,381
shop,Donex General Merchandise,188.4924212436114,,381
shop,Elijah Bookstore,188.4924212436114,,381
food,Caffeena,960.8551020950924,,378
food,Pares Retiro,218.88470923232722,,378
food,Kalinaw Coffee Co.,218.88470923232722,,378
shop,Lumandas Printing Services,218.88470923232722,,378
food,Tim Hortons,1275.2030774772488,,627
shop,7-Eleven,932.3855018624703,,376
food,Gang Gang Chicken,290.0007113468095,,376
food,Mixue,290.0007113468095,,376
food,BeanBox,2131.9915323185505,,376
shop,Centralbooks,1768.5025027044342,,376
school,Informatics College,487.07781088910053,,376
food,Warehouse Coffee,535.3504964770698,,390
food,Popeyes,535.3504964770698,,390
food,Turks,115.68195188613515,,390
food,CoCo Fresh Tea & Juice,115.68195188613515,,390
food,Hot-Star,115.68195188613515,,390
shop,SM Appliance Center,115.68195188613515,,390
food,The Coffee Bean & Tea Leaf,115.68195188613515,,390
food,Bigbrew Central,1018.8528311742339,,894
food,Siomai House,1018.8528311742339,,894
food,Shawarma Shack,1018.8528311742339,,894
shop,Petron,140.16917620980325,,817
shop,,65.0208491854467,,817
shop,,65.0208491854467,,817
food,R. Lapid's Chicharon & BBQ,240.90761050752718,,817
health,Blue Jade Klinika at Laboratoryo,128.69895730370405,,820
shop,M Lhuillier,128.69895730370405,,820
food,Chooks to Go,128.69895730370405,,820
gov,Plaza Ruiz Outpost,139.9122290564459,,273
shop,Basic City Shirts & Prints,397.78115548051915,,273
shop,Big Apple Shirt,208.51609255515646,,273
shop,Tri-M Shirts,208.51609255515646,,273
work,Gainsway Marketing Corp.,208.51609255515646,,273
shop,Champnet Fishing Supply,1064.3929621071482,,273
shop,Bagong Kaisahan Marketing,393.7358237700105,,258
shop,Gody Wax Center,109.31522554892936,,258
shop,Sally's Balita Marketing,306.3737276270416,,258
shop,Master's Catch Inc.,924.9678423241634,,258
shop,New Manila Panasahan Marketing,481.39742267556187,,258
shop,Apollo Plastic Marketing,283.2214384137595,,258
shop,Anncai Store,808.7547836930828,,279
transport,GCK Building,1061.118200770358,,661
food,Subway,670.67162518736,,383
food,ZUS Coffee,670.67162518736,,383
shop,Wheeltek,369.90667239156517,,516
shop,,140.16917620980325,,642
shop,7-Eleven,1162.1584117398788,,641
shop,Palawan Pawnshop,218.0067355307278,,642
shop,Manila Canvas,403.01756226417433,,642
food,Chamber Café,403.01756226417433,,642
food,Papa Kape,194.71904639328392,,651
shop,Morbai Charts/Maps and Maritime Supplies,1880.8379229261639,,641
food,Tony Vegetarian Food,194.71904639328392,,274
shop,Index,256.3626399192277,,6
food,Dunkin',256.3626399192277,,6
shop,Ablaza Pawnshop,256.3626399192277,,6
shop,Villarica,256.3626399192277,,6
shop,Goldilocks,218.44936955628907,,579
shop,Mr. DIY,218.44936955628907,,579
school,United Bethel Christian Academy of Manila,772.0818482444731,,567
school,Maranatha Christian Academy of Santa Mesa,772.0818482444731,,567
shop,Palawan Pawnshop,224.58082205324922,,577
shop,7-Eleven,121.58136430416215,,578
food,Minute Burger,33.97820180081353,,553
shop,Simbahan Store,57.01345541161548,,500
shop,B8 Bakery,219.2324735942476,,501
food,Happy N' Healthy - UBelt,690.2764026453688,,390
food,Maysum Seafood Restaurant,525.557975423248,,652
health,Premiere Eye Center,165.47230769917684,,652
food,Dampaseatos,165.47230769917684,,652
shop,Cebuana Lhuillier,365.1533417284471,,651
food,Banh Mi Kitchen,263.1581308141226,,652
shop,Laundry Lounge,397.0595456488526,,655
food,Serenitea,153.01204593956572,,652
food,Kongfu BBQ House,153.01204593956572,,652
food,The Hull's Craft,153.01204593956572,,652
shop,Cebuana Lhuillier,530.6036997297923,,653
food,Red Tent,31.79729958098377,,684
food,Manila Vice,52.03113385673812,,684
food,Oui Tacos,90.92504710911794,,684
work,Cosco Shipping Lines (Philippines) Inc.,596.4505191810962,,686
shop,MyDobi,395.29427739445174,,679
health,PulpZone Dental Center,395.29427739445174,,679
food,Goca Tea & Coffee,395.29427739445174,,679
food,TOMORO Coffee,395.29427739445174,,679
shop,7-Eleven,395.29427739445174,,679
work,Jones International Manpower Services Inc.,93.76742708730555,,680
work,Luzern International Manpower Services Corp.,93.76742708730555,,680
health,R'Mae Drugstore & General Merchandise,47.65077055412476,,102
shop,Digital Mark - The Real Studio,89.58730579248203,,219
shop,Ingco,89.58730579248203,,219
shop,Big Box Binondo,89.58730579248203,,219
shop,New Oriental Industrial Sewing Machine Inc.,165.1574456133924,,219
shop,Acerr Star Sewing Center,100.27899365029398,,219
shop,Aguila Auto Glass,163.124229961732,,216
shop,Sewlink Enterprises Inc.,143.136400001333,,216
shop,Autoworks,149.8612683288821,,216
shop,Triple 3 Tire Supply,215.70555466577062,,239
shop,Happy's Pet,92.56331426733854,,239
shop,TIS Industrial Sales,113.11439099566613,,225
shop,1877 Sewing Machine Trading,186.38613173808315,,225
work,Achlers Integrated Sales Corp.,162.04729237493478,,240
shop,PC Express,1781.3882838327172,,236
shop,Ford Tractor Philippines,95.55865954200418,,240
shop,Marces Appliances,62.98393414714387,,240
shop,Art in Bloom,115.72635731198675,,228
shop,Ayan Harware,218.4989343024468,,228
shop,Minimalist LED,147.16839370014858,,228
shop,Lamson,195.8934839828671,,249
shop,Save 5 Self Service Laundromat,131.11614404908167,,129
shop,7-Eleven,183.77853487772882,,131
health,Saint Claire Laboratory and Diagnostic Center,51.07584370667799,,130
health,Pharmalane Drugstore,51.07584370667799,,130
health,Medic Drug,70.63078545697478,,130
food,Kolokoys Chicken,194.71904639328392,,857
shop,King's Bakeshop,55.116204209754585,,2
shop,The Original Paras Seedless Pakwan,315.9305695004058,,1
shop,Pan de Ofiel's Bakery,378.3405877967134,,6
shop,Papas Pawnshop,520.3226741838026,,6
health,Solimed Pharma Distributor,116.7410863879904,,5
work,Flash Express,123.12437290982696,,5
shop,Ingco,249.78692189074366,,278
health,Jero Generic Drugstore,171.13186772186745,,25
shop,Cebuana Lhuillier,73.24512222272824,,22
health,ST. J. T. Pharmacy,37.38688357638331,,22
health,Metro Doctors Drugstore,40.80077655342887,,28
health,Metro Doctors Polyclinic,60.489480900265534,,28
health,gdrj Pharmacy,112.1085405404651,,11
health,Easy Access Diagnostic Center,57.147896294416825,,11
shop,Julie's,57.147896294416825,,11
health,Urgentcare Drug,130.43817595308656,,11
health,TGP,44.48224813423335,,17
shop,Tambunting,136.27788599992635,,17
shop,Piao Hio Salt Dealer Inc.,388.9360745114862,,268
shop,Hap Suy Hardware Co. Inc.,581.0627069692414,,270
work,Rizal Mills Corp.,128.9404221710144,,277
work,Veco Paper Corporation,61.45828471190025,,275
health,Mandarin Chinese Drug Center,138.1563086984516,,276
health,Hong Tai Yang Chinese Drugstore,138.1563086984516,,276
food,Big Bowl Noodles,341.44722306414803,,275
shop,Hamco Stationary Corporation,353.8136540599492,,276
shop,Tuan Bon Office Supplies Corporation,353.8136540599492,,276
shop,Atlanta Stationery & Paper Supply,572.6995157094075,,275
shop,New Era Travel & Tours,392.8240037484675,,276
shop,Tita Jeng's Laundry Service,47.20313953193334,,276
food,Huaren Hai Xian Can Ting,47.20313953193334,,276
food,Kona Coffee,87.15307736894987,,43
food,Salas Kainan,91.76653777706008,,147
shop,Cebuana Lhuillier,80.41539244060058,,212
health,TGP,80.41539244060058,,212
health,Southstar Drug,100.41782310230052,,212
shop,Ate Vis Laundromat,102.17975555069344,,221
food,Chooks to Go,234.33617811570127,,221
market,Ever,234.33617811570127,,221
food,Frapatea,86.80394714895647,,176
school,The Lord is my Shepherd School of Manila,93.36230330106304,,174
shop,Juan Whey Gym Supplements,356.3151817189542,,174
food,,356.3151817189542,,174
food,Dunkin',173.27941409161716,,169
shop,Ablaza Pawnshop,153.675667038271,,175
food,Kowloon House,71.33543424743984,,175
health,Ignacio Dental Clinic,71.33543424743984,,175
shop,Cebuana Lhuillier,78.58841775624622,,175
work,LBC,78.58841775624622,,175
shop,Villarica,78.58841775624622,,175
shop,Kevin Hardware,78.58841775624622,,175
food,Ang Lechon Manok ni Sr. Pedro,78.58841775624622,,175
work,JRS Express,214.70034983164436,,169
food,"Ate Becky's Pares, Mami, at Inihaw sa Gagalangin",190.43118831979382,,175
shop,AJ Chloe Pet Shop,141.5899366429062,,173
shop,Art Auto Detailing,53.71651049790199,,176
food,D&D Pares Mami House,135.8061641384525,,173
shop,Motorstar,113.32110554394978,,176
food,KFC,156.26736114058792,,151
shop,Arbee's Bakeshop,83.8728596160151,,163
food,Andok's,83.8728596160151,,163
health,Generika,83.8728596160151,,163
shop,Dali,337.37735351802235,,343
shop,Eko Laundry Station,67.5474429137616,,333
food,David's Tea House,145.03652508731645,,334
shop,Kerrigan General Merchandise,96.151246474105,,342
food,Frapatea,335.841086493837,,154
shop,M Lhuillier,335.841086493837,,154
health,Generika,91.81425972577469,,155
shop,Don Benito's,91.81425972577469,,155
shop,Divimart,4399.366238021855,,157
food,Boss Samgy,317.7670693374037,,153
shop,Power Line Enterprise,317.7670693374037,,153
health,MCTI Diagnostic Clinic,317.7670693374037,,153
shop,Ricky Tire Supply,119.64066997930209,,340
shop,Camille Tire Supply Services,265.1294818728012,,344
shop,LJ&J Tire and Magwheels Supply,144.7827017505644,,344
shop,Camille Tire Supply,80.68866216434985,,340
shop,Hailey's Tire Shop,425.2499073926158,,344
shop,CCTB Tire Supply,112.4327605233432,,340
shop,M. R. A. Tire Supply,142.47937716455561,,340
shop,RJBC's Tire Supply Shop,127.86161990104235,,340
shop,Ricky Tire Supply,78.69752445235663,,340
shop,Cebuana Lhuillier,130.97864235415454,,340
shop,Ingco,177.01389319734443,,332
food,Kape 'Tol Cafe,151.30956204568682,,536
food,Coffee Studio,283.0010595294156,,447
shop,TailG,235.68888506118637,,447
health,SafeMed Pharmacy,101.7398108165194,,438
food,Sabaw Manila,148.62982963406495,,384
shop,Don Benito's Cassava Cake & Pichi-Pichi,64.20413813805222,,384
food,Tsubaki-Ya,390.975688263997,,383
health,Otamias Dental Clinic,297.3614928257431,,444
health,VIP Pharmacy & General Merchandise,297.3614928257431,,444
food,Madbrews,255.08846451699628,,456
food,Serenitea,255.08846451699628,,456
food,The Coffee Bean & Tea Leaf,521.7926312503807,,467
health,HP Precision Diagnostics,208.2830096715188,,467
health,Uy Dental Clinic,502.60214381727945,,465
food,Big Guys,757.3615739336915,,465
food,Lod's Pares,15.331233701588339,,330
health,Denturia Dental Clinic,15.331233701588339,,330
health,WOS Orthodental Clinic,492.2070975081166,,338
food,KFC,1276.5294210943239,,418
shop,Regasco,140.16917620980325,,420
shop,Cebuana Lhuillier,208.2054061748264,,420
food,Mixue,1108.8486741665215,,620
shop,Lakay Store,77.80126171094547,,325
shop,Adela Store,232.554580921757,,323
shop,Tubino's Bakery,213.7619928027814,,324
shop,Medical Depot,137.5250699305745,,303
shop,MedicalMart Medical Supplies,116.20135612358385,,325
health,K8 Pharmacy and Medical Products,116.78327149251339,,311
shop,Gemry Medical Supply,80.97188356652337,,311
health,K2 Pharmacy,49.25709679747234,,311
shop,R. Medina Medical Dist. Inc.,115.02952843887353,,311
shop,JEGT Medical Supply,213.43740785123683,,325
shop,Top Medical Supplies,147.78836848427238,,307
shop,MEDXCHANGE MNL,75.84624767231092,,306
health,Psalms Central Healthcare Services,50.06110519164497,,301
shop,Villarica,59.074066655286195,,301
health,TGP,50.06110519164497,,301
shop,Alfamart,166.38721230847028,,297
food,Angel's Burger,194.71904639328392,,297
gov,J&T Express,119.51436231849867,,301
shop,Motortrade,119.51436231849867,,301
shop,Nature's Flow,201.61167777232635,,298
shop,Evita Commercial,201.61167777232635,,298
shop,Cebuana Lhuillier,201.61167777232635,,298
shop,Palawan Pawnshop,201.61167777232635,,298
shop,7-Eleven,454.26271944679587,,483
food,Noodle King,175.5965195363732,,329
shop,Palawan Pawnshop,385.9965775674642,,477
shop,Uncle John's,385.9965775674642,,477
shop,Nikko's Tailoring,92.3645098520235,,463
shop,Motortrade,283.32466130200254,,404
health,Smilemakers Dental Clinic,283.32466130200254,,404
shop,Famouse Dry Cleaners,198.20722970982195,,412
shop,Lifetime Hardware,265.9305649514323,,412
shop,Emacoustica,61.81253822788971,,293
shop,Golden Rich Sports and Store,61.81253822788971,,293
shop,Titan Sports Depot,61.81253822788971,,293
work,Alexan School of Technology,167.35452245380884,,295
shop,Golden Mars Electronics and Electrical Supply,457.0192662398567,,295
shop,Pearl River Lights and Sounds,302.4679415298704,,295
shop,I. Bulaun Optical Clinic,92.81876398061188,,292
shop,Carriedo Shoe Center,140.1252884631961,,292
shop,Precious Optical Services,229.24703042337015,,293
shop,JLV Optical Clinic,123.88413478207703,,293
shop,Triple D Optical Clinic,123.88413478207703,,293
shop,Tata Optical Services,229.24703042337015,,293
shop,Olazo Optical Clinic,342.4832983194119,,293
shop,VIGI-CCTV,96.25998058165146,,289
shop,Kirin Airconditioner,97.33792483549719,,289
shop,Cambricom,149.04435154505035,,289
shop,BMAX CCTV Trading,149.04435154505035,,289
shop,baterya.PH,149.04435154505035,,289
shop,Radiones General Merchandise,307.8408949122975,,289
shop,Radiocom Eletronics Center Inc,307.8408949122975,,289
shop,Barber Shop,55.18308560805103,,289
shop,TSSS Hub,55.18308560805103,,289
food,Happy Delicious Kitchen,300.89167331514625,,282
shop,Zenmaster Religious Supplies,89.12219560380424,,281
health,TGP,429.9591441014967,,282
food,Ju Bao Guan,83.62985951890072,,282
shop,Luis Auto Supply,1072.4152401965855,,282
food,Arthur Z Restaurant,508.97964440326325,,288
gov,Barangay 302 Zone 29 Hall,95.338783828532,,288
food,Jane Modern Store,38.91270821834851,,287
shop,Smart Medical Supplies,158.86779713265352,,319
shop,Medical Outlet,358.8840351249669,,319
shop,Heidi Medical Supply,31.369734124644463,,320
shop,Daily Medical,310.92891591970664,,320
shop,Triple 888 Medical & Pharma Inc.,310.92891591970664,,320
work,,310.92891591970664,,320
health,Goodhart Pharmacy,70.76933608217996,,248
shop,Palawan Pawnshop,70.76933608217996,,248
food,TOMORO COFFEE - Binodo,105.13331171979154,,275
food,J's Cuisine,494.92799776786825,,640
food,30 Second Coffee Shop,614.7568863502344,,652
food,Al Jograts Persian Grill,295.35107751197154,,456
food,Mr. Wok,153.28867372737105,,454
food,Kowloon House,245.5459888703582,,366
shop,Express Wash Laundry Center,111.50836955334628,,363
shop,Aleng Shonget Store,95.4350746112369,,368
food,Paluto ...sizzling nga po!,124.43828206723887,,368
food,Dunkin',216.47550934517542,,704
health,Jervz Dental Clinic,447.92003309352833,,704
health,KNC Pharmacy,447.92003309352833,,704
shop,BeautiCurl Lounge,447.92003309352833,,704
shop,Cadbury's Laundry,240.61845218034546,,704
food,Pickup Coffee,240.61845218034546,,704
work,LBC,240.61845218034546,,704
food,Baliwag,94.66467879669536,,715
food,PH Mahal,798.6423633742554,,714
food,Evan's Goto,134.68482167532486,,714
food,El Poco Cantina,1241.021701441153,,712
food,Demetrio's,194.71904639328392,,712
work,Hungpu River Grouup (Manila) Property Co. Ltd. Inc.,421.1095368344422,,710
shop,Hann Wash,91.70017865280633,,712
food,Malate's Pares,40.436414418232985,,718
shop,Regasco,126.68962590786025,,718
shop,Dongfeng,423.33042361620505,,660
market,Super 8,501.8941722897534,,660
shop,Pilipinas Pawnshop Manila Inc.,217.74900626644623,,660
shop,Tambunting,400.1660527065458,,672
shop,Acebedo Optical,176.25991034843275,,672
shop,G. Ochoa Realica Pawnshop,176.25991034843275,,672
shop,Union Electrical Supply Inc.,258.6498109185542,,658
food,Crumbs and Fillings,178.760430750323,,660
shop,Lawson,478.54189512103636,,747
food,Cocovana,194.71904639328392,,747
food,Fengjia Restaurant,689.2220980185889,,747
food,Yoshi-Meat-Su,383.4785620903776,,747
work,J&T Express,460.0395229881412,,747
shop,"Tanlimco Bros., Inc.",118.77388724982079,,277
work,First Life Insurance,177.88800289573763,,277
work,Prudential Guarantee,177.88800289573763,,277
worship,The Potter's House,140.10287802622625,,668
shop,EX Manila Automotive Repair Shop,140.10287802622625,,668
shop,Kiamore Laundromat,54.390275606157076,,798
shop,NCM Trading,54.390275606157076,,798
shop,Herran Builders Center,73.35649586569741,,798
shop,Tambunting,139.944860115886,,767
shop,Master Pets,95.05188912485505,,858
health,Alex Coloso Drugstore,118.65421804475204,,764
work,J&T Express,116.05905318252192,,764
health,SO-EM Pharmacy,238.4254809864609,,761
health,Labial Pharmacy & General Merchandise,25.040879011053217,,761
health,Generika Drugstore,30.995781607952303,,761
shop,Shop Smart,58.35858655452078,,761
shop,Jay Juaton Salon,217.73147222110558,,462
shop,Villarica,214.20523257975952,,877
health,TGP,83.50805862357716,,877
shop,R. Raymundo Pawnshop,220.45171638629802,,877
work,,561.5335498260175,,879
health,TGP,561.5335498260175,,879
shop,Cebuana Lhuillier,561.5335498260175,,879
work,RNA MARKETING INT'L CORP,113.88206341323541,,632
food,Lamp Post Coffee MNL,139.9122290564459,,632
work,Upson International,877.4969785242005,,649
food,Kinaaye Food House,147.07881145727578,,647
food,,84.90222380045458,,647
shop,Thermopower Control Corporation,335.28320201695726,,277
food,,335.28320201695726,,277
work,Hui Lut Pin Peng Kong Sia,145.73292952974984,,277
food,,145.73292952974984,,277
food,Mutsarap Fried Chicken,145.73292952974984,,277
shop,Amo Hopia & Bakery,145.73292952974984,,277
shop,,151.04521600730328,,277
food,,267.7509836445179,,645
shop,,11.333989694950233,,645
food,,110.62070661788515,,645
food,Congo Grille,211.22920618788714,,650
food,Bobby Chicken Biryani,194.71904639328392,,292
food,Terry's Chicken House,194.71904639328392,,313
food,Tim Ho Wan,253.5562660405043,,654
food,Yabu,253.5562660405043,,654
food,ADZ Cafe,184.33523459550074,,710
food,,194.71904639328392,,710
shop,7-Eleven,184.33523459550074,,710
food,Razzle Brew,184.33523459550074,,710
food,Kaldi Coffee,85.22322408651118,,694
transport,UBE Bus,1061.118200770358,,654
shop,Evergreat Enterprises,101.94856536055795,,282
shop,New Victory Trading,101.94856536055795,,282
shop,Hong Hwi Trading,101.94856536055795,,282
health,Hong Kong Chinese Drug House,148.06502205817353,,282
shop,Tan Kee,152.17409024005246,,282
shop,Oversea Jewelry & Gift Shop,49.708540589061585,,282
shop,Mizuki Houseware Trading,152.17409024005246,,282
health,Hong Tai Yang Chinese Drugstore,124.54902015891832,,282
shop,Sunrise Lucky Charms & Gift Items,49.708540589061585,,282
food,Brew Run,49.708540589061585,,282
health,New World Diagnostics,997.9299206006583,,282
shop,Mei-Chia Dry Seafood Shop,138.1563086984516,,276
food,Shoshin,118.88437823549644,,274
food,Bacsilog,118.88437823549644,,274
food,Quickly,118.88437823549644,,274
food,Taiwan Fried Bao,118.88437823549644,,274
food,Turks,118.88437823549644,,274
food,Chick 'n Juicy,118.88437823549644,,274
food,Tea Brothers,161.76004385481863,,275
work,,161.76004385481863,,275
shop,LAC,93.9431688865198,,275
health,New World Diagnostics,93.9431688865198,,275
work,Malayan Insurance,1103.2058796670724,,275
shop,Ho-Land,209.85273768265876,,275
food,Sun Cafe,161.76004385481863,,275
shop,Lawson,3058.521603918894,,891
shop,Lawson,830.254842019625,,677
shop,Lawson,581.2585838828202,,382
shop,Lawson,749.7777668686388,,465
market,Sari-Sari Store,516.6176986900227,,108
shop,,35.285015863243814,,108
food,Pastilan sa Gagalangin,33.20649458559985,,111
food,Kaibigan Karinderya,194.71904639328392,,110
food,Papa Romm's Karinderya,194.71904639328392,,110
shop,Lawson,307.9616614517569,,715
shop,Lawson,559.8857425647145,,704
food,Ihawan ni Neneng B,139.71365739196978,,453
food,BBQ Nation,112.04187405102536,,694
food,Hana Coffee,112.04187405102536,,694
food,BoardBrew,146.8169374021582,,694
food,Asterisko,112.04187405102536,,694
food,Master Chop,112.04187405102536,,694
food,Cha Tien Tang,112.04187405102536,,694
food,Brunch Theory,112.04187405102536,,694
shop,Ongpin Jewelry Store,49.48174347702637,,291
shop,Golden Glitters,82.1988335869641,,287
shop,,82.1988335869641,,287
shop,,82.1988335869641,,287
work,J&D Express Cargo Delivery,94.47350509835833,,288
health,Mandarin Chinese Drug Center,94.47350509835833,,288
health,Longs Drug Store,45.22154568016717,,288
shop,Fu-Lai Antique Shop,45.22154568016717,,284
food,Taiwanese Juicy Pie,65.26270980353989,,286
shop,Goldmine Jewellery,65.26270980353989,,286
health,Bai Jia-Tang Drug Store,92.97475205903818,,286
food,Oishiekun Chinese Bites,297.9008644838611,,286
food,Chinese Pancake,65.26270980353989,,286
shop,,133.67959864967503,,286
food,Ling Nam Fried Siopao,86.37128246875407,,286
shop,Eng Bee,86.37128246875407,,286
health,South East Chinese Drug Store,603.6970939964302,,283
shop,Annie Brilliant Jewelry,460.00991787339757,,283
shop,Kokee Bakery,124.54902015891832,,282
shop,Seiko Republic Emporium,124.54902015891832,,282
shop,Charme General Merchandise,124.54902015891832,,282
shop,Nueva Medical Optical Center,124.54902015891832,,282
shop,Hearty Bread,226.06679895353724,,282
food,Xiamen Lu Wei,194.71904639328392,,282
food,Starbucks,564.3068011197846,,642
shop,Lawson,146.8169374021582,,694
food,JT's Manukan Leon Guinto,274.0732686699201,,711
food,Wendy's,240.61845218034546,,704
food,Ate Rica's Bacsilog,307.9616614517569,,715
food,Food Baskets Corp,3689.490678383295,,704
transport,Tutuban,1291.575798221054,,231
gov,Metro Manila District Engineering Office,139.9122290564459,,622
work,J&T Express,189.35569656149738,,695
food,Tapa King Divisoria,3830.44362991806,,259
shop,Pan De Carpio,73.05802564631898,,812
shop,Gelsy Laundry Services,45.186095500280025,,812
shop,Gelyka Purified Water Refill,153.61084179363425,,812
shop,Paras Alter Station,309.8431840530554,,816
shop,Nuat Thai,1058.4875523100607,,663
shop,laundrybest full & self service,1058.4875523100607,,663
food,Kianne's and Pierre's Eatery,194.71904639328392,,663
shop,BYD Otis,1333.8794788501261,,812
food,Pickup Coffee,194.71904639328392,,812
shop,Bettina's Fashion Boutique,309.8431840530554,,816
health,teethcetera Montemayor Dental Clinic,309.8431840530554,,816
shop,David's Salon,309.8431840530554,,816
shop,Hubsite Printing Center,309.8431840530554,,816
shop,B Fashion & Apparel,309.8431840530554,,816
shop,WorldWatch & Jewelry Service Center,309.8431840530554,,816
food,Little Mom's Donuts,309.8431840530554,,816
food,Fiftea,309.8431840530554,,816
food,Street Halo-Halo Milky Ice,118.35012062163707,,666
shop,7-Eleven,359.57592546942203,,664
food,Zagu,100.87206241077222,,666
food,BuriQuo Pizza,194.71904639328392,,666
food,Dunkin',91.1348466857671,,666
food,1.28 Coffee x Cocktails,194.71904639328392,,664
food,Baduk Beauty Cafe,147.42511296346788,,665
shop,Balai Pandesal / Soy & Bean,84.32177086856163,,665
shop,Palak Mini Mart Indian Grocery,84.32177086856163,,665
shop,Alliah and Annica Barber Shop & Beauty Salon,164.59487508104505,,665
gov,Ermita Police Station 5,139.9122290564459,,665
food,Banang Express,84.32177086856163,,665
shop,Panaderia,84.32177086856163,,665
shop,Braine or Shine Laundry,140.16917620980325,,663
shop,The LavHub,140.16917620980325,,663
food,Pinpoint Billiards & Food Stalls,202.05217636264854,,58
food,Jhayricka's Meryenda Center,49.25368542770042,,58
leisure,Old Torres Covered Court,529.4475639288887,,144
leisure,Urban Deca Homes Covered Court,389.43116297049664,,92
shop,Aling Mely's Turon,140.16917620980325,,376
shop,Pater ni Intan,140.16917620980325,,370
food,Gedli,194.71904639328392,,268
leisure,ARKONG PAGKAKAIBIGANG PILIPINO TSINO,515.4925463046939,,277
food,Lam Dynasty,203.52001448083752,,275
worship,,319.7511067513299,,288
food,La Events Cafe,403.01756226417433,,642
work,TKL Steel Corporation,834.9788470377557,,333
shop,Lucky J Laundry,445.6455944817688,,712
shop,GoClean Laundry,140.16917620980325,,712
shop,Grainsmart Aqua,140.16917620980325,,712
shop,Wash 'n Wait Laundry,140.16917620980325,,712
shop,Extreme Warehouse,213.59565252348997,,370
shop,Art Sign Solar,213.59565252348997,,370
shop,Clinica Palanca,922.9441200975556,,370
food,Mr. Unlimited Cafe,172.42244535409284,,370
school,PUP Main Building,978.5068120535509,,616
work,SPARK Staff house,121.05711914934541,,583
shop,D&P Bike Lab,140.16917620980325,,731
shop,Uncle John's,77.98841481152745,,731
health,Acsay-Bayas,77.98841481152745,,731
shop,Eyecare,77.98841481152745,,731
food,The Director's Cafe,77.98841481152745,,731
food,Korean Street Food,1000.7723314907486,,713
food,Bigbrew,194.71904639328392,,704
shop,Barbierro Barbershop,108.45241073822683,,502
shop,Old School Barbers & Pomade,158.14024959554905,,731
food,Gringo's - Sampaloc Manila,194.71904639328392,,534
gov,Bureau of Internal Revenue - Revenue District Office No. 032,872.5635529340407,,640
health,TGP,200.98504224551772,,292
work,Jojie's Catering Services,107.84156125492208,,742
shop,Yedang,1273.917846257158,,877
food,The Ministry of Coffee,1000.7723314907486,,713
health,Dona Aurora Quezon HC,200.98504224551772,,77
health,Bo. Fugoso HC,239.81604796148508,,22
health,Bo. Obrero HC,200.98504224551772,,185
health,Tayabas Health Center,307.62497095495814,,218
work,REANDI PLAZA,107.52900069812864,,675
shop,Dream Nails Studio,184.33523459550074,,710
shop,Wash N Wait,184.33523459550074,,710
food,MEALTIME,184.33523459550074,,710
food,ZH Food Station,184.33523459550074,,710
shop,ABG Studios,184.33523459550074,,710
shop,Harri Oz Barber Shop,184.33523459550074,,710
shop,Eunoia Aesthetics,184.33523459550074,,710
shop,Paws & Beans Pet Supply,184.33523459550074,,710
shop,J-Star,184.33523459550074,,710
food,BOK Korean Fried Chicken,194.71904639328392,,710
food,Persia Wrap,97.52756732735864,,712
food,AMS Golden Plate,225.57886684013195,,710
worship,Jesus is Lord,342.7178044618672,,52
shop,Obrero Bakery,159.76031918263726,,179
shop,Ablaza Pawnshop,353.73966738537655,,2
shop,Villarica,353.73966738537655,,2
shop,7-Eleven,83.00910655959368,,2
gov,Barangay 515 Zone 51 District IV Hall,134.00138265089362,,501
food,Boulangerie 22,108.43182383612447,,457
shop,Bakery sa Pureza,167.7744197231325,,612
work,International Experts,168.00870629977095,,694
food,Siomai King,481.7935438005016,,877
shop,,137.0143472243029,,388
gov,DPWH Las Piñas-Muntinlupa District Engineering Office,806.2113676167032,,635
work,LKY Group of Companies,112.86270405055699,28.0,712
work,Logicore Express,345.53150849548007,,639
food,Famous Belgian Waffles,309.8431840530554,,816
gov,,533.9576720317726,,373
shop,Novo Jeans,230.23364289420357,,877
food,Don Macchiatos,230.23364289420357,,877
food,Purple TigerX Cafe,137.30191644005282,,456
food,Manila Bay Kitchen,3898.4832927339094,,684
market,Bambang Market,2053.526769292142,,255
gov,Manila City Hall,8558.72645255146,5.0,645
work,Manila Harbour Center,775706.6867338261,,118
work,SM Hypermarket,25960.55108942411,,118
gov,Ayuntamiento de Manila,5281.312038628409,2.0,641
gov,Court of Appeals,17280.20580404573,,655
gov,Department of Justice,7513.8401258758195,,655
gov,National Bureau of Investigation,16481.629593438698,,655
gov,Supreme Court of the Philippines,14418.469758375153,,655
school,University of the Philippines Manila,5180.520247049332,,655
worship,The Church of Jesus Christ of Latter-day Saints,1226.7160517089492,,138
mall,999 Shopping Mall,16279.327737204141,5.0,279
school,Nihongo Center,395.9300153445773,,381
leisure,,6994.98191927538,,704
work,Embassy of the United States of America,70432.81630914079,,652
health,Chinese General Hospital and Medical Center,34243.927156198086,,362
school,Victoriano Mapa High School,6109.091270265,,627
school,Centro Escolar University,21934.93900728317,,627
school,Lyceum of the Philippines University,8447.181513888125,,644
health,Jose Fabella Memorial Hospital,10999.057805006129,,297
school,Doña Teodora Alonzo High School,3659.967721848997,,313
school,Francisco Balagtas Elementary School,7737.9560245089115,,313
school,Gregorio del Pilar Elementary School Centex,2812.281999978467,,249
school,General Gregorio del Pilar Elementary School,6583.962093592572,,249
mall,,2562.3414470005127,,578
school,De La Salle University Manila,55996.8871120564,,704
school,St. Stephen's High School,16836.575318163406,,256
school,Hope Christian High School,7753.936790591175,,250
school,Emilio Aguinaldo College,9673.425836725395,,659
school,St. Scholastica's College,38132.501917198206,,713
school,Perpetual Help College of Manila,2314.396881453592,,456
school,National Teachers College,8058.559443591842,,374
work,Customs House,3864.5078189431697,3.5,637
school,Espiritu Santo Parochial School,4324.050181509569,,330
work,,2005.6866571670355,,298
transport,V. Mapa,2081.18736420323,3.0,572
work,,1833.2075815077267,,398
school,Herminigildo J. Atienza Elementary School,2230.9596213545437,,635
work,WHO Western Pacific Regional Office,10364.593832387225,,655
school,UP Manila College of Arts & Sciences,5801.4407866039,,655
school,Colegio de San Juan de Letran,16100.09159208556,,640
work,,1245.2795644599878,,265
work,South Harbor Container Terminal,337293.51337111817,,635
school,P.U.P. College of Engineering and Architechture,19755.16760728048,,614
school,Pio del Pilar Elementary School,9328.860912698285,,617
school,Antonio A. Maceda Integrated School,9211.390752097286,,567
school,P. Burgos Elementary School,9702.404554721152,,567
school,General Emilio Aguinaldo Integrated School,5589.78837064562,,883
school,San Sebastian College - Recoletos,16255.886171297472,,376
transport,United Nations,2176.5081659071952,2.0,651
mall,Lucky Chinatown Mall,9973.593349345796,7.0,279
worship,The Church of Jesus Christ of Latter-day Saints,1139.1068620893916,,202
leisure,,14487.315015332337,,894
work,CY-7 ( PSAC),14875.120075197623,,137
work,,12812.04079169506,,137
leisure,Vitas Acquatic Center,1748.7014287139582,,94
leisure,Vitas Park,1965.1926699693524,,94
school,Holy Trinity Academy,13172.182115702175,,525
school,Carlos P. Garcia High School,3459.8594255298467,,815
work,Ironcon Builders,915.195510931039,2.0,641
school,Gregoria de Jesus Elementary School,2612.414913256514,,151
work,A.T.I. Container Yard,20531.743892032686,,586
gov,Palacío del Gobernador,4286.628737392148,8.0,641
school,Ignacio Villamor High School,5052.2546276473495,,761
transport,Quinta,171.16827518800162,,292
leisure,PUP Linear Park,3491.2547760076363,,616
gov,Manila City Impounding Area,5822.0826281407735,,118
food,Borderline Food Park,1769.4472949562037,,593
food,Shakey's Pizza,1416.0730550962244,,593
school,Manuel Luis Quezon High School (JHS),2254.4172963613496,,351
work,Eastern Shipping Lines,1998.1030788010712,,636
work,Country Chicken House - Head Office,956.9007079045998,,586
leisure,Plaza Mexico,2307.690518119509,,642
school,Elpidio Quirino Senior High School,2886.0903942112054,,597
school,Bacood Elementary School,9181.011149922226,,597
school,Saint Joseph School of Pandacan,2845.6642524907834,,818
work,Manila Bulletin Publishing Corporation,9826.1400912816,,643
work,Regina Building,2751.2014415648828,4.0,277
work,Madrigal Building,1374.7753955344012,6.0,277
work,Calvo Building,1232.015339383974,4.0,277
school,University of Santo Tomas,217685.48150329315,,456
health,University of Santo Tomas Hospital,17738.381810131268,,456
leisure,,76666.69793652296,,651
leisure,Plaza Dilao,3214.241782904795,,667
leisure,,8082.340444075455,,456
school,Concordia College,35761.650964373905,,805
work,,21924.21161433777,5.0,645
work,,1842.7388770309706,3.0,655
school,Colegio de Santa Rosa,3833.6739282974504,,641
leisure,,891.7414216816314,,456
leisure,Rizal Memorial Coliseum,4490.659600191465,,704
leisure,Ninoy Aquino Stadium,4549.28359301385,,704
leisure,Rizal Memorial Baseball Stadium,12422.837022923071,,704
leisure,Enrique M. Razon Sports Center,2859.850163518773,10.0,693
leisure,Plaza de Roma,4128.054966222303,,641
gov,Bureau of Immigration,1921.3642940957766,4.0,642
leisure,,287415.4387071053,,651
transport,Eva Macapagal Super Terminal,4780.157399848461,,639
work,Metro Port Service Incorporation,6823.2429539759105,,636
work,Myers Building,3848.3750924111305,,636
leisure,Rajah Sulayman Park,5212.4265629767615,,685
work,,1761.5321686301686,3.0,643
worship,Quiapo Church,2283.2032174642127,1.0,293
gov,Philippine National Railways Executive Building,2129.7246866721125,3.0,231
gov,Malacañang Palace,5504.8774017585965,,629
leisure,iMake History Fortress Learning Center,363.9166448428598,3.0,642
school,Pamantasan ng Lungsod ng Maynila,27798.176212625665,,643
market,Quinta Market & Fish Port,4442.340364246383,,292
school,Ramon Q. Avancena High School,5404.473068339695,,372
work,,33972.51658075664,3.0,336
work,Electronic Data Processing Center,5077.73558107554,8.0,704
gov,Bangko Sentral ng Pilipinas,8042.562847577588,5.0,704
gov,Department of Finance,1891.6061795793864,6.0,704
work,Manila Central Post Office,5920.839941122567,6.0,894
school,M. Araullo High School,18719.920091015505,,895
transport,Park & Ride Lawton,4949.254226173312,2.0,894
school,Mapúa University,18078.65129477547,,644
mall,Lucky Chinatown,19283.04157870413,,279
mall,11/88 Shopping Mall,3936.534924227436,,279
school,University of the Philippines Manila,38528.98167827221,,654
market,San Andres Market,2506.1274600186553,,691
school,Technological University of the Philippines,30517.316992306,,646
school,P. Gomez Elementary School,19336.102282625117,,301
school,Paco Catholic School,17440.32640610761,,664
school,Justo Lukban Elementary School,11991.824278382164,,656
school,Philippine Normal University,47227.17083563261,,645
school,Philippine Women's University,8641.766029266093,,679
school,Manila Science High School,7957.3830513100875,,661
school,Santa Isabel College,14072.572470814759,,895
transport,Legarda,1988.920449710103,2.0,402
school,Far Eastern University,35137.9607501402,,381
work,,302.5927973716191,,651
gov,National Parks Development Committee Security Office,469.4594208646349,,651
school,San Beda University,44239.871103117825,,624
market,Santa Ana Public Market,4310.724789934348,,863
school,Bagong Diwa Elementary School,1950.5483221110758,,846
leisure,Jacinto Ciria Cruz Recreation Complex,2465.6609865598525,,844
school,Padre Jacinto Zamora Elementary School,10095.56710700792,,840
school,Tomas Earnshaw Elementary School,8370.1545659433,,881
work,Solicarel I,766.3471721026439,,617
market,SM Clearance Outlet,1579.165770319223,4.0,292
leisure,Arroceros Forest Park,21209.63875222425,,894
work,Postbank Center,1063.3026555654842,3.0,894
gov,LTO Manila South District Office,617.8003130590957,2.0,894
market,Isetann Cinerama Carriedo,1626.43231261527,9.0,292
school,Mataas na Paaralang Ramon Magsaysay,9282.42703549765,,465
mall,Odeon Terminal Mall,1416.9837125999782,4.0,296
market,Savemore Market,7460.731356725912,,620
school,Adamson University,57156.0065078732,,650
school,Dr. Celedonio A. Salvador Elementary School,13055.476158626545,,663
school,Manuel A. Roxas High School,12807.374588952725,,809
school,Librada Avelino Elementary School,3342.2469988055104,,172
work,,910.0346642446393,,231
worship,"Iglesia Ni Cristo, Lokal ng Tondo",3125.37186993973,,50
worship,Santo Niño de Tondo Parish Church,2580.49993920894,,3
work,,4894.930768844862,,84
worship,Santa Cruz Church,1857.8139884772158,3.0,289
work,National Press Club Building,423.6225866093655,3.0,642
work,,2056.2020192245745,,226
school,Gregorio Perfecto High School,4194.048897056334,,49
work,Land Bank of the Philippines,3541.5294952707914,10.0,684
work,Isetann Cinerama Complex,8958.50346417451,5.0,294
leisure,San Andres Gym,2289.931456572992,,689
worship,Malate Church,1324.7443693283108,,685
work,,1710.5289344658165,2.0,643
school,St. Paul University Manila,15293.77802454929,,682
gov,Bangko Sentral ng Pilipinas,74575.26892313201,,704
work,Delgado Building,852.5742728567072,,639
leisure,,2629.2177825787976,,642
leisure,,1157.2468389605651,1.0,317
worship,Iglesia ni Cristo - Lokal ng Tayuman,899.7902817747728,,317
market,Puregold,2798.02791705589,,687
work,SM Hypermart,11597.975520735845,,118
work,Adriatico Square,3898.4832927339094,5.0,684
worship,,446.78512101271036,3.0,683
shop,Fujimart,302.6154074240151,,684
food,Cafe Adriatico,110.01558658558827,2.0,683
food,ShabuYa,35.283904771840696,2.0,684
food,Tanabe,272.9386136695394,,683
food,Silber,132.5129343401552,,682
food,Loo Kal,167.98173087205123,,682
food,Moscrap,96.413924536322,,683
food,Relatives,96.53453998809056,,683
food,Casa Armas,203.3373730576416,,683
food,Samgyupsalamat Malate,315.87235151066346,2.0,683
school,Malate Catholic School,5960.370688183282,,685
work,,240.90761050752718,,817
leisure,Plaza de Benavidez,13782.261192482205,,456
leisure,Museo Pambata,8437.739268801717,,651
food,Aujen's Coffee,208.58697218216432,,641
leisure,Plaza Nuestra Señora de Guia,3001.539713965205,,652
mall,Robinsons Manila,67441.08299978591,,654
leisure,,2889.39038411483,,635
leisure,P&G Plaza,200.72725264390735,,635
market,Savemore,4000.5778180755233,,895
school,FEATI University,14835.786329302986,,292
food,McDonald's,271.30828656870926,,708
work,Marc 2000 Tower,794.7751117519614,19.0,688
worship,Ellinwood Malate Church,5106.802679182603,,681
worship,New Millennium Evangelical Church,1324.8234728900704,6.0,681
leisure,,5978.005809827545,,894
leisure,Mehan Garden,22119.734995846953,,894
work,Knights of Rizal Building,645.0369050564584,3.0,637
shop,Zafra Motors,183.94926695310556,,735
shop,Mufflerland,91.85989039136282,,735
gov,Jaime Cardinal Sin Building,557.3931579975713,4.0,293
market,San Andres Public Market,6397.084242385575,,752
work,,959.3718627011812,4.0,642
work,Philippine Red Cross,801.4183608600962,2.0,644
worship,Ang Dating Daan,531.5407864350043,3.0,292
work,,421.3057652707295,2.0,292
work,La Tondeña Distillers,730.0319748514064,8.0,633
market,Best Line Mart,1616.106330995637,3.0,370
mall,SM City Manila,23241.849551335567,,645
work,Star Group of Publications,3679.863339954317,,636
school,University of the East,33865.979481695365,,390
work,Flying V,5323.946233555725,,872
leisure,Plazuela de Santa Isabel,898.26324340844,,641
leisure,Luna Triangle,4968.908136244179,,643
work,Vertex One,2442.0691193331395,14.0,336
work,Times Plaza,2622.038757509353,7.0,651
school,PNTC Colleges,1441.3670399617922,8.0,643
school,Manila High School,5515.681746155658,,643
work,Yuyitung Publication Incorporated,405.41897939714096,,641
leisure,Plaza Moriones,15679.393862263567,,642
leisure,Plaza Santo Tomas,694.2987106532923,,641
worship,Central United Methodist Church,4157.62153091934,,651
worship,Cathedral of Praise,4626.997948384591,3.0,661
food,Popeyes,502.3559268291848,6.0,661
leisure,Plaza Rueda,1119.657814855169,,661
health,Medical Center Manila,1954.9175196931083,,659
worship,Nuestra Señora De Guia Parish Church,705.4939586893687,,652
health,National Press Club Medical Clinic,91.77775661191957,4.0,642
work,National Press Club,3357.477014809161,,642
work,Roman Catholic Archdiocese of Manila,4179.387149237585,,641
leisure,Clamshell One,5737.454051515318,,641
work,Edificio Ferlaw,300.7586788309605,3.0,641
leisure,Plaza Willard,569.8209004852342,,641
school,College of the Holy Spirit Manila,27371.91839167309,,624
gov,Presidential Management Staff Office,962.9952494364552,12.0,628
school,La Consolacion College Manila,26736.962723528297,,627
work,Presidential Guards,151.7782712254889,,629
transport,Bataan Transit Avenida Terminal,1739.0560825202358,,298
transport,Genesis Avenida Terminal,1781.6668073885487,,296
leisure,Badminton City,1619.8485772036797,,645
leisure,,2117.6203260086795,,645
school,Universidad de Manila,7389.696134346122,,894
health,AMOSUP Seamen's Hospital,1176.0725301769912,3.0,643
school,LPU Culinary Institute,1075.0781377717744,2.0,644
gov,Barangay 658 Multipurpose Hall,75.77665617223938,,644
worship,San Agustin Church,2064.9220668339303,3.0,644
work,Knights of Columbus,1060.1439987805986,2.0,644
food,Harbor View,696.9676915598583,,651
work,G.E. Antonino Building,1367.9956386033577,16.0,651
work,Catholic Bishops' Conference of the Philippines,4286.019036215901,,641
food,,248.94298537190951,,655
work,Crewcare Building,166.72993425382725,5.0,651
leisure,Plaza Olivia Salamanca,2026.753730227994,,651
health,Manila Doctors Hospital,9299.029473004572,,651
food,Fortune Mansion Seafoods Restaurant,732.3512709936468,2.0,651
leisure,Power Play Badminton Center,363.43325919927145,,655
work,Maria Natividad Building,746.270738553927,13.0,651
school,Ermita Catholic School,493.39410909839677,3.0,652
food,Cowboy Grill,837.4826352356938,2.0,652
health,Mercury Drug,882.5713708694038,1.0,652
work,Luneta Theater,1641.607280480543,7.0,651
school,Lara Hall,1187.5292473134664,,654
health,Philippine General Hospital,94444.19222010394,,654
worship,Cosmopolitan Church,588.2899861036642,4.0,661
work,Angel C. Cruz Law Office,338.5262860325857,,641
work,AIC Center,533.6640086872129,,277
work,,193.3893378828513,2.0,640
school,College of Public Health,3755.309736969679,,654
school,CPH Annex 2,616.4258990393272,3.0,654
school,CPH Annex 1,236.0584736748921,,654
school,College of Medicine,10223.877060342187,,654
work,UP Manila Police Headquarters,80.99355052184387,,654
gov,Film Development Council of the Philippines,663.702321071175,2.0,895
shop,Philippine Bible Society,513.8410151286099,8.0,659
work,Girl Scouts of the Philippines National Headquarters,495.6763036110633,5.0,661
food,McDonald's,542.3220741456562,6.0,661
school,Emilio Aguinaldo College High School,986.7258662649695,,659
school,Arellano University,14177.374817479289,,623
school,Arellano University,3835.1614173327316,,877
school,Dr. A. Albert Elementary School,13701.464290147554,,506
school,Laong Laan Elementary School,1837.443435316575,,501
work,,737.4675787105626,,502
school,Esteban Abada High School,3617.225902974501,,482
mall,Raon Shopping Center,870.3267487013918,2.0,294
leisure,,442.0432293130443,,591
work,L & S Building,1086.0732566831362,10.0,653
work,Juan Luna E-Services Building,1810.7754864505935,7.0,273
work,Uy-Chaco Building,570.1105764710253,7.0,277
work,,4001.638436550378,2.0,812
mall,Robinsons Supermarket,6506.7068651141635,3.0,816
work,,15064.17404354331,2.0,814
worship,Our Lady of Peñafranca Parish,486.85830386167333,1.0,812
worship,Binondo Church,2684.2044748044323,3.0,274
work,Tytana Plaza,1325.521375256491,19.0,274
mall,Manila City Plaza,1847.1416881453686,4.0,292
work,Emerald Circle Avenida,1493.861903721727,6.0,293
transport,Doroteo Jose,3007.4119468520284,3.0,298
health,Jose R. Reyes Memorial Medical Center,20652.404896654676,,317
work,Ever Gotesco Corporate Center,2908.4724570000367,4.0,378
worship,Saint Anthony Shrine,724.2805174092773,3.0,401
worship,Archdiocesan Shrine of Our Lady of Loreto,1115.6010996340347,1.0,401
market,Liana's Supermarket,3670.2025500610134,2.0,387
transport,GV Florida Manila Bus Station,1006.2130713430679,1.0,446
worship,San Sebastian Church,1402.8967827618208,4.0,376
school,Santa Rita College,3851.7006120035935,,376
leisure,UM Gymnasium,827.9928919008448,3.0,386
school,Claro M. Recto High School,5223.554348744926,,624
leisure,,199.81724860934168,,465
work,Church Educational System,441.0765065178898,2.0,382
worship,Abbey of Our Lady of Montserrat,1084.1559237649915,3.0,624
school,UE High School,1042.4975300278722,,390
worship,The Church of Jesus Christ of Latter-day Saints,707.5450334165484,2.0,382
worship,San Miguel Church,679.3862111890803,,631
health,Ospital ng Maynila,27316.32612092295,,706
leisure,,8185.125483775187,,704
school,De La Salle - College of St. Benilde School of Design and Arts,6524.06654894751,,715
school,De La Salle - College of Saint Benilde,7955.859666662191,,713
school,Timoteo Paez Integrated School,12631.497198487808,,130
leisure,,281.43661915890755,,101
market,Puregold,12163.647077103535,,146
market,Pritil Public Market,8613.321499989332,,84
school,Jose P. Rizal Elementary School,11487.5744128914,,48
school,General Vicente Lim Elementary School,6677.09871009732,,99
school,Dr. Juan G. Nolasco High School,2893.59252840633,,84
leisure,,352.44984814810596,,97
leisure,,542.230615077165,,89
school,A.V. Hernandez Elementary School,6564.655866331226,,100
school,Teodoro R. Yangco Elementary School,1521.8985399263468,,82
leisure,Barangay 103 Covered Court,438.85976851018575,,96
school,Emilio Jacinto Elementary School,10386.5837835221,,86
work,,7016.4868242540115,,616
health,Ospital ng Sampaloc,1222.235292659574,,435
work,Jose P. Laurel Memorial Foundation Building,1597.419390413658,2.0,684
gov,Manila Police District Headquarters,8788.166063363718,,895
shop,Hino U.N. Avenue,815.2744673167203,2.0,657
work,,54007.48466662742,7.0,654
health,Our Lady of Lourdes Hospital,15002.644943514431,,592
school,Polytechnic University of the Philippines,105866.59327067233,,616
leisure,,626.3362778825486,,614
food,The Aristocrat,5305.83868686899,,686
food,Chowking,354.53263700510524,1.0,402
work,,272.58796522865225,3.0,381
work,The Nazarene Mercy Center,114.87923287007015,2.0,293
shop,National Book Store,481.738824579252,4.0,381
leisure,Tan Yan Kee Garden,3434.010958280248,,390
work,Times Theater,947.2154512978991,5.0,380
work,Migsan,602.2199538336379,4.0,381
shop,St. Peter Chapels - Sampaloc,692.8026641117777,,397
work,GV Florida Garage,3544.447936348045,,396
food,La Cocina de Tita Moning,1547.1541436126568,,628
leisure,Smart Shot Badminton & Sports Center,755.6673346930786,,679
shop,Landers Superstore,30672.123977363935,,816
school,Jose P. Laurel High School,5711.407100069477,,170
leisure,,390.8463667003031,,360
food,Aling Fely's,171.61177246852571,,668
school,Fernando Maria Guerrero Elementary School,9823.052593770637,,797
school,Mariano Marcos Memorial High School,9762.487553649806,,850
school,O.B. Montessori Center Santa Ana,6750.972611203217,,864
school,St. Mary's Academy of Santa Ana,2215.4001522576746,,860
school,Santa Ana Elementary School,14232.893807822917,,857
leisure,Plaza Felipe Calderon,2444.4914912279155,,863
leisure,Plaza Hugo,575.1164636482279,,868
school,Asian Social Institute,2309.6172836837036,,660
worship,Khalsa Diwan Temple,2163.0642555553486,,662
gov,National Food Authority Metro Manila Office,3753.9382579534636,,662
work,GCK Building,811.9325675599874,11.0,661
school,Claro M. Recto Senior High School,1449.8199267073023,,397
school,Christian Academy of Manila,2232.6463186552687,,621
school,"Eulogio ""Amang"" Rodriguez Institute of Science and Technology",18984.79533044032,,621
school,General L. Geronimo Elementary School,2715.6786093110004,,418
school,Moises Salvador Elementary School,4577.637348415996,,418
school,National University,6107.818801738798,,393
school,Nazareth School of National University,5188.139434058238,,421
school,Santa Catalina College,4957.016651438598,,396
school,Trinidad Tecson Elementary School,3385.522610336133,,418
market,SM Savemore,5055.050916295994,2.0,620
leisure,,248.47059373451287,,419
school,Chiang Kai Shek College,8570.546029700055,,249
transport,,504.56357603668505,,329
school,Holy Child Catholic School,4700.4081930875145,,3
school,Isabelo de los Reyes School,9371.720817355696,,5
health,Justice Jose Abad Santos General Hospital,1845.7322959342728,,268
gov,Manila Police Station 2,560.2944366732888,,4
health,Mary Johnston Hospital,3453.6137656956635,,40
school,Rosauro Almario Elementary School,6551.723946800323,,19
gov,Tondo Fire Station,333.0527775366127,,3
school,Tondo High School,8691.570882109289,,113
mall,Divisoria Mall,7571.188269708216,,261
leisure,Plaza Morga,2055.547745625922,,5
health,Gat Andres Bonifacio Medical Center,2765.276452607779,,11
leisure,MORSACC,257.32585386558685,,62
leisure,Plaza Moriones,986.6196651890048,,50
school,San Lorenzo Ruiz Academy,1451.8895400008805,,274
work,Prime Block,12234.086415675576,4.0,891
work,Main Building 1,10875.327249278593,2.0,891
leisure,,258.25341788200365,,249
leisure,,260.4407420171492,,249
school,Jose Corazon de Jesus Elementary School,1613.8934061548998,,54
school,Magat Salamat Elementary School,7397.586254406235,,64
school,Manuel L. Quezon Elementary School,6952.111163468709,,64
leisure,,324.21105421552437,,113
leisure,,394.8722871753356,,110
leisure,,333.1042485098984,,36
leisure,,2538.8373707479022,3.0,624
worship,St. Jude Parish Church,601.4999957896329,,625
gov,Department of Social Welfare and Development,2823.3692289003034,,375
work,Sherwood Place,2030.2098015611875,2.0,710
work,Primark Head Office,902.9016324044559,28.0,712
mall,University Mall,1741.7298026517283,4.0,704
shop,MG Motor Otis Manila,579.1749251919431,2.0,812
shop,Honda Cars Manila,3371.2358755436117,3.0,812
worship,Grace Bible Church,656.2703941345629,3.0,621
gov,Department of Health San Lazaro Compound,67335.32682103266,,317
school,Andres Bonifacio Elementary School,13208.822677656197,,341
school,Cayetano Arellano High School,8672.36606793877,,300
gov,726 Zone 79 Barangay Hall,173.56102056999333,,711
work,,1156.8639770599948,,636
mall,The Marketplace,7213.65598858082,,877
market,Puregold Kalentong,5053.801948434158,,879
transport,GV Florida Manila Bus Station,592.1559165157341,,446
worship,Golden Mosque,2302.8328995496,1.0,370
school,Technological Institute of the Philippines - P. Casal Campus,18425.64506032995,,371
school,MLQU Monzon Hall,2759.7752878137653,6.0,379
work,SM Warehouse,3756.753493078919,,633
work,Quinta Market,440.8260539903931,3.0,292
worship,"Iglesia Ni Cristo, Lokal ng Quiapo",1046.99306717295,3.0,374
work,SM Warehouse,1177.9451649518592,2.0,633
work,,620.526394697293,3.0,370
leisure,UE Warriors Gym,951.2179912988232,,633
work,Barter,1547.5784804675288,3.0,369
work,CAG Edifice Mall,1369.6623842641561,4.0,378
work,Ever Gotesco Manila Plaza,4421.15159199461,3.0,378
work,KAV Building,352.26036173614125,4.0,369
food,McDonald's,430.8828665871381,2.0,369
shop,Bakerite Bakery,166.76055130565618,4.0,379
work,TRP Building,648.1434191394549,3.0,377
mall,Cartimar Shopping Center,2660.139795526334,1.0,377
work,,610.9529320324114,4.0,632
worship,The United Church,711.4020901571176,2.0,376
school,A. Mabini Elementary School,9255.038917607219,,377
school,Don Bosco School - Manila,5219.04943320468,,588
work,,2974.332162144898,,877
health,Tondo Foreshore Clinic,553.2798500709043,,108
health,San Miguel Health Center,407.03175318435154,,631
work,,6018.208245506201,,372
work,,541.5262732260132,,372
work,,2117.2019892237145,2.0,372
work,,226.40694105878993,,372
work,,421.48904643171625,,372
work,,245.1231619652873,,372
school,Geronimo Santiago Elementary School,5192.821653823811,,632
work,IF Center Bldg,585.2320893468791,2.0,370
worship,,808.3604772153732,,634
food,Cabel,1013.9407251295315,,629
leisure,Plaza Aviles,960.4079287562512,,629
work,Chias Building,185.43761468366912,5.0,293
work,,163.70666008928816,3.0,293
work,,66.4787431663525,5.0,293
work,JLB Building,329.8608631045222,7.0,293
work,,222.36776937856263,3.0,293
work,IOS Marketing Corp.,161.59296696466288,3.0,293
work,Ora Building,780.2721965648318,8.0,293
work,,79.4779219453941,4.0,293
work,Casa Pacita,622.0043911279957,3.0,293
school,City College of Manila,1065.6980454661493,4.0,292
work,,9106.444327948735,,649
work,Saints Michael and the Archangels Parish Office,725.3027689496224,2.0,631
work,Victor de los Santos Building,745.1658440499004,4.0,292
work,,113.66663987405752,2.0,292
mall,Plaza Miranda Shopping Mall,1012.2310260144302,2.0,293
work,,441.8518386561938,2.0,292
work,Felipe Guanzon Building,494.5549866551733,3.0,293
work,,358.8091706196148,3.0,292
work,Carriedo Center,637.2177862561241,3.0,293
work,Gazzaz Shopping Plaza,453.0749058376058,4.0,293
work,Philippine Medical Dental Specialties,185.82563578970775,3.0,293
work,Pilar Tan Building,644.2672670292092,5.0,292
work,,241.5237623105531,1.0,293
work,,466.47542706784066,2.0,293
work,Angel Building,703.1044402855697,4.0,292
work,Plastilens International Inc.,312.18181032733634,4.0,293
work,,136.8772100533855,2.0,292
work,,177.21293610307117,3.0,293
work,,302.1826048700131,3.0,292
work,,46.68049269087408,3.0,293
work,,401.618624138152,4.0,292
transport,Manila Multi-modal Terminal,1044.6830384894595,1.0,894
gov,Malacañang Fire Station,108.16335165861736,,630
work,,444.8254232659035,2.0,292
work,,212.72497905874565,2.0,292
work,,233.30032053915156,2.0,292
work,Metrobank,165.0140421118517,2.0,292
work,,511.956239668217,,373
work,,210.63163759135261,1.0,370
work,,127.17720462926401,1.0,379
shop,,48.6160423670321,,379
food,Excelente Cooked Ham,152.12430370354508,3.0,292
work,,216.06340005087242,2.0,292
work,,778.7106216469581,,370
work,Delicious Restaurant,213.63094541516222,2.0,379
work,,158.08166270680638,2.0,369
work,Edmart Hardware and Electrical Supply,138.9635532743104,3.0,369
work,Jollibee,198.6706698578421,2.0,379
food,Mang Inasal,139.04515961950491,2.0,379
work,JMM Lodge,105.38637626994276,2.0,369
work,,158.9179813171564,5.0,292
work,,412.17566475454,3.0,292
work,,350.67463861706136,4.0,292
work,,186.90226865019784,2.0,292
work,,376.6528158032254,4.0,292
work,,546.2759109167865,3.0,369
work,,375.6840557396879,3.0,292
health,Mercury Drug,170.3362043196696,2.0,369
work,,464.5099079088088,2.0,292
work,,80.7828827256466,5.0,292
work,,439.5939489718987,4.0,292
work,,171.824534855279,4.0,292
work,F&C Tower,324.1839702791452,12.0,292
shop,88 Shopping Center,723.2477206904915,3.0,292
work,,161.0167549022943,3.0,292
work,Dona Dominga de Plaza,257.5515606640911,6.0,292
work,China Bank,422.8893656439034,2.0,292
work,,165.6744020620056,2.0,292
work,"Oriental Novelty Trading, Inc.",308.22520719661196,5.0,292
work,,361.61860731985547,4.0,293
work,,187.0717142979216,4.0,293
work,,106.77650933969167,5.0,293
work,JG Plaza,279.2498423100919,5.0,293
work,Pope Benedict XVI Building,554.8454818733453,6.0,293
worship,Church of Christ at Cruzada,409.89638434339497,4.0,375
work,PLDT,1333.3989161541735,3.0,373
gov,393 Barangay Hall,240.58394531475315,,379
shop,Sahamar RTW,401.3111047758003,4.0,380
school,High School Division,729.8856716247058,10.0,295
work,Salonga Building,264.0632330470114,3.0,293
work,Saviour Electronics and Audio Center,282.34619212668025,4.0,293
work,Newport-NEPCO Building,121.98178193489964,6.0,293
work,P. Gomez Commercial Center,103.32758379166336,5.0,293
work,,191.26553395063794,2.0,294
mall,Universal Park Mall,1937.7266663300672,5.0,289
shop,Arkin Construction,1005.8277144890536,2.0,291
food,Ambos Mundos Restaurant,270.9307464456426,,290
work,,104.37725095356242,2.0,291
work,,356.944726310807,2.0,290
work,Florentino Square,951.25338710894,5.0,290
shop,National Book Store,542.8628277076607,6.0,290
work,,238.28726760265698,6.0,290
work,,409.83701258295173,3.0,290
school,Guzman Institute Of Electronics,472.8359541668665,,295
shop,Tosuy Hardwate,619.378783405829,3.0,291
work,,334.9979796988596,4.0,290
work,Golden Valley,1161.7584882536448,9.0,291
transport,Philippine Rabbit - Avenida Terminal,904.131936761069,,296
transport,,414.85534345562223,1.0,299
work,,1405.6395476612288,6.0,299
leisure,,500.9872448081312,,376
gov,Tanduay Fire Station,1082.5029286450088,,376
transport,Recto,5388.615817634009,2.0,296
school,Guzman Institute Of Technology,1320.0991210696843,,295
school,Guzman Institute,192.067427221684,,294
shop,Liongco,479.0410272797538,,294
work,,181.14308703491412,,376
shop,Arrow Electrical Supply,306.053287007612,3.0,380
work,,268.954965178566,2.0,377
work,,115.28036181755286,2.0,377
work,,170.0886089998914,3.0,380
work,,146.29731686599823,2.0,377
work,,269.3482825330245,4.0,380
leisure,,552.7473990432096,,380
work,,130.95107532506788,9.0,380
work,,36.33632088983471,,379
work,Sibuyan Express,117.6983443307468,1.0,379
work,,72.18816053872001,,378
work,,462.42045694747435,5.0,381
food,Food Tree Express,220.46149948047898,2.0,381
work,,321.97411215282295,6.0,381
work,Excel Review Center,374.3715024064494,,381
shop,Rex Book Store,105.20606445141522,5.0,381
work,Review Innovations,438.2796108503914,,381
work,Doña Cecilia Building,565.4772637308342,2.0,381
work,Professional Review Institute of Mechanical Engineering,1217.7545431301585,,381
work,,340.31031341722894,,377
work,,178.6939221309129,,377
work,,133.34103763401626,6.0,377
work,,158.9066487254888,2.0,377
work,,169.78809319393133,2.0,377
work,,229.98121063532855,,377
work,,238.06255916896737,3.0,377
food,Andok's,300.8489103930009,2.0,377
work,,393.1802543269348,2.0,377
school,UE Elementary and Secondary Laboratory Schools,1485.2416684031784,4.0,390
health,Mercury Drug,797.3487683639182,6.0,390
leisure,UE Gym,1090.5261254283635,5.0,390
work,,415.6874014542618,2.0,634
gov,Arroceros Fire Sub-station,454.3187972724316,1.0,894
work,,274.3407880873597,2.0,894
gov,Department of Education Schools Division Office City of Manila,1219.4194053346382,2.0,894
gov,Office Of The Ombudsman,452.8214927927596,,894
transport,Central Terminal,3056.5584935227016,3.0,894
school,University of Manila (Main),1749.5406970393078,4.0,389
work,First United Building,1954.1476412094175,5.0,277
work,Syvel's,1290.5236705909442,4.0,277
worship,FEU Chapel,515.6033779254495,2.0,381
school,Mary Chile's College,1056.696714149974,5.0,390
leisure,FEU Gymnasium,1127.5207738705572,3.0,382
transport,Victory Liner Sampaloc Terminal,3670.4853077534467,,387
leisure,,361.99957251537813,,376
leisure,,366.69796602064514,,376
leisure,,6308.10466391585,,624
leisure,Freedom Park,8305.816207515909,,381
food,Jollibee,874.1929869391731,,402
work,One Quiapo Hotel,451.523010933361,4.0,380
work,Security Bank,90.02646105087986,3.0,293
work,,110.6117892617486,2.0,293
work,Sportsmax,50.36008730750075,3.0,293
leisure,,313.6253235094657,,633
worship,Hospicio de San Jose Chapel,349.6203136988371,,896
work,,509.8541922095957,2.0,649
work,,1126.5898682740412,7.0,649
work,Linamnam Fast Food,715.8976788894887,4.0,379
work,,220.76934744912995,3.0,380
gov,Barbosa Police Community Precinct,83.69846929536429,2.0,379
work,,131.33491834716,5.0,380
work,,235.63598806193036,2.0,380
work,,169.8336645242679,2.0,379
school,Barangy 394 Day Care Center,94.99457774213695,1.0,379
work,Ruslin,179.71137831739046,3.0,379
leisure,,520.0449264459988,,296
work,,58.55001336131162,2.0,380
worship,Nuestra Señora Virgen del Rosario Chapel,204.65647832128758,,633
gov,Tourist Police,288.23325569151154,,651
work,,171.76333470143834,,651
leisure,,251.49719957946442,,374
leisure,Pagoda Basketball Court,321.0949641571307,,380
leisure,,1343.0027531602796,,713
school,Manuel L. Quezon University,8491.830581265182,,379
school,The Nazarene Catholic School - Grade School,4626.294006420361,,379
school,Manuel L. Quezon University - School of Law,6200.976625359188,,371
school,The Nazarene Catholic School,6135.875340605496,,379
worship,Nuestra Señora del Perpetua Socorro Parish,1062.9386457878743,,480
gov,392 Barangay Hall,155.50431952818408,3.0,377
work,,191.33870021224354,3.0,380
work,eatery,452.7002228367568,,380
gov,Central Quiapo Filipino-Chinese Volunteer Fire Brigade,107.25520191126958,,292
gov,Barangay 306 Hall,92.67040752225572,1.0,292
work,,451.9661804255201,2.0,292
work,,489.82950865846635,1.0,292
work,TMT Building,158.25476393707575,7.0,293
gov,Barangay 309 Hall,735.8468278984716,,295
gov,Bahay Pamahalaan ng Barangay 308,149.44063624278888,,294
work,,230.0448618367786,4.0,380
gov,394 Barangay Hall,50.81150494405349,2.0,380
gov,Bulwagang Pambarangay ng 391,121.02287863079991,2.0,377
leisure,,327.1309039415032,,379
leisure,,189.9728079560095,,375
shop,542,63.28632982428063,1.0,380
leisure,Quadricentennial Pavillion,5579.102418778583,4.0,456
leisure,,643.5287258508625,,456
work,UST Tan Yan Kee Student Center,1203.6805229817592,4.0,456
market,Pamilihang Bayan ng Sampaloc,547.6780981550544,3.0,388
gov,Komisyon sa Regulasyon ng mga Propesyon,939.1547510080877,4.0,382
work,,149.47258215404946,3.0,382
gov,Professional Regulation Commission,1083.59839366067,3.0,382
work,Don Lorenzo,808.0006594235207,5.0,382
shop,China City Gold Center,221.42896065478877,2.0,289
shop,China City Gold Center,484.9541045253334,4.0,289
work,Monte de Piedad,401.3391138700556,3.0,284
shop,Interasean Trade & Enterprises,194.78705328903828,4.0,289
food,Delicious Restaurant,194.73028932007767,4.0,289
work,Philippine Kang Ha Assn. Inc.,579.371981900206,5.0,291
work,,325.97068460825494,3.0,291
work,Federal Tower,1230.474848800425,17.0,268
work,Panpisco Building,741.3075391122422,3.0,277
market,Puregold,892.2384861252544,,9
work,S&N Building,1040.0461691793164,13.0,6
work,,1281.8131995961387,,6
mall,Dragon 8 Mall,5298.467081689524,6.0,42
mall,Fiesta Shopping Plaza,1299.3905100584875,5.0,258
worship,San Jose de Trozo Church,1131.1334499143354,,252
shop,Hi-Top,417.19259597480686,5.0,314
work,,246.52915201532278,4.0,251
work,,185.00243433436728,2.0,256
worship,United Evangelical Church of the Philippines,2317.7640351383034,5.0,250
work,Dionisio Building,357.2416993868397,6.0,256
school,Uno High School,5581.530103704779,,240
worship,St. Stephen's Parish,967.1812888425326,,252
work,,378.63235451214496,,268
gov,National Mapping and Resource Information Authority,1150.8104598472553,3.0,268
work,Equitable Bank Building,1829.9922208195826,11.0,273
work,,3303.6577552112894,,19
work,Sunville Trading,867.1092048912457,21.0,270
work,Hokka Tower 2,602.0586864415149,28.0,270
leisure,,1198.5215015289189,,265
work,,1608.2483030915564,,815
market,AFP Commissary Exchange Service,1007.0079343569219,,815
worship,Saint Peter's Episcopal Church,262.12116596171893,,278
work,,1601.2831363950459,1.0,232
food,Vincent's Place Kambingan,176.05152262085747,2.0,623
food,Max's Restaurant,170.21252447030665,2.0,623
shop,Rapide 1,509.6010149126629,2.0,402
school,Juan Luna Elementary School,1518.9723167784732,5.0,383
shop,,450.1997453848513,3.0,381
health,Mary Chiles General Hospital,1029.0732377083016,,390
work,Afable,719.0502751748977,3.0,381
work,Consuelo Building,423.78056967384634,4.0,381
transport,Sta. Lucia Express Terminal,547.3882196325465,,298
mall,JT Centrale,2798.2231381865704,3.0,297
gov,Philippine Ling Nam Athletic Federation Fire & Rescue Volunteer,503.05781489829167,1.0,298
work,Surbaran,1229.8548592092923,2.0,297
work,Solbaran Building,623.3303724525482,,297
leisure,P.Paredes Basketball Court,361.67004656877975,3.0,450
work,Kapatiran Kaunlaran Foundation,2033.6052872642188,2.0,448
gov,Barangay Zone 46 Hall,499.00341982897,,448
work,Arranque (Old Market),1206.329033496302,2.0,291
work,,457.40124125597583,3.0,287
work,,187.00616040055934,2.0,287
work,,421.1763070725215,3.0,291
worship,Shi Ong Hu Temple,778.5160374775389,5.0,287
leisure,Citismash,1638.5252403656027,,287
market,Arranque Market,1579.6439083181374,4.0,291
work,,2858.896879931295,,874
work,,1569.859224543124,,874
work,,2824.5916897966176,,873
work,,10034.267967579439,,874
work,,4225.744398754292,,873
shop,To Suy Hardware Original,348.29177443727053,,302
worship,Santa Elena Chapel Mission Station - Nagtahan,281.8423055850241,,622
work,Valencia Pumping Station,297.4515013690171,,622
work,,167.6941733226248,14.0,270
worship,Iglesia ni Cristo - Lokal ng San Nicolas,285.2946268180429,,270
work,Basic Building,270.293443713455,,271
gov,SIM Registrations,294.4429393911714,,268
work,Manila Chinatown Charity Foundation Building,216.20231177801224,5.0,268
work,City Plaza,870.4318918570485,4.0,268
leisure,Sinilangang Pook ni Heneral Antonio Luna;Antonio Luna birthplace,308.51039405967543,2.0,268
gov,San Nicolas Fire Station,388.8724070577397,2.0,271
work,Burke Building,696.807396775466,5.0,277
market,Novo,1603.615075019334,,224
shop,Welcome Home Depot,1630.1208488103196,3.0,236
work,Golla & Associates,461.2782385283273,9.0,277
work,Yuchengco Tower 1,915.7027868018497,10.0,275
work,,497.39267436865225,,275
work,Downtown Center Building,642.7947849966635,10.0,275
work,"Times Trading Co., Inc.",333.86841423022827,6.0,275
gov,Barangay 299 Zone 29 Hall,585.0685559127235,5.0,285
work,,308.00791988990363,3.0,285
work,Philippine Feeds Milling Co. Inc.,580.794039035392,4.0,285
food,Mei Sum Tea House,196.81300248386825,2.0,287
worship,Philippines Chinese Buddhist Temple,319.7511067513299,,288
work,Se Jo Tong Building,397.58930524714935,6.0,283
work,,457.73466625073337,,288
work,,189.43183806772242,4.0,287
work,Decimal Merchandising Inc.,251.056849212244,3.0,287
work,,95.26679628059392,,287
shop,"Mayon Electrical Supply, Inc.",206.41092261507487,3.0,285
work,,190.51833759416786,2.0,287
work,,705.3731230116438,3.0,287
work,,256.472254614772,3.0,287
work,,205.00330439528557,2.0,285
health,De Ocampo Memorial Medical Center,643.9102431411137,3.0,620
food,KFC,196.8067912327911,,620
food,Jollibee,82.62831170024566,3.0,455
mall,Saint Thomas Square,936.4316321382586,4.0,382
worship,Tondo Baptist Church,232.543282442428,,19
mall,Recto Shopping Center,1231.910620302131,2.0,1
leisure,DLS-CSB Basketball Court,445.2166617284761,,713
work,,602.8818964521109,1.0,704
market,Puregold,1394.9779265491964,,279
health,Clinica Binondo,160.97151473016015,,266
shop,7-Eleven,115.42701151901473,,265
worship,Nuestra Señora de la Soledad Parish,215.00578083697127,,266
gov,400 Barangay Hall,378.55785789947424,9.0,386
work,Loreto Parish Rectory,334.40000269539235,4.0,401
work,,150.67074301946298,,388
shop,Sampaloc Lumber,258.524217346881,6.0,393
work,EastWest Unibank,284.32160758201115,2.0,388
work,,31.269460983324663,3.0,379
work,RSB Building,43.96876972188887,3.0,293
work,,46.590137289234086,2.0,293
work,,62.78494215440292,3.0,293
work,,102.98003037636964,3.0,292
work,,68.76810905520061,3.0,293
work,Luzon Building,56.93064892827413,4.0,293
work,,88.95620332712623,2.0,293
work,Tower Lodge,190.80391198446392,5.0,377
food,Chun Chon Restaurant,301.2036484016319,2.0,452
food,Hidden Hatch Hookah Bar & Cafe,151.0616102592354,,449
work,,249.37074237583045,3.0,293
work,,400.2740253082133,4.0,377
leisure,Baluarte de Herrerías,1928.4188405141858,,642
worship,United Pentecostal Church Lerma,105.42642422950831,,450
work,Reyes Building,511.66373890037136,3.0,297
transport,Bambang,1865.57349551824,,320
worship,,268.49047660417557,2.0,320
health,Mercury Drug,319.22227204748197,1.0,319
shop,Mac Tycoon Marketing,234.3082041018584,3.0,319
shop,REMAN Hospital Medical and Laboratory Equipment,195.43757026685157,1.0,306
school,Manila Business College,549.4688850120174,,310
gov,Brgy. 333 Zone 33,63.17700556060609,,319
food,Mama Tupin,180.53391400734526,3.0,457
work,High Infinity One,1840.259318605923,23.0,370
shop,Uncle John's,139.8529386972106,1.0,443
mall,Divine Mart Shopping Complex,812.3589239678336,5.0,259
gov,Barangay Hall,226.49439170632186,,309
transport,Pureza,2113.561823880243,3.0,612
work,Sy Chi Hiong Goods Depot,683.2893577959578,16.0,260
mall,YUTC Shopping Center,318.9873337710902,3.0,259
work,Ylaya Commercial Shopping Center,1056.2652895060733,,6
work,Lion Tower,1034.3953390050694,,6
work,Chin Business Building,148.96758270399243,5.0,293
work,Newport Building,101.94259467469531,5.0,293
market,,511.5620832074995,,1
work,Sunjoy Tower 2,803.3935212237659,27.0,261
leisure,Paraiso Bacood,2962.9630580321877,,590
leisure,Bacood Park,1186.9608254512445,,607
leisure,Rizal Memorial Sports Complex,90699.1994170249,,704
gov,Philippine Sports Commission,1160.6754542731856,,704
leisure,,258.72350102156946,,704
leisure,,262.07669626019344,,704
leisure,,260.5244078846986,,704
leisure,,281.3050807227966,,704
leisure,,268.90537242751304,,704
leisure,,260.64565228292633,,704
leisure,,310.460452859045,,704
work,,117.7739992093189,2.0,297
gov,Barangay 311 Zone 31 Hall,51.432412343165375,,297
leisure,,729.5848716375041,,456
leisure,,725.6665537459332,,456
leisure,Quadricentennial Park,4160.128302648273,,456
worship,Central Seminary Chapel,420.96296510967153,,456
leisure,Plaza Mayor,3708.8248877387746,,456
leisure,Central Seminary Gym,672.7268785306248,,456
leisure,Rosarium,1199.3562747912367,,456
work,,379.89165285896775,3.0,278
work,,98.43971081187544,3.0,292
work,,90.30610668044754,3.0,292
work,,121.58610670071121,3.0,292
work,Solem Building,116.57423123133735,4.0,292
work,,79.37850958859329,3.0,292
work,,217.9866723346426,5.0,292
work,,92.70610137540672,3.0,292
work,Quiapo Building,197.5344530861606,4.0,292
work,,97.79631987324984,2.0,379
work,,89.74935363148,3.0,380
work,,116.82181490689413,5.0,369
school,Florentino Torres High School,9811.479799249324,,164
leisure,DLSU Amphitheater,836.761637188873,,704
leisure,Marian Quadrangle,544.4024841070882,,704
leisure,,515.8810724103805,,640
leisure,,372.9139416111819,,640
leisure,,378.8528809172507,,640
school,"De La Salle University School of Economics (L221, St. La Salle Hall)",142.2337812335613,,704
worship,Our Lady of Assumption Parish Church,565.1210256797714,,706
gov,Malate Police Station,66.86934351654051,2.0,705
leisure,,617.9555413550457,,706
leisure,,759.9840776151483,,706
market,Savemore,5125.135029499812,,860
leisure,,135.4628346480144,,860
health,Palomar Health Center,155.81659859558243,,249
work,Starluck Mitsubishi,262.27800561229657,4.0,250
work,,63.3938966335007,,250
work,,195.42114682195952,3.0,250
leisure,,205.55848141717672,,296
work,Lucky Chinatown Mall Annex,4965.309840503432,5.0,279
mall,SM City San Lazaro,41153.62284433899,,336
leisure,,383.9526029401686,,336
school,Juan Sumulong Elementary School,4160.684485913558,,338
worship,Barangay 391 Chapel,21.119796375297284,1.0,377
work,,64.82646702096777,2.0,377
food,Oar House,309.76067510947325,,683
food,Starbucks,97.02336135908206,2.0,693
health,Mercury Drug,570.5011402338215,,199
worship,Kim Sha Temple,135.86612500933,6.0,291
work,Ocean Palace Marine Products,254.76547208109406,1.0,285
work,,162.99255720966235,5.0,290
work,Madison,152.36830314746888,2.0,290
work,,402.6756871592618,2.0,290
work,,169.0168497952348,2.0,291
school,Aurora A. Quezon Elementary School,10928.719330133776,,688
work,,1920.9717308451168,,691
school,E. delos Santos Elementary School,8760.537167300889,,680
work,PLDT,5114.264632306306,,649
shop,San Mig Food Ave,148.67882088096297,2.0,659
worship,Iglesia ni Cristo - Lokal ng Paco,1003.1474632671399,,680
work,Meralco,507.86514358339775,,661
work,Citigold Building,256.63572291632096,10.0,670
transport,North Port Passenger Terminal,3688.2713122027867,,23
leisure,,309.49438031896256,,456
leisure,,230.83079089720138,,456
leisure,,507.3238193475364,,456
market,Wellcome Supermarket,512.0095016581182,,562
school,Sacred Heart of Jesus Catholic School,1284.0818155789914,,579
worship,Sacred Heart of Jesus Sta. Mesa Parish Church,1208.6492797119752,,579
work,Newton Plaza,418.03493573390955,,578
work,Newton Plaza,554.9358151353922,,578
work,,505.392853827918,,573
work,Stop and Shop building,873.7974782251563,,579
work,,1151.7582824171511,,578
work,,205.19772719926266,,573
work,,234.79943336600584,,573
work,West Sector Regional Office,1376.5598068732634,7.0,573
gov,Santa Mesa Central Post Office,506.1177224795905,,567
work,,445.3563008101638,,567
work,,756.8743078414963,,565
work,,508.2515294967673,,565
market,Lucky Mart,503.9845697933768,,564
gov,Land Transportation Office - East Manila District Office,344.9276806417669,,566
worship,Grace Gospel Christian Church,1544.1636964889462,,567
work,,204.4372032812207,4.0,898
work,,136.32673590095334,,573
gov,Santa Mesa Police Station,227.88976112349675,,573
work,Communication Foundation for Asia,3544.3936419490906,,573
work,,107.11140546962712,,577
worship,IEMELIF,519.2891124848487,,567
work,,277.3492276159189,,579
market,Santa Mesa Public Market,995.8346264014814,,565
work,,520.9254749442582,,565
work,,797.5379251042464,,571
shop,Wilcon Homes,961.3335041454716,,571
work,Seaborne Bldg. 1,142.56697709826557,,572
school,Maranatha Christian Academy,1255.7117970293189,,478
worship,Grace Gospel Church,646.7424189631151,,571
work,,423.4779560586277,,571
worship,Calvary Foursquare Church,233.2644165655488,,572
work,,160.3508191348808,,567
work,,219.2941425780133,,567
work,,464.53472816260444,,567
work,,1212.327437026391,,567
work,,647.8206303118498,,573
work,,49.56230102194278,,573
work,,87.8441848587197,,573
work,,113.88868490206974,,573
market,,147.13241325386636,,579
work,,345.7507666580495,,579
work,,605.552854039211,,579
work,,323.9512018218393,,576
work,Doña Elena Tower,1698.3259999457705,11.0,591
health,Main Building,1227.5834741972167,,592
food,Canteen,560.1534349281449,,592
transport,Ohayami Transit,529.3984797606336,,417
worship,Baptist Bible Church,417.3441499584072,,572
work,,276.17293354331935,,572
work,,556.9353158916331,,572
work,Tayuman Commercial Tower,1089.9385405282355,5.0,339
gov,National Housing Authority,111.11384362997714,2.0,585
leisure,Likha Basketball Court,258.160535530913,,584
leisure,Gitna Basketball Court,222.6095108258033,,584
leisure,MIT Sports Centre,1705.9130991834545,,644
worship,Saint Anthony de Padua Parish Church,894.1611638940201,,729
market,Puregold,4162.782655058277,3.0,672
health,Rosario Reyes Health Center,267.2050247667362,,687
health,S M Lazo Medical Clinic,547.1170955657461,4.0,681
health,Mercury Drug,362.1385403387112,1.0,690
gov,Barangay 705 Hall,71.73130039181122,,690
work,Vareb Mansion,1100.8064200086994,,684
work,Hollywood Garden Building,458.7019326553913,4.0,684
work,Jalandoni building,440.37851345981704,5.0,653
work,Residential Building,737.3218457754365,3.0,653
work,,2064.909040506662,,638
worship,"Lokal ng Baseco, Iglesia ni Cristo",501.86252222716934,,635
gov,National Irrigation Administration,1006.1808079754086,,635
gov,Bureau of Lands,586.0485006093065,,635
gov,Baseco Barangay Hall,118.18654858138466,,635
work,,2065.2073941094854,2.0,643
worship,Joy Student Center,294.80942588350325,,644
leisure,,172.44047307232478,,652
gov,Barangay 668 Hall,195.8565486364245,,653
work,,436.2351061477099,,673
work,GKK Building,225.11799634347776,,666
worship,St. Peter the Apostle Parish,415.53376342419057,2.0,812
gov,National Archives of the Philippines Paco Extension Office,822.2504940110716,4.0,662
school,Philippine Christian University,10793.193996746362,,679
work,Hotel Kimberly,756.6721260594958,9.0,681
work,BPI,655.922577550846,,660
work,,423.98289388457357,3.0,661
leisure,Ricass Park Basketball Court,665.2269923302758,,603
school,Saint Jude Catholic School,6544.951387295948,,625
work,Bonifacio Hall,545.1250566835995,,815
leisure,,274.34450863658674,,815
leisure,,164.64126171331318,,815
leisure,,243.291509944915,,815
leisure,,166.83741347410228,,815
leisure,,168.66001540815572,,815
leisure,,542.6854500922198,,815
leisure,,541.8021026869667,,815
worship,,794.8270288200764,,805
health,Mercury Drug,393.91775194330444,1.0,669
work,,279.84399452819287,5.0,669
work,,290.87845140713387,2.0,650
work,NFWC Building,926.4253493295029,6.0,660
work,,462.964020752102,,654
worship,Manila Baptist Church,448.1971251335243,,661
worship,"Iglesia Ni Cristo, Lokal ng Magsaysay",687.19993191695,,102
worship,San Pablo Apostol Church,215.072267595938,,90
work,,2893.1633897696806,,593
gov,Bulwagang Pambarangay ng 607,123.02129020129087,,593
gov,Social Security System,322.7946181273265,,877
health,Tzu Chi Eye Center,655.1906427795384,,607
shop,,142.1309597365097,,824
leisure,Barangay 867 Zone 95 Basketball Court,523.1808296245105,,851
work,San Miguel Corporation,2022.0086371504765,,850
work,San Miguel Plastic Packaging,7962.074047753581,,849
worship,Santo Niño de Pandacan Parish,1602.2176754005777,,818
worship,Lokal ng Punta,731.9540817416555,,880
work,,174.29859071170364,,876
shop,CamSur General Merchandise,460.46728578840714,,877
work,,445.28096422904616,,837
work,La Consolacion Bakery,172.07316315062224,3.0,839
work,PLDT,2172.5260035282326,,775
worship,Saint Pius X Parish Church,552.0608870164782,,794
shop,"AA Aluminum, Manila",134.50630273664103,,299
work,,676.267731161359,,341
work,,276.16503035194336,,341
food,Andok's,108.97881816989941,,509
health,Mercury Drug,238.8665013519173,,426
worship,San Roque De Sampaloc Parish,371.65587710415724,,434
market,Savemore Market,571.4079990103165,,438
gov,MPD Outpost 12,650.3856949218707,,440
health,Belmonte Health Center,255.97069983855752,3.0,465
health,Perpetual Help Hospital,348.2946003499824,7.0,456
transport,Maria de Leon Trans - Sampaloc Terminal,727.7102570073831,,456
gov,San Lazaro Fire Station,754.224631344378,4.0,320
mall,Tayuman Center,632.4761873105535,4.0,322
transport,Tayuman,1764.392086401799,3.0,322
gov,Barangay 471 Zone 46 Barangay Hall,19.25846708998185,3.0,457
worship,Maria Clara Parish,101.24237184093073,,328
work,Atoyko A&J Flower Accessories,75.11667192216451,,329
market,Manila Flower Center,916.2324443212648,1.0,476
work,,482.0730815448275,1.0,476
transport,Blumentritt,2239.9118504441,,342
school,Mariano Ponce Elementary School,2414.408860201398,,210
transport,Abad Santos,1836.3268174075001,,360
work,,361.4850202175131,,196
worship,San Jose Manggagawa Parish,568.5134580125955,,191
transport,R. Papa,1819.8571155154675,,177
work,,295.0106286457786,,893
transport,Carriedo,1528.0876201189055,3.0,293
transport,Quirino,2148.4656485646024,2.0,688
transport,Vito Cruz,2001.5446629814971,3.0,704
transport,Pedro Gil,1833.8282519412396,2.0,660
worship,Sampaloc Bible Christian Community,679.2958884623673,,447
worship,Archdiocese Shrine of Espiritu Santo,1536.4399461665967,1.0,330
gov,Barangay 339 Zone 3 Hall,86.68111135546187,,325
leisure,Dapitan Sports Complex,3724.4393141561413,,506
shop,Dimasalang Hardware,238.94937715713522,,478
shop,Sobida,568.6402578734255,,357
shop,Premiumbikes,286.26748138841833,,334
work,,617.8718144082997,,118
health,Barangay Magsaysay Health Center,54.06596864974305,,78
work,,2542.422053519733,,138
work,NCCC,90.17736452930869,,138
work,PNB,202.83374200343928,,138
worship,United Church of Christ in the Philippines,396.3737319649471,,138
work,,1565.3084557365987,,224
shop,Sol Memorial Homes,83.38282416786055,,52
work,,2389.996270481118,,49
worship,St. John Bosco Parish Church,1147.7817531282503,,103
food,Arrow Foodpark,383.4785620903776,,747
food,Kanto Freestyle Breakfast,315.4646130507683,2.0,712
food,Terry's Luncheonette and Chicken House,167.89417115239962,,312
shop,Smartech Medical Supply,110.89960988883621,3.0,313
work,Bank of The Philippine Islands (BPI),646.1729081545088,,863
work,,16223.364815458604,,880
food,McDonald's,319.06598180085984,2.0,863
work,,1561.8087725462256,,873
school,Metropolitan International Christian Academy,655.6414167185532,,857
worship,Wesley United Methodist Church,210.70653095720687,,859
health,Mercury Drug,166.16865496708073,,863
work,,1977.9243096329533,,850
worship,Sagrada Familia Parish,902.2059369062039,,755
work,Olayn Medical Laboratory,350.17803220810845,3.0,712
work,,195.05513465471728,,712
work,EA Fernandez Building,453.0543490419574,4.0,713
work,D' Students' Place,746.9070877565487,3.0,713
health,Hospital of the Infant Jesus Medical Center,1319.5485178247343,6.0,476
food,McDonald's,2912.430492692364,,704
gov,Barangay 328,171.84634478447617,2.0,312
work,"Mida Food Distributors, Inc.",620.8888349837367,,709
worship,Holy Cross Chapel,118.1963866233537,,793
worship,Our Lady of Fatima Chapel,124.0176270468975,,793
shop,EasyDay Shop,140.63058232671455,,797
gov,Mazan Security & Investigatory Agency,218.08212933113313,,859
work,Ilove 14 General Merchandise,70.72024646243867,,859
shop,RAQ's Bakery,223.55844278750698,,859
work,RS Medical & Dental Supply,110.52316668177835,,859
shop,Ghia's Candy Store,128.37224683581792,,859
work,,232.54207029002168,2.0,859
shop,Wavemore Pet Gallery,161.95399395915626,,859
gov,Bulwagang Pambarangay ng 756 Zone 27,95.8845870305979,,743
work,Speedex International,191.20649077615593,,743
leisure,,701.0508156942622,,857
food,Mang Inasal,1212.0791382684279,,863
work,Harmonic Seven Place,392.75290712577953,6.0,860
work,EMNP Square,188.8308653215791,,860
gov,Barangay 884 Hall,494.379253281962,,868
work,,211.27969061069564,,863
work,Burke House № 5,202.8272333353618,2.0,863
work,,73.86494815438046,,859
shop,Zet Cycle Enterprise,54.174971315521546,,859
shop,Eezy Box Laundry Service,103.4332344747076,,859
work,,795.9482883467177,,872
work,,2091.1320806584904,,872
leisure,St. Mary's Academy Basketball Court,308.01880596082367,,860
work,Market Plaza,604.4109556825878,,860
school,Noah's Ark Angel School,134.81543919293625,,860
food,Jollibee,118.17175171588377,,863
work,,125.45816419868196,4.0,863
work,SINMAG,222.5836546576075,,861
transport,Santa Ana Ferry Station,212.99966361604095,,863
gov,Santa Ana Police Station,298.2765987643258,2.0,863
leisure,Manila Arena,1768.8143433514151,,871
work,FC Square Plaza,309.7548066598141,,868
health,Victoria Medics Family Clinic,102.26482759239015,,861
work,,753.4861504284945,2.0,864
work,,91.38757381276656,2.0,864
work,,300.1135728426726,3.0,864
work,Agamilla Building,217.79933359256552,3.0,860
shop,Herran,291.8768795650917,,778
school,Coramille Learning Center,93.87517666475132,2.0,861
shop,Cebuana Lhuillier,235.52845099673846,,778
worship,San Lorenzo Ruiz,120.77001170581447,,777
school,Saint Francis School,2975.3175120816963,,869
gov,Barangay 876 Hall,39.40508280945755,,860
gov,Barangay 879 Hall,24.028119259862155,,863
school,Fernando Amorsolo Elementary School,1718.7524637555507,,873
health,Botikang Pinoy,57.60240912755182,,871
work,,346.80775927568004,,874
shop,Linzer Hardware,202.95392551446952,,878
health,Trinity Woman and Child Hospital,1839.0319549855883,,871
health,Santa Ana Hospital,7468.334199989262,,870
transport,Lambingan Ferry Station,228.90077503162973,,881
food,Lina's Eatery,15.736707499443341,,655
school,Plaridel Elementary School,3076.7912452319297,,201
shop,A&W General Merchandise,607.1461686295294,,587
food,Jim's Pares & Mami,70.340835875231,,683
work,Discovery Plaza Building,468.8448289207065,3.0,684
food,Myung Ga,307.14867483431993,2.0,683
food,Lau Chan Chinese Restaurant,393.2113119934679,2.0,684
gov,Ermita Post Office,680.2281362335216,1.0,688
work,Mariner's Polytecnic Taining Center,180.11864790864888,,688
leisure,AMF Puyat Bowling and Billiards,2230.652678733225,2.0,688
work,Taft Business Centre,876.8196476261422,2.0,694
food,Max's Restaurant,417.85458741926686,,684
food,Shakey's,399.1628351197416,,684
work,Esperanza Osmeña Building,392.74448905218327,5.0,686
food,Jollibee,120.9510453318231,2.0,687
work,Altra Center,550.3608794207231,2.0,683
food,PALTONG Korea Town Manila,189.70493024735254,2.0,683
food,Shabuyaki,334.23570512010076,2.0,683
work,,1304.575848560286,1.0,684
work,Association of Philippine Volunteer Fire Brigades Inc.,301.4584595764444,,695
work,,136.50143607763903,3.0,676
health,Mercury Drug,456.7970718011506,,677
school,,260.1691835033442,,704
work,Embassy of Vietnam,919.6755431966405,4.0,704
worship,Fo Guang Shan Mabuhay Temple,1288.3249498344799,6.0,704
work,The Gregorian,622.9558371864719,7.0,710
work,,1127.735517052655,2.0,710
work,,301.13953860524845,3.0,710
shop,Arthur's,136.36325001951977,,694
work,,193.5368617633817,,694
work,Davis Building,191.26775259768635,2.0,653
work,The Grand Place,512.8000184820681,11.0,653
work,Plaza Ambrosio,924.368837908318,,655
work,Cherry Mobile,805.7245478648033,5.0,661
gov,,268.9313726567967,,651
work,,157.38328667565048,1.0,660
work,FRC Building,556.6683579174064,7.0,681
food,Mang Inasal,201.0981162504183,2.0,660
food,KFC,193.34595013121896,2.0,661
food,McDonald's,235.12002286635777,2.0,660
shop,Basic Dreams Fashion Hub,147.28781992895702,,660
food,BBQ Soldiers,69.53890755656074,,787
food,Eatery,190.8860489163145,,787
work,TV Repair,89.54492445855162,,781
shop,Comp Shop,135.31807800650185,,781
health,Classy Dental Centre,140.38926380711789,,781
shop,Ybba Hair Salon,211.8490396455521,,783
shop,Pretty Wash,86.26948606292473,,781
shop,,44.2499830894898,,783
food,Pepay's,59.60959538518766,,781
shop,Go Mom,80.05163287322415,,781
shop,Mish Beauty Salon,216.5313898550748,,781
worship,Aglipayan Church,214.77296290300296,2.0,806
work,,655.3419922594525,,662
food,KFC,163.34103530507466,2.0,669
work,,1028.0645700110304,,662
work,,765.7362463554225,,662
work,JEJ Manpower,88.99140934620226,3.0,672
market,Cli Gan Mart,708.2887144115267,3.0,672
market,Win Win Mart,726.8864663015725,3.0,671
shop,Gallery Frames,378.8376045588834,4.0,735
work,,279.5555132642224,,789
worship,Santissima Trinidad Parish,184.95554905552996,,731
work,Villa Escudero Building,311.9536592461098,2.0,731
work,,918.2962038192818,,588
work,,317.62181263620585,,586
worship,Most Holy Trinity Parish Church,1091.0240056453536,,525
health,St. Francis General Hospital,355.9114620124666,,553
worship,The Church of Jesus Christ of Latter-day Saints,2145.9061411792236,,571
health,Calabash Health Center,203.03353875592495,,520
gov,Gulod Police Community Precinct,74.67340827307234,,554
gov,,140.9874513159901,,550
worship,Lokal ng Sampaloc,1236.7725330080282,,556
worship,Philippine Palyul Buddhist Temple,390.36913640124703,3.0,570
worship,Kingdom Hall of Jehovah's Witnesses,207.43653723903788,3.0,367
gov,Bahay Pamahalaan ng Barangay 227,89.59171329337869,,217
shop,Honda,320.69580035879324,,151
worship,Simbahan ng San Jose,970.3956645541472,,169
market,Pampanga Market,1678.0965667026298,,169
food,Jollibee,243.0794939793759,,151
health,Atang Dela Rama Health Center,166.81923060932021,,165
worship,San Jose Manggagawa Parish,127.76617896633476,,191
work,,2233.909193569529,,176
school,LapuLapu Elementary School,728.8299689302637,,191
worship,Lokal ng Barrio Obrero,720.2368691882589,,185
gov,Sampaloc Police Station,290.04005228671605,,408
work,,204.37889398872642,,175
health,Mercury Drug,223.4063401859595,,175
shop,Dali,142.08217060508747,,176
worship,Balut Christian Church,160.65433260344892,,116
worship,Iglesia ni Cristo - Lokal ng H. Lopez Boulevard,574.7539444732688,4.0,116
school,Westminster High School,4906.336397420088,,116
worship,Westminster Student Church of the Philippines,481.6346847369759,,116
worship,Balut Christian Church,526.7351944487466,,114
work,,2003.8573469979865,,115
work,Manila International Container Terminal,1214983.500140064,,19
leisure,Quirino Grandstand,3320.2492471156975,3.0,651
gov,Bureau of Customs,28631.81109962465,,637
gov,Department of Public Works and Highways,11715.429687103993,,637
shop,Toyota Abad Santos,1164.7015024175744,,214
gov,Barangay Hall 170,148.97395284520678,,160
work,,2620.2480412808336,,637
work,,2423.4988818722118,,637
work,,1360.2385527752447,,637
work,,1306.166376277243,,638
work,,175.5720102080586,,638
work,,114.83906042683338,,638
gov,Philippine Ports Authority,3441.2110540306894,,638
gov,Bureau of Quarantine,11590.854454119702,,639
work,,812.4959355169343,,638
food,Janealo Bay Cafe,722.3989827887518,,651
gov,National Historical Commission of the Philippines,1531.6276291396155,4.0,651
work,,460.1154813661723,,651
leisure,,12139.657610301869,,651
gov,Bulwagang Pambarangay ng 391,31.517141043396983,,377
gov,Brgy. 298 Zone 29 Barangay Hall,123.95558626193653,,283
gov,Barangay Hall,87.89456809070192,,116
health,,4910.398890450571,,362
leisure,Paco Park,11702.374551684086,,659
gov,,112.90658081550465,,789
market,Easy Day,164.14572130832246,,756
gov,Barangay 765 Zone 8 Hall,57.46051205689437,1.0,750
work,Soler-Recto-Wing,6503.332643513286,4.0,279
food,Soler Wing Food Court,777.4979835402953,,279
mall,168 Santa Elena Wing,4457.618237203154,,279
gov,Binondo Police Station,236.41910705864,5.0,279
mall,168 Shopping Mall,18349.90306501409,,279
work,Pako Building,517.2996218371084,3.0,658
work,Apostolic Nunciature of The Holy See,4450.509253271508,,710
work,Damayan Warehouse,246.14293323343514,1.0,817
work,BM Power,425.3199500719715,,842
gov,Bulwagang Pambarangay ng 848,258.99051295637867,,832
school,Saint John of God Special School,3121.979385241957,,379
school,Philippine College of Business Administration,629.7131834426094,6.0,382
gov,Department of Social Welfare and Development,893.4708528922872,,390
school,University of Manila Noli-Fili,1613.4433866480647,,386
shop,Ongpin Jewelry Center,347.3768871275553,5.0,284
leisure,,2938.8519620014195,,456
leisure,Beach volleyball,355.2507657008653,,456
work,,180.0040599475057,,358
gov,Barangay 483 Barangay Hall,40.27711755122759,,469
shop,Rusi,184.77132252668645,,343
worship,San Roque de Manila Parish,672.4743640907973,,349
gov,Barangay 461 Zone 45 Hall,105.72028851635878,3.0,447
worship,PUP Interfaith Ecumenical Chapel,567.4752094263606,,616
leisure,,6458.326199695057,,616
leisure,Nemesio Prudente Freedom Park,1461.3723315668392,,616
leisure,,2775.2967555195883,,616
leisure,,3207.2911991593196,,616
leisure,,750.4470305439355,,616
leisure,,739.7864730847078,,616
food,Student Canteen,375.51652287306393,,616
leisure,,529.8411027862757,,616
transport,P.U.P. Ferry Station,378.677045870701,,616
shop,Hair Salon,87.10169183176654,,876
shop,,77.05213693092202,,876
work,,281.3014989596283,,876
leisure,Baluarte De San Andres,6527.878046689105,,643
leisure,Baluarte de San Francisco de Dilao,5794.318207774627,,644
leisure,Baluarte de San Gabriel,2630.4288190369584,,642
leisure,Baluartillo de San Jose,205.39655385306253,,644
gov,Department of Labor and Employment,5003.669326828753,,643
work,Contact Center ng Bayan,1641.1692204015653,,614
work,,2075.4290989829574,,616
work,,876.3852345186505,,616
work,,3285.788430227379,,616
worship,Manila Cathedral,4289.87941734008,,641
gov,Intramuros Fire Station,852.0119457811882,2.0,642
leisure,Medio Baluarte de San Francisco,916.1988322130064,,642
leisure,Baluarte de San Miguel,1213.3350051257214,,642
leisure,Plaza de Armas,922.2120454489943,,642
leisure,Fort Santiago,49699.62109012377,,642
work,North Harbor Container Terminal,281953.45596910245,,103
gov,New Executive Building,1279.8502585171257,4.0,629
gov,Barangay 694 Hall,59.88807872121949,,679
work,Santa Mesa Mart,2106.984077988069,,580
health,Unciano Paramedical General Hospital,529.3100362372501,,574
gov,,4066.6143929110667,,815
gov,Department of Budget and Management - Procurement Service,22635.693838297404,,815
gov,,745.8894128041693,,815
gov,,797.5011598859942,,815
gov,,2263.5849932035353,,815
gov,,1524.1460750766455,,815
leisure,,170.5225735874669,,815
leisure,,139.5618425497781,,815
work,CBBE Inc.,533.023570370014,2.0,755
school,St. Paul School - Tondo,501.89162276372554,,5
market,Ever Gotesco,359.4941726718592,,3
food,Mang Inasal,137.15397895822457,,3
food,Jollibee,537.2844125746834,,3
shop,7-Eleven,152.30544204337662,1.0,2
market,Easy Day Shop Supermarket,175.96821258101468,1.0,3
worship,Bishop Moises F. Buzon Memorial Church,469.44755336814467,,5
health,Mercury Drug,170.62380878148915,,4
food,Chowking,252.75121013061533,,4
worship,Kingdom Hall of Jehovah's Witnesses,501.45619015651914,,583
shop,7-Eleven,139.00716162708528,,584
work,,1519.2848080328802,,113
work,San Lorenzo Shopping Warehouse,1160.9351818418047,,37
work,Shuta Sky Tower,1463.6775265876593,28.0,50
work,"Iglesia ni Cristo, Metro Manila West District Office",387.59297049621523,,50
work,Santo Niño de Tondo Parish Office,259.3659684029068,,3
worship,Iglesia Evangelica Metodista En Last Islas Filipinas Katedral,510.55761729212435,,52
work,Tong & Miles Marketing,402.4734034845924,,56
work,,533.6930916409042,,19
food,Hepa Lane,394.8875667352727,,381
leisure,Mazel Gym,86.51239129588613,,528
market,Puregold,157.2057984447526,,438
leisure,Plaza Liga Filipina,196.1341960236677,,6
work,,252.2722747239683,,2
work,,555.6223909674237,,2
school,Mary Johnston College of Nursing,5513.096371830659,,40
leisure,FEU Basketball Court,611.8291499369923,,381
leisure,Volleyball Court 1,176.99770807343828,,381
leisure,Volleyball Court 2,177.64741777918445,,381
health,Mercury Drug,328.0838307626866,2.0,301
food,Lola Ely's,38.61095313926347,,304
food,Dakasi,45.57950604475161,,452
food,Food Truck Manila,125.57926123010813,3.0,451
food,McDonald's,235.97232933610394,2.0,451
work,C.A.R.T.S Review Center,148.23908081794323,,386
leisure,Church of Jesus Christ of the Latter Day Saints Basketball Court,361.4312961743251,,382
gov,Police Station 2,141.14127741378928,,249
work,PLDT,621.248353759442,6.0,273
leisure,Plaza Moriones,1180.3502366099817,,57
health,Mercury Drug,311.8653957939856,,3
market,Puregold Jr. Pureza,700.0079040801593,,411
school,University of Manila Basic Education Department,2427.3913172073926,,386
work,,96.80404247957287,3.0,96
worship,San Pablo Apostol Parish Church,689.9791033349413,,93
health,Velasquez Health Centre,41.92105898918973,2.0,90
work,,723.6612203918495,3.0,640
gov,Bulwagang Pambarangay ng Barangay 111,76.57291361616751,,104
gov,Tayuman Police Community Precinct,79.25940928550668,,222
health,Presidential Security Group Station Hospital,3298.4273685488843,,815
worship,Santa Monica Parish,406.4469834815765,,43
health,Dagupan Health Center,152.80520895558715,,43
worship,Immaculate Concepcion Parish,887.6086409508904,,223
shop,JGO Mart,176.53316831202517,1.0,891
market,Puregold Extra,202.4576882568614,,735
work,,639.2293213382488,4.0,710
work,,380.8193610767507,3.0,710
worship,New Life Alliance Church,262.67320415971943,,578
market,Puregold,3711.371169341314,,579
gov,Barangay 859 Hall,61.93319364934355,3.0,843
gov,,678.2080141036985,,655
work,,1321.573731106436,,872
gov,MMDA Traffic Engineering Center,989.1252634143484,,620
market,Unitop Department Store,2217.697348333043,,620
school,De Ocampo Memorial College,1426.2228803410674,,617
shop,China Bus and Equipment,342.0680240472982,,412
school,United Bethel Christian Academy,3042.481774122926,,567
work,Father Pierre Tritz Institute - ERDA Tech,1013.2876251623669,2.0,824
work,,506.8358129065132,,824
shop,,70.38605109323048,,825
health,Dialysis Center,265.3140338973102,3.0,412
worship,Lokal ng Pandacan,929.0955778921639,,836
work,,216.86264637885827,,836
work,,302.50134113128894,,605
work,,605.5792847725393,,605
work,,65.84995311762393,,605
work,,436.36100718593946,,605
work,,244.00801149815464,,605
work,,780.2875396053164,,605
work,,434.3917373269545,,605
work,,221.99658478345566,,605
health,San Lazaro Hospital,18610.586049634527,,317
gov,Bahay Pamahalaan ng Barangay 776,84.76782089758612,1.0,761
work,,2953.8743682390236,,850
work,,1800.9104893629487,,850
work,,2699.768602867347,,850
gov,Bulwagang Pambarangay ng 754,34.16794783161848,,739
worship,St Maria Goretti Parish,1137.076345127588,,897
leisure,,439.8732825305079,,653
work,,234.04268699801446,6.0,652
work,,774.5152324950548,3.0,816
shop,Parts & Repair,4617.491836593488,,816
shop,7-Eleven,107.93674395315935,2.0,693
food,The Barn,288.63096322518606,,694
work,,120.69487836417693,,697
worship,Our Lady of Manaoag Chapel,225.7096326291448,,395
food,Jollibee,287.0249324448618,2.0,612
shop,Dali,203.48887200195395,,612
worship,Lokal ng G. Tuazon,177.23865842696483,,408
work,,424.87136673047706,,408
food,KFC,349.43495594352163,,510
leisure,,253.62830762720202,,571
worship,Capilla de San Roque,104.80191271316556,,567
worship,Capilla de San Jose,85.54894022092806,,411
shop,Mitsubishi Otis,1722.892664048013,,816
gov,Bulwagang Pambarangay ng Barangay 163,76.46280996011596,,153
shop,7-Eleven,96.31802766656833,,54
work,Top Mark Building,964.1296716143668,,814
market,Forstan Mart,465.4545996913883,,353
gov,Gagalangin Fire Station,386.83377961684545,,153
shop,New Vehicles,1500.5856353867591,,816
worship,Manila Faith Assembly Of God,309.2405979543493,,138
shop,MotoCyclus,191.31332617643028,,479
gov,Bacood Fire Station,295.3481856174913,,608
gov,Paco Fire Sub-station,448.99260434753353,2.0,661
school,Rajah Soliman Science and Technology High School,4735.578816325893,,268
work,,134.6400716512918,,379
gov,384 Barangay Hall,24.000804460352427,1.0,370
school,Guzman Institute Of Technology,2314.4732404956403,,380
food,McDonald's,369.1698940420708,1.0,390
leisure,,515.4925463046939,,379
gov,Barangay 701 Zone 77 Hall,79.17656258635164,,686
school,Holy Family Parochial School,3287.9141720976218,,755
work,Pandiman Philippines,506.97602398034684,3.0,644
gov,National Commission for Culture and the Arts,833.4720818918724,8.0,644
gov,South San Nicolas Volunteer Fire Brigade,194.7522189142224,4.0,268
school,Today For Tomorrow's Learners Pre School,791.4412702751799,,465
shop,Tinapayan Festival,231.7984901440899,,466
school,Dominican School Manila,3516.1043639637537,,465
transport,Eaglestar Bus,812.7096736971167,,357
food,Bing Bong Kambingan,45.04617812840203,,502
gov,Barangay 882 Hall,181.5237004097176,,866
shop,,41.26145317819752,,825
shop,,71.23590392462017,,825
shop,,69.24096427292326,,825
shop,,78.27990018777305,,825
work,,39.86117134417212,,825
work,,53.1110160250621,,825
work,,81.71522647925161,,822
shop,,102.20049647665803,,822
shop,,116.23130046623439,,822
shop,,166.13904597575822,,822
worship,,65.06519295252315,,822
health,Bagong Lipunan Health Center,132.4221642050467,,822
shop,,87.48165185977133,,822
work,,1975.9094863620085,,821
gov,Pandacan Fire Station,63.42639408886821,,822
shop,,88.9543678125047,,822
shop,,71.44568807018914,,822
work,,3116.840357010886,,821
shop,,39.58951318590989,,823
shop,,72.85853252570527,,823
gov,Bahay Pamahalaan ng Barangay 905,41.40580042310167,,889
shop,,40.88015747177258,,822
gov,Bulwagang Pambarangay ng Barangay 839,180.38534717570897,,824
worship,,134.33201902786396,,823
shop,,104.53609596225671,,824
shop,Daddy's Sari-Sari Store,38.947432424742274,,843
shop,,66.73113371090871,,882
shop,,72.68691836300582,,882
shop,,83.56118789326662,,882
shop,,53.79224833840566,,882
shop,,48.74658141973973,,882
worship,,61.1599798346307,,882
shop,,44.71633805522595,,882
work,,755.8461480671991,,850
work,,319.1341332224245,,850
work,,438.4220115194042,,850
work,,2158.6298542309205,,850
work,Moreno Compound,116.61095810424173,2.0,864
work,Moreno Compound,376.6634920320599,2.0,864
health,Jose Vicencio Barangay Health Station,175.425076340764,,881
food,Andoks,52.81849313213353,,877
leisure,,257.4150501345231,,876
shop,Bakery,97.71575806709075,,876
gov,Barangay 897 Zone 99 Hall,60.44408898535172,,881
gov,Barangay 894 Zone 99,125.50004161176064,,881
gov,Santa Mesa Fire Station,378.2550933569107,,615
gov,Bulwagang Pambarangay ng 867,52.58549228355976,,851
worship,Seventh Day Adventist,262.6753338878213,,868
shop,Esther's Sari-Sari Store,162.38350668241372,,843
work,Shopee DC Labores,622.6149887942402,,841
shop,Framis Land Sari-Sari Store,54.008056149188164,,843
shop,Malong's Sari-Sari Store,60.72708436736735,,843
work,,413.8449771604174,12.0,665
leisure,,497.92200762266486,,809
shop,Obladi Oblada,97.0860400053866,,452
leisure,CFA Basketball Court,440.0240970397497,,573
gov,Barangay 815 Zone 88 Hall,38.80146428802993,,800
leisure,,368.8161306217366,,709
leisure,,368.8164222104806,,709
food,Jollibee,169.3587408324662,,710
leisure,Concordia Children's Services,495.71493522057085,,573
gov,Bulwagang Pambarangay ng 578,38.491277040288914,,564
work,Bakery,34.32173615019169,2.0,96
gov,Barangay 103 Hall,85.7849358715524,2.0,96
school,Antonio J. Villegas Vocational High School,1903.1452815604432,,93
worship,Lokal ng Binondo,1358.3823740635346,,265
gov,North Binondo Fire Prevention Association,80.51313222137483,3.0,281
leisure,Corazon Aquino Democratic Space,6057.339885576496,,704
school,Jose Abad Santos High School,10592.59398833037,,268
school,Lakan Dula High School,7940.417076056564,,154
shop,Tricsnetworld Computer Rentals,31.66417234270714,4.0,179
health,Dapitan Health Center,1050.8122372998666,,506
leisure,,1054.0900500429188,,506
gov,"Barangay 520, Zone 51 Chairman's Office",58.029209862662874,,506
gov,"Barangay 520, Zone 51 Hall",109.20339003949468,,506
work,TDT Powersteel Corporation,110.75887004530156,,462
school,Saint Jude College,771.9931551349284,,477
health,Saint Jude Hospital and Medical Center,1659.0359549131717,,477
gov,Meralco,440.6956989757758,,516
work,,834.9017342525098,,514
school,Saint Anthony School,5858.624739101574,,729
leisure,,498.2122926619107,,809
leisure,,498.09455029401636,,809
leisure,Philippine Columbian Association,17775.536287955612,,809
school,St. Mary's Academy of Manila,2793.7692997584168,,254
worship,Batangas Dulo Chapel,81.96585570685798,1.0,218
food,Agno Food Court,1078.500642332438,,693
work,,93.27057305096767,2.0,647
gov,Ermita Police Station,176.7963010388844,,639
worship,Nuestra Señora de Salvacion Parish,233.3040298538583,,614
leisure,Pandacan Linear Park,13175.195395585066,,820
leisure,,167.14320097706687,,824
work,Pandacan Transport and Multi-purpose Cooperative,5545.654235200145,,824
leisure,,452.26812070325093,,819
transport,Kalahi Banca Ferry Terminal,54.98757542618874,,882
work,,1442.0464804509018,,824
school,Father Pierre Tritz Institute - ERDA Tech,4505.235346686612,,824
school,Beata Elementary School,1446.244342414916,,824
leisure,Pandacan Riverside Linear Park,740.8495847097722,,821
leisure,,389.29271274893546,,820
worship,Our Lady of Fatima Parish,748.2138879631691,,595
leisure,,1019.2626470694428,,614
leisure,,469.2061757464643,,138
leisure,,477.23697278948504,,890
leisure,,419.36838491372725,,844
leisure,,158.85525182851134,,616
leisure,,149.60812995897828,,616
work,Coast Guard Station,171.1738052508999,,616
work,PUP Pumping Station,120.93270927810329,3.0,616
leisure,,240.29241266901096,,819
leisure,,240.18137281295196,,819
leisure,,515.1040201990071,,819
leisure,,5934.93602170538,,819
leisure,,1886.9588869282609,,819
work,,1672.4048170588412,,833
work,,1881.3545035421016,,833
work,,584.001773794294,,833
work,,1109.7786990770023,,820
health,,310.93457989892465,,820
work,,1135.8516473062573,,832
work,,576.7272636460457,,843
work,,269.9808466588961,,820
leisure,,183.21089015504947,,616
leisure,Bacood Linear Park,1123.9717648235564,,607
leisure,,489.54559439011916,,886
work,,1237.1897052250283,,884
work,,968.7359623067277,,884
work,,2610.6304590859772,,884
work,,59.76636097953679,,884
leisure,,208.64589790911768,,887
work,Hypro Construction and Development Corporation,1727.5454383524732,,585
leisure,,359.7184802928709,,587
leisure,,270.66929106518717,,587
leisure,,398.27137785279535,,456
work,Helping Complex,15691.95694021017,,98
worship,San Pablo Apostol Parish,1039.6574733464959,,87
school,Don Bosco,32002.86317514738,,103
leisure,,179.31785559627764,,616
shop,,126.00897066946217,,823
shop,,80.88629677121793,,825
work,,310.1717720091005,,824
leisure,,278.80408619387725,,790
transport,Escolta Ferry Station,120.10264354416034,,277
work,,3212.534305191524,,850
work,Maritime Plaza,1059.7671228772856,15.0,652
work,UN Square,2323.5212680667587,3.0,650
health,Tondo Medical Center,16264.761115548157,,116
worship,"Iglesia Ni Cristo, Lokal ng Solis",680.7624171656447,,202
leisure,Bonifacio Plaza,720.4369992907383,,891
leisure,Manila City Hall Clock Tower,183.86082562894651,,645
leisure,PUP Gymnasium,2874.559619012484,4.0,616
shop,Goodyear Servitek,1031.2270393149804,,338
worship,Knox United Methodist Church,2304.439818684972,,298
food,Jollibee,1849.3003483917205,,651
gov,Barangay 631 Zone 65,64.47554947080187,,617
worship,Parokya ng Ina ng Laging Saklolo,905.8142975359176,,882
worship,San Vicente De Paul Church,1117.8798167632026,,895
worship,Santissimo Rosario Parish Church,717.5175511201677,,456
worship,United Bethel Church,1531.3663114697079,,567
work,Landbank Training Center,896.9673788150855,,644
work,New Vitas Slaughterhouse,496.21185918765354,,94
health,Vitas Health Center,306.1500276536894,,94
leisure,,456.35658995207876,,91
shop,Shell Select,91.78140628053364,,93
shop,7-Eleven,373.6485906800368,2.0,685
gov,Barangay 600 Hall,52.925412086690116,,586
gov,Barangay 599 Hall,95.94117832675862,,585
gov,Victorino Mapa Police Community Precinct,54.63941447211868,,585
leisure,,362.3312808579675,,19
gov,Coast Guard Checkpoint Arroceros,54.37711971344592,,894
transport,Pandacan Ferry Station,21.927631415950756,,824
food,Jollibee,239.66003081459263,,642
gov,Barangay 888 Hall,123.03527599244585,2.0,871
work,,251.10194570871232,4.0,871
work,Caloy's Eatery,73.90615616211436,,868
food,Beanleaf,483.4845360446452,1.0,642
leisure,Pedro Gil Park,3323.8547602202743,,653
shop,,43.87427850158769,,882
shop,,116.68637707493222,,882
shop,,31.728678156647092,,882
work,,73.18891542085925,,882
shop,,47.555844569465194,,882
worship,,241.51005327270204,,882
gov,Civil Registration Central Outlet,1828.726802300353,,617
work,Solicarel II,766.0679260513457,,617
leisure,Tondo Sports Complex,3314.2696066271214,,4
gov,Barangay 4 Hall,41.40200847577972,,3
work,,522.2139969275992,,820
work,,2251.1410255230976,,820
gov,Asuncion Police Community Precinct,62.46381384182527,,0
shop,,15.758419308001308,,882
gov,Barangay 898 Zone 100,130.7613111951672,1.0,882
worship,Teresa Chapel,40.19721147231215,,578
work,,271.3536525531059,4.0,283
shop,,141.52717144770926,,584
shop,,63.37634133250863,,584
transport,Solis,1046.7560053607754,,152
school,Saint Pius X Parochial School,1310.44405141202,,794
gov,Barangay 875 Zone 96 Hall,38.35283684179339,,859
worship,,18.637809590453017,,820
work,,312.57886492807626,,845
leisure,Open Court,359.39776118882014,,456
leisure,Practice Gym,2589.3427648352385,,456
leisure,,359.49726067551194,,456
leisure,,257.66516671651084,,456
work,Marie De Guzman - Valiente Dental Clinic,67.59289319127353,,820
leisure,,400.76101572287337,,843
leisure,Rizal Memorial Track and Football Stadium,24109.79262384257,,704
school,St Peter the Apostle Kindergarten,700.0637989957445,2.0,812
leisure,,380.92904912720735,,511
worship,Our Lady of the Abandoned Parish,842.7314350440795,4.0,869
shop,H&K Car Repair Shop,498.52814143593946,1.0,216
gov,Barangay 229 Zone 21 Hall,23.32350787217017,,219
work,Cresty Trading Corp,36.53121833981929,,225
shop,Sandiwin Printing Corp,302.1663063405698,,226
work,JT Garment Trading,295.9063735185489,,231
health,Aurora Health Center,76.53710905452579,,241
shop,Banong Works,85.19022880228863,,241
worship,Risen Christ Chapel,68.18745699965392,1.0,243
leisure,MMDA Children's Road Safety Park,3729.867358304432,,706
leisure,,538.4534898601465,,590
work,,299.0580720048649,,864
work,,66.87468632521811,,864
work,,81.20168306640868,,850
work,,2591.69772209157,,174
shop,Yamaha,233.08077528608555,,176
market,Puregold Minimart,314.5205350966056,,176
gov,Bulwagang Pambarangay ng Barangay 183,167.8823551571147,,173
shop,7-Eleven,68.72351202479996,,198
gov,Bulwagang Pambarangay ng Barangay 210,72.16525195402292,,200
gov,Bulwagang Pambarangay ng Barangay 212,98.87207443273198,,202
school,Melchora Aquino Elementary School,849.2937560161479,,194
gov,Bahay Pamahalaan ng Barangay 228,55.0226472249216,,218
school,A.C. Herrera Elementary School,741.2915430672666,,187
shop,Rusi,612.1139100187363,,137
gov,Bulwagang Pambarangay ng Barangay 161,31.14946549765557,,151
worship,Juan and Apolinaria Teodoro Memorial Church,292.22298963436845,,186
worship,Seng Guan Temple,679.2956225446644,2.0,230
work,Rysso Tower,1279.9886113243247,28.0,49
gov,Barangay 151 Zone 13 District II Multipurpose Hall,87.36121746084626,3.0,141
shop,house bakery,76.2826588930531,,876
worship,,277.60929138003155,,587
food,,284.889413974636,,575
shop,,61.128851415989246,,578
food,,110.77880165192286,,578
food,,47.38993497999747,,578
food,,73.4877377805615,,578
shop,,78.67717901751016,,578
food,,62.66666124968924,,578
shop,,76.64186462373135,,578
work,,1556.9534743391864,2.0,650
work,,5449.575624532444,2.0,650
leisure,,323.07782718972214,,848
work,Tabacalera Building,1346.3897898108744,3.0,650
work,STI Academic Center,3544.513267343108,,588
work,NMC Containers,20619.81132525109,,19
work,Goldilocks Factory,4894.117197336,,593
gov,Martinez Barangay 892 Town Hall,83.07203358953932,2.0,876
food,,88.21540910012892,,876
work,,384.40837504281257,2.0,402
worship,Metropolitan Baptist Church,396.66077694549267,,811
health,Bagong Barangay Health Center,317.77406171005475,,827
school,Bagong Barangay Elementary School,2217.373474423321,,827
gov,849 Barangay Hall,106.45424176406934,,834
gov,Punta Police Community Precinct,81.39597697141508,,886
gov,Baranggay 902 Hall,80.06060383193636,,885
worship,Lokal ng Syquia,548.8835764406441,,867
leisure,,80.98002229278673,,864
work,Car Wash,109.69521085051244,,744
work,Animo Car Wash,108.91820901613255,,737
worship,St. Scholastica's College Chapel,721.0645868602628,,713
leisure,PCA Basketball Court,400.5823783171429,,810
leisure,PCA Tennis Court,193.70399221198812,,809
leisure,PCA Tennis Court,139.14293901311362,,809
leisure,PCA Tennis Court,276.7854965505376,,809
leisure,PCA Tennis Court,233.27466509407284,,809
leisure,PCA Tennis Court,222.9990650070679,,809
food,Dunkin' Donuts,4.409472038423714,,709
shop,Juzzie Family Mart,20.054637458500057,,709
food,Tapa Supreme,102.40120565078826,,707
food,Jollibee,204.3408199344487,,710
food,Jollibee,470.9752898156132,2.0,710
leisure,,308.0763245196918,,729
market,SSG Supermarket,660.8874678902984,,863
mall,XentroMall,2828.396450269244,,863
gov,Barangay 653 Hall,84.16562169544423,,639
work,,1842.3454904956068,,116
school,R. Almario Elementary School – Parola Annex,473.830316275695,,19
leisure,Plaza,349.21848656778275,,19
health,Parola Health Centre,160.84713518563717,,19
gov,Baseco Police Station № 13,335.2388265999658,,635
gov,,30.24238761784685,,635
school,Elpidio Quirino High School,3637.241797795604,,610
leisure,Roman Ongpin Park,78.85111968707369,,275
leisure,Plaza Lacson,657.5757182647995,,292
school,Malayan High School of Science,3325.2082910941754,,814
work,PUP Souvenir Shop,23.359349796782602,,616
shop,"Corona Supply Co., Inc.",1169.747129208104,3.0,381
gov,Barangay 667-72,44.09000909248814,3.0,652
school,Maranatha Christian Academy,224.77601380861444,,832
leisure,Manila Baywalk,37977.1737600973,,684
transport,Lawton River Ferry,1668.8066034796286,,894
school,General Maximo Hizon Elementary School,9409.275554052738,,244
school,General Miguel Malvar Elementary School,2585.5544523024896,,567
school,Legarda Elementary School,9618.172075754788,,507
worship,Ang Dating Daan,181.71168502045816,,876
work,"Acer Philippines, Inc.",1886.474939385765,2.0,812
shop,Goodyear Autocare,816.9922021974986,2.0,812
work,Instituto Cervantes,315.24783899026755,2.0,644
work,,638.301050641103,1.0,647
leisure,Ricass Park,2178.606050927463,,603
work,Ever Department Store & Supermarket Head Office,97.19532907978225,2.0,894
leisure,,2230.5700298867,,663
food,,534.0589754093432,,641
work,China Banking Corporation,714.914015424945,7.0,273
shop,Polland Hopia Factory,165.25999799893066,2.0,277
work,The Original Savory,938.1664505632358,1.0,277
school,PMI Colleges,634.4680188920786,5.0,276
gov,Bulwagang Pambarangay ng 386,78.97308119795754,2.0,372
food,McDonald's,281.45230126164887,2.0,402
market,Talipapa sa Barangay 407,172.65871261910064,,393
gov,Barangay Hall (Brgy 420),341.3736165200503,2.0,406
shop,,78.11007519991195,,578
shop,,85.25232416910448,,578
shop,DEECO,367.40675701846703,6.0,295
work,Metropole,459.65074425699686,5.0,295
market,Puregold Jr.,1829.8353793491283,,289
shop,Chinatown Gold Center,433.1711885093292,4.0,289
shop,Santa Cruz Gold Center,369.6116204605639,2.0,284
gov,,111.67869212336254,,261
school,Felipe G. Calderon Integrated School,8495.715897294878,,191
health,Barangay 228 Health Center,146.490067097512,,218
leisure,,54.75215061675581,,211
gov,Barangay 221,75.81473070403406,,211
school,"President Sergio Osmeña, Sr. High School",3736.712338946032,,163
school,Barrio Obrero Elementary School,6146.091237068512,,184
gov,Bahay Pamahalaan ng Barangay 155,23.811433243603517,,145
health,"Ygeia Medical Center, Inc.",160.16896719905228,,830
health,Ospital ng Tondo,685.2511321897019,,205
shop,Minerva Store,16.767622210972682,,96
shop,O Ha! Garage - Komine Manila PH,195.66977108712064,,817
leisure,,17.038171290866273,,822
work,,10060.762852782113,,118
gov,,521.173426472968,,118
school,Bridge to Hope,313.6156171237444,,118
school,Arsenio H. Lacson Elementary School,1297.144440763127,,127
school,Antonio Luna Elementary School,2427.3619698315642,,201
school,Pedro Guevara Elementary School,11615.958069516899,,271
transport,,29.76682001085581,,884
gov,Bulwagang Pambarangay ng Barangay 584,65.24867216245882,,570
worship,Pearl of Great Price Chapel,41.93757343634478,,704
work,KDC Tower,642.0554288926077,,291
school,Lakan Dula Elementary School,4085.583284093254,,155
school,Francisco Benitez Elementary School,6576.280234539872,,155
food,Jollibee,2030.9387043520214,,19
school,Saint Joseph School,849.4799949548574,,169
transport,España,4495.3303719702435,,436
transport,Partas Sampaloc Terminal,1395.1103681317677,,474
transport,Laon Laan,2755.2132738679884,,473
school,Regina Apostolorum Academy,4025.178075295076,,576
leisure,Plaza Zamora,454.99640365497106,,832
health,Metropolitan Medical Center,10659.035862037701,,252
shop,Elementary Building,1608.5257702449442,5.0,256
food,Causeway Seafood Restaurant,187.98603504827128,,253
work,Pacific Center,1831.6801303275377,9.0,275
food,Jollibee,148.08365841425132,3.0,275
work,Cosmos Bazar,302.2803718933452,7.0,275
work,Philtrust Bank,185.4331542093031,5.0,273
shop,Se Hua and Sons,124.54670426318091,4.0,273
worship,Manila Buddha Temple,471.0994517739218,3.0,256
work,,390.1103661266177,,268
worship,靈光寺,263.5448586528147,4.0,271
shop,Toyota Otis,13820.601227073315,,816
work,,1369.0037118521436,,637
work,,1038.8745421056637,,637
gov,DPWH National Capital Region,24214.441037867306,,635
transport,AB Liner - Sampaloc Terminal,1335.7276277373433,,411
school,Philippine Sun Yat Sen High School,563.9576336974468,,288
worship,The Church in Manila Meeting Hall No.1,566.3765641071727,2.0,291
work,,201.40123468582942,3.0,254
school,,5112.228709508893,,254
gov,Barangay 260 Barangay Hall,38.42824679625091,,250
work,,796.7055181037583,8.0,250
work,,790.0522793679276,3.0,277
work,The Centennial,539.0656694680208,4.0,277
work,,213.12141817857176,3.0,277
gov,Manila Pulis,6.597389056279013,,300
leisure,,197.03733661707142,,319
leisure,,161.8735369756894,,314
gov,Barangay 332 Zone 33,94.22244531184238,2.0,318
leisure,,81.76874523546135,,318
leisure,Estero de Magdalena Linear Park,1861.6922146706925,,249
gov,Barangay 303 Zone 29 Hall,55.33579232957688,,289
shop,Avesco Marketing Corporation,187.70403291298817,2.0,290
school,Philippine College of Criminology,2436.3334419817224,,295
gov,Barangay 316 Zone 32 District III,33.714743721859456,2.0,302
worship,Mahal na Krus,54.98980531060674,1.0,302
leisure,,79.24243523996131,,302
gov,,279.08271530861896,,301
leisure,,144.08289437571068,,301
work,VSC Building,613.3897859777567,6.0,694
school,Antonio Regidor Elementary School,5175.133544252334,,316
food,Mang Inasal,148.07826934146374,2.0,299
shop,Lumina Lights,137.48082529159825,2.0,291
gov,Barangay 305 Zone 29 Barangay Hall,24.294282336877792,,291
mall,R Square Mall,3244.6226630185274,,714
food,Golden Fortune,568.7253669919837,3.0,651
work,World Health Organization,4492.158553181293,4.0,655
school,Immaculate Conception Academy of Manila,7223.685172758746,,138
work,Punta Jeepney Depot,2602.728684725072,,889
work,,448.3897175170591,8.0,682
work,Gomez building,479.43304736155847,2.0,682
work,Bellagio Square,948.4581504234002,2.0,683
food,Bistro Remedios,343.9941743749962,1.0,685
food,Peri-Peri,387.0529333508105,,684
work,A.T.C. Building,308.55352220830764,6.0,654
worship,,1224.5141795164404,,683
mall,Juan Luna Plaza,1906.0644319500796,14.0,273
mall,Cityplace Square,4976.846999765144,3.0,279
food,McDonald's,246.54179299376676,1.0,279
gov,Barangay 293 Zone 28 Hall,88.37386829140095,3.0,279
work,,183.79705492647287,4.0,279
work,Main Building 2,5830.484937105993,5.0,891
work,Columna,1184.7784042249198,13.0,275
gov,National Mapping and Resource Information Authority,3831.6313093232916,,268
work,Escuela Taller de Intramuros,5848.8451123116365,,643
leisure,Plazuela Madre Francisca del Espiritu Santo de Fuentes,74.03412993763611,,642
gov,Bureau of Internal Revenue,3069.1747503128795,,640
worship,Chapel of the Most Blessed Sacrament,713.7276366581326,,704
work,,183.04775785582962,2.0,710
work,Kaizen Building,602.5371507658447,8.0,710
mall,Green Mall,3394.675881783057,,694
school,Manila Cathedral School,14393.507522652431,,222
transport,Viron Transit - Sampaloc Terminal,1352.884937598388,,501
work,Fiesta Container Yard Services,9697.831247133487,,138
mall,Deca Mall,9361.636999543185,2.0,89
work,Gomez Trucking,564.9070802181297,,116
work,Philippine Span Asia Carrier Corporation,3664.088213733769,,140
work,RM Cargo,1334.3880953467246,,140
gov,Barangay 470 Barangay Hall,171.12773824440572,,456
transport,Fariñas - Sampaloc Terminal,1398.8122105460443,,476
market,Talipapa ng Basilio,491.6817203005912,,500
shop,King's Bakeshop,31.092733778318944,1.0,254
work,Boy Scouts of the Philippines,1110.4168891462389,3.0,894
work,Maynilad,15105.115599071136,,894
school,Samson College of Science and Technology,1413.4512653019126,,375
work,,2973.772752715748,1.0,292
work,Quinta Market,444.68702081333197,3.0,292
leisure,Open Field,2461.705054382827,,627
gov,Land Transportation Office Manila North District Office,1270.7080423350858,,317
market,Paco Market,5010.232447195868,1.0,658
gov,Barangay 664-A Hall,23.30842859575081,2.0,897
shop,Shell Select,150.2241760257949,,659
school,Jose Abad Santos Memorial School,1018.9867949218769,,688
work,,2828.396450269244,2.0,863
shop,Broadway Car Care Center,1729.9718501328998,,657
gov,Insurance Commission,6145.069603683923,,650
gov,Department of Budget and Management,13170.431666440323,,632
worship,Kingdom Hall of Jehovah's Witnesses,359.0130581646514,2.0,67
school,PCU Union High School of Manila,2494.5159883659226,,681
school,PCU Union Elementary School,1918.5460935708802,,682
school,"The Ellinwood Christian School, Inc.",2991.4384530438324,,681
work,,151.75513407079302,1.0,660
worship,Cathedral of the Holy Child,1251.0362064782794,3.0,660
worship,First Church of Christ Scientist,1002.9713030887866,,660
work,"Yakult Philippines, Inc.",3664.8406058069854,,661
work,,377.07975818544145,,871
health,Doliente Dental Clinic,45.946954653810224,,337
food,Angelace Food Haus,11.942423679826586,,380
work,,347.49191048368715,,533
school,Philippine Chung Hua School,2056.603330737157,,577
gov,Bahay Pamahalaan ng Barangay 160,23.669494050040143,,150
work,PC Boy Computers,102.80149613819876,3.0,381
leisure,Plaza Intramuros,2182.4123009330046,,456
worship,Kambal na Krus Chapel,62.254747267610796,2.0,139
leisure,Rizal Park Flag Pole,134.93771073543806,,651
gov,Santa Ana Fire Station,606.5217144444462,,864
shop,Tomboy's Sari-Sari Store,20.105173187725054,,843
shop,Framis Sari-Sari Store,44.294911012085706,,843
worship,Barangay 859 Chapel,7.336095830410688,,843
shop,Mang Danny's Sari-Sari Store,8.68016182528793,,843
work,J&T,1139.0586913970253,,835
market,Talipapa ng Pandacan,1064.335177482677,,827
work,,180.96938434917485,,817
leisure,,204.12601228572134,,843
gov,,4412.60595059953,,19
leisure,,1545.419530886497,,607
school,St. Peter the Apostle School,3308.146773893888,,812
gov,Barangay 663 Hall,47.07678456917716,2.0,649
work,,431.38532782627686,,593
mall,Good Earth Plaza,3214.6653926817853,5.0,289
food,McDonald's,624.9853722450629,,244
food,McDonald's,881.2633672080808,,196
gov,Santa Cruz Police Station,573.941878257502,,330
work,,989.7832775127731,,475
school,ABE - International Business College,689.6553051334893,,396
shop,Petron,1139.8569618292272,,186
school,E.A. Remigio Elementary School,501.9471054793946,,364
health,Hannah Medical Clinic,150.31515126968222,,676
work,Maxipoly Sales Corporation,82.21304365788183,,261
school,Cecilio Apostol Elementary School,1700.2733238482797,,332
leisure,,28.852908146002466,,616
leisure,,27.00720224200791,,616
leisure,,29.717424607406173,,616
leisure,,30.58365539174286,,616
transport,,365.4656997175697,,279
leisure,Luntiang Pilipinas Forest Park,7002.135182173108,,616
leisure,,691.8536059433201,,616
shop,Quevas Bakery,73.46241348958023,,789
work,,1305.501289274761,5.0,470
gov,Barangay 284 Zone 26 Hall,114.37281278000157,1.0,270
health,Lawrence's,141.0467827946577,,781
shop,K Lounge Salon & Spa,74.18514666397456,,781
shop,Suzuki,152.42323649089087,,174
leisure,,251.48360986595702,,635
school,President Corazon C. Aquino Vocational High School,1918.2169024816262,,635
school,Senator Benigno S. Aquino Jr. Elementary School,6708.542481236666,,635
school,President Corazon Aquino High School,3713.4655331797826,,635
work,Clock Monument,5.1124002885957704,,651
gov,№ 842 Zone 92 Barangay Hall,242.8327934157787,,827
leisure,,261.2147152766371,,827
shop,Dunlop,78.02235910170437,,814
work,,104.9294861211529,,814
leisure,Jaime Cardinal Sin Linear Park,3050.741939354324,,883
shop,Benjie's Music Store,27.069005356135282,,898
leisure,,500.4494308745871,,269
school,Marcela Agoncillo Elementary School,687.3110832886985,,270
school,P.U.P. College of Communication,5731.573266769769,,614
gov,Bulwagang Pambarangay ng Barangay 834 Zone 91,108.08420612222795,,818
gov,Binondo Paco Volunteer Fire Search and Rescue Brigade,32.79018937442558,,662
work,,1639.601374253291,12.0,231
work,,2082.8388222350627,14.0,633
work,,2605.434334556594,18.0,633
gov,Bulwagang Pambarangay ng Barangay 895,26.546399198263686,2.0,879
work,VMed Medical Building,311.88767944030826,23.0,44
work,Rich Tower,497.59214800852806,32.0,261
gov,Bulwagang Pambarangay ng № 275 Zone 25,48.31889179541692,2.0,265
worship,San Fernando de Dilao Parish,1838.7962361613672,,664
work,,845.1084009644821,,396
gov,Bulwagang Pambarangay ng 629,111.47659452672153,,615
gov,Bulwagang Pambarangay ng 598,106.81726472619911,,584
gov,NHA - West Central Regional Office,706.8705718725697,,809
gov,Pandacan Post Office,71.88954741316672,,818
leisure,,793.1082095205057,,815
work,RIL GROUP,585.5840670904403,2.0,123
work,Ril Transport Services,3720.296398336095,,123
gov,Bulwagang Pambarangay ng 738,60.79249389094582,,723
work,,6489.6340711095345,,884
work,,65.23850326941393,,853
work,,172.4091067848041,,853
work,"Columbia Technologies, Incorporated",1123.389006454241,,673
gov,Bulwagang Pambarangay ng 880,38.44416793315641,,864
leisure,,225.7950361359121,,635
gov,Barangay 263 Zone 24 Hall,18.024761917183312,,253
leisure,,298.2379417181621,,249
gov,Barangay 291 Hall,118.77388724982079,3.0,277
gov,Gandara Police Community Precinct (OPAC Outpost),20.018593193093622,,289
work,Parkson Square,371.6524043462311,,293
gov,San Nicolas Police Community Precinct (PCP 2),117.68635405216904,,270
gov,Barangay 250 Zone 23 Hall,40.57246242156859,,240
food,Dunkin',3.9837859103312123,,279
gov,Juan Luna Police Community Precinct,11.77084236385879,,273
work,,650.0808422833234,,816
leisure,,359.74483684060664,,336
work,Ran Gen Taxi,1476.7326666045572,,197
leisure,,472.37445895360486,,202
leisure,Hidden Garden,8525.740107038637,,894
worship,Our Lady of Peace and Good Voyage of Tondo,611.2121898967043,,11
gov,Barangay 154 Zone 14,75.2488413276899,,144
work,,678.7203048623554,,169
work,,805.0459481007379,,169
gov,Hermosa Police Community Precinct,65.40252098848133,,174
work,,4032.7157554923415,,176
gov,Bulwagang Pambarangay ng Barangay 181,43.66797002963649,,171
gov,Bulwagang Pambarangay ng Barangay 127,41.236627720167064,,117
market,,855.7398046501745,,118
school,Pedro Pelaez Elementary School,681.5458143001953,,566
school,Global Gleam Montessori Inc.,132.47762137495747,,864
school,,128.27827496979592,,864
work,,393.9539889566559,,873
work,,373.88833311145186,,863
work,,343.5965981233746,4.0,871
school,Jaime Cardinal Sin Learning Center,2553.8825786901607,,882
health,Mercury Drug,513.3904905463742,,406
gov,Bulwagang Pambarangay ng Barangay 424,57.67420197144407,,410
gov,Bulwagang Pambarangay ng Barangay 177,96.01103579413592,,167
gov,Bulwagang Pambarangay ng Barangay 673,24.54450934671978,,658
school,Doctor Benigno Aldana Elementary School,999.9965533139882,,408
gov,Bulwagang Pambarangay ng Barangay 355,34.35686094778444,2.0,341
transport,Candon Bus Line,1004.380535492161,,321
worship,San Roque Chapel,82.86776367855477,,116
food,McDonald's,690.9308380805057,,651
leisure,China-Philippines Friendship Park,763.0297498701163,,642
gov,Barangay 672 Hall,67.5144251633579,,657
shop,GWM,878.5208386323613,6.0,657
gov,Barangay 118 Hall,158.67951017298964,,108
work,Philippine Cancer Society Incorporated,2579.149945783672,,628
school,Polytechnic University of the Philippines M.H. Del Pilar Campus,4262.3905981613725,,620
gov,Barangay 669 Hall Zone 72,196.90537273895194,,654
work,The PENTAGRID,750.8829740261791,6.0,334
shop,"Century Travel & Tours, Inc.",78.38848663838436,,686
work,"Esperanza L. Osmeña, Inc.",104.28172324269856,,686
work,Laban ng Demokratikong Pilipino,78.00682811507295,,686
work,Victory Liner,2705.6272457343835,,434
gov,Bahay Pamahalaan ng Barangay 130,24.948564617355483,2.0,120
gov,Bahay Pamahalaan ng Barangay 846,45.24010768527585,,840
gov,Escolta Police Community Precinct,24.84116395765729,,277
food,Jollibee,422.69500697984904,,893
work,,143.74126147647814,5.0,669
leisure,Rizal Park Musical Dancing Fountain,4057.3717912048437,,651
leisure,,2608.1359457494145,,587
shop,Vienna Bakery,131.09719200607034,2.0,292
work,,144.33114078198489,2.0,292
gov,Bahay Pamahalaan ng Barangay 341,45.28775489171293,,327
food,,85.94017779293259,,714
worship,,12.910734178662233,,669
health,President Corazon C. Aquino General Hospital,1020.9107506715485,,635
worship,Sto. Niño de Baseco Parish,125.56115775290098,,635
gov,Barangay 2 Hall,65.63121220585137,,1
food,,37.19425067905468,,888
work,,154.8654731217686,1.0,642
school,,691.4173304147143,,755
gov,,9292.833674428177,,817
food,Andok's Litson,88.60423044424729,,833
food,Baliwag Lechon Manok,65.36323377020268,,833
market,Public Market,149.78852295550084,,845
leisure,,600.6686742803485,,651
work,,92.35440637295069,,767
school,Florentino Torres Senior High School,1789.777871917332,,166
leisure,,186.71274201636217,,156
health,National Center for Geriatric Health,3203.390934242379,,631
work,,108.670908185441,,645
work,,261.23460045164063,,645
work,,352.4892276191889,,646
work,,487.3730626377637,,646
work,,132.8041672780871,,650
work,,249.98681747303158,,650
work,,811.5025612231977,,895
work,,405.0375083275535,,895
work,,303.68607116321823,,895
work,,129.96606924010104,,895
leisure,,292.7733224861846,,895
leisure,,256.6368559673574,,641
market,Trabajo Market,1595.3104154544035,,439
work,PLDT,83.33343163717382,,799
school,M. Roxas de Ayala Elementary School,832.0240977582862,,762
food,Dexter Pizza-Sisay's,144.18638742531604,,641
work,,19.277406645145227,,640
work,,110.56158851735012,,640
food,,37.53911098325466,,683
gov,Barangay 98,65.59281549487643,,92
shop,Gospel Memorial Homes,19.036534984759708,,889
food,Mandarin Sky Seafood Restaurant,444.31111055170635,,891
shop,Hizon's,320.4149204943799,,652
leisure,Basketball Cort,56.43006539759066,,289
leisure,,42.23359795606746,,289
food,Jollibee,1360.2795436499896,,300
health,Dr. Jose Fabella Memorial Hospital,9709.757744286397,,317
gov,Barangay 845 Zone 92 Hall,66.96003207196229,,830
food,,377.0329141921613,,706
food,,35.23474335564721,,651
shop,Dali,108.34196556312511,,434
food,McDonald's,1262.1133814067152,,686
work,,363.499489553953,,681
work,,701.5630005354453,,682
shop,KSHC SEEDS TRADING,85.17933791715922,,691
work,,550.6610656221508,,647
work,NUTRA-FINITY,320.3966874190292,,647
work,kaizen philippines,397.6035906368218,,661
work,LEYSAM COMMERCIAL,140.67385299581392,,661
health,"St. Martin Polyclinic, Inc.",386.53017070298193,,661
work,Stones_Foundation,948.2146075719725,,629
transport,Metro Link Avenida Terminal,592.7666086425018,,299
health,Healthway Qualimed Manila,2516.8168061975953,,654
work,L.A. Village,935.1194424268166,,390
food,Dunkin',60.29402320426004,,817
health,Mercury Drug,205.4683980064581,,833
leisure,,3793.5552958560347,,336
work,,2590.0168625943547,,874
work,,1326.9831177961546,,468
worship,,29.20419545097522,,296
school,G. Lopez Jaena Elementary School,2212.6403319694396,,523
work,One Tayuman,1661.305976161706,2.0,216
shop,Rapide 1,84.27733431459933,,684
work,,170.44644817302236,2.0,694
worship,Ching Leong Temple,164.81349994080563,5.0,240
gov,Barangay 246 Zone 22 Multipurpose Building,36.338598494752766,4.0,236
health,Juan Posadas Health Center,92.19876072411896,1.0,130
leisure,,81.50678352672905,,269
worship,Immaculate Conception Chapel,95.90468568259588,,150
worship,Barangay 233 Chapel,30.908799745674223,,212
transport,Raymond Transportation - Sampaloc Terminal,2417.749989121701,,395
leisure,,109.80609011222617,,308
shop,Kirby Cruz,112.89875719382621,5.0,308
worship,Our Lady of Lourdes Mission Station,123.65300124229856,,499
gov,Barangay 376 Zone 38 Hall,27.85949942925886,,362
food,Jollibee,339.4979923893544,,202
shop,Red Ribbon,49.54882548504659,,202
shop,Dali,333.12705977275607,,192
food,Jollibee,1275.2282272779287,,79
food,Dunkin',65.9687110740952,,54
market,Super 8,340.99734564530104,,54
food,McDonald's,362.03029378278586,,572
work,,777.159960305295,,572
gov,,63.38467248567557,1.0,277
work,Commercial Bank and Trust Company Building,785.463569586362,6.5,277
market,Kalentong Market,3634.099711541406,,877
work,,117.91815101640505,,645
work,,108.18268982865204,2.0,647
work,,84.90222380045458,,647
work,,14.887662391800298,1.0,371
gov,660 Barangay Hall,56.77844222504015,,646
food,Fulin Seafood Restaurant,356.4930737098418,,282
gov,Barangay 72 Hall,71.00711649057814,,65
leisure,,534.0137438758163,,108
food,Fusion Alley Food Park,1089.6739250532112,,455
work,,18.852373650490595,,224
work,,50.322436588106314,,224
work,,72.11625452500147,,891
work,,689.3670605412599,,891
gov,Barangay 636 Zone 64 Hall,66.89858293842087,,622
food,,856.0473579718504,,642
food,,207.70611966672823,,894
food,,253.00614273932365,,894
leisure,,100.02095929410117,,268
work,,834.9788470377557,,333
work,,7459.231104813887,,167
work,,7459.341964523188,,167
work,,289.8976683317359,,167
work,,290.43995071171287,,98
shop,,13.357398110640755,,98
work,Embassy of the Sovereign Military Order of Malta,1641.1575563540155,,379
shop,,10.466804017097688,,98
shop,,8.767876226899528,,98
shop,,4.840372114063497,,98
food,Canteen,481.7935438005016,,877
leisure,,203.3960417434066,,877
health,Smokey Health Center,74.3900104920035,,118
transport,HM Tutuban Terminal,3376.0396646906556,,231
gov,Barangay 731 Zone 80 District 5 Hall,41.83213661033958,,716
work,Guard House,6.323582324680816,,627
leisure,Evacuation/Court Area,294.7762126496673,,627
work,Finance Office,18.037678453433493,,627
gov,Registrar Office,30.10314995412684,,627
work,IT OFFICE,19.666237862419052,,627
work,SAO,36.1830850174764,,627
leisure,,494.38691525995193,,627
work,Dean's Office,62.99459801843018,,627
health,Clinic,91.97642904941412,,627
