zone_a,zone_b
Barangay 1,Barangay 14
Barangay 1,Barangay 270
Barangay 1,Barangay 271
Barangay 1,Barangay 269
Barangay 1,Barangay 13
Barangay 1,Barangay 25
Barangay 1,Barangay 26
Barangay 1,Barangay 35
Barangay 1,Barangay 2
Barangay 1,Barangay 4
Barangay 2,Barangay 271
Barangay 2,Barangay 269
Barangay 2,Barangay 1
Barangay 2,Barangay 3
Barangay 2,Barangay 4
Barangay 3,Barangay 269
Barangay 3,Barangay 268
Barangay 3,Barangay 2
Barangay 3,Barangay 7
Barangay 3,Barangay 4
Barangay 4,Barangay 1
Barangay 4,Barangay 26
Barangay 4,Barangay 35
Barangay 4,Barangay 36
Barangay 4,Barangay 45
Barangay 4,Barangay 5
Barangay 4,Barangay 2
Barangay 4,Barangay 3
Barangay 4,Barangay 7
Barangay 4,Barangay 9
Barangay 4,Barangay 8
Barangay 4,Barangay 6
Barangay 5,Barangay 45
Barangay 5,Barangay 4
Barangay 5,Barangay 47
Barangay 5,Barangay 6
Barangay 6,Barangay 5
Barangay 6,Barangay 4
Barangay 6,Barangay 8
Barangay 6,Barangay 47
Barangay 6,Barangay 71
Barangay 6,Barangay 64
Barangay 6,Barangay 56
Barangay 6,Barangay 57
Barangay 7,Barangay 269
Barangay 7,Barangay 268
Barangay 7,Barangay 3
Barangay 7,Barangay 10
Barangay 7,Barangay 9
Barangay 7,Barangay 4
Barangay 7,Barangay 8
Barangay 8,Barangay 7
Barangay 8,Barangay 49
Barangay 8,Barangay 9
Barangay 8,Barangay 4
Barangay 8,Barangay 48
Barangay 8,Barangay 6
Barangay 8,Barangay 56
Barangay 8,Barangay 57
Barangay 8,Barangay 51
Barangay 9,Barangay 10
Barangay 9,Barangay 7
Barangay 9,Barangay 49
Barangay 9,Barangay 4
Barangay 9,Barangay 8
Barangay 10,Barangay 268
Barangay 10,Barangay 7
Barangay 10,Barangay 49
Barangay 10,Barangay 9
Barangay 11,Barangay 18
Barangay 11,Barangay 274
Barangay 11,Barangay 12
Barangay 11,Barangay 17
Barangay 11,Barangay 16
Barangay 11,Barangay 14
Barangay 11,Barangay 276
Barangay 12,Barangay 275
Barangay 12,Barangay 18
Barangay 12,Barangay 274
Barangay 12,Barangay 17
Barangay 12,Barangay 11
Barangay 12,Barangay 20
Barangay 13,Barangay 16
Barangay 13,Barangay 14
Barangay 13,Barangay 1
Barangay 13,Barangay 15
Barangay 13,Barangay 25
Barangay 14,Barangay 11
Barangay 14,Barangay 16
Barangay 14,Barangay 276
Barangay 14,Barangay 270
Barangay 14,Barangay 1
Barangay 14,Barangay 13
Barangay 15,Barangay 16
Barangay 15,Barangay 19
Barangay 15,Barangay 13
Barangay 15,Barangay 32
Barangay 15,Barangay 25
Barangay 16,Barangay 17
Barangay 16,Barangay 11
Barangay 16,Barangay 19
Barangay 16,Barangay 14
Barangay 16,Barangay 15
Barangay 16,Barangay 13
Barangay 17,Barangay 18
Barangay 17,Barangay 12
Barangay 17,Barangay 11
Barangay 17,Barangay 16
Barangay 17,Barangay 19
Barangay 17,Barangay 20
Barangay 18,Barangay 275
Barangay 18,Barangay 12
Barangay 18,Barangay 17
Barangay 18,Barangay 11
Barangay 18,Barangay 20
Barangay 19,Barangay 17
Barangay 19,Barangay 16
Barangay 19,Barangay 15
Barangay 19,Barangay 29
Barangay 19,Barangay 32
Barangay 19,Barangay 28
Barangay 19,Barangay 20
Barangay 20,Barangay 275
Barangay 20,Barangay 18
Barangay 20,Barangay 12
Barangay 20,Barangay 17
Barangay 20,Barangay 19
Barangay 20,Barangay 29
Barangay 20,Barangay 28
Barangay 25,Barangay 1
Barangay 25,Barangay 15
Barangay 25,Barangay 13
Barangay 25,Barangay 32
Barangay 25,Barangay 31
Barangay 25,Barangay 26
Barangay 26,Barangay 1
Barangay 26,Barangay 25
Barangay 26,Barangay 31
Barangay 26,Barangay 33
Barangay 26,Barangay 35
Barangay 26,Barangay 4
Barangay 28,Barangay 19
Barangay 28,Barangay 29
Barangay 28,Barangay 32
Barangay 28,Barangay 31
Barangay 28,Barangay 38
Barangay 28,Barangay 34
Barangay 28,Barangay 33
Barangay 28,Barangay 20
Barangay 29,Barangay 19
Barangay 29,Barangay 30
Barangay 29,Barangay 28
Barangay 29,Barangay 38
Barangay 29,Barangay 34
Barangay 29,Barangay 39
Barangay 29,Barangay 20
Barangay 30,Barangay 29
Barangay 31,Barangay 32
Barangay 31,Barangay 28
Barangay 31,Barangay 25
Barangay 31,Barangay 26
Barangay 31,Barangay 34
Barangay 31,Barangay 33
Barangay 31,Barangay 35
Barangay 32,Barangay 19
Barangay 32,Barangay 15
Barangay 32,Barangay 28
Barangay 32,Barangay 25
Barangay 32,Barangay 31
Barangay 33,Barangay 28
Barangay 33,Barangay 31
Barangay 33,Barangay 26
Barangay 33,Barangay 34
Barangay 33,Barangay 35
Barangay 33,Barangay 36
Barangay 33,Barangay 41
Barangay 33,Barangay 42
Barangay 34,Barangay 29
Barangay 34,Barangay 28
Barangay 34,Barangay 31
Barangay 34,Barangay 38
Barangay 34,Barangay 33
Barangay 34,Barangay 37
Barangay 34,Barangay 41
Barangay 35,Barangay 1
Barangay 35,Barangay 31
Barangay 35,Barangay 26
Barangay 35,Barangay 33
Barangay 35,Barangay 36
Barangay 35,Barangay 4
Barangay 36,Barangay 33
Barangay 36,Barangay 35
Barangay 36,Barangay 45
Barangay 36,Barangay 4
Barangay 36,Barangay 42
Barangay 36,Barangay 46
Barangay 37,Barangay 38
Barangay 37,Barangay 34
Barangay 37,Barangay 39
Barangay 37,Barangay 41
Barangay 37,Barangay 43
Barangay 38,Barangay 29
Barangay 38,Barangay 28
Barangay 38,Barangay 34
Barangay 38,Barangay 39
Barangay 38,Barangay 37
Barangay 39,Barangay 29
Barangay 39,Barangay 38
Barangay 39,Barangay 37
Barangay 39,Barangay 44
Barangay 39,Barangay 43
Barangay 41,Barangay 34
Barangay 41,Barangay 33
Barangay 41,Barangay 37
Barangay 41,Barangay 42
Barangay 41,Barangay 43
Barangay 41,Barangay 123
Barangay 42,Barangay 33
Barangay 42,Barangay 36
Barangay 42,Barangay 41
Barangay 42,Barangay 46
Barangay 42,Barangay 123
Barangay 42,Barangay 72
Barangay 43,Barangay 39
Barangay 43,Barangay 37
Barangay 43,Barangay 41
Barangay 43,Barangay 44
Barangay 43,Barangay 123
Barangay 44,Barangay 39
Barangay 44,Barangay 43
Barangay 44,Barangay 123
Barangay 45,Barangay 36
Barangay 45,Barangay 5
Barangay 45,Barangay 4
Barangay 45,Barangay 46
Barangay 45,Barangay 47
Barangay 46,Barangay 36
Barangay 46,Barangay 45
Barangay 46,Barangay 42
Barangay 46,Barangay 47
Barangay 46,Barangay 69
Barangay 46,Barangay 73
Barangay 46,Barangay 72
Barangay 47,Barangay 45
Barangay 47,Barangay 5
Barangay 47,Barangay 46
Barangay 47,Barangay 69
Barangay 47,Barangay 73
Barangay 47,Barangay 71
Barangay 47,Barangay 6
Barangay 48,Barangay 49
Barangay 48,"Tutuban Mall (Claimed by Five Barangays of Tondo, Manila)"
Barangay 48,Barangay 8
Barangay 48,Barangay 56
Barangay 48,Barangay 51
Barangay 49,Barangay 293
Barangay 49,Barangay 268
Barangay 49,Barangay 10
Barangay 49,Barangay 9
Barangay 49,"Tutuban Mall (Claimed by Five Barangays of Tondo, Manila)"
Barangay 49,Barangay 48
Barangay 49,Barangay 8
Barangay 50,Barangay 51
Barangay 50,Barangay 241
Barangay 50,Barangay 52
Barangay 50,Barangay 53
Barangay 51,"Tutuban Mall (Claimed by Five Barangays of Tondo, Manila)"
Barangay 51,Barangay 48
Barangay 51,Barangay 8
Barangay 51,Barangay 56
Barangay 51,Barangay 58
Barangay 51,Barangay 241
Barangay 51,Barangay 50
Barangay 51,Barangay 52
Barangay 52,Barangay 51
Barangay 52,Barangay 58
Barangay 52,Barangay 50
Barangay 52,Barangay 60
Barangay 52,Barangay 53
Barangay 52,Barangay 61
Barangay 52,Barangay 55
Barangay 53,Barangay 241
Barangay 53,Barangay 50
Barangay 53,Barangay 52
Barangay 53,Barangay 237
Barangay 53,Barangay 236
Barangay 53,Barangay 54
Barangay 53,Barangay 55
Barangay 54,Barangay 53
Barangay 54,Barangay 236
Barangay 54,Barangay 234
Barangay 54,Barangay 55
Barangay 54,Barangay 156
Barangay 55,Barangay 52
Barangay 55,Barangay 53
Barangay 55,Barangay 61
Barangay 55,Barangay 54
Barangay 55,Barangay 156
Barangay 55,Barangay 91
Barangay 55,Barangay 151
Barangay 56,Barangay 48
Barangay 56,Barangay 8
Barangay 56,Barangay 6
Barangay 56,Barangay 57
Barangay 56,Barangay 51
Barangay 56,Barangay 58
Barangay 56,Barangay 59
Barangay 57,Barangay 8
Barangay 57,Barangay 6
Barangay 57,Barangay 64
Barangay 57,Barangay 56
Barangay 57,Barangay 62
Barangay 57,Barangay 63
Barangay 57,Barangay 58
Barangay 57,Barangay 59
Barangay 58,Barangay 56
Barangay 58,Barangay 57
Barangay 58,Barangay 51
Barangay 58,Barangay 59
Barangay 58,Barangay 60
Barangay 58,Barangay 52
Barangay 59,Barangay 56
Barangay 59,Barangay 57
Barangay 59,Barangay 63
Barangay 59,Barangay 58
Barangay 59,Barangay 65
Barangay 59,Barangay 60
Barangay 59,Barangay 78
Barangay 59,Barangay 61
Barangay 60,Barangay 58
Barangay 60,Barangay 59
Barangay 60,Barangay 52
Barangay 60,Barangay 61
Barangay 61,Barangay 59
Barangay 61,Barangay 60
Barangay 61,Barangay 52
Barangay 61,Barangay 78
Barangay 61,Barangay 88
Barangay 61,Barangay 90
Barangay 61,Barangay 55
Barangay 61,Barangay 86
Barangay 61,Barangay 91
Barangay 61,Barangay 151
Barangay 62,Barangay 71
Barangay 62,Barangay 64
Barangay 62,Barangay 57
Barangay 62,Barangay 63
Barangay 62,Barangay 74
Barangay 62,Barangay 75
Barangay 63,Barangay 57
Barangay 63,Barangay 62
Barangay 63,Barangay 59
Barangay 63,Barangay 65
Barangay 63,Barangay 75
Barangay 64,Barangay 71
Barangay 64,Barangay 6
Barangay 64,Barangay 57
Barangay 64,Barangay 62
Barangay 65,Barangay 63
Barangay 65,Barangay 59
Barangay 65,Barangay 75
Barangay 65,Barangay 78
Barangay 65,Barangay 76
Barangay 66,Barangay 121
Barangay 66,Barangay 68
Barangay 66,Barangay 74
Barangay 66,Barangay 119
Barangay 66,Barangay 67
Barangay 67,Barangay 74
Barangay 67,Barangay 66
Barangay 67,Barangay 119
Barangay 67,Barangay 122
Barangay 67,Barangay 80
Barangay 67,Barangay 81
Barangay 68,Barangay 71
Barangay 68,Barangay 121
Barangay 68,Barangay 74
Barangay 68,Barangay 66
Barangay 69,Barangay 46
Barangay 69,Barangay 47
Barangay 69,Barangay 73
Barangay 69,Barangay 71
Barangay 69,Barangay 70
Barangay 69,Barangay 121
Barangay 70,Barangay 69
Barangay 70,Barangay 71
Barangay 70,Barangay 121
Barangay 71,Barangay 47
Barangay 71,Barangay 69
Barangay 71,Barangay 6
Barangay 71,Barangay 64
Barangay 71,Barangay 62
Barangay 71,Barangay 70
Barangay 71,Barangay 121
Barangay 71,Barangay 68
Barangay 71,Barangay 74
Barangay 71,Barangay 75
Barangay 72,Barangay 42
Barangay 72,Barangay 46
Barangay 72,Barangay 123
Barangay 72,Barangay 73
Barangay 72,Barangay 121
Barangay 72,Barangay 118
Barangay 72,Barangay 120
Barangay 73,Barangay 46
Barangay 73,Barangay 47
Barangay 73,Barangay 69
Barangay 73,Barangay 72
Barangay 73,Barangay 121
Barangay 74,Barangay 71
Barangay 74,Barangay 62
Barangay 74,Barangay 68
Barangay 74,Barangay 66
Barangay 74,Barangay 67
Barangay 74,Barangay 75
Barangay 74,Barangay 76
Barangay 74,Barangay 81
Barangay 75,Barangay 71
Barangay 75,Barangay 62
Barangay 75,Barangay 63
Barangay 75,Barangay 65
Barangay 75,Barangay 74
Barangay 75,Barangay 78
Barangay 75,Barangay 76
Barangay 75,Barangay 81
Barangay 76,Barangay 65
Barangay 76,Barangay 74
Barangay 76,Barangay 75
Barangay 76,Barangay 78
Barangay 76,Barangay 88
Barangay 76,Barangay 77
Barangay 76,Barangay 81
Barangay 77,Barangay 78
Barangay 77,Barangay 76
Barangay 77,Barangay 88
Barangay 77,Barangay 81
Barangay 77,Barangay 82
Barangay 77,Barangay 90
Barangay 77,Barangay 89
Barangay 78,Barangay 59
Barangay 78,Barangay 65
Barangay 78,Barangay 75
Barangay 78,Barangay 76
Barangay 78,Barangay 88
Barangay 78,Barangay 77
Barangay 78,Barangay 61
Barangay 79,Barangay 80
Barangay 79,Barangay 81
Barangay 79,Barangay 117
Barangay 79,Barangay 82
Barangay 79,Barangay 85
Barangay 80,Barangay 67
Barangay 80,Barangay 122
Barangay 80,Barangay 81
Barangay 80,Barangay 79
Barangay 80,Barangay 117
Barangay 81,Barangay 74
Barangay 81,Barangay 67
Barangay 81,Barangay 75
Barangay 81,Barangay 76
Barangay 81,Barangay 77
Barangay 81,Barangay 80
Barangay 81,Barangay 79
Barangay 81,Barangay 82
Barangay 82,Barangay 77
Barangay 82,Barangay 81
Barangay 82,Barangay 79
Barangay 82,Barangay 85
Barangay 82,Barangay 89
Barangay 82,Barangay 87
Barangay 82,Barangay 84
Barangay 82,Barangay 83
Barangay 83,Barangay 82
Barangay 83,Barangay 85
Barangay 83,Barangay 87
Barangay 83,Barangay 84
Barangay 83,Barangay 91
Barangay 83,Barangay 92
Barangay 83,Barangay 95
Barangay 84,Barangay 82
Barangay 84,Barangay 89
Barangay 84,Barangay 87
Barangay 84,Barangay 83
Barangay 85,Barangay 79
Barangay 85,Barangay 117
Barangay 85,Barangay 82
Barangay 85,Barangay 83
Barangay 85,Barangay 109
Barangay 85,Barangay 95
Barangay 86,Barangay 61
Barangay 86,Barangay 90
Barangay 86,Barangay 89
Barangay 86,Barangay 87
Barangay 86,Barangay 91
Barangay 87,Barangay 82
Barangay 87,Barangay 90
Barangay 87,Barangay 89
Barangay 87,Barangay 86
Barangay 87,Barangay 84
Barangay 87,Barangay 91
Barangay 87,Barangay 83
Barangay 88,Barangay 78
Barangay 88,Barangay 76
Barangay 88,Barangay 77
Barangay 88,Barangay 61
Barangay 88,Barangay 90
Barangay 88,Barangay 89
Barangay 89,Barangay 88
Barangay 89,Barangay 77
Barangay 89,Barangay 82
Barangay 89,Barangay 90
Barangay 89,Barangay 86
Barangay 89,Barangay 87
Barangay 89,Barangay 84
Barangay 90,Barangay 88
Barangay 90,Barangay 77
Barangay 90,Barangay 61
Barangay 90,Barangay 89
Barangay 90,Barangay 86
Barangay 90,Barangay 87
Barangay 91,Barangay 61
Barangay 91,Barangay 55
Barangay 91,Barangay 86
Barangay 91,Barangay 87
Barangay 91,Barangay 151
Barangay 91,Barangay 83
Barangay 91,Barangay 92
Barangay 91,Barangay 93
Barangay 91,Barangay 150
Barangay 92,Barangay 91
Barangay 92,Barangay 83
Barangay 92,Barangay 95
Barangay 92,Barangay 93
Barangay 93,Barangay 91
Barangay 93,Barangay 92
Barangay 93,Barangay 95
Barangay 93,Barangay 97
Barangay 93,Barangay 150
Barangay 93,Barangay 94
Barangay 94,Barangay 93
Barangay 94,Barangay 97
Barangay 94,Barangay 150
Barangay 94,Barangay 147
Barangay 94,Barangay 96
Barangay 94,Barangay 133
Barangay 95,Barangay 85
Barangay 95,Barangay 83
Barangay 95,Barangay 109
Barangay 95,Barangay 92
Barangay 95,Barangay 93
Barangay 95,Barangay 104
Barangay 95,Barangay 97
Barangay 96,Barangay 97
Barangay 96,Barangay 103
Barangay 96,Barangay 102
Barangay 96,Barangay 94
Barangay 96,Barangay 106
Barangay 96,Barangay 133
Barangay 96,Barangay 99
Barangay 96,Barangay 101
Barangay 96,Barangay 98
Barangay 97,Barangay 95
Barangay 97,Barangay 93
Barangay 97,Barangay 104
Barangay 97,Barangay 103
Barangay 97,Barangay 94
Barangay 97,Barangay 96
Barangay 98,Barangay 96
Barangay 98,Barangay 106
Barangay 98,Barangay 133
Barangay 98,Barangay 99
Barangay 98,Barangay 101
Barangay 98,Barangay 130
Barangay 98,Barangay 129
Barangay 99,Barangay 96
Barangay 99,Barangay 133
Barangay 99,Barangay 98
Barangay 99,Barangay 130
Barangay 100,Barangay 103
Barangay 100,Barangay 102
Barangay 100,Barangay 105
Barangay 100,Barangay 106
Barangay 101,Barangay 105
Barangay 101,Barangay 96
Barangay 101,Barangay 106
Barangay 101,Barangay 98
Barangay 101,Barangay 130
Barangay 101,Barangay 129
Barangay 101,Barangay 128
Barangay 102,Barangay 103
Barangay 102,Barangay 100
Barangay 102,Barangay 96
Barangay 102,Barangay 106
Barangay 103,Barangay 104
Barangay 103,Barangay 97
Barangay 103,Barangay 100
Barangay 103,Barangay 102
Barangay 103,Barangay 105
Barangay 103,Barangay 96
Barangay 104,Barangay 109
Barangay 104,Barangay 108
Barangay 104,Barangay 95
Barangay 104,Barangay 97
Barangay 104,Barangay 103
Barangay 104,Barangay 105
Barangay 105,Barangay 107
Barangay 105,Barangay 108
Barangay 105,Barangay 104
Barangay 105,Barangay 103
Barangay 105,Barangay 100
Barangay 105,Barangay 106
Barangay 105,Barangay 101
Barangay 106,Barangay 100
Barangay 106,Barangay 102
Barangay 106,Barangay 105
Barangay 106,Barangay 96
Barangay 106,Barangay 101
Barangay 106,Barangay 98
Barangay 107,Barangay 110
Barangay 107,Barangay 112
Barangay 107,Barangay 108
Barangay 107,Barangay 105
Barangay 108,Barangay 112
Barangay 108,Barangay 111
Barangay 108,Barangay 109
Barangay 108,Barangay 107
Barangay 108,Barangay 104
Barangay 108,Barangay 105
Barangay 109,Barangay 117
Barangay 109,Barangay 85
Barangay 109,Barangay 111
Barangay 109,Barangay 108
Barangay 109,Barangay 95
Barangay 109,Barangay 104
Barangay 110,Barangay 118
Barangay 110,Barangay 119
Barangay 110,Barangay 116
Barangay 110,Barangay 112
Barangay 110,Barangay 107
Barangay 111,Barangay 117
Barangay 111,Barangay 112
Barangay 111,Barangay 109
Barangay 111,Barangay 108
Barangay 112,Barangay 116
Barangay 112,Barangay 110
Barangay 112,Barangay 117
Barangay 112,Barangay 111
Barangay 112,Barangay 107
Barangay 112,Barangay 108
Barangay 116,Barangay 118
Barangay 116,Barangay 119
Barangay 116,Barangay 122
Barangay 116,Barangay 110
Barangay 116,Barangay 117
Barangay 116,Barangay 112
Barangay 117,Barangay 122
Barangay 117,Barangay 80
Barangay 117,Barangay 116
Barangay 117,Barangay 79
Barangay 117,Barangay 85
Barangay 117,Barangay 112
Barangay 117,Barangay 111
Barangay 117,Barangay 109
Barangay 118,Barangay 123
Barangay 118,Barangay 72
Barangay 118,Barangay 121
Barangay 118,Barangay 120
Barangay 118,Barangay 119
Barangay 118,Barangay 116
Barangay 118,Barangay 110
Barangay 119,Barangay 121
Barangay 119,Barangay 118
Barangay 119,Barangay 120
Barangay 119,Barangay 66
Barangay 119,Barangay 67
Barangay 119,Barangay 122
Barangay 119,Barangay 116
Barangay 119,Barangay 110
Barangay 120,Barangay 72
Barangay 120,Barangay 121
Barangay 120,Barangay 118
Barangay 120,Barangay 119
Barangay 121,Barangay 69
Barangay 121,Barangay 73
Barangay 121,Barangay 72
Barangay 121,Barangay 71
Barangay 121,Barangay 70
Barangay 121,Barangay 68
Barangay 121,Barangay 118
Barangay 121,Barangay 120
Barangay 121,Barangay 66
Barangay 121,Barangay 119
Barangay 122,Barangay 119
Barangay 122,Barangay 67
Barangay 122,Barangay 80
Barangay 122,Barangay 116
Barangay 122,Barangay 117
Barangay 123,Barangay 41
Barangay 123,Barangay 42
Barangay 123,Barangay 44
Barangay 123,Barangay 43
Barangay 123,Barangay 72
Barangay 123,Barangay 118
Barangay 124,Barangay 129
Barangay 124,Barangay 131
Barangay 124,Barangay 138
Barangay 124,Barangay 126
Barangay 124,Barangay 127
Barangay 124,Barangay 125
Barangay 125,Barangay 124
Barangay 125,Barangay 138
Barangay 125,Barangay 127
Barangay 125,Barangay 142
Barangay 125,Barangay 146
Barangay 125,Barangay 135
Barangay 125,Barangay 177
Barangay 125,Navotas
Barangay 126,Barangay 129
Barangay 126,Barangay 124
Barangay 126,Barangay 128
Barangay 126,Barangay 127
Barangay 126,Navotas
Barangay 127,Barangay 124
Barangay 127,Barangay 126
Barangay 127,Barangay 125
Barangay 127,Navotas
Barangay 128,Barangay 101
Barangay 128,Barangay 129
Barangay 128,Barangay 126
Barangay 128,Navotas
Barangay 129,Barangay 101
Barangay 129,Barangay 98
Barangay 129,Barangay 130
Barangay 129,Barangay 134
Barangay 129,Barangay 131
Barangay 129,Barangay 124
Barangay 129,Barangay 128
Barangay 129,Barangay 126
Barangay 130,Barangay 133
Barangay 130,Barangay 99
Barangay 130,Barangay 101
Barangay 130,Barangay 98
Barangay 130,Barangay 134
Barangay 130,Barangay 129
Barangay 131,Barangay 132
Barangay 131,Barangay 134
Barangay 131,Barangay 129
Barangay 131,Barangay 124
Barangay 131,Barangay 138
Barangay 131,Barangay 140
Barangay 132,Barangay 147
Barangay 132,Barangay 148
Barangay 132,Barangay 133
Barangay 132,Barangay 172
Barangay 132,Barangay 137
Barangay 132,Barangay 134
Barangay 132,Barangay 131
Barangay 132,Barangay 140
Barangay 133,Barangay 147
Barangay 133,Barangay 148
Barangay 133,Barangay 94
Barangay 133,Barangay 96
Barangay 133,Barangay 99
Barangay 133,Barangay 98
Barangay 133,Barangay 132
Barangay 133,Barangay 130
Barangay 133,Barangay 134
Barangay 134,Barangay 133
Barangay 134,Barangay 132
Barangay 134,Barangay 130
Barangay 134,Barangay 129
Barangay 134,Barangay 131
Barangay 135,Barangay 182
Barangay 135,Barangay 145
Barangay 135,Barangay 146
Barangay 135,Barangay 125
Barangay 135,Barangay 177
Barangay 136,Barangay 176
Barangay 136,Barangay 175
Barangay 136,Barangay 137
Barangay 136,Barangay 139
Barangay 136,Barangay 144
Barangay 136,Barangay 141
Barangay 136,Barangay 145
Barangay 136,Barangay 142
Barangay 136,Barangay 146
Barangay 137,Barangay 172
Barangay 137,Barangay 176
Barangay 137,Barangay 139
Barangay 137,Barangay 132
Barangay 137,Barangay 140
Barangay 137,Barangay 136
Barangay 138,Barangay 131
Barangay 138,Barangay 124
Barangay 138,Barangay 140
Barangay 138,Barangay 141
Barangay 138,Barangay 142
Barangay 138,Barangay 125
Barangay 139,Barangay 137
Barangay 139,Barangay 140
Barangay 139,Barangay 136
Barangay 139,Barangay 141
Barangay 140,Barangay 137
Barangay 140,Barangay 139
Barangay 140,Barangay 132
Barangay 140,Barangay 131
Barangay 140,Barangay 138
Barangay 140,Barangay 141
Barangay 140,Barangay 142
Barangay 141,Barangay 139
Barangay 141,Barangay 138
Barangay 141,Barangay 140
Barangay 141,Barangay 136
Barangay 141,Barangay 142
Barangay 141,Barangay 146
Barangay 142,Barangay 138
Barangay 142,Barangay 140
Barangay 142,Barangay 136
Barangay 142,Barangay 141
Barangay 142,Barangay 146
Barangay 142,Barangay 125
Barangay 143,Barangay 180
Barangay 143,Barangay 144
Barangay 143,Barangay 182
Barangay 143,Barangay 145
Barangay 144,Barangay 176
Barangay 144,Barangay 175
Barangay 144,Barangay 180
Barangay 144,Barangay 136
Barangay 144,Barangay 143
Barangay 144,Barangay 145
Barangay 145,Barangay 144
Barangay 145,Barangay 136
Barangay 145,Barangay 143
Barangay 145,Barangay 182
Barangay 145,Barangay 146
Barangay 145,Barangay 135
Barangay 146,Barangay 136
Barangay 146,Barangay 141
Barangay 146,Barangay 145
Barangay 146,Barangay 142
Barangay 146,Barangay 135
Barangay 146,Barangay 125
Barangay 147,Barangay 149
Barangay 147,Barangay 158
Barangay 147,Barangay 150
Barangay 147,Barangay 153
Barangay 147,Barangay 148
Barangay 147,Barangay 94
Barangay 147,Barangay 133
Barangay 147,Barangay 132
Barangay 148,Barangay 163
Barangay 148,Barangay 153
Barangay 148,Barangay 147
Barangay 148,Barangay 167
Barangay 148,Barangay 169
Barangay 148,Barangay 171
Barangay 148,Barangay 133
Barangay 148,Barangay 172
Barangay 148,Barangay 132
Barangay 149,Barangay 151
Barangay 149,Barangay 154
Barangay 149,Barangay 158
Barangay 149,Barangay 150
Barangay 149,Barangay 147
Barangay 150,Barangay 91
Barangay 150,Barangay 151
Barangay 150,Barangay 93
Barangay 150,Barangay 149
Barangay 150,Barangay 147
Barangay 150,Barangay 94
Barangay 151,Barangay 61
Barangay 151,Barangay 55
Barangay 151,Barangay 156
Barangay 151,Barangay 91
Barangay 151,Barangay 154
Barangay 151,Barangay 149
Barangay 151,Barangay 158
Barangay 151,Barangay 150
Barangay 152,Barangay 155
Barangay 152,Barangay 218
Barangay 152,Barangay 163
Barangay 152,Barangay 158
Barangay 152,Barangay 153
Barangay 153,Barangay 152
Barangay 153,Barangay 163
Barangay 153,Barangay 158
Barangay 153,Barangay 147
Barangay 153,Barangay 148
Barangay 154,Barangay 156
Barangay 154,Barangay 151
Barangay 154,Barangay 157
Barangay 154,Barangay 160
Barangay 154,Barangay 149
Barangay 154,Barangay 158
Barangay 155,Barangay 160
Barangay 155,Barangay 221
Barangay 155,Barangay 228
Barangay 155,Barangay 152
Barangay 155,Barangay 218
Barangay 155,Barangay 158
Barangay 156,Barangay 234
Barangay 156,Barangay 54
Barangay 156,Barangay 55
Barangay 156,Barangay 151
Barangay 156,Barangay 154
Barangay 156,Barangay 232
Barangay 156,Barangay 159
Barangay 156,Barangay 157
Barangay 157,Barangay 156
Barangay 157,Barangay 154
Barangay 157,Barangay 159
Barangay 157,Barangay 160
Barangay 157,Barangay 158
Barangay 158,Barangay 151
Barangay 158,Barangay 154
Barangay 158,Barangay 157
Barangay 158,Barangay 160
Barangay 158,Barangay 155
Barangay 158,Barangay 152
Barangay 158,Barangay 149
Barangay 158,Barangay 153
Barangay 158,Barangay 147
Barangay 159,Barangay 156
Barangay 159,Barangay 232
Barangay 159,Barangay 157
Barangay 159,Barangay 231
Barangay 159,Barangay 160
Barangay 160,Barangay 154
Barangay 160,Barangay 232
Barangay 160,Barangay 159
Barangay 160,Barangay 157
Barangay 160,Barangay 231
Barangay 160,Barangay 221
Barangay 160,Barangay 155
Barangay 160,Barangay 158
Barangay 161,Barangay 162
Barangay 161,Barangay 204
Barangay 161,Barangay 173
Barangay 161,Barangay 185
Barangay 161,Barangay 179
Barangay 162,Barangay 217
Barangay 162,Barangay 165
Barangay 162,Barangay 204
Barangay 162,Barangay 161
Barangay 162,Barangay 174
Barangay 162,Barangay 173
Barangay 163,Barangay 217
Barangay 163,Barangay 164
Barangay 163,Barangay 152
Barangay 163,Barangay 218
Barangay 163,Barangay 153
Barangay 163,Barangay 148
Barangay 163,Barangay 167
Barangay 163,Barangay 166
Barangay 164,Barangay 217
Barangay 164,Barangay 165
Barangay 164,Barangay 163
Barangay 164,Barangay 167
Barangay 164,Barangay 166
Barangay 165,Barangay 217
Barangay 165,Barangay 164
Barangay 165,Barangay 162
Barangay 165,Barangay 204
Barangay 165,Barangay 166
Barangay 165,Barangay 174
Barangay 166,Barangay 164
Barangay 166,Barangay 165
Barangay 166,Barangay 163
Barangay 166,Barangay 167
Barangay 166,Barangay 169
Barangay 166,Barangay 168
Barangay 166,Barangay 174
Barangay 166,Barangay 176
Barangay 167,Barangay 164
Barangay 167,Barangay 163
Barangay 167,Barangay 148
Barangay 167,Barangay 169
Barangay 167,Barangay 166
Barangay 167,Barangay 168
Barangay 168,Barangay 167
Barangay 168,Barangay 169
Barangay 168,Barangay 166
Barangay 168,Barangay 171
Barangay 168,Barangay 170
Barangay 168,Barangay 174
Barangay 168,Barangay 176
Barangay 169,Barangay 148
Barangay 169,Barangay 167
Barangay 169,Barangay 166
Barangay 169,Barangay 171
Barangay 169,Barangay 168
Barangay 170,Barangay 171
Barangay 170,Barangay 168
Barangay 170,Barangay 172
Barangay 170,Barangay 176
Barangay 171,Barangay 148
Barangay 171,Barangay 169
Barangay 171,Barangay 168
Barangay 171,Barangay 170
Barangay 171,Barangay 172
Barangay 172,Barangay 148
Barangay 172,Barangay 171
Barangay 172,Barangay 170
Barangay 172,Barangay 176
Barangay 172,Barangay 137
Barangay 172,Barangay 132
Barangay 173,Barangay 162
Barangay 173,Barangay 161
Barangay 173,Barangay 174
Barangay 173,Barangay 176
Barangay 173,Barangay 175
Barangay 173,Barangay 180
Barangay 173,Barangay 179
Barangay 174,Barangay 165
Barangay 174,Barangay 162
Barangay 174,Barangay 166
Barangay 174,Barangay 168
Barangay 174,Barangay 176
Barangay 174,Barangay 173
Barangay 174,Barangay 175
Barangay 175,Barangay 174
Barangay 175,Barangay 176
Barangay 175,Barangay 173
Barangay 175,Barangay 180
Barangay 175,Barangay 144
Barangay 175,Barangay 136
Barangay 176,Barangay 166
Barangay 176,Barangay 168
Barangay 176,Barangay 170
Barangay 176,Barangay 174
Barangay 176,Barangay 172
Barangay 176,Barangay 173
Barangay 176,Barangay 175
Barangay 176,Barangay 137
Barangay 176,Barangay 144
Barangay 176,Barangay 136
Barangay 177,Caloocan
Barangay 177,Barangay 183
Barangay 177,Barangay 178
Barangay 177,Barangay 184
Barangay 177,Barangay 182
Barangay 177,Barangay 135
Barangay 177,Barangay 125
Barangay 177,Navotas
Barangay 178,Barangay 186
Barangay 178,Barangay 183
Barangay 178,Barangay 184
Barangay 178,Barangay 177
Barangay 179,Barangay 161
Barangay 179,Barangay 173
Barangay 179,Barangay 180
Barangay 179,Barangay 185
Barangay 179,Barangay 181
Barangay 179,Barangay 186
Barangay 180,Barangay 173
Barangay 180,Barangay 175
Barangay 180,Barangay 179
Barangay 180,Barangay 181
Barangay 180,Barangay 144
Barangay 180,Barangay 143
Barangay 180,Barangay 182
Barangay 181,Barangay 180
Barangay 181,Barangay 185
Barangay 181,Barangay 179
Barangay 181,Barangay 186
Barangay 181,Barangay 183
Barangay 181,Barangay 182
Barangay 182,Barangay 180
Barangay 182,Barangay 181
Barangay 182,Barangay 183
Barangay 182,Barangay 143
Barangay 182,Barangay 145
Barangay 182,Barangay 135
Barangay 182,Barangay 177
Barangay 183,Barangay 181
Barangay 183,Barangay 186
Barangay 183,Barangay 178
Barangay 183,Barangay 184
Barangay 183,Barangay 182
Barangay 183,Barangay 177
Barangay 184,Caloocan
Barangay 184,Barangay 186
Barangay 184,Barangay 183
Barangay 184,Barangay 200
Barangay 184,Barangay 178
Barangay 184,Barangay 177
Barangay 184,Barangay 199
Barangay 185,Barangay 204
Barangay 185,Barangay 161
Barangay 185,Barangay 203
Barangay 185,Barangay 179
Barangay 185,Barangay 181
Barangay 185,Barangay 186
Barangay 186,Barangay 203
Barangay 186,Barangay 185
Barangay 186,Barangay 179
Barangay 186,Barangay 181
Barangay 186,Barangay 198
Barangay 186,Barangay 183
Barangay 186,Barangay 200
Barangay 186,Barangay 178
Barangay 186,Barangay 184
Barangay 187,Barangay 196
Barangay 187,Barangay 188
Barangay 187,Barangay 189
Barangay 187,Manila North Cemetery
Barangay 188,Caloocan
Barangay 188,Barangay 193
Barangay 188,Barangay 196
Barangay 188,Barangay 187
Barangay 188,Barangay 189
Barangay 189,Caloocan
Barangay 189,Barangay 188
Barangay 189,Barangay 187
Barangay 189,Barangay 191
Barangay 189,Barangay 190
Barangay 189,Manila North Cemetery
Barangay 190,Caloocan
Barangay 190,Barangay 189
Barangay 190,Barangay 191
Barangay 190,Barangay 192
Barangay 191,Caloocan
Barangay 191,Barangay 189
Barangay 191,Barangay 190
Barangay 191,Barangay 192
Barangay 192,Caloocan
Barangay 192,Barangay 191
Barangay 192,Barangay 190
Barangay 193,Caloocan
Barangay 193,Barangay 202-A
Barangay 193,Barangay 202
Barangay 193,Barangay 197
Barangay 193,Barangay 195
Barangay 193,Barangay 196
Barangay 193,Barangay 194
Barangay 193,Barangay 188
Barangay 194,Caloocan
Barangay 194,Barangay 195
Barangay 194,Barangay 193
Barangay 194,Barangay 199
Barangay 195,Barangay 202
Barangay 195,Barangay 193
Barangay 195,Barangay 194
Barangay 195,Barangay 199
Barangay 196,Barangay 197
Barangay 196,Barangay 193
Barangay 196,Barangay 188
Barangay 196,Barangay 187
Barangay 196,Manila North Cemetery
Barangay 197,Barangay 202-A
Barangay 197,Barangay 193
Barangay 197,Barangay 196
Barangay 197,Manila North Cemetery
Barangay 198,Barangay 203
Barangay 198,Barangay 201
Barangay 198,Barangay 205
Barangay 198,Barangay 186
Barangay 198,Barangay 200
Barangay 198,Barangay 199
Barangay 199,Caloocan
Barangay 199,Barangay 201
Barangay 199,Barangay 198
Barangay 199,Barangay 200
Barangay 199,Barangay 184
Barangay 199,Barangay 202
Barangay 199,Barangay 195
Barangay 199,Barangay 194
Barangay 200,Barangay 198
Barangay 200,Barangay 186
Barangay 200,Barangay 184
Barangay 200,Barangay 199
Barangay 201,Barangay 206
Barangay 201,Barangay 202-A
Barangay 201,Barangay 205
Barangay 201,Barangay 198
Barangay 201,Barangay 202
Barangay 201,Barangay 199
Barangay 202,Barangay 201
Barangay 202,Barangay 202-A
Barangay 202,Barangay 195
Barangay 202,Barangay 193
Barangay 202,Barangay 199
Barangay 203,Barangay 212
Barangay 203,Barangay 215
Barangay 203,Barangay 204
Barangay 203,Barangay 207
Barangay 203,Barangay 185
Barangay 203,Barangay 205
Barangay 203,Barangay 198
Barangay 203,Barangay 186
Barangay 204,Barangay 217
Barangay 204,Barangay 214
Barangay 204,Barangay 165
Barangay 204,Barangay 215
Barangay 204,Barangay 162
Barangay 204,Barangay 161
Barangay 204,Barangay 203
Barangay 204,Barangay 185
Barangay 205,Barangay 203
Barangay 205,Barangay 207
Barangay 205,Barangay 206
Barangay 205,Barangay 201
Barangay 205,Barangay 198
Barangay 206,Barangay 207
Barangay 206,Barangay 208
Barangay 206,Barangay 374
Barangay 206,Barangay 201
Barangay 206,Barangay 202-A
Barangay 206,Barangay 205
Barangay 206,Manila North Cemetery
Barangay 207,Barangay 210
Barangay 207,Barangay 212
Barangay 207,Barangay 215
Barangay 207,Barangay 203
Barangay 207,Barangay 211
Barangay 207,Barangay 208
Barangay 207,Barangay 206
Barangay 207,Barangay 205
Barangay 208,Barangay 210
Barangay 208,Barangay 382
Barangay 208,Barangay 207
Barangay 208,Barangay 375
Barangay 208,Barangay 206
Barangay 208,Barangay 373
Barangay 208,Barangay 374
Barangay 208,Manila North Cemetery
Barangay 209,Barangay 348
Barangay 209,Barangay 356
Barangay 209,Barangay 365
Barangay 209,Barangay 363
Barangay 209,Barangay 220
Barangay 209,Barangay 366
Barangay 209,Barangay 210
Barangay 209,Barangay 212
Barangay 209,Barangay 211
Barangay 210,Barangay 363
Barangay 210,Barangay 209
Barangay 210,Barangay 366
Barangay 210,Barangay 381
Barangay 210,Barangay 211
Barangay 210,Barangay 382
Barangay 210,Barangay 207
Barangay 210,Barangay 208
Barangay 211,Barangay 209
Barangay 211,Barangay 210
Barangay 211,Barangay 212
Barangay 211,Barangay 207
Barangay 212,Barangay 220
Barangay 212,Barangay 219
Barangay 212,Barangay 209
Barangay 212,Barangay 215
Barangay 212,Barangay 203
Barangay 212,Barangay 211
Barangay 212,Barangay 207
Barangay 212,Barangay 216
Barangay 213,Barangay 217
Barangay 213,Barangay 214
Barangay 213,Barangay 215
Barangay 213,Barangay 216
Barangay 214,Barangay 213
Barangay 214,Barangay 217
Barangay 214,Barangay 215
Barangay 214,Barangay 204
Barangay 215,Barangay 219
Barangay 215,Barangay 212
Barangay 215,Barangay 213
Barangay 215,Barangay 214
Barangay 215,Barangay 204
Barangay 215,Barangay 203
Barangay 215,Barangay 207
Barangay 215,Barangay 216
Barangay 216,Barangay 219
Barangay 216,Barangay 212
Barangay 216,Barangay 213
Barangay 216,Barangay 217
Barangay 216,Barangay 215
Barangay 216,Barangay 224
Barangay 216,Barangay 227
Barangay 216,Barangay 218
Barangay 217,Barangay 213
Barangay 217,Barangay 164
Barangay 217,Barangay 214
Barangay 217,Barangay 165
Barangay 217,Barangay 162
Barangay 217,Barangay 204
Barangay 217,Barangay 218
Barangay 217,Barangay 163
Barangay 217,Barangay 216
Barangay 218,Barangay 217
Barangay 218,Barangay 221
Barangay 218,Barangay 155
Barangay 218,Barangay 228
Barangay 218,Barangay 227
Barangay 218,Barangay 152
Barangay 218,Barangay 163
Barangay 218,Barangay 216
Barangay 219,Barangay 359
Barangay 219,Barangay 220
Barangay 219,Barangay 212
Barangay 219,Barangay 215
Barangay 219,Barangay 224
Barangay 219,Barangay 227
Barangay 219,Barangay 216
Barangay 220,Barangay 356
Barangay 220,Barangay 359
Barangay 220,Barangay 219
Barangay 220,Barangay 209
Barangay 220,Barangay 212
Barangay 221,Barangay 231
Barangay 221,Barangay 160
Barangay 221,Barangay 155
Barangay 221,Barangay 228
Barangay 221,Barangay 227
Barangay 221,Barangay 218
Barangay 222,Barangay 233
Barangay 222,Barangay 230
Barangay 222,Barangay 232
Barangay 222,Barangay 231
Barangay 223,Barangay 355
Barangay 223,Barangay 362
Barangay 223,Barangay 360
Barangay 223,Barangay 225
Barangay 223,Barangay 226
Barangay 223,Barangay 229
Barangay 223,Barangay 231
Barangay 223,Barangay 224
Barangay 223,Barangay 227
Barangay 224,Barangay 362
Barangay 224,Barangay 360
Barangay 224,Barangay 359
Barangay 224,Barangay 219
Barangay 224,Barangay 223
Barangay 224,Barangay 231
Barangay 224,Barangay 227
Barangay 224,Barangay 216
Barangay 225,Barangay 331
Barangay 225,Barangay 355
Barangay 225,Barangay 362
Barangay 225,Barangay 256
Barangay 225,Barangay 249
Barangay 225,Barangay 226
Barangay 225,Barangay 223
Barangay 226,Barangay 235
Barangay 226,Barangay 256
Barangay 226,Barangay 249
Barangay 226,Barangay 225
Barangay 226,Barangay 229
Barangay 226,Barangay 223
Barangay 226,Barangay 231
Barangay 227,Barangay 219
Barangay 227,Barangay 223
Barangay 227,Barangay 231
Barangay 227,Barangay 221
Barangay 227,Barangay 224
Barangay 227,Barangay 228
Barangay 227,Barangay 218
Barangay 227,Barangay 216
Barangay 228,Barangay 221
Barangay 228,Barangay 155
Barangay 228,Barangay 227
Barangay 228,Barangay 218
Barangay 229,Barangay 235
Barangay 229,Barangay 249
Barangay 229,Barangay 234
Barangay 229,Barangay 226
Barangay 229,Barangay 230
Barangay 229,Barangay 223
Barangay 229,Barangay 231
Barangay 230,Barangay 235
Barangay 230,Barangay 234
Barangay 230,Barangay 233
Barangay 230,Barangay 229
Barangay 230,Barangay 222
Barangay 230,Barangay 231
Barangay 231,Barangay 226
Barangay 231,Barangay 229
Barangay 231,Barangay 230
Barangay 231,Barangay 232
Barangay 231,Barangay 222
Barangay 231,Barangay 159
Barangay 231,Barangay 223
Barangay 231,Barangay 160
Barangay 231,Barangay 221
Barangay 231,Barangay 224
Barangay 231,Barangay 227
Barangay 232,Barangay 234
Barangay 232,Barangay 233
Barangay 232,Barangay 156
Barangay 232,Barangay 222
Barangay 232,Barangay 159
Barangay 232,Barangay 231
Barangay 232,Barangay 160
Barangay 233,Barangay 234
Barangay 233,Barangay 230
Barangay 233,Barangay 232
Barangay 233,Barangay 222
Barangay 234,Barangay 235
Barangay 234,Barangay 236
Barangay 234,Barangay 54
Barangay 234,Barangay 233
Barangay 234,Barangay 156
Barangay 234,Barangay 229
Barangay 234,Barangay 230
Barangay 234,Barangay 232
Barangay 235,Barangay 239
Barangay 235,Barangay 253
Barangay 235,Barangay 252
Barangay 235,Barangay 237
Barangay 235,Barangay 236
Barangay 235,Barangay 249
Barangay 235,Barangay 234
Barangay 235,Barangay 226
Barangay 235,Barangay 229
Barangay 235,Barangay 230
Barangay 236,Barangay 53
Barangay 236,Barangay 237
Barangay 236,Barangay 235
Barangay 236,Barangay 234
Barangay 236,Barangay 54
Barangay 237,Barangay 241
Barangay 237,Barangay 239
Barangay 237,Barangay 53
Barangay 237,Barangay 235
Barangay 237,Barangay 236
Barangay 238,Barangay 240
Barangay 238,Barangay 259
Barangay 238,Barangay 242
Barangay 238,Barangay 250
Barangay 238,Barangay 246
Barangay 238,Barangay 244
Barangay 239,Barangay 246
Barangay 239,Barangay 244
Barangay 239,Barangay 243
Barangay 239,Barangay 254
Barangay 239,Barangay 241
Barangay 239,Barangay 253
Barangay 239,Barangay 252
Barangay 239,Barangay 237
Barangay 239,Barangay 235
Barangay 240,Barangay 292
Barangay 240,Barangay 259
Barangay 240,Barangay 242
Barangay 240,Barangay 238
Barangay 240,Barangay 293
Barangay 241,Barangay 248
Barangay 241,"Tutuban Mall (Claimed by Five Barangays of Tondo, Manila)"
Barangay 241,Barangay 51
Barangay 241,Barangay 243
Barangay 241,Barangay 239
Barangay 241,Barangay 50
Barangay 241,Barangay 53
Barangay 241,Barangay 237
Barangay 242,Barangay 240
Barangay 242,Barangay 247
Barangay 242,Barangay 245
Barangay 242,Barangay 238
Barangay 242,Barangay 248
Barangay 242,Barangay 293
Barangay 242,Barangay 246
Barangay 242,Barangay 244
Barangay 242,Barangay 243
Barangay 243,Barangay 242
Barangay 243,Barangay 248
Barangay 243,"Tutuban Mall (Claimed by Five Barangays of Tondo, Manila)"
Barangay 243,Barangay 244
Barangay 243,Barangay 241
Barangay 243,Barangay 239
Barangay 244,Barangay 242
Barangay 244,Barangay 238
Barangay 244,Barangay 248
Barangay 244,Barangay 246
Barangay 244,Barangay 243
Barangay 244,Barangay 239
Barangay 245,Barangay 247
Barangay 245,Barangay 242
Barangay 245,Barangay 248
Barangay 245,"Tutuban Mall (Claimed by Five Barangays of Tondo, Manila)"
Barangay 246,Barangay 242
Barangay 246,Barangay 238
Barangay 246,Barangay 250
Barangay 246,Barangay 244
Barangay 246,Barangay 254
Barangay 246,Barangay 239
Barangay 247,Barangay 242
Barangay 247,Barangay 245
Barangay 247,Barangay 293
Barangay 247,"Tutuban Mall (Claimed by Five Barangays of Tondo, Manila)"
Barangay 248,Barangay 242
Barangay 248,Barangay 245
Barangay 248,"Tutuban Mall (Claimed by Five Barangays of Tondo, Manila)"
Barangay 248,Barangay 244
Barangay 248,Barangay 243
Barangay 248,Barangay 241
Barangay 249,Barangay 252
Barangay 249,Barangay 251
Barangay 249,Barangay 235
Barangay 249,Barangay 256
Barangay 249,Barangay 225
Barangay 249,Barangay 226
Barangay 249,Barangay 229
Barangay 250,Barangay 259
Barangay 250,Barangay 262
Barangay 250,Barangay 238
Barangay 250,Barangay 257
Barangay 250,Barangay 246
Barangay 250,Barangay 254
Barangay 250,Barangay 264
Barangay 251,Barangay 253
Barangay 251,Barangay 252
Barangay 251,Barangay 256
Barangay 251,Barangay 249
Barangay 252,Barangay 239
Barangay 252,Barangay 253
Barangay 252,Barangay 251
Barangay 252,Barangay 235
Barangay 252,Barangay 249
Barangay 253,Barangay 254
Barangay 253,Barangay 258
Barangay 253,Barangay 239
Barangay 253,Barangay 327
Barangay 253,Barangay 267
Barangay 253,Barangay 255
Barangay 253,Barangay 331
Barangay 253,Barangay 252
Barangay 253,Barangay 251
Barangay 253,Barangay 235
Barangay 253,Barangay 256
Barangay 254,Barangay 250
Barangay 254,Barangay 257
Barangay 254,Barangay 246
Barangay 254,Barangay 258
Barangay 254,Barangay 239
Barangay 254,Barangay 253
Barangay 255,Barangay 253
Barangay 255,Barangay 331
Barangay 255,Barangay 256
Barangay 256,Barangay 253
Barangay 256,Barangay 255
Barangay 256,Barangay 331
Barangay 256,Barangay 355
Barangay 256,Barangay 251
Barangay 256,Barangay 249
Barangay 256,Barangay 225
Barangay 256,Barangay 226
Barangay 257,Barangay 262
Barangay 257,Barangay 250
Barangay 257,Barangay 254
Barangay 257,Barangay 258
Barangay 257,Barangay 264
Barangay 257,Barangay 265
Barangay 258,Barangay 257
Barangay 258,Barangay 254
Barangay 258,Barangay 253
Barangay 258,Barangay 265
Barangay 258,Barangay 327
Barangay 258,Barangay 267
Barangay 259,Barangay 292
Barangay 259,Barangay 294
Barangay 259,Barangay 266
Barangay 259,Barangay 240
Barangay 259,Barangay 262
Barangay 259,Barangay 238
Barangay 259,Barangay 293
Barangay 259,Barangay 250
Barangay 260,Barangay 299
Barangay 260,Barangay 294
Barangay 260,Barangay 313
Barangay 260,Barangay 314
Barangay 260,Barangay 266
Barangay 260,Barangay 262
Barangay 260,Barangay 330
Barangay 260,Barangay 263
Barangay 261,Barangay 262
Barangay 261,Barangay 330
Barangay 261,Barangay 328
Barangay 261,Barangay 264
Barangay 261,Barangay 326
Barangay 261,Barangay 265
Barangay 261,Barangay 327
Barangay 262,Barangay 260
Barangay 262,Barangay 266
Barangay 262,Barangay 259
Barangay 262,Barangay 250
Barangay 262,Barangay 257
Barangay 262,Barangay 330
Barangay 262,Barangay 263
Barangay 262,Barangay 328
Barangay 262,Barangay 261
Barangay 262,Barangay 264
Barangay 263,Barangay 260
Barangay 263,Barangay 266
Barangay 263,Barangay 262
Barangay 263,Barangay 330
Barangay 264,Barangay 262
Barangay 264,Barangay 250
Barangay 264,Barangay 257
Barangay 264,Barangay 261
Barangay 264,Barangay 265
Barangay 265,Barangay 257
Barangay 265,Barangay 258
Barangay 265,Barangay 261
Barangay 265,Barangay 264
Barangay 265,Barangay 326
Barangay 265,Barangay 327
Barangay 265,Barangay 267
Barangay 266,Barangay 294
Barangay 266,Barangay 260
Barangay 266,Barangay 259
Barangay 266,Barangay 262
Barangay 266,Barangay 263
Barangay 267,Barangay 258
Barangay 267,Barangay 253
Barangay 267,Barangay 265
Barangay 267,Barangay 327
Barangay 268,Barangay 287
Barangay 268,Barangay 271
Barangay 268,Barangay 269
Barangay 268,Barangay 293
Barangay 268,Barangay 3
Barangay 268,Barangay 10
Barangay 268,Barangay 7
Barangay 268,Barangay 49
Barangay 269,Barangay 271
Barangay 269,Barangay 268
Barangay 269,Barangay 1
Barangay 269,Barangay 2
Barangay 269,Barangay 3
Barangay 269,Barangay 7
Barangay 270,Barangay 14
Barangay 270,Barangay 284
Barangay 270,Barangay 285
Barangay 270,Barangay 273
Barangay 270,Barangay 272
Barangay 270,Barangay 281
Barangay 270,Barangay 276
Barangay 270,Barangay 271
Barangay 270,Barangay 1
Barangay 271,Barangay 287
Barangay 271,Barangay 285
Barangay 271,Barangay 281
Barangay 271,Barangay 270
Barangay 271,Barangay 269
Barangay 271,Barangay 268
Barangay 271,Barangay 1
Barangay 271,Barangay 2
Barangay 272,Barangay 275
Barangay 272,Barangay 274
Barangay 272,Barangay 273
Barangay 272,Barangay 276
Barangay 272,Barangay 270
Barangay 273,Barangay 275
Barangay 273,Barangay 286
Barangay 273,Barangay 283
Barangay 273,Barangay 284
Barangay 273,Barangay 285
Barangay 273,Barangay 272
Barangay 273,Barangay 270
Barangay 274,Barangay 275
Barangay 274,Barangay 12
Barangay 274,Barangay 11
Barangay 274,Barangay 272
Barangay 274,Barangay 276
Barangay 275,Barangay 649
Barangay 275,Barangay 18
Barangay 275,Barangay 274
Barangay 275,Barangay 12
Barangay 275,Barangay 656
Barangay 275,Barangay 286
Barangay 275,Barangay 273
Barangay 275,Barangay 272
Barangay 275,Barangay 20
Barangay 276,Barangay 274
Barangay 276,Barangay 11
Barangay 276,Barangay 14
Barangay 276,Barangay 272
Barangay 276,Barangay 270
Barangay 281,Barangay 287
Barangay 281,Barangay 282
Barangay 281,Barangay 285
Barangay 281,Barangay 270
Barangay 281,Barangay 271
Barangay 282,Barangay 287
Barangay 282,Barangay 656
Barangay 282,Barangay 285
Barangay 282,Barangay 281
Barangay 283,Barangay 656
Barangay 283,Barangay 286
Barangay 283,Barangay 284
Barangay 283,Barangay 273
Barangay 284,Barangay 656
Barangay 284,Barangay 283
Barangay 284,Barangay 285
Barangay 284,Barangay 273
Barangay 284,Barangay 270
Barangay 285,Barangay 656
Barangay 285,Barangay 282
Barangay 285,Barangay 284
Barangay 285,Barangay 273
Barangay 285,Barangay 281
Barangay 285,Barangay 270
Barangay 285,Barangay 271
Barangay 286,Barangay 649
Barangay 286,Barangay 275
Barangay 286,Barangay 656
Barangay 286,Barangay 283
Barangay 286,Barangay 273
Barangay 287,Barangay 291
Barangay 287,Barangay 289
Barangay 287,Barangay 288
Barangay 287,Barangay 292
Barangay 287,Barangay 656
Barangay 287,Barangay 282
Barangay 287,Barangay 281
Barangay 287,Barangay 271
Barangay 287,Barangay 293
Barangay 287,Barangay 268
Barangay 288,Barangay 289
Barangay 288,Barangay 287
Barangay 288,Barangay 290
Barangay 288,Barangay 296
Barangay 288,Barangay 292
Barangay 288,Barangay 293
Barangay 289,Barangay 291
Barangay 289,Barangay 287
Barangay 289,Barangay 290
Barangay 289,Barangay 288
Barangay 290,Barangay 291
Barangay 290,Barangay 289
Barangay 290,Barangay 303
Barangay 290,Barangay 288
Barangay 290,Barangay 297
Barangay 290,Barangay 296
Barangay 290,Barangay 298
Barangay 291,Barangay 289
Barangay 291,Barangay 287
Barangay 291,Barangay 659-A
Barangay 291,Barangay 303
Barangay 291,Barangay 290
Barangay 291,Barangay 298
Barangay 291,Barangay 656
Barangay 292,Barangay 287
Barangay 292,Barangay 288
Barangay 292,Barangay 296
Barangay 292,Barangay 294
Barangay 292,Barangay 240
Barangay 292,Barangay 259
Barangay 292,Barangay 293
Barangay 293,Barangay 287
Barangay 293,Barangay 288
Barangay 293,Barangay 292
Barangay 293,Barangay 240
Barangay 293,Barangay 247
Barangay 293,Barangay 259
Barangay 293,Barangay 242
Barangay 293,Barangay 268
Barangay 293,Barangay 49
Barangay 293,"Tutuban Mall (Claimed by Five Barangays of Tondo, Manila)"
Barangay 294,Barangay 296
Barangay 294,Barangay 295
Barangay 294,Barangay 299
Barangay 294,Barangay 292
Barangay 294,Barangay 313
Barangay 294,Barangay 260
Barangay 294,Barangay 266
Barangay 294,Barangay 259
Barangay 295,Barangay 297
Barangay 295,Barangay 300
Barangay 295,Barangay 296
Barangay 295,Barangay 299
Barangay 295,Barangay 294
Barangay 296,Barangay 290
Barangay 296,Barangay 288
Barangay 296,Barangay 297
Barangay 296,Barangay 295
Barangay 296,Barangay 292
Barangay 296,Barangay 294
Barangay 297,Barangay 290
Barangay 297,Barangay 302
Barangay 297,Barangay 300
Barangay 297,Barangay 296
Barangay 297,Barangay 295
Barangay 297,Barangay 298
Barangay 298,Barangay 291
Barangay 298,Barangay 303
Barangay 298,Barangay 290
Barangay 298,Barangay 297
Barangay 298,Barangay 302
Barangay 298,Barangay 300
Barangay 298,Barangay 301
Barangay 298,Barangay 305
Barangay 299,Barangay 302
Barangay 299,Barangay 300
Barangay 299,Barangay 295
Barangay 299,Barangay 294
Barangay 299,Barangay 301
Barangay 299,Barangay 305
Barangay 299,Barangay 313
Barangay 299,Barangay 260
Barangay 300,Barangay 297
Barangay 300,Barangay 302
Barangay 300,Barangay 295
Barangay 300,Barangay 299
Barangay 300,Barangay 298
Barangay 300,Barangay 301
Barangay 301,Barangay 302
Barangay 301,Barangay 300
Barangay 301,Barangay 299
Barangay 301,Barangay 298
Barangay 301,Barangay 305
Barangay 302,Barangay 297
Barangay 302,Barangay 300
Barangay 302,Barangay 299
Barangay 302,Barangay 298
Barangay 302,Barangay 301
Barangay 303,Barangay 291
Barangay 303,Barangay 659-A
Barangay 303,Barangay 306
Barangay 303,Barangay 290
Barangay 303,Barangay 307
Barangay 303,Barangay 298
Barangay 303,Barangay 309
Barangay 303,Barangay 305
Barangay 303,Barangay 304
Barangay 304,Barangay 303
Barangay 304,Barangay 309
Barangay 304,Barangay 305
Barangay 304,Barangay 310
Barangay 304,Barangay 313
Barangay 305,Barangay 303
Barangay 305,Barangay 299
Barangay 305,Barangay 298
Barangay 305,Barangay 301
Barangay 305,Barangay 304
Barangay 305,Barangay 313
Barangay 306,Barangay 659-A
Barangay 306,Barangay 384
Barangay 306,Barangay 303
Barangay 306,Barangay 383
Barangay 306,Barangay 393
Barangay 306,Barangay 307
Barangay 307,Barangay 306
Barangay 307,Barangay 303
Barangay 307,Barangay 383
Barangay 307,Barangay 393
Barangay 307,Barangay 394
Barangay 307,Barangay 391
Barangay 307,Barangay 308
Barangay 307,Barangay 309
Barangay 308,Barangay 394
Barangay 308,Barangay 391
Barangay 308,Barangay 307
Barangay 308,Barangay 309
Barangay 308,Barangay 310
Barangay 308,Barangay 395
Barangay 309,Barangay 303
Barangay 309,Barangay 307
Barangay 309,Barangay 308
Barangay 309,Barangay 304
Barangay 309,Barangay 310
Barangay 309,Barangay 313
Barangay 310,Barangay 391
Barangay 310,Barangay 308
Barangay 310,Barangay 309
Barangay 310,Barangay 304
Barangay 310,Barangay 313
Barangay 310,Barangay 314
Barangay 310,Barangay 395
Barangay 310,Barangay 464
Barangay 310,Barangay 311
Barangay 310,Barangay 312
Barangay 311,Barangay 310
Barangay 311,Barangay 464
Barangay 311,Barangay 312
Barangay 311,Barangay 463
Barangay 311,Barangay 315
Barangay 312,Barangay 310
Barangay 312,Barangay 313
Barangay 312,Barangay 314
Barangay 312,Barangay 311
Barangay 312,Barangay 335
Barangay 312,Barangay 316
Barangay 312,Barangay 315
Barangay 313,Barangay 299
Barangay 313,Barangay 294
Barangay 313,Barangay 309
Barangay 313,Barangay 305
Barangay 313,Barangay 304
Barangay 313,Barangay 310
Barangay 313,Barangay 314
Barangay 313,Barangay 260
Barangay 313,Barangay 312
Barangay 314,Barangay 310
Barangay 314,Barangay 313
Barangay 314,Barangay 260
Barangay 314,Barangay 312
Barangay 314,Barangay 335
Barangay 314,Barangay 329
Barangay 314,Barangay 330
Barangay 315,Barangay 311
Barangay 315,Barangay 312
Barangay 315,Barangay 316
Barangay 315,Barangay 322
Barangay 315,Barangay 463
Barangay 315,Barangay 466
Barangay 315,Barangay 319
Barangay 315,Barangay 318
Barangay 315,Barangay 321
Barangay 316,Barangay 312
Barangay 316,Barangay 335
Barangay 316,Barangay 332
Barangay 316,Barangay 322
Barangay 316,Barangay 315
Barangay 316,Barangay 321
Barangay 316,Barangay 333
Barangay 317,Barangay 322
Barangay 317,Barangay 319
Barangay 317,Barangay 318
Barangay 317,Barangay 471
Barangay 317,Barangay 320
Barangay 317,Barangay 324
Barangay 317,Barangay 323
Barangay 317,Barangay 342
Barangay 318,Barangay 322
Barangay 318,Barangay 315
Barangay 318,Barangay 319
Barangay 318,Barangay 317
Barangay 318,Barangay 320
Barangay 319,Barangay 315
Barangay 319,Barangay 466
Barangay 319,Barangay 318
Barangay 319,Barangay 471
Barangay 319,Barangay 317
Barangay 320,Barangay 322
Barangay 320,Barangay 318
Barangay 320,Barangay 317
Barangay 320,Barangay 321
Barangay 320,Barangay 333
Barangay 320,Barangay 334
Barangay 320,Barangay 324
Barangay 320,Barangay 323
Barangay 320,Barangay 325
Barangay 321,Barangay 316
Barangay 321,Barangay 332
Barangay 321,Barangay 322
Barangay 321,Barangay 315
Barangay 321,Barangay 333
Barangay 321,Barangay 320
Barangay 321,Barangay 334
Barangay 322,Barangay 316
Barangay 322,Barangay 315
Barangay 322,Barangay 318
Barangay 322,Barangay 317
Barangay 322,Barangay 321
Barangay 322,Barangay 320
Barangay 323,Barangay 471
Barangay 323,Barangay 317
Barangay 323,Barangay 320
Barangay 323,Barangay 324
Barangay 323,Barangay 340
Barangay 323,Barangay 342
Barangay 323,Barangay 339
Barangay 324,Barangay 317
Barangay 324,Barangay 320
Barangay 324,Barangay 323
Barangay 324,Barangay 340
Barangay 324,Barangay 325
Barangay 324,Barangay 339
Barangay 325,Barangay 320
Barangay 325,Barangay 334
Barangay 325,Barangay 324
Barangay 325,Barangay 339
Barangay 325,Barangay 331
Barangay 326,Barangay 332
Barangay 326,Barangay 328
Barangay 326,Barangay 261
Barangay 326,Barangay 333
Barangay 326,Barangay 265
Barangay 326,Barangay 334
Barangay 326,Barangay 327
Barangay 327,Barangay 258
Barangay 327,Barangay 253
Barangay 327,Barangay 261
Barangay 327,Barangay 333
Barangay 327,Barangay 326
Barangay 327,Barangay 265
Barangay 327,Barangay 334
Barangay 327,Barangay 267
Barangay 327,Barangay 331
Barangay 328,Barangay 262
Barangay 328,Barangay 335
Barangay 328,Barangay 329
Barangay 328,Barangay 330
Barangay 328,Barangay 332
Barangay 328,Barangay 261
Barangay 328,Barangay 333
Barangay 328,Barangay 326
Barangay 329,Barangay 314
Barangay 329,Barangay 335
Barangay 329,Barangay 330
Barangay 329,Barangay 332
Barangay 329,Barangay 328
Barangay 330,Barangay 314
Barangay 330,Barangay 260
Barangay 330,Barangay 262
Barangay 330,Barangay 329
Barangay 330,Barangay 263
Barangay 330,Barangay 328
Barangay 330,Barangay 261
Barangay 331,Barangay 253
Barangay 331,Barangay 334
Barangay 331,Barangay 327
Barangay 331,Barangay 325
Barangay 331,Barangay 339
Barangay 331,Barangay 255
Barangay 331,Barangay 337
Barangay 331,Barangay 336
Barangay 331,Barangay 353
Barangay 331,Barangay 344
Barangay 331,Barangay 355
Barangay 331,Barangay 256
Barangay 331,Barangay 225
Barangay 332,Barangay 335
Barangay 332,Barangay 329
Barangay 332,Barangay 316
Barangay 332,Barangay 328
Barangay 332,Barangay 321
Barangay 332,Barangay 333
Barangay 332,Barangay 326
Barangay 333,Barangay 316
Barangay 333,Barangay 332
Barangay 333,Barangay 328
Barangay 333,Barangay 321
Barangay 333,Barangay 326
Barangay 333,Barangay 320
Barangay 333,Barangay 334
Barangay 333,Barangay 327
Barangay 334,Barangay 321
Barangay 334,Barangay 333
Barangay 334,Barangay 326
Barangay 334,Barangay 320
Barangay 334,Barangay 327
Barangay 334,Barangay 325
Barangay 334,Barangay 339
Barangay 334,Barangay 331
Barangay 335,Barangay 314
Barangay 335,Barangay 312
Barangay 335,Barangay 329
Barangay 335,Barangay 316
Barangay 335,Barangay 332
Barangay 335,Barangay 328
Barangay 336,Barangay 338
Barangay 336,Barangay 341
Barangay 336,Barangay 337
Barangay 336,Barangay 331
Barangay 336,Barangay 353
Barangay 336,Barangay 344
Barangay 337,Barangay 340
Barangay 337,Barangay 338
Barangay 337,Barangay 341
Barangay 337,Barangay 339
Barangay 337,Barangay 331
Barangay 337,Barangay 336
Barangay 338,Barangay 340
Barangay 338,Barangay 342
Barangay 338,Barangay 341
Barangay 338,Barangay 339
Barangay 338,Barangay 337
Barangay 338,Barangay 336
Barangay 339,Barangay 334
Barangay 339,Barangay 324
Barangay 339,Barangay 323
Barangay 339,Barangay 340
Barangay 339,Barangay 338
Barangay 339,Barangay 325
Barangay 339,Barangay 337
Barangay 339,Barangay 331
Barangay 340,Barangay 324
Barangay 340,Barangay 323
Barangay 340,Barangay 342
Barangay 340,Barangay 338
Barangay 340,Barangay 339
Barangay 340,Barangay 337
Barangay 341,Barangay 342
Barangay 341,Barangay 338
Barangay 341,Barangay 343
Barangay 341,Barangay 352
Barangay 341,Barangay 337
Barangay 341,Barangay 336
Barangay 341,Barangay 344
Barangay 341,Barangay 350
Barangay 342,Barangay 470
Barangay 342,Barangay 471
Barangay 342,Barangay 317
Barangay 342,Barangay 323
Barangay 342,Barangay 340
Barangay 342,Barangay 490
Barangay 342,Barangay 338
Barangay 342,Barangay 343
Barangay 342,Barangay 341
Barangay 342,Barangay 352
Barangay 343,Barangay 470
Barangay 343,Barangay 342
Barangay 343,Barangay 490
Barangay 343,Barangay 491
Barangay 343,Barangay 341
Barangay 343,Barangay 352
Barangay 344,Barangay 341
Barangay 344,Barangay 331
Barangay 344,Barangay 336
Barangay 344,Barangay 353
Barangay 344,Barangay 346
Barangay 344,Barangay 350
Barangay 344,Barangay 354
Barangay 345,Barangay 346
Barangay 345,Barangay 350
Barangay 345,Barangay 354
Barangay 345,Barangay 358
Barangay 345,Barangay 347
Barangay 345,Barangay 357
Barangay 346,Barangay 353
Barangay 346,Barangay 344
Barangay 346,Barangay 350
Barangay 346,Barangay 354
Barangay 346,Barangay 345
Barangay 346,Barangay 358
Barangay 347,Barangay 350
Barangay 347,Barangay 349
Barangay 347,Barangay 345
Barangay 347,Barangay 358
Barangay 347,Barangay 357
Barangay 347,Barangay 348
Barangay 347,Barangay 356
Barangay 348,Barangay 350
Barangay 348,Barangay 349
Barangay 348,Barangay 347
Barangay 348,Barangay 357
Barangay 348,Barangay 356
Barangay 348,Barangay 365
Barangay 348,Barangay 363
Barangay 348,Barangay 209
Barangay 349,Barangay 350
Barangay 349,Barangay 351
Barangay 349,Barangay 368
Barangay 349,Barangay 369
Barangay 349,Barangay 347
Barangay 349,Barangay 348
Barangay 349,Barangay 365
Barangay 349,Barangay 364
Barangay 350,Barangay 341
Barangay 350,Barangay 352
Barangay 350,Barangay 344
Barangay 350,Barangay 346
Barangay 350,Barangay 351
Barangay 350,Barangay 349
Barangay 350,Barangay 345
Barangay 350,Barangay 347
Barangay 350,Barangay 348
Barangay 351,Barangay 352
Barangay 351,Barangay 484
Barangay 351,Barangay 350
Barangay 351,Barangay 368
Barangay 351,Barangay 497
Barangay 351,Barangay 349
Barangay 351,Barangay 369
Barangay 352,Barangay 342
Barangay 352,Barangay 343
Barangay 352,Barangay 491
Barangay 352,Barangay 341
Barangay 352,Barangay 482
Barangay 352,Barangay 484
Barangay 352,Barangay 350
Barangay 352,Barangay 351
Barangay 353,Barangay 331
Barangay 353,Barangay 336
Barangay 353,Barangay 344
Barangay 353,Barangay 355
Barangay 353,Barangay 346
Barangay 353,Barangay 354
Barangay 354,Barangay 353
Barangay 354,Barangay 344
Barangay 354,Barangay 355
Barangay 354,Barangay 346
Barangay 354,Barangay 345
Barangay 354,Barangay 358
Barangay 354,Barangay 361
Barangay 354,Barangay 362
Barangay 355,Barangay 331
Barangay 355,Barangay 353
Barangay 355,Barangay 354
Barangay 355,Barangay 361
Barangay 355,Barangay 362
Barangay 355,Barangay 256
Barangay 355,Barangay 225
Barangay 355,Barangay 223
Barangay 356,Barangay 347
Barangay 356,Barangay 357
Barangay 356,Barangay 360
Barangay 356,Barangay 348
Barangay 356,Barangay 359
Barangay 356,Barangay 220
Barangay 356,Barangay 209
Barangay 357,Barangay 345
Barangay 357,Barangay 358
Barangay 357,Barangay 361
Barangay 357,Barangay 347
Barangay 357,Barangay 360
Barangay 357,Barangay 348
Barangay 357,Barangay 356
Barangay 358,Barangay 346
Barangay 358,Barangay 354
Barangay 358,Barangay 345
Barangay 358,Barangay 361
Barangay 358,Barangay 347
Barangay 358,Barangay 357
Barangay 358,Barangay 360
Barangay 359,Barangay 360
Barangay 359,Barangay 356
Barangay 359,Barangay 220
Barangay 359,Barangay 219
Barangay 359,Barangay 224
Barangay 360,Barangay 358
Barangay 360,Barangay 361
Barangay 360,Barangay 362
Barangay 360,Barangay 357
Barangay 360,Barangay 356
Barangay 360,Barangay 359
Barangay 360,Barangay 223
Barangay 360,Barangay 224
Barangay 361,Barangay 355
Barangay 361,Barangay 354
Barangay 361,Barangay 358
Barangay 361,Barangay 362
Barangay 361,Barangay 357
Barangay 361,Barangay 360
Barangay 362,Barangay 355
Barangay 362,Barangay 354
Barangay 362,Barangay 361
Barangay 362,Barangay 360
Barangay 362,Barangay 225
Barangay 362,Barangay 223
Barangay 362,Barangay 224
Barangay 363,Barangay 348
Barangay 363,Barangay 365
Barangay 363,Barangay 209
Barangay 363,Barangay 366
Barangay 363,Barangay 210
Barangay 363,Barangay 364
Barangay 363,Barangay 367
Barangay 364,Barangay 349
Barangay 364,Barangay 369
Barangay 364,Barangay 365
Barangay 364,Barangay 363
Barangay 364,Barangay 370
Barangay 364,Barangay 367
Barangay 365,Barangay 349
Barangay 365,Barangay 348
Barangay 365,Barangay 363
Barangay 365,Barangay 209
Barangay 365,Barangay 364
Barangay 366,Barangay 363
Barangay 366,Barangay 209
Barangay 366,Barangay 381
Barangay 366,Barangay 210
Barangay 366,Barangay 367
Barangay 367,Barangay 369
Barangay 367,Barangay 363
Barangay 367,Barangay 366
Barangay 367,Barangay 381
Barangay 367,Barangay 364
Barangay 367,Barangay 370
Barangay 367,Barangay 379
Barangay 367,Barangay 380
Barangay 368,Barangay 484
Barangay 368,Barangay 351
Barangay 368,Barangay 497
Barangay 368,Barangay 349
Barangay 368,Barangay 369
Barangay 368,Barangay 371
Barangay 369,Barangay 351
Barangay 369,Barangay 368
Barangay 369,Barangay 349
Barangay 369,Barangay 371
Barangay 369,Barangay 364
Barangay 369,Barangay 370
Barangay 369,Barangay 367
Barangay 370,Barangay 369
Barangay 370,Barangay 371
Barangay 370,Barangay 364
Barangay 370,Barangay 367
Barangay 370,Barangay 379
Barangay 370,Barangay 376
Barangay 370,Barangay 372
Barangay 371,Barangay 492
Barangay 371,Barangay 368
Barangay 371,Barangay 497
Barangay 371,Barangay 369
Barangay 371,Barangay 370
Barangay 371,Barangay 493
Barangay 371,Barangay 372
Barangay 372,Barangay 492
Barangay 372,Quezon City
Barangay 372,Barangay 497
Barangay 372,Barangay 371
Barangay 372,Barangay 370
Barangay 372,Barangay 493
Barangay 372,Barangay 376
Barangay 372,Manila North Cemetery
Barangay 373,Barangay 375
Barangay 373,Barangay 208
Barangay 373,Barangay 374
Barangay 373,Manila North Cemetery
Barangay 374,Barangay 208
Barangay 374,Barangay 206
Barangay 374,Barangay 373
Barangay 374,Manila North Cemetery
Barangay 375,Barangay 382
Barangay 375,Barangay 208
Barangay 375,Barangay 373
Barangay 375,Barangay 378
Barangay 375,Manila North Cemetery
Barangay 376,Barangay 370
Barangay 376,Barangay 379
Barangay 376,Barangay 380
Barangay 376,Barangay 377
Barangay 376,Barangay 372
Barangay 376,Manila North Cemetery
Barangay 377,Barangay 382
Barangay 377,Barangay 379
Barangay 377,Barangay 380
Barangay 377,Barangay 376
Barangay 377,Barangay 378
Barangay 377,Manila North Cemetery
Barangay 378,Barangay 382
Barangay 378,Barangay 375
Barangay 378,Barangay 380
Barangay 378,Barangay 377
Barangay 378,Manila North Cemetery
Barangay 379,Barangay 370
Barangay 379,Barangay 367
Barangay 379,Barangay 380
Barangay 379,Barangay 376
Barangay 379,Barangay 377
Barangay 380,Barangay 381
Barangay 380,Barangay 382
Barangay 380,Barangay 367
Barangay 380,Barangay 379
Barangay 380,Barangay 376
Barangay 380,Barangay 377
Barangay 380,Barangay 378
Barangay 381,Barangay 366
Barangay 381,Barangay 210
Barangay 381,Barangay 382
Barangay 381,Barangay 367
Barangay 381,Barangay 380
Barangay 382,Barangay 381
Barangay 382,Barangay 210
Barangay 382,Barangay 375
Barangay 382,Barangay 208
Barangay 382,Barangay 380
Barangay 382,Barangay 377
Barangay 382,Barangay 378
Barangay 383,Barangay 384
Barangay 383,Barangay 306
Barangay 383,Barangay 385
Barangay 383,Barangay 387
Barangay 383,Barangay 393
Barangay 383,Barangay 307
Barangay 384,Barangay 659-A
Barangay 384,Barangay 306
Barangay 384,Barangay 647
Barangay 384,Barangay 385
Barangay 384,Barangay 387
Barangay 384,Barangay 383
Barangay 385,Barangay 384
Barangay 385,Barangay 646
Barangay 385,Barangay 647
Barangay 385,Barangay 648
Barangay 385,Barangay 386
Barangay 385,Barangay 387
Barangay 385,Barangay 383
Barangay 385,Barangay 389
Barangay 386,Barangay 645
Barangay 386,Barangay 644
Barangay 386,Barangay 643
Barangay 386,Barangay 642
Barangay 386,Barangay 641
Barangay 386,Barangay 646
Barangay 386,Barangay 648
Barangay 386,Barangay 385
Barangay 386,Barangay 387
Barangay 386,Barangay 389
Barangay 387,Barangay 384
Barangay 387,Barangay 386
Barangay 387,Barangay 385
Barangay 387,Barangay 383
Barangay 387,Barangay 388
Barangay 387,Barangay 389
Barangay 387,Barangay 393
Barangay 387,Barangay 390
Barangay 388,Barangay 387
Barangay 388,Barangay 389
Barangay 388,Barangay 393
Barangay 388,Barangay 390
Barangay 389,Barangay 642
Barangay 389,Barangay 641
Barangay 389,Barangay 638
Barangay 389,Barangay 416
Barangay 389,Barangay 386
Barangay 389,Barangay 385
Barangay 389,Barangay 387
Barangay 389,Barangay 388
Barangay 389,Barangay 390
Barangay 389,Barangay 404
Barangay 390,Barangay 416
Barangay 390,Barangay 387
Barangay 390,Barangay 388
Barangay 390,Barangay 389
Barangay 390,Barangay 393
Barangay 390,Barangay 391
Barangay 390,Barangay 392
Barangay 390,Barangay 404
Barangay 390,Barangay 395
Barangay 391,Barangay 393
Barangay 391,Barangay 390
Barangay 391,Barangay 394
Barangay 391,Barangay 392
Barangay 391,Barangay 307
Barangay 391,Barangay 308
Barangay 391,Barangay 310
Barangay 391,Barangay 395
Barangay 392,Barangay 390
Barangay 392,Barangay 391
Barangay 392,Barangay 404
Barangay 392,Barangay 395
Barangay 393,Barangay 306
Barangay 393,Barangay 387
Barangay 393,Barangay 383
Barangay 393,Barangay 388
Barangay 393,Barangay 390
Barangay 393,Barangay 394
Barangay 393,Barangay 391
Barangay 393,Barangay 307
Barangay 394,Barangay 393
Barangay 394,Barangay 391
Barangay 394,Barangay 307
Barangay 394,Barangay 308
Barangay 395,Barangay 390
Barangay 395,Barangay 391
Barangay 395,Barangay 392
Barangay 395,Barangay 308
Barangay 395,Barangay 310
Barangay 395,Barangay 404
Barangay 395,Barangay 396
Barangay 395,Barangay 464
Barangay 395,Barangay 462
Barangay 396,Barangay 404
Barangay 396,Barangay 395
Barangay 396,Barangay 399
Barangay 396,Barangay 462
Barangay 396,Barangay 397
Barangay 396,Barangay 468
Barangay 396,Barangay 469
Barangay 397,Barangay 398
Barangay 397,Barangay 458
Barangay 397,Barangay 459
Barangay 397,Barangay 396
Barangay 397,Barangay 399
Barangay 397,Barangay 468
Barangay 397,Barangay 469
Barangay 397,Barangay 470
Barangay 398,Barangay 401
Barangay 398,Barangay 458
Barangay 398,Barangay 459
Barangay 398,Barangay 399
Barangay 398,Barangay 397
Barangay 399,Barangay 400
Barangay 399,Barangay 401
Barangay 399,Barangay 398
Barangay 399,Barangay 404
Barangay 399,Barangay 396
Barangay 399,Barangay 397
Barangay 400,Barangay 403
Barangay 400,Barangay 401
Barangay 400,Barangay 404
Barangay 400,Barangay 399
Barangay 401,Barangay 403
Barangay 401,Barangay 402
Barangay 401,Barangay 415
Barangay 401,Barangay 400
Barangay 401,Barangay 407
Barangay 401,Barangay 405
Barangay 401,Barangay 398
Barangay 401,Barangay 458
Barangay 401,Barangay 399
Barangay 402,Barangay 416
Barangay 402,Barangay 403
Barangay 402,Barangay 415
Barangay 402,Barangay 407
Barangay 402,Barangay 401
Barangay 403,Barangay 416
Barangay 403,Barangay 402
Barangay 403,Barangay 400
Barangay 403,Barangay 401
Barangay 403,Barangay 404
Barangay 404,Barangay 416
Barangay 404,Barangay 403
Barangay 404,Barangay 400
Barangay 404,Barangay 389
Barangay 404,Barangay 390
Barangay 404,Barangay 392
Barangay 404,Barangay 395
Barangay 404,Barangay 396
Barangay 404,Barangay 399
Barangay 405,Barangay 407
Barangay 405,Barangay 401
Barangay 405,Barangay 408
Barangay 405,Barangay 406
Barangay 405,Barangay 458
Barangay 406,Barangay 408
Barangay 406,Barangay 433
Barangay 406,Barangay 405
Barangay 406,Barangay 458
Barangay 406,Barangay 430
Barangay 406,Barangay 457
Barangay 407,Barangay 402
Barangay 407,Barangay 414
Barangay 407,Barangay 415
Barangay 407,Barangay 401
Barangay 407,Barangay 411
Barangay 407,Barangay 408
Barangay 407,Barangay 405
Barangay 408,Barangay 407
Barangay 408,Barangay 411
Barangay 408,Barangay 433
Barangay 408,Barangay 405
Barangay 408,Barangay 406
Barangay 408,Barangay 430
Barangay 409,Barangay 412
Barangay 409,Barangay 413
Barangay 409,Barangay 410
Barangay 409,Barangay 420
Barangay 409,Barangay 411
Barangay 409,Barangay 419
Barangay 410,Barangay 638
Barangay 410,Barangay 637
Barangay 410,Barangay 412
Barangay 410,Barangay 413
Barangay 410,Barangay 420
Barangay 410,Barangay 409
Barangay 411,Barangay 413
Barangay 411,Barangay 414
Barangay 411,Barangay 407
Barangay 411,Barangay 409
Barangay 411,Barangay 419
Barangay 411,Barangay 408
Barangay 411,Barangay 433
Barangay 411,Barangay 435
Barangay 411,Barangay 436
Barangay 412,Barangay 638
Barangay 412,Barangay 416
Barangay 412,Barangay 413
Barangay 412,Barangay 410
Barangay 412,Barangay 409
Barangay 413,Barangay 412
Barangay 413,Barangay 416
Barangay 413,Barangay 414
Barangay 413,Barangay 410
Barangay 413,Barangay 409
Barangay 413,Barangay 411
Barangay 414,Barangay 416
Barangay 414,Barangay 413
Barangay 414,Barangay 415
Barangay 414,Barangay 407
Barangay 414,Barangay 411
Barangay 415,Barangay 416
Barangay 415,Barangay 402
Barangay 415,Barangay 414
Barangay 415,Barangay 407
Barangay 415,Barangay 401
Barangay 416,Barangay 641
Barangay 416,Barangay 638
Barangay 416,Barangay 412
Barangay 416,Barangay 413
Barangay 416,Barangay 403
Barangay 416,Barangay 402
Barangay 416,Barangay 414
Barangay 416,Barangay 415
Barangay 416,Barangay 389
Barangay 416,Barangay 390
Barangay 416,Barangay 404
Barangay 417,Barangay 418
Barangay 417,Barangay 424
Barangay 417,Barangay 423
Barangay 417,Barangay 437
Barangay 417,Barangay 419
Barangay 417,Barangay 436
Barangay 418,Barangay 634
Barangay 418,Barangay 424
Barangay 418,Barangay 417
Barangay 418,Barangay 420
Barangay 418,Barangay 419
Barangay 419,Barangay 418
Barangay 419,Barangay 417
Barangay 419,Barangay 420
Barangay 419,Barangay 409
Barangay 419,Barangay 411
Barangay 419,Barangay 435
Barangay 419,Barangay 436
Barangay 420,Barangay 634
Barangay 420,Barangay 418
Barangay 420,Barangay 640
Barangay 420,Barangay 637
Barangay 420,Barangay 410
Barangay 420,Barangay 409
Barangay 420,Barangay 419
Barangay 421,Barangay 427
Barangay 421,Barangay 428
Barangay 421,Barangay 425
Barangay 421,Barangay 424
Barangay 421,Barangay 423
Barangay 421,Barangay 422
Barangay 422,Barangay 428
Barangay 422,Barangay 421
Barangay 422,Barangay 423
Barangay 422,Barangay 437
Barangay 422,Barangay 446
Barangay 422,Barangay 576
Barangay 422,Barangay 544
Barangay 423,Barangay 425
Barangay 423,Barangay 424
Barangay 423,Barangay 417
Barangay 423,Barangay 421
Barangay 423,Barangay 422
Barangay 423,Barangay 437
Barangay 423,Barangay 436
Barangay 424,Barangay 633
Barangay 424,Barangay 634
Barangay 424,Barangay 418
Barangay 424,Barangay 425
Barangay 424,Barangay 417
Barangay 424,Barangay 421
Barangay 424,Barangay 423
Barangay 425,Barangay 633
Barangay 425,Barangay 632
Barangay 425,Barangay 634
Barangay 425,Barangay 631
Barangay 425,Barangay 626
Barangay 425,Barangay 427
Barangay 425,Barangay 424
Barangay 425,Barangay 421
Barangay 425,Barangay 423
Barangay 426,Barangay 593
Barangay 426,Barangay 626
Barangay 426,Barangay 629
Barangay 426,Barangay 627
Barangay 426,Barangay 579
Barangay 426,Barangay 427
Barangay 426,Barangay 428
Barangay 426,Barangay 570
Barangay 427,Barangay 626
Barangay 427,Barangay 426
Barangay 427,Barangay 428
Barangay 427,Barangay 425
Barangay 427,Barangay 421
Barangay 428,Barangay 426
Barangay 428,Barangay 427
Barangay 428,Barangay 421
Barangay 428,Barangay 422
Barangay 428,Barangay 570
Barangay 428,Barangay 576
Barangay 429,Barangay 434
Barangay 429,Barangay 432
Barangay 429,Barangay 455
Barangay 429,Barangay 431
Barangay 429,Barangay 461
Barangay 429,Barangay 456
Barangay 430,Barangay 408
Barangay 430,Barangay 433
Barangay 430,Barangay 434
Barangay 430,Barangay 406
Barangay 430,Barangay 431
Barangay 430,Barangay 457
Barangay 430,Barangay 460
Barangay 431,Barangay 434
Barangay 431,Barangay 429
Barangay 431,Barangay 430
Barangay 431,Barangay 460
Barangay 431,Barangay 461
Barangay 432,Barangay 435
Barangay 432,Barangay 436
Barangay 432,Barangay 434
Barangay 432,Barangay 439
Barangay 432,Barangay 429
Barangay 432,Barangay 448
Barangay 432,Barangay 449
Barangay 432,Barangay 455
Barangay 433,Barangay 411
Barangay 433,Barangay 408
Barangay 433,Barangay 435
Barangay 433,Barangay 434
Barangay 433,Barangay 406
Barangay 433,Barangay 430
Barangay 434,Barangay 433
Barangay 434,Barangay 435
Barangay 434,Barangay 432
Barangay 434,Barangay 429
Barangay 434,Barangay 430
Barangay 434,Barangay 431
Barangay 435,Barangay 411
Barangay 435,Barangay 419
Barangay 435,Barangay 433
Barangay 435,Barangay 436
Barangay 435,Barangay 434
Barangay 435,Barangay 432
Barangay 436,Barangay 417
Barangay 436,Barangay 423
Barangay 436,Barangay 437
Barangay 436,Barangay 411
Barangay 436,Barangay 419
Barangay 436,Barangay 435
Barangay 436,Barangay 439
Barangay 436,Barangay 432
Barangay 436,Barangay 438
Barangay 437,Barangay 417
Barangay 437,Barangay 423
Barangay 437,Barangay 422
Barangay 437,Barangay 446
Barangay 437,Barangay 445
Barangay 437,Barangay 436
Barangay 437,Barangay 439
Barangay 437,Barangay 438
Barangay 437,Barangay 444
Barangay 438,Barangay 437
Barangay 438,Barangay 445
Barangay 438,Barangay 436
Barangay 438,Barangay 439
Barangay 438,Barangay 448
Barangay 438,Barangay 440
Barangay 439,Barangay 437
Barangay 439,Barangay 436
Barangay 439,Barangay 432
Barangay 439,Barangay 438
Barangay 439,Barangay 448
Barangay 440,Barangay 445
Barangay 440,Barangay 438
Barangay 440,Barangay 448
Barangay 440,Barangay 443
Barangay 440,Barangay 447
Barangay 440,Barangay 444
Barangay 440,Barangay 441
Barangay 440,Barangay 442
Barangay 441,Barangay 448
Barangay 441,Barangay 440
Barangay 441,Barangay 443
Barangay 441,Barangay 447
Barangay 441,Barangay 442
Barangay 441,Barangay 453
Barangay 441,Barangay 451
Barangay 441,Barangay 450
Barangay 442,Barangay 440
Barangay 442,Barangay 443
Barangay 442,Barangay 544
Barangay 442,Barangay 441
Barangay 442,Barangay 450
Barangay 442,Barangay 521
Barangay 443,Barangay 445
Barangay 443,Barangay 440
Barangay 443,Barangay 444
Barangay 443,Barangay 544
Barangay 443,Barangay 441
Barangay 443,Barangay 442
Barangay 444,Barangay 437
Barangay 444,Barangay 446
Barangay 444,Barangay 445
Barangay 444,Barangay 440
Barangay 444,Barangay 443
Barangay 444,Barangay 544
Barangay 445,Barangay 437
Barangay 445,Barangay 446
Barangay 445,Barangay 438
Barangay 445,Barangay 448
Barangay 445,Barangay 440
Barangay 445,Barangay 443
Barangay 445,Barangay 444
Barangay 446,Barangay 422
Barangay 446,Barangay 437
Barangay 446,Barangay 445
Barangay 446,Barangay 576
Barangay 446,Barangay 444
Barangay 446,Barangay 544
Barangay 447,Barangay 448
Barangay 447,Barangay 440
Barangay 447,Barangay 449
Barangay 447,Barangay 441
Barangay 447,Barangay 453
Barangay 448,Barangay 445
Barangay 448,Barangay 439
Barangay 448,Barangay 432
Barangay 448,Barangay 438
Barangay 448,Barangay 440
Barangay 448,Barangay 449
Barangay 448,Barangay 447
Barangay 448,Barangay 441
Barangay 449,Barangay 432
Barangay 449,Barangay 448
Barangay 449,Barangay 447
Barangay 449,Barangay 455
Barangay 449,Barangay 453
Barangay 450,Barangay 544
Barangay 450,Barangay 441
Barangay 450,Barangay 442
Barangay 450,Barangay 451
Barangay 450,Barangay 521
Barangay 450,Barangay 473
Barangay 450,Barangay 503
Barangay 451,Barangay 475
Barangay 451,Barangay 441
Barangay 451,Barangay 453
Barangay 451,Barangay 452
Barangay 451,Barangay 450
Barangay 451,Barangay 473
Barangay 452,Barangay 455
Barangay 452,Barangay 454
Barangay 452,Barangay 478
Barangay 452,Barangay 476
Barangay 452,Barangay 475
Barangay 452,Barangay 453
Barangay 452,Barangay 451
Barangay 453,Barangay 449
Barangay 453,Barangay 447
Barangay 453,Barangay 455
Barangay 453,Barangay 454
Barangay 453,Barangay 441
Barangay 453,Barangay 452
Barangay 453,Barangay 451
Barangay 454,Barangay 455
Barangay 454,Barangay 456
Barangay 454,Barangay 479
Barangay 454,Barangay 478
Barangay 454,Barangay 476
Barangay 454,Barangay 453
Barangay 454,Barangay 452
Barangay 455,Barangay 432
Barangay 455,Barangay 429
Barangay 455,Barangay 449
Barangay 455,Barangay 456
Barangay 455,Barangay 454
Barangay 455,Barangay 453
Barangay 455,Barangay 452
Barangay 456,Barangay 429
Barangay 456,Barangay 455
Barangay 456,Barangay 461
Barangay 456,Barangay 454
Barangay 456,Barangay 479
Barangay 457,Barangay 406
Barangay 457,Barangay 458
Barangay 457,Barangay 430
Barangay 457,Barangay 459
Barangay 457,Barangay 460
Barangay 457,Barangay 470
Barangay 458,Barangay 401
Barangay 458,Barangay 405
Barangay 458,Barangay 398
Barangay 458,Barangay 406
Barangay 458,Barangay 459
Barangay 458,Barangay 457
Barangay 458,Barangay 397
Barangay 459,Barangay 398
Barangay 459,Barangay 458
Barangay 459,Barangay 457
Barangay 459,Barangay 397
Barangay 459,Barangay 470
Barangay 460,Barangay 430
Barangay 460,Barangay 431
Barangay 460,Barangay 457
Barangay 460,Barangay 461
Barangay 460,Barangay 479
Barangay 460,Barangay 470
Barangay 461,Barangay 429
Barangay 461,Barangay 431
Barangay 461,Barangay 460
Barangay 461,Barangay 456
Barangay 461,Barangay 479
Barangay 461,Barangay 470
Barangay 462,Barangay 395
Barangay 462,Barangay 396
Barangay 462,Barangay 464
Barangay 462,Barangay 468
Barangay 462,Barangay 463
Barangay 462,Barangay 467
Barangay 463,Barangay 464
Barangay 463,Barangay 462
Barangay 463,Barangay 468
Barangay 463,Barangay 311
Barangay 463,Barangay 467
Barangay 463,Barangay 315
Barangay 463,Barangay 466
Barangay 464,Barangay 310
Barangay 464,Barangay 395
Barangay 464,Barangay 462
Barangay 464,Barangay 311
Barangay 464,Barangay 463
Barangay 465,Barangay 468
Barangay 465,Barangay 469
Barangay 465,Barangay 467
Barangay 465,Barangay 466
Barangay 465,Barangay 470
Barangay 466,Barangay 463
Barangay 466,Barangay 467
Barangay 466,Barangay 465
Barangay 466,Barangay 315
Barangay 466,Barangay 319
Barangay 466,Barangay 470
Barangay 466,Barangay 471
Barangay 467,Barangay 462
Barangay 467,Barangay 468
Barangay 467,Barangay 469
Barangay 467,Barangay 463
Barangay 467,Barangay 465
Barangay 467,Barangay 466
Barangay 468,Barangay 396
Barangay 468,Barangay 462
Barangay 468,Barangay 397
Barangay 468,Barangay 469
Barangay 468,Barangay 463
Barangay 468,Barangay 467
Barangay 468,Barangay 465
Barangay 469,Barangay 396
Barangay 469,Barangay 397
Barangay 469,Barangay 468
Barangay 469,Barangay 467
Barangay 469,Barangay 465
Barangay 469,Barangay 470
Barangay 470,Barangay 459
Barangay 470,Barangay 457
Barangay 470,Barangay 460
Barangay 470,Barangay 461
Barangay 470,Barangay 479
Barangay 470,Barangay 481
Barangay 470,Barangay 397
Barangay 470,Barangay 469
Barangay 470,Barangay 465
Barangay 470,Barangay 466
Barangay 470,Barangay 471
Barangay 470,Barangay 342
Barangay 470,Barangay 490
Barangay 470,Barangay 343
Barangay 471,Barangay 466
Barangay 471,Barangay 319
Barangay 471,Barangay 470
Barangay 471,Barangay 317
Barangay 471,Barangay 323
Barangay 471,Barangay 342
Barangay 472,Barangay 475
Barangay 472,Barangay 473
Barangay 472,Barangay 503
Barangay 472,Barangay 505
Barangay 472,Barangay 474
Barangay 472,Barangay 507
Barangay 473,Barangay 475
Barangay 473,Barangay 472
Barangay 473,Barangay 451
Barangay 473,Barangay 450
Barangay 473,Barangay 521
Barangay 473,Barangay 503
Barangay 473,Barangay 505
Barangay 474,Barangay 475
Barangay 474,Barangay 477
Barangay 474,Barangay 472
Barangay 474,Barangay 505
Barangay 474,Barangay 488
Barangay 474,Barangay 507
Barangay 474,Barangay 487
Barangay 474,Barangay 509
Barangay 475,Barangay 476
Barangay 475,Barangay 477
Barangay 475,Barangay 472
Barangay 475,Barangay 452
Barangay 475,Barangay 451
Barangay 475,Barangay 473
Barangay 475,Barangay 474
Barangay 476,Barangay 454
Barangay 476,Barangay 478
Barangay 476,Barangay 475
Barangay 476,Barangay 477
Barangay 476,Barangay 452
Barangay 477,Barangay 478
Barangay 477,Barangay 476
Barangay 477,Barangay 475
Barangay 477,Barangay 480
Barangay 477,Barangay 474
Barangay 477,Barangay 488
Barangay 477,Barangay 489
Barangay 478,Barangay 454
Barangay 478,Barangay 479
Barangay 478,Barangay 476
Barangay 478,Barangay 480
Barangay 478,Barangay 477
Barangay 478,Barangay 452
Barangay 479,Barangay 460
Barangay 479,Barangay 461
Barangay 479,Barangay 456
Barangay 479,Barangay 454
Barangay 479,Barangay 478
Barangay 479,Barangay 481
Barangay 479,Barangay 480
Barangay 479,Barangay 470
Barangay 480,Barangay 479
Barangay 480,Barangay 478
Barangay 480,Barangay 481
Barangay 480,Barangay 477
Barangay 480,Barangay 489
Barangay 481,Barangay 479
Barangay 481,Barangay 480
Barangay 481,Barangay 470
Barangay 481,Barangay 490
Barangay 481,Barangay 489
Barangay 482,Barangay 486
Barangay 482,Barangay 485
Barangay 482,Barangay 491
Barangay 482,Barangay 352
Barangay 482,Barangay 483
Barangay 482,Barangay 484
Barangay 483,Barangay 486
Barangay 483,Barangay 485
Barangay 483,Barangay 511
Barangay 483,Barangay 499
Barangay 483,Barangay 500
Barangay 483,Barangay 482
Barangay 483,Barangay 484
Barangay 484,Barangay 499
Barangay 484,Barangay 500
Barangay 484,Barangay 352
Barangay 484,Barangay 482
Barangay 484,Barangay 483
Barangay 484,Barangay 351
Barangay 484,Barangay 368
Barangay 484,Barangay 497
Barangay 485,Barangay 488
Barangay 485,Barangay 487
Barangay 485,Barangay 486
Barangay 485,Barangay 509
Barangay 485,Barangay 511
Barangay 485,Barangay 499
Barangay 485,Barangay 482
Barangay 485,Barangay 483
Barangay 486,Barangay 488
Barangay 486,Barangay 487
Barangay 486,Barangay 485
Barangay 486,Barangay 491
Barangay 486,Barangay 482
Barangay 486,Barangay 483
Barangay 487,Barangay 474
Barangay 487,Barangay 488
Barangay 487,Barangay 507
Barangay 487,Barangay 486
Barangay 487,Barangay 509
Barangay 487,Barangay 485
Barangay 487,Barangay 511
Barangay 488,Barangay 477
Barangay 488,Barangay 474
Barangay 488,Barangay 487
Barangay 488,Barangay 486
Barangay 488,Barangay 485
Barangay 488,Barangay 489
Barangay 488,Barangay 491
Barangay 489,Barangay 481
Barangay 489,Barangay 480
Barangay 489,Barangay 477
Barangay 489,Barangay 488
Barangay 489,Barangay 490
Barangay 489,Barangay 491
Barangay 490,Barangay 481
Barangay 490,Barangay 470
Barangay 490,Barangay 342
Barangay 490,Barangay 489
Barangay 490,Barangay 343
Barangay 490,Barangay 491
Barangay 491,Barangay 488
Barangay 491,Barangay 486
Barangay 491,Barangay 490
Barangay 491,Barangay 489
Barangay 491,Barangay 343
Barangay 491,Barangay 352
Barangay 491,Barangay 482
Barangay 492,Barangay 495
Barangay 492,Quezon City
Barangay 492,Barangay 497
Barangay 492,Barangay 371
Barangay 492,Barangay 493
Barangay 492,Barangay 372
Barangay 493,Barangay 492
Barangay 493,Quezon City
Barangay 493,Barangay 497
Barangay 493,Barangay 371
Barangay 493,Barangay 372
Barangay 494,Barangay 501
Barangay 494,Barangay 500
Barangay 494,Barangay 498
Barangay 494,Barangay 496
Barangay 494,Barangay 495
Barangay 494,Quezon City
Barangay 494,Barangay 497
Barangay 495,Barangay 500
Barangay 495,Barangay 494
Barangay 495,Barangay 492
Barangay 495,Quezon City
Barangay 495,Barangay 497
Barangay 496,Barangay 516
Barangay 496,Barangay 518
Barangay 496,Barangay 498
Barangay 496,Barangay 494
Barangay 496,Quezon City
Barangay 497,Barangay 500
Barangay 497,Barangay 494
Barangay 497,Barangay 495
Barangay 497,Barangay 492
Barangay 497,Barangay 484
Barangay 497,Barangay 351
Barangay 497,Barangay 368
Barangay 497,Barangay 371
Barangay 497,Barangay 493
Barangay 497,Barangay 372
Barangay 498,Barangay 510
Barangay 498,Barangay 518
Barangay 498,Barangay 501
Barangay 498,Barangay 500
Barangay 498,Barangay 496
Barangay 498,Barangay 494
Barangay 499,Barangay 485
Barangay 499,Barangay 511
Barangay 499,Barangay 510
Barangay 499,Barangay 501
Barangay 499,Barangay 500
Barangay 499,Barangay 483
Barangay 499,Barangay 484
Barangay 500,Barangay 499
Barangay 500,Barangay 501
Barangay 500,Barangay 498
Barangay 500,Barangay 494
Barangay 500,Barangay 495
Barangay 500,Barangay 483
Barangay 500,Barangay 484
Barangay 500,Barangay 497
Barangay 501,Barangay 511
Barangay 501,Barangay 510
Barangay 501,Barangay 499
Barangay 501,Barangay 518
Barangay 501,Barangay 500
Barangay 501,Barangay 498
Barangay 501,Barangay 494
Barangay 502,Barangay 522
Barangay 502,Barangay 523
Barangay 502,Barangay 524
Barangay 502,Barangay 503
Barangay 502,Barangay 517
Barangay 502,Barangay 504
Barangay 502,Barangay 519
Barangay 503,Barangay 472
Barangay 503,Barangay 450
Barangay 503,Barangay 521
Barangay 503,Barangay 522
Barangay 503,Barangay 473
Barangay 503,Barangay 502
Barangay 503,Barangay 504
Barangay 503,Barangay 505
Barangay 504,Barangay 503
Barangay 504,Barangay 502
Barangay 504,Barangay 517
Barangay 504,Barangay 519
Barangay 504,Barangay 520
Barangay 504,Barangay 505
Barangay 504,Barangay 507
Barangay 504,Barangay 506
Barangay 505,Barangay 472
Barangay 505,Barangay 473
Barangay 505,Barangay 503
Barangay 505,Barangay 504
Barangay 505,Barangay 474
Barangay 505,Barangay 507
Barangay 506,Barangay 504
Barangay 506,Barangay 519
Barangay 506,Barangay 520
Barangay 506,Barangay 507
Barangay 506,Barangay 508
Barangay 506,Barangay 514
Barangay 507,Barangay 472
Barangay 507,Barangay 504
Barangay 507,Barangay 505
Barangay 507,Barangay 474
Barangay 507,Barangay 487
Barangay 507,Barangay 506
Barangay 507,Barangay 509
Barangay 507,Barangay 508
Barangay 508,Barangay 520
Barangay 508,Barangay 507
Barangay 508,Barangay 506
Barangay 508,Barangay 509
Barangay 508,Barangay 511
Barangay 508,Barangay 514
Barangay 508,Barangay 510
Barangay 508,Barangay 518
Barangay 509,Barangay 474
Barangay 509,Barangay 507
Barangay 509,Barangay 487
Barangay 509,Barangay 485
Barangay 509,Barangay 508
Barangay 509,Barangay 511
Barangay 509,Barangay 510
Barangay 510,Barangay 509
Barangay 510,Barangay 508
Barangay 510,Barangay 511
Barangay 510,Barangay 514
Barangay 510,Barangay 499
Barangay 510,Barangay 518
Barangay 510,Barangay 501
Barangay 510,Barangay 498
Barangay 511,Barangay 487
Barangay 511,Barangay 509
Barangay 511,Barangay 485
Barangay 511,Barangay 508
Barangay 511,Barangay 510
Barangay 511,Barangay 499
Barangay 511,Barangay 501
Barangay 511,Barangay 483
Barangay 512,Barangay 526
Barangay 512,Barangay 513
Barangay 512,Barangay 530
Barangay 512,Barangay 515
Barangay 512,Barangay 528
Barangay 512,Quezon City
Barangay 513,Barangay 526
Barangay 513,Barangay 517
Barangay 513,Barangay 519
Barangay 513,Barangay 520
Barangay 513,Barangay 512
Barangay 513,Barangay 515
Barangay 513,Barangay 528
Barangay 514,Barangay 520
Barangay 514,Barangay 506
Barangay 514,Barangay 508
Barangay 514,Barangay 515
Barangay 514,Barangay 516
Barangay 514,Barangay 510
Barangay 514,Barangay 518
Barangay 515,Barangay 513
Barangay 515,Barangay 520
Barangay 515,Barangay 512
Barangay 515,Barangay 516
Barangay 515,Barangay 514
Barangay 515,Barangay 518
Barangay 515,Quezon City
Barangay 516,Barangay 515
Barangay 516,Barangay 514
Barangay 516,Barangay 518
Barangay 516,Barangay 496
Barangay 516,Quezon City
Barangay 517,Barangay 523
Barangay 517,Barangay 524
Barangay 517,Barangay 502
Barangay 517,Barangay 526
Barangay 517,Barangay 504
Barangay 517,Barangay 519
Barangay 517,Barangay 513
Barangay 518,Barangay 508
Barangay 518,Barangay 515
Barangay 518,Barangay 516
Barangay 518,Barangay 514
Barangay 518,Barangay 510
Barangay 518,Barangay 501
Barangay 518,Barangay 498
Barangay 518,Barangay 496
Barangay 519,Barangay 502
Barangay 519,Barangay 517
Barangay 519,Barangay 504
Barangay 519,Barangay 513
Barangay 519,Barangay 520
Barangay 519,Barangay 506
Barangay 520,Barangay 504
Barangay 520,Barangay 519
Barangay 520,Barangay 513
Barangay 520,Barangay 506
Barangay 520,Barangay 508
Barangay 520,Barangay 515
Barangay 520,Barangay 514
Barangay 521,Barangay 544
Barangay 521,Barangay 548
Barangay 521,Barangay 442
Barangay 521,Barangay 543
Barangay 521,Barangay 450
Barangay 521,Barangay 522
Barangay 521,Barangay 473
Barangay 521,Barangay 503
Barangay 522,Barangay 548
Barangay 522,Barangay 521
Barangay 522,Barangay 523
Barangay 522,Barangay 503
Barangay 522,Barangay 502
Barangay 523,Barangay 548
Barangay 523,Barangay 522
Barangay 523,Barangay 524
Barangay 523,Barangay 502
Barangay 523,Barangay 517
Barangay 523,Barangay 547
Barangay 524,Barangay 523
Barangay 524,Barangay 502
Barangay 524,Barangay 526
Barangay 524,Barangay 517
Barangay 524,Barangay 547
Barangay 524,Barangay 525
Barangay 525,Barangay 524
Barangay 525,Barangay 526
Barangay 525,Barangay 547
Barangay 525,Barangay 532
Barangay 525,Barangay 529
Barangay 525,Barangay 528
Barangay 526,Barangay 524
Barangay 526,Barangay 517
Barangay 526,Barangay 513
Barangay 526,Barangay 512
Barangay 526,Barangay 525
Barangay 526,Barangay 528
Barangay 527,Barangay 532
Barangay 527,Barangay 533
Barangay 527,Barangay 529
Barangay 527,Barangay 531
Barangay 527,Barangay 537
Barangay 528,Barangay 526
Barangay 528,Barangay 513
Barangay 528,Barangay 530
Barangay 528,Barangay 512
Barangay 528,Barangay 525
Barangay 528,Barangay 529
Barangay 529,Barangay 530
Barangay 529,Barangay 532
Barangay 529,Barangay 525
Barangay 529,Barangay 527
Barangay 529,Barangay 531
Barangay 529,Barangay 528
Barangay 530,Barangay 512
Barangay 530,Barangay 529
Barangay 530,Barangay 531
Barangay 530,Barangay 528
Barangay 530,Quezon City
Barangay 531,Barangay 530
Barangay 531,Barangay 527
Barangay 531,Barangay 529
Barangay 531,Barangay 537
Barangay 531,Quezon City
Barangay 532,Barangay 547
Barangay 532,Barangay 535
Barangay 532,Barangay 533
Barangay 532,Barangay 525
Barangay 532,Barangay 527
Barangay 532,Barangay 529
Barangay 533,Barangay 536
Barangay 533,Barangay 535
Barangay 533,Barangay 534
Barangay 533,Barangay 532
Barangay 533,Barangay 527
Barangay 533,Barangay 537
Barangay 534,Barangay 539
Barangay 534,Barangay 536
Barangay 534,Barangay 540
Barangay 534,Barangay 535
Barangay 534,Barangay 533
Barangay 534,Barangay 537
Barangay 535,Barangay 539
Barangay 535,Barangay 547
Barangay 535,Barangay 534
Barangay 535,Barangay 532
Barangay 535,Barangay 533
Barangay 536,Barangay 539
Barangay 536,Barangay 540
Barangay 536,Barangay 534
Barangay 536,Barangay 533
Barangay 536,Barangay 538
Barangay 536,Barangay 537
Barangay 537,Barangay 536
Barangay 537,Barangay 534
Barangay 537,Barangay 533
Barangay 537,Barangay 527
Barangay 537,Barangay 531
Barangay 537,Barangay 538
Barangay 537,Quezon City
Barangay 538,Barangay 536
Barangay 538,Barangay 540
Barangay 538,Barangay 537
Barangay 538,Quezon City
Barangay 539,Barangay 564
Barangay 539,Barangay 563
Barangay 539,Barangay 562
Barangay 539,Barangay 549
Barangay 539,Barangay 552
Barangay 539,Barangay 553
Barangay 539,Barangay 561
Barangay 539,Barangay 559
Barangay 539,Barangay 558
Barangay 539,Barangay 541
Barangay 539,Barangay 536
Barangay 539,Barangay 540
Barangay 539,Barangay 547
Barangay 539,Barangay 535
Barangay 539,Barangay 534
Barangay 540,Barangay 539
Barangay 540,Barangay 541
Barangay 540,Barangay 536
Barangay 540,Barangay 534
Barangay 540,Barangay 538
Barangay 540,Quezon City
Barangay 541,Barangay 558
Barangay 541,Barangay 557
Barangay 541,Barangay 539
Barangay 541,Barangay 556
Barangay 541,Barangay 555
Barangay 541,Barangay 540
Barangay 541,Quezon City
Barangay 542,Barangay 550
Barangay 542,Barangay 544
Barangay 542,Barangay 553
Barangay 542,Barangay 554
Barangay 542,Barangay 548
Barangay 542,Barangay 543
Barangay 543,Barangay 544
Barangay 543,Barangay 542
Barangay 543,Barangay 554
Barangay 543,Barangay 548
Barangay 543,Barangay 521
Barangay 544,Barangay 422
Barangay 544,Barangay 446
Barangay 544,Barangay 551
Barangay 544,Barangay 576
Barangay 544,Barangay 443
Barangay 544,Barangay 444
Barangay 544,Barangay 550
Barangay 544,Barangay 542
Barangay 544,Barangay 442
Barangay 544,Barangay 543
Barangay 544,Barangay 450
Barangay 544,Barangay 521
Barangay 545,Barangay 551
Barangay 545,Barangay 546
Barangay 545,Barangay 550
Barangay 545,Barangay 552
Barangay 545,Barangay 553
Barangay 546,Barangay 551
Barangay 546,Barangay 573
Barangay 546,Barangay 550
Barangay 546,Barangay 545
Barangay 546,Barangay 552
Barangay 547,Barangay 553
Barangay 547,Barangay 554
Barangay 547,Barangay 548
Barangay 547,Barangay 523
Barangay 547,Barangay 524
Barangay 547,Barangay 539
Barangay 547,Barangay 535
Barangay 547,Barangay 532
Barangay 547,Barangay 525
Barangay 548,Barangay 542
Barangay 548,Barangay 554
Barangay 548,Barangay 543
Barangay 548,Barangay 521
Barangay 548,Barangay 522
Barangay 548,Barangay 523
Barangay 548,Barangay 547
Barangay 549,Barangay 567
Barangay 549,Barangay 565
Barangay 549,Barangay 564
Barangay 549,Barangay 552
Barangay 549,Barangay 539
Barangay 550,Barangay 551
Barangay 550,Barangay 546
Barangay 550,Barangay 544
Barangay 550,Barangay 545
Barangay 550,Barangay 553
Barangay 550,Barangay 542
Barangay 550,Barangay 554
Barangay 551,Barangay 576
Barangay 551,Barangay 573
Barangay 551,Barangay 546
Barangay 551,Barangay 550
Barangay 551,Barangay 544
Barangay 551,Barangay 545
Barangay 552,Barangay 573
Barangay 552,Barangay 567
Barangay 552,Barangay 577
Barangay 552,Barangay 549
Barangay 552,Barangay 546
Barangay 552,Barangay 545
Barangay 552,Barangay 553
Barangay 552,Barangay 539
Barangay 553,Barangay 550
Barangay 553,Barangay 545
Barangay 553,Barangay 552
Barangay 553,Barangay 542
Barangay 553,Barangay 554
Barangay 553,Barangay 539
Barangay 553,Barangay 547
Barangay 554,Barangay 550
Barangay 554,Barangay 553
Barangay 554,Barangay 542
Barangay 554,Barangay 548
Barangay 554,Barangay 543
Barangay 554,Barangay 547
Barangay 555,Barangay 560
Barangay 555,Barangay 556
Barangay 555,Barangay 541
Barangay 555,Quezon City
Barangay 556,Barangay 568
Barangay 556,Barangay 560
Barangay 556,Barangay 557
Barangay 556,Barangay 555
Barangay 556,Barangay 541
Barangay 557,Barangay 568
Barangay 557,Barangay 560
Barangay 557,Barangay 558
Barangay 557,Barangay 556
Barangay 557,Barangay 541
Barangay 558,Barangay 568
Barangay 558,Barangay 559
Barangay 558,Barangay 557
Barangay 558,Barangay 539
Barangay 558,Barangay 541
Barangay 559,Barangay 568
Barangay 559,Barangay 561
Barangay 559,Barangay 558
Barangay 559,Barangay 539
Barangay 560,Barangay 583
Barangay 560,Barangay 568
Barangay 560,Barangay 557
Barangay 560,Barangay 556
Barangay 560,Barangay 555
Barangay 560,Barangay 582
Barangay 560,Quezon City
Barangay 561,Barangay 566
Barangay 561,Barangay 568
Barangay 561,Barangay 562
Barangay 561,Barangay 559
Barangay 561,Barangay 539
Barangay 562,Barangay 566
Barangay 562,Barangay 563
Barangay 562,Barangay 561
Barangay 562,Barangay 539
Barangay 563,Barangay 566
Barangay 563,Barangay 564
Barangay 563,Barangay 562
Barangay 563,Barangay 539
Barangay 564,Barangay 566
Barangay 564,Barangay 565
Barangay 564,Barangay 563
Barangay 564,Barangay 549
Barangay 564,Barangay 539
Barangay 565,Barangay 567
Barangay 565,Barangay 566
Barangay 565,Barangay 564
Barangay 565,Barangay 549
Barangay 565,Barangay 581
Barangay 566,Barangay 565
Barangay 566,Barangay 564
Barangay 566,Barangay 568
Barangay 566,Barangay 563
Barangay 566,Barangay 562
Barangay 566,Barangay 561
Barangay 566,Barangay 581
Barangay 567,Barangay 570
Barangay 567,Barangay 572
Barangay 567,Barangay 575
Barangay 567,Barangay 577
Barangay 567,Barangay 565
Barangay 567,Barangay 549
Barangay 567,Barangay 552
Barangay 567,Barangay 581
Barangay 568,Barangay 566
Barangay 568,Barangay 583
Barangay 568,Barangay 560
Barangay 568,Barangay 561
Barangay 568,Barangay 559
Barangay 568,Barangay 558
Barangay 568,Barangay 557
Barangay 568,Barangay 556
Barangay 568,Barangay 581
Barangay 568,Barangay 582
Barangay 569,Barangay 578
Barangay 569,Barangay 580
Barangay 569,Barangay 570
Barangay 569,Barangay 581
Barangay 570,Barangay 426
Barangay 570,Barangay 579
Barangay 570,Barangay 578
Barangay 570,Barangay 428
Barangay 570,Barangay 580
Barangay 570,Barangay 569
Barangay 570,Barangay 571
Barangay 570,Barangay 576
Barangay 570,Barangay 572
Barangay 570,Barangay 567
Barangay 570,Barangay 581
Barangay 571,Barangay 570
Barangay 571,Barangay 576
Barangay 571,Barangay 572
Barangay 571,Barangay 574
Barangay 572,Barangay 570
Barangay 572,Barangay 571
Barangay 572,Barangay 574
Barangay 572,Barangay 575
Barangay 572,Barangay 567
Barangay 573,Barangay 551
Barangay 573,Barangay 576
Barangay 573,Barangay 574
Barangay 573,Barangay 575
Barangay 573,Barangay 577
Barangay 573,Barangay 546
Barangay 573,Barangay 552
Barangay 574,Barangay 571
Barangay 574,Barangay 576
Barangay 574,Barangay 572
Barangay 574,Barangay 575
Barangay 574,Barangay 573
Barangay 575,Barangay 572
Barangay 575,Barangay 574
Barangay 575,Barangay 573
Barangay 575,Barangay 567
Barangay 575,Barangay 577
Barangay 576,Barangay 428
Barangay 576,Barangay 422
Barangay 576,Barangay 446
Barangay 576,Barangay 551
Barangay 576,Barangay 570
Barangay 576,Barangay 571
Barangay 576,Barangay 574
Barangay 576,Barangay 573
Barangay 576,Barangay 544
Barangay 577,Barangay 575
Barangay 577,Barangay 573
Barangay 577,Barangay 567
Barangay 577,Barangay 552
Barangay 578,Barangay 579
Barangay 578,Barangay 580
Barangay 578,Barangay 570
Barangay 578,Barangay 569
Barangay 578,Barangay 581
Barangay 579,Barangay 593
Barangay 579,Barangay 629
Barangay 579,Barangay 426
Barangay 579,Barangay 578
Barangay 579,Barangay 580
Barangay 579,Barangay 570
Barangay 579,Barangay 581
Barangay 580,Barangay 579
Barangay 580,Barangay 578
Barangay 580,Barangay 570
Barangay 580,Barangay 569
Barangay 581,Barangay 587
Barangay 581,Barangay 593
Barangay 581,Barangay 579
Barangay 581,Barangay 578
Barangay 581,Barangay 570
Barangay 581,Barangay 569
Barangay 581,Barangay 567
Barangay 581,Barangay 566
Barangay 581,Barangay 565
Barangay 581,Barangay 583
Barangay 581,Barangay 568
Barangay 581,Barangay 585
Barangay 581,Barangay 586
Barangay 581,Barangay 584
Barangay 582,Barangay 583
Barangay 582,Barangay 568
Barangay 582,Barangay 560
Barangay 582,Barangay 584
Barangay 582,Quezon City
Barangay 583,Barangay 568
Barangay 583,Barangay 560
Barangay 583,Barangay 581
Barangay 583,Barangay 584
Barangay 583,Barangay 582
Barangay 584,Barangay 583
Barangay 584,Barangay 585
Barangay 584,Barangay 586
Barangay 584,Barangay 581
Barangay 584,Barangay 582
Barangay 584,Quezon City
Barangay 585,Barangay 587
Barangay 585,Barangay 586
Barangay 585,Barangay 581
Barangay 585,Barangay 584
Barangay 586,Barangay 587
Barangay 586,Barangay 587-A
Barangay 586,Barangay 594
Barangay 586,Barangay 585
Barangay 586,Barangay 581
Barangay 586,Barangay 584
Barangay 586,Quezon City
Barangay 587,Barangay 589
Barangay 587,Barangay 591
Barangay 587,Barangay 592
Barangay 587,Barangay 588
Barangay 587,Barangay 593
Barangay 587,Barangay 587-A
Barangay 587,Barangay 585
Barangay 587,Barangay 586
Barangay 587,Barangay 581
Barangay 588,Barangay 589
Barangay 588,Barangay 599
Barangay 588,Barangay 597
Barangay 588,Barangay 587
Barangay 588,Barangay 596
Barangay 588,Barangay 587-A
Barangay 589,Barangay 603
Barangay 589,Barangay 600
Barangay 589,Barangay 591
Barangay 589,Barangay 599
Barangay 589,Barangay 588
Barangay 589,Barangay 597
Barangay 589,Barangay 587
Barangay 590,Barangay 621
Barangay 590,Barangay 630
Barangay 590,Barangay 591
Barangay 591,Barangay 621
Barangay 591,Barangay 603
Barangay 591,Barangay 630
Barangay 591,Barangay 590
Barangay 591,Barangay 589
Barangay 591,Barangay 592
Barangay 591,Barangay 587
Barangay 592,Barangay 630
Barangay 592,Barangay 591
Barangay 592,Barangay 587
Barangay 592,Barangay 593
Barangay 592,Barangay 629
Barangay 593,Barangay 592
Barangay 593,Barangay 587
Barangay 593,Barangay 629
Barangay 593,Barangay 426
Barangay 593,Barangay 579
Barangay 593,Barangay 581
Barangay 594,Barangay 587-A
Barangay 594,Barangay 595
Barangay 594,Barangay 586
Barangay 594,Quezon City
Barangay 595,Barangay 597
Barangay 595,Barangay 596
Barangay 595,Barangay 587-A
Barangay 595,San Juan
Barangay 595,Barangay 594
Barangay 595,Quezon City
Barangay 596,Barangay 588
Barangay 596,Barangay 597
Barangay 596,Barangay 587-A
Barangay 596,Barangay 595
Barangay 597,Barangay 589
Barangay 597,Barangay 599
Barangay 597,Barangay 598
Barangay 597,Barangay 588
Barangay 597,Barangay 596
Barangay 597,San Juan
Barangay 597,Barangay 595
Barangay 598,Barangay 601
Barangay 598,Barangay 600
Barangay 598,Barangay 599
Barangay 598,Barangay 597
Barangay 598,San Juan
Barangay 599,Barangay 600
Barangay 599,Barangay 589
Barangay 599,Barangay 598
Barangay 599,Barangay 588
Barangay 599,Barangay 597
Barangay 600,Barangay 603
Barangay 600,Barangay 601
Barangay 600,Barangay 589
Barangay 600,Barangay 599
Barangay 600,Barangay 598
Barangay 601,Barangay 605
Barangay 601,Barangay 602
Barangay 601,Barangay 603
Barangay 601,Barangay 600
Barangay 601,Barangay 598
Barangay 601,San Juan
Barangay 602,Mandaluyong
Barangay 602,Barangay 607
Barangay 602,Barangay 606
Barangay 602,Barangay 605
Barangay 602,Barangay 601
Barangay 602,San Juan
Barangay 603,Barangay 615
Barangay 603,Barangay 605
Barangay 603,Barangay 621
Barangay 603,Barangay 601
Barangay 603,Barangay 600
Barangay 603,Barangay 589
Barangay 603,Barangay 591
Barangay 604,Barangay 617
Barangay 604,Barangay 607
Barangay 604,Barangay 612
Barangay 604,Barangay 606
Barangay 604,Barangay 615
Barangay 604,Barangay 605
Barangay 605,Barangay 604
Barangay 605,Barangay 606
Barangay 605,Barangay 615
Barangay 605,Barangay 602
Barangay 605,Barangay 603
Barangay 605,Barangay 601
Barangay 606,Barangay 607
Barangay 606,Barangay 604
Barangay 606,Barangay 605
Barangay 606,Barangay 602
Barangay 607,Mandaluyong
Barangay 607,Barangay 893
Barangay 607,Barangay 618
Barangay 607,Barangay 608
Barangay 607,Barangay 617
Barangay 607,Barangay 604
Barangay 607,Barangay 606
Barangay 607,Barangay 602
Barangay 608,Barangay 620
Barangay 608,Barangay 618
Barangay 608,Barangay 609
Barangay 608,Barangay 617
Barangay 608,Barangay 607
Barangay 609,Barangay 620
Barangay 609,Barangay 622
Barangay 609,Barangay 608
Barangay 609,Barangay 617
Barangay 609,Barangay 610
Barangay 609,Barangay 614
Barangay 609,Barangay 616
Barangay 610,Barangay 622
Barangay 610,Barangay 609
Barangay 610,Barangay 619
Barangay 610,Barangay 614
Barangay 610,Barangay 613
Barangay 610,Barangay 611
Barangay 611,Barangay 619
Barangay 611,Barangay 610
Barangay 611,Barangay 614
Barangay 611,Barangay 616
Barangay 611,Barangay 612
Barangay 611,Barangay 615
Barangay 611,Barangay 621
Barangay 612,Barangay 617
Barangay 612,Barangay 613
Barangay 612,Barangay 616
Barangay 612,Barangay 604
Barangay 612,Barangay 615
Barangay 612,Barangay 611
Barangay 613,Barangay 610
Barangay 613,Barangay 614
Barangay 613,Barangay 616
Barangay 613,Barangay 612
Barangay 613,Barangay 615
Barangay 614,Barangay 609
Barangay 614,Barangay 610
Barangay 614,Barangay 613
Barangay 614,Barangay 616
Barangay 614,Barangay 611
Barangay 615,Barangay 613
Barangay 615,Barangay 604
Barangay 615,Barangay 612
Barangay 615,Barangay 611
Barangay 615,Barangay 605
Barangay 615,Barangay 621
Barangay 615,Barangay 603
Barangay 616,Barangay 609
Barangay 616,Barangay 617
Barangay 616,Barangay 614
Barangay 616,Barangay 613
Barangay 616,Barangay 612
Barangay 616,Barangay 611
Barangay 617,Barangay 609
Barangay 617,Barangay 608
Barangay 617,Barangay 607
Barangay 617,Barangay 616
Barangay 617,Barangay 604
Barangay 617,Barangay 612
Barangay 618,Barangay 620
Barangay 618,Barangay 893
Barangay 618,Barangay 608
Barangay 618,Barangay 607
Barangay 619,Barangay 896
Barangay 619,Barangay 897
Barangay 619,Barangay 625
Barangay 619,Barangay 624
Barangay 619,Barangay 622
Barangay 619,Barangay 839
Barangay 619,Barangay 837
Barangay 619,Barangay 838
Barangay 619,Barangay 610
Barangay 619,Barangay 611
Barangay 619,Barangay 621
Barangay 620,Barangay 894
Barangay 620,Barangay 895
Barangay 620,Barangay 623
Barangay 620,Barangay 624
Barangay 620,Barangay 893
Barangay 620,Barangay 622
Barangay 620,Barangay 618
Barangay 620,Barangay 609
Barangay 620,Barangay 608
Barangay 621,Barangay 619
Barangay 621,Barangay 837
Barangay 621,Barangay 838
Barangay 621,Barangay 836
Barangay 621,Barangay 615
Barangay 621,Barangay 611
Barangay 621,Barangay 603
Barangay 621,Barangay 630
Barangay 621,Barangay 590
Barangay 621,Barangay 591
Barangay 622,Barangay 620
Barangay 622,Barangay 624
Barangay 622,Barangay 609
Barangay 622,Barangay 619
Barangay 622,Barangay 610
Barangay 623,Barangay 897
Barangay 623,Barangay 894
Barangay 623,Barangay 625
Barangay 623,Barangay 620
Barangay 623,Barangay 624
Barangay 624,Barangay 625
Barangay 624,Barangay 623
Barangay 624,Barangay 620
Barangay 624,Barangay 622
Barangay 624,Barangay 619
Barangay 625,Barangay 897
Barangay 625,Barangay 623
Barangay 625,Barangay 624
Barangay 625,Barangay 619
Barangay 626,Barangay 628
Barangay 626,Barangay 631
Barangay 626,Barangay 627
Barangay 626,Barangay 426
Barangay 626,Barangay 427
Barangay 626,Barangay 425
Barangay 627,Barangay 628
Barangay 627,Barangay 626
Barangay 627,Barangay 629
Barangay 627,Barangay 426
Barangay 628,Barangay 834
Barangay 628,Barangay 833
Barangay 628,Barangay 636
Barangay 628,Barangay 633
Barangay 628,Barangay 632
Barangay 628,Barangay 630
Barangay 628,Barangay 631
Barangay 628,Barangay 626
Barangay 628,Barangay 629
Barangay 628,Barangay 627
Barangay 629,Barangay 630
Barangay 629,Barangay 592
Barangay 629,Barangay 593
Barangay 629,Barangay 628
Barangay 629,Barangay 627
Barangay 629,Barangay 426
Barangay 629,Barangay 579
Barangay 630,Barangay 834
Barangay 630,Barangay 838
Barangay 630,Barangay 836
Barangay 630,Barangay 621
Barangay 630,Barangay 590
Barangay 630,Barangay 591
Barangay 630,Barangay 592
Barangay 630,Barangay 628
Barangay 630,Barangay 629
Barangay 631,Barangay 632
Barangay 631,Barangay 628
Barangay 631,Barangay 626
Barangay 631,Barangay 425
Barangay 632,Barangay 633
Barangay 632,Barangay 628
Barangay 632,Barangay 631
Barangay 632,Barangay 425
Barangay 633,Barangay 636
Barangay 633,Barangay 635
Barangay 633,Barangay 632
Barangay 633,Barangay 634
Barangay 633,Barangay 628
Barangay 633,Barangay 425
Barangay 633,Barangay 424
Barangay 634,Barangay 635
Barangay 634,Barangay 633
Barangay 634,Barangay 418
Barangay 634,Barangay 425
Barangay 634,Barangay 424
Barangay 634,Barangay 640
Barangay 634,Barangay 637
Barangay 634,Barangay 420
Barangay 635,Barangay 636
Barangay 635,Barangay 633
Barangay 635,Barangay 634
Barangay 635,Barangay 830
Barangay 635,Barangay 640
Barangay 636,Barangay 833
Barangay 636,Barangay 635
Barangay 636,Barangay 633
Barangay 636,Barangay 628
Barangay 636,Barangay 830
Barangay 637,Barangay 634
Barangay 637,Barangay 638
Barangay 637,Barangay 640
Barangay 637,Barangay 410
Barangay 637,Barangay 420
Barangay 638,Barangay 643
Barangay 638,Barangay 642
Barangay 638,Barangay 641
Barangay 638,Barangay 639
Barangay 638,Barangay 640
Barangay 638,Barangay 637
Barangay 638,Barangay 412
Barangay 638,Barangay 416
Barangay 638,Barangay 410
Barangay 638,Barangay 389
Barangay 639,Barangay 643
Barangay 639,Barangay 638
Barangay 639,Barangay 830
Barangay 639,Barangay 640
Barangay 640,Barangay 635
Barangay 640,Barangay 634
Barangay 640,Barangay 638
Barangay 640,Barangay 830
Barangay 640,Barangay 639
Barangay 640,Barangay 637
Barangay 640,Barangay 420
Barangay 641,Barangay 643
Barangay 641,Barangay 642
Barangay 641,Barangay 638
Barangay 641,Barangay 416
Barangay 641,Barangay 386
Barangay 641,Barangay 389
Barangay 642,Barangay 643
Barangay 642,Barangay 641
Barangay 642,Barangay 638
Barangay 642,Barangay 386
Barangay 642,Barangay 389
Barangay 643,Barangay 644
Barangay 643,Barangay 642
Barangay 643,Barangay 641
Barangay 643,Barangay 638
Barangay 643,Barangay 830
Barangay 643,Barangay 639
Barangay 643,Barangay 386
Barangay 644,Barangay 645
Barangay 644,Barangay 643
Barangay 644,Barangay 830
Barangay 644,Barangay 386
Barangay 645,Barangay 664-A
Barangay 645,Barangay 662
Barangay 645,Barangay 644
Barangay 645,Barangay 830
Barangay 645,Barangay 663-A
Barangay 645,Barangay 646
Barangay 645,Barangay 386
Barangay 646,Barangay 645
Barangay 646,Barangay 663-A
Barangay 646,Barangay 647
Barangay 646,Barangay 648
Barangay 646,Barangay 386
Barangay 646,Barangay 385
Barangay 647,Barangay 659-A
Barangay 647,Barangay 384
Barangay 647,Barangay 663-A
Barangay 647,Barangay 646
Barangay 647,Barangay 648
Barangay 647,Barangay 385
Barangay 648,Barangay 646
Barangay 648,Barangay 647
Barangay 648,Barangay 386
Barangay 648,Barangay 385
Barangay 649,Barangay 275
Barangay 649,Barangay 653
Barangay 649,Barangay 650
Barangay 649,Barangay 656
Barangay 649,Barangay 286
Barangay 650,Barangay 649
Barangay 650,Barangay 653
Barangay 650,Barangay 651
Barangay 650,Barangay 656
Barangay 651,Barangay 658
Barangay 651,Barangay 655
Barangay 651,Barangay 653
Barangay 651,Barangay 652
Barangay 651,Barangay 650
Barangay 651,Barangay 656
Barangay 652,Barangay 657
Barangay 652,Barangay 658
Barangay 652,Barangay 655
Barangay 652,Barangay 653
Barangay 652,Barangay 651
Barangay 653,Barangay 666
Barangay 653,Barangay 657
Barangay 653,Barangay 658
Barangay 653,Barangay 649
Barangay 653,Barangay 652
Barangay 653,Barangay 651
Barangay 653,Barangay 650
Barangay 654,Barangay 658
Barangay 654,Barangay 655
Barangay 654,Barangay 659-A
Barangay 654,Barangay 656
Barangay 655,Barangay 658
Barangay 655,Barangay 654
Barangay 655,Barangay 652
Barangay 655,Barangay 651
Barangay 655,Barangay 656
Barangay 656,Barangay 655
Barangay 656,Barangay 654
Barangay 656,Barangay 291
Barangay 656,Barangay 287
Barangay 656,Barangay 659-A
Barangay 656,Barangay 649
Barangay 656,Barangay 275
Barangay 656,Barangay 651
Barangay 656,Barangay 650
Barangay 656,Barangay 286
Barangay 656,Barangay 282
Barangay 656,Barangay 283
Barangay 656,Barangay 284
Barangay 656,Barangay 285
Barangay 657,Barangay 666
Barangay 657,Barangay 658
Barangay 657,Barangay 659
Barangay 657,Barangay 659-A
Barangay 657,Barangay 653
Barangay 657,Barangay 652
Barangay 658,Barangay 657
Barangay 658,Barangay 655
Barangay 658,Barangay 654
Barangay 658,Barangay 659
Barangay 658,Barangay 659-A
Barangay 658,Barangay 653
Barangay 658,Barangay 652
Barangay 658,Barangay 651
Barangay 659,Barangay 666
Barangay 659,Barangay 657
Barangay 659,Barangay 658
Barangay 659,Barangay 660
Barangay 659,Barangay 659-A
Barangay 659,Barangay 660-A
Barangay 659,Barangay 663
Barangay 660,Barangay 666
Barangay 660,Barangay 659
Barangay 660,Barangay 660-A
Barangay 660,Barangay 664
Barangay 660,Barangay 661
Barangay 660,Barangay 663
Barangay 661,Barangay 664-A
Barangay 661,Barangay 660
Barangay 661,Barangay 660-A
Barangay 661,Barangay 664
Barangay 661,Barangay 663
Barangay 661,Barangay 663-A
Barangay 662,Barangay 672
Barangay 662,Barangay 677
Barangay 662,Barangay 664-A
Barangay 662,Barangay 645
Barangay 662,Barangay 827
Barangay 662,Barangay 831
Barangay 662,Barangay 829
Barangay 662,Barangay 830
Barangay 662,Barangay 663-A
Barangay 663,Barangay 660
Barangay 663,Barangay 659
Barangay 663,Barangay 659-A
Barangay 663,Barangay 661
Barangay 663,Barangay 663-A
Barangay 664,Barangay 672
Barangay 664,Barangay 664-A
Barangay 664,Barangay 660
Barangay 664,Barangay 674
Barangay 664,Barangay 660-A
Barangay 664,Barangay 661
Barangay 666,Barangay 667
Barangay 666,Barangay 657
Barangay 666,Barangay 676
Barangay 666,Barangay 670
Barangay 666,Barangay 660
Barangay 666,Barangay 659
Barangay 666,Barangay 674
Barangay 666,Barangay 660-A
Barangay 666,Barangay 653
Barangay 667,Barangay 666
Barangay 667,Barangay 669
Barangay 667,Barangay 668
Barangay 667,Barangay 670
Barangay 668,Barangay 667
Barangay 668,Barangay 698
Barangay 668,Barangay 669
Barangay 668,Barangay 699
Barangay 669,Barangay 667
Barangay 669,Barangay 698
Barangay 669,Barangay 697
Barangay 669,Barangay 696
Barangay 669,Barangay 694
Barangay 669,Barangay 675
Barangay 669,Barangay 676
Barangay 669,Barangay 699
Barangay 669,Barangay 668
Barangay 669,Barangay 670
Barangay 670,Barangay 667
Barangay 670,Barangay 666
Barangay 670,Barangay 669
Barangay 670,Barangay 676
Barangay 670,Barangay 674
Barangay 670,Barangay 660-A
Barangay 671,Barangay 673
Barangay 671,Barangay 679
Barangay 671,Barangay 672
Barangay 671,Barangay 677
Barangay 671,Barangay 674
Barangay 672,Barangay 671
Barangay 672,Barangay 677
Barangay 672,Barangay 664-A
Barangay 672,Barangay 662
Barangay 672,Barangay 674
Barangay 672,Barangay 664
Barangay 673,Barangay 686
Barangay 673,Barangay 687
Barangay 673,Barangay 684
Barangay 673,Barangay 679
Barangay 673,Barangay 671
Barangay 673,Barangay 677
Barangay 673,Barangay 675
Barangay 673,Barangay 676
Barangay 673,Barangay 674
Barangay 674,Barangay 673
Barangay 674,Barangay 671
Barangay 674,Barangay 672
Barangay 674,Barangay 664-A
Barangay 674,Barangay 666
Barangay 674,Barangay 676
Barangay 674,Barangay 670
Barangay 674,Barangay 660-A
Barangay 674,Barangay 664
Barangay 675,Barangay 695
Barangay 675,Barangay 687
Barangay 675,Barangay 673
Barangay 675,Barangay 696
Barangay 675,Barangay 694
Barangay 675,Barangay 669
Barangay 675,Barangay 676
Barangay 676,Barangay 673
Barangay 676,Barangay 666
Barangay 676,Barangay 669
Barangay 676,Barangay 675
Barangay 676,Barangay 670
Barangay 676,Barangay 674
Barangay 676,Barangay 660-A
Barangay 677,Barangay 673
Barangay 677,Barangay 679
Barangay 677,Barangay 671
Barangay 677,Barangay 680
Barangay 677,Barangay 678
Barangay 677,Barangay 672
Barangay 677,Barangay 664-A
Barangay 677,Barangay 662
Barangay 677,Barangay 827
Barangay 678,Barangay 679
Barangay 678,Barangay 682
Barangay 678,Barangay 680
Barangay 678,Barangay 821
Barangay 678,Barangay 677
Barangay 678,Barangay 827
Barangay 679,Barangay 686
Barangay 679,Barangay 684
Barangay 679,Barangay 673
Barangay 679,Barangay 671
Barangay 679,Barangay 683
Barangay 679,Barangay 681
Barangay 679,Barangay 680
Barangay 679,Barangay 678
Barangay 679,Barangay 677
Barangay 680,Barangay 679
Barangay 680,Barangay 681
Barangay 680,Barangay 682
Barangay 680,Barangay 678
Barangay 680,Barangay 677
Barangay 681,Barangay 684
Barangay 681,Barangay 679
Barangay 681,Barangay 683
Barangay 681,Barangay 685
Barangay 681,Barangay 682
Barangay 681,Barangay 680
Barangay 682,Barangay 811
Barangay 682,Barangay 685
Barangay 682,Barangay 681
Barangay 682,Barangay 680
Barangay 682,Barangay 824
Barangay 682,Barangay 821
Barangay 682,Barangay 678
Barangay 682,Barangay 825
Barangay 682,Barangay 827
Barangay 683,Barangay 736
Barangay 683,Barangay 734
Barangay 683,Barangay 686
Barangay 683,Barangay 684
Barangay 683,Barangay 679
Barangay 683,Barangay 685
Barangay 683,Barangay 681
Barangay 684,Barangay 686
Barangay 684,Barangay 673
Barangay 684,Barangay 679
Barangay 684,Barangay 683
Barangay 684,Barangay 681
Barangay 685,Barangay 734
Barangay 685,Barangay 811
Barangay 685,Barangay 683
Barangay 685,Barangay 681
Barangay 685,Barangay 682
Barangay 685,Barangay 825
Barangay 686,Barangay 743
Barangay 686,Barangay 741
Barangay 686,Barangay 736
Barangay 686,Barangay 734
Barangay 686,Barangay 742
Barangay 686,Barangay 688
Barangay 686,Barangay 687
Barangay 686,Barangay 684
Barangay 686,Barangay 673
Barangay 686,Barangay 679
Barangay 686,Barangay 683
Barangay 687,Barangay 688
Barangay 687,Barangay 695
Barangay 687,Barangay 686
Barangay 687,Barangay 673
Barangay 687,Barangay 675
Barangay 688,Barangay 722
Barangay 688,Barangay 743
Barangay 688,Barangay 689
Barangay 688,Barangay 695
Barangay 688,Barangay 686
Barangay 688,Barangay 687
Barangay 689,Barangay 723
Barangay 689,Barangay 722
Barangay 689,Barangay 691
Barangay 689,Barangay 690
Barangay 689,Barangay 688
Barangay 689,Barangay 695
Barangay 689,Barangay 694
Barangay 690,Barangay 692
Barangay 690,Barangay 691
Barangay 690,Barangay 693
Barangay 690,Barangay 689
Barangay 690,Barangay 695
Barangay 690,Barangay 694
Barangay 691,Barangay 723
Barangay 691,Barangay 692
Barangay 691,Barangay 722
Barangay 691,Barangay 693
Barangay 691,Barangay 689
Barangay 691,Barangay 690
Barangay 692,Barangay 709
Barangay 692,Barangay 725
Barangay 692,Barangay 723
Barangay 692,Barangay 691
Barangay 692,Barangay 693
Barangay 692,Barangay 690
Barangay 692,Barangay 706
Barangay 692,Barangay 703
Barangay 692,Barangay 696
Barangay 693,Barangay 692
Barangay 693,Barangay 691
Barangay 693,Barangay 690
Barangay 693,Barangay 703
Barangay 693,Barangay 696
Barangay 693,Barangay 694
Barangay 694,Barangay 693
Barangay 694,Barangay 689
Barangay 694,Barangay 690
Barangay 694,Barangay 695
Barangay 694,Barangay 696
Barangay 694,Barangay 669
Barangay 694,Barangay 675
Barangay 695,Barangay 689
Barangay 695,Barangay 690
Barangay 695,Barangay 688
Barangay 695,Barangay 687
Barangay 695,Barangay 694
Barangay 695,Barangay 675
Barangay 696,Barangay 692
Barangay 696,Barangay 693
Barangay 696,Barangay 703
Barangay 696,Barangay 697
Barangay 696,Barangay 694
Barangay 696,Barangay 669
Barangay 696,Barangay 675
Barangay 697,Barangay 702
Barangay 697,Barangay 703
Barangay 697,Barangay 698
Barangay 697,Barangay 696
Barangay 697,Barangay 669
Barangay 698,Barangay 702
Barangay 698,Barangay 697
Barangay 698,Barangay 669
Barangay 698,Barangay 700
Barangay 698,Barangay 699
Barangay 698,Barangay 668
Barangay 699,Barangay 702
Barangay 699,Barangay 698
Barangay 699,Barangay 669
Barangay 699,Barangay 700
Barangay 699,Barangay 668
Barangay 700,Barangay 701
Barangay 700,Barangay 704
Barangay 700,Barangay 702
Barangay 700,Barangay 698
Barangay 700,Barangay 699
Barangay 701,Barangay 721
Barangay 701,Barangay 704
Barangay 701,Barangay 702
Barangay 701,Barangay 700
Barangay 702,Barangay 701
Barangay 702,Barangay 704
Barangay 702,Barangay 705
Barangay 702,Barangay 706
Barangay 702,Barangay 703
Barangay 702,Barangay 698
Barangay 702,Barangay 697
Barangay 702,Barangay 700
Barangay 702,Barangay 699
Barangay 703,Barangay 709
Barangay 703,Barangay 725
Barangay 703,Barangay 723
Barangay 703,Barangay 692
Barangay 703,Barangay 693
Barangay 703,Barangay 706
Barangay 703,Barangay 702
Barangay 703,Barangay 697
Barangay 703,Barangay 696
Barangay 704,Barangay 721
Barangay 704,Barangay 701
Barangay 704,Barangay 705
Barangay 704,Barangay 702
Barangay 704,Barangay 700
Barangay 705,Barangay 721
Barangay 705,Barangay 710
Barangay 705,Barangay 704
Barangay 705,Barangay 706
Barangay 705,Barangay 702
Barangay 706,Barangay 709
Barangay 706,Barangay 725
Barangay 706,Barangay 714
Barangay 706,Barangay 723
Barangay 706,Barangay 692
Barangay 706,Barangay 721
Barangay 706,Barangay 710
Barangay 706,Barangay 707
Barangay 706,Barangay 705
Barangay 706,Barangay 702
Barangay 706,Barangay 703
Barangay 707,Barangay 712
Barangay 707,Barangay 714
Barangay 707,Barangay 710
Barangay 707,Barangay 706
Barangay 708,Barangay 718
Barangay 708,Barangay 717
Barangay 708,Barangay 713
Barangay 708,Barangay 712
Barangay 708,Barangay 709
Barangay 708,Barangay 719
Barangay 708,Barangay 711
Barangay 709,Barangay 708
Barangay 709,Barangay 712
Barangay 709,Barangay 725
Barangay 709,Barangay 714
Barangay 709,Barangay 723
Barangay 709,Barangay 692
Barangay 709,Barangay 719
Barangay 709,Barangay 706
Barangay 709,Barangay 703
Barangay 710,Barangay 712
Barangay 710,Barangay 721
Barangay 710,Barangay 711
Barangay 710,Barangay 707
Barangay 710,Barangay 705
Barangay 710,Barangay 706
Barangay 711,Barangay 713
Barangay 711,Barangay 708
Barangay 711,Barangay 712
Barangay 711,Barangay 721
Barangay 711,Barangay 715
Barangay 711,Barangay 710
Barangay 712,Barangay 708
Barangay 712,Barangay 709
Barangay 712,Barangay 714
Barangay 712,Barangay 711
Barangay 712,Barangay 710
Barangay 712,Barangay 707
Barangay 713,Barangay 717
Barangay 713,Barangay 716
Barangay 713,Barangay 708
Barangay 713,Barangay 715
Barangay 713,Barangay 711
Barangay 714,Barangay 712
Barangay 714,Barangay 709
Barangay 714,Barangay 707
Barangay 714,Barangay 706
Barangay 715,Barangay 716
Barangay 715,Barangay 713
Barangay 715,Barangay 720
Barangay 715,Barangay 721
Barangay 715,Barangay 711
Barangay 716,Barangay 718
Barangay 716,Barangay 717
Barangay 716,Barangay 713
Barangay 716,Barangay 720
Barangay 716,Barangay 715
Barangay 717,Barangay 718
Barangay 717,Barangay 716
Barangay 717,Barangay 713
Barangay 717,Barangay 708
Barangay 718,Barangay 717
Barangay 718,Barangay 716
Barangay 718,Barangay 708
Barangay 718,Barangay 719
Barangay 718,Barangay 720
Barangay 719,Barangay 718
Barangay 719,Barangay 727
Barangay 719,Barangay 708
Barangay 719,Barangay 709
Barangay 719,Barangay 729
Barangay 719,Barangay 728
Barangay 719,Barangay 725
Barangay 719,Pasay
Barangay 719,Barangay 720
Barangay 719,Barangay 721
Barangay 720,Barangay 718
Barangay 720,Barangay 716
Barangay 720,Barangay 719
Barangay 720,Barangay 721
Barangay 720,Barangay 715
Barangay 721,Barangay 719
Barangay 721,Barangay 720
Barangay 721,Barangay 715
Barangay 721,Barangay 701
Barangay 721,Barangay 711
Barangay 721,Barangay 710
Barangay 721,Barangay 704
Barangay 721,Barangay 705
Barangay 721,Barangay 706
Barangay 722,Barangay 724
Barangay 722,Barangay 723
Barangay 722,Barangay 691
Barangay 722,Barangay 743
Barangay 722,Barangay 689
Barangay 722,Barangay 744
Barangay 722,Barangay 688
Barangay 723,Barangay 709
Barangay 723,Barangay 725
Barangay 723,Barangay 724
Barangay 723,Barangay 692
Barangay 723,Barangay 722
Barangay 723,Barangay 691
Barangay 723,Barangay 689
Barangay 723,Barangay 706
Barangay 723,Barangay 703
Barangay 724,Barangay 726
Barangay 724,Barangay 725
Barangay 724,Barangay 723
Barangay 724,Barangay 722
Barangay 724,Barangay 743
Barangay 724,Barangay 744
Barangay 725,Barangay 727
Barangay 725,Barangay 726
Barangay 725,Barangay 709
Barangay 725,Barangay 724
Barangay 725,Barangay 723
Barangay 725,Barangay 692
Barangay 725,Barangay 719
Barangay 725,Barangay 706
Barangay 725,Barangay 703
Barangay 726,Barangay 727
Barangay 726,Barangay 733
Barangay 726,Barangay 725
Barangay 726,Barangay 724
Barangay 726,Barangay 744
Barangay 727,Barangay 726
Barangay 727,Barangay 728
Barangay 727,Barangay 733
Barangay 727,Barangay 725
Barangay 727,Barangay 719
Barangay 728,Barangay 727
Barangay 728,Barangay 729
Barangay 728,Barangay 730
Barangay 728,Barangay 755
Barangay 728,Barangay 762
Barangay 728,Barangay 746
Barangay 728,Barangay 733
Barangay 728,Barangay 719
Barangay 729,Barangay 730
Barangay 729,Barangay 728
Barangay 729,Pasay
Barangay 729,Barangay 719
Barangay 730,Barangay 729
Barangay 730,Barangay 755
Barangay 730,Barangay 728
Barangay 730,Barangay 762
Barangay 730,Makati
Barangay 730,Pasay
Barangay 731,Barangay 733
Barangay 731,Barangay 743
Barangay 731,Barangay 732
Barangay 731,Barangay 744
Barangay 731,Barangay 739
Barangay 731,Barangay 740
Barangay 732,Barangay 733
Barangay 732,Barangay 754
Barangay 732,Barangay 753
Barangay 732,Barangay 751
Barangay 732,Barangay 731
Barangay 732,Barangay 739
Barangay 733,Barangay 727
Barangay 733,Barangay 726
Barangay 733,Barangay 728
Barangay 733,Barangay 762
Barangay 733,Barangay 746
Barangay 733,Barangay 745
Barangay 733,Barangay 754
Barangay 733,Barangay 732
Barangay 733,Barangay 744
Barangay 733,Barangay 731
Barangay 734,Barangay 800
Barangay 734,Barangay 736
Barangay 734,Barangay 735
Barangay 734,Barangay 686
Barangay 734,Barangay 811
Barangay 734,Barangay 683
Barangay 734,Barangay 685
Barangay 735,Barangay 737
Barangay 735,Barangay 800
Barangay 735,Barangay 736
Barangay 735,Barangay 734
Barangay 735,Barangay 811
Barangay 736,Barangay 737
Barangay 736,Barangay 741
Barangay 736,Barangay 735
Barangay 736,Barangay 734
Barangay 736,Barangay 742
Barangay 736,Barangay 686
Barangay 736,Barangay 683
Barangay 737,Barangay 738
Barangay 737,Barangay 799
Barangay 737,Barangay 741
Barangay 737,Barangay 800
Barangay 737,Barangay 736
Barangay 737,Barangay 735
Barangay 738,Barangay 750
Barangay 738,Barangay 739
Barangay 738,Barangay 740
Barangay 738,Barangay 803
Barangay 738,Barangay 798
Barangay 738,Barangay 737
Barangay 738,Barangay 799
Barangay 738,Barangay 741
Barangay 738,Barangay 800
Barangay 739,Barangay 732
Barangay 739,Barangay 751
Barangay 739,Barangay 731
Barangay 739,Barangay 750
Barangay 739,Barangay 740
Barangay 739,Barangay 738
Barangay 740,Barangay 743
Barangay 740,Barangay 731
Barangay 740,Barangay 739
Barangay 740,Barangay 738
Barangay 740,Barangay 741
Barangay 740,Barangay 742
Barangay 741,Barangay 740
Barangay 741,Barangay 738
Barangay 741,Barangay 737
Barangay 741,Barangay 736
Barangay 741,Barangay 742
Barangay 741,Barangay 686
Barangay 742,Barangay 743
Barangay 742,Barangay 740
Barangay 742,Barangay 741
Barangay 742,Barangay 736
Barangay 742,Barangay 686
Barangay 743,Barangay 724
Barangay 743,Barangay 722
Barangay 743,Barangay 744
Barangay 743,Barangay 731
Barangay 743,Barangay 740
Barangay 743,Barangay 742
Barangay 743,Barangay 688
Barangay 743,Barangay 686
Barangay 744,Barangay 726
Barangay 744,Barangay 733
Barangay 744,Barangay 724
Barangay 744,Barangay 722
Barangay 744,Barangay 743
Barangay 744,Barangay 731
Barangay 745,Barangay 746
Barangay 745,Barangay 733
Barangay 745,Barangay 752
Barangay 745,Barangay 754
Barangay 746,Barangay 728
Barangay 746,Barangay 762
Barangay 746,Barangay 761
Barangay 746,Barangay 733
Barangay 746,Barangay 745
Barangay 746,Barangay 752
Barangay 746,Barangay 760
Barangay 747,Barangay 750
Barangay 747,Barangay 807
Barangay 747,Barangay 803
Barangay 747,Barangay 749
Barangay 747,Barangay 748
Barangay 747,Barangay 769
Barangay 748,Barangay 752
Barangay 748,Barangay 751
Barangay 748,Barangay 750
Barangay 748,Barangay 760
Barangay 748,Barangay 759
Barangay 748,Barangay 749
Barangay 748,Barangay 747
Barangay 749,Barangay 807
Barangay 749,Barangay 759
Barangay 749,Barangay 764
Barangay 749,Barangay 748
Barangay 749,Barangay 769
Barangay 749,Barangay 747
Barangay 750,Barangay 751
Barangay 750,Barangay 739
Barangay 750,Barangay 807
Barangay 750,Barangay 803
Barangay 750,Barangay 798
Barangay 750,Barangay 738
Barangay 750,Barangay 748
Barangay 750,Barangay 747
Barangay 751,Barangay 752
Barangay 751,Barangay 753
Barangay 751,Barangay 732
Barangay 751,Barangay 750
Barangay 751,Barangay 739
Barangay 751,Barangay 748
Barangay 752,Barangay 746
Barangay 752,Barangay 745
Barangay 752,Barangay 754
Barangay 752,Barangay 753
Barangay 752,Barangay 751
Barangay 752,Barangay 760
Barangay 752,Barangay 759
Barangay 752,Barangay 748
Barangay 753,Barangay 752
Barangay 753,Barangay 754
Barangay 753,Barangay 732
Barangay 753,Barangay 751
Barangay 754,Barangay 733
Barangay 754,Barangay 745
Barangay 754,Barangay 752
Barangay 754,Barangay 753
Barangay 754,Barangay 732
Barangay 755,Barangay 730
Barangay 755,Barangay 756
Barangay 755,Barangay 728
Barangay 755,Barangay 762
Barangay 755,Barangay 761
Barangay 755,Makati
Barangay 755,Pasay
Barangay 756,Barangay 755
Barangay 756,Barangay 762
Barangay 756,Barangay 761
Barangay 756,Makati
Barangay 756,Barangay 757
Barangay 756,Barangay 760
Barangay 757,Barangay 756
Barangay 757,Barangay 761
Barangay 757,Makati
Barangay 757,Barangay 758
Barangay 757,Barangay 760
Barangay 758,Makati
Barangay 758,Barangay 757
Barangay 758,Barangay 760
Barangay 758,Barangay 759
Barangay 758,Barangay 764
Barangay 759,Barangay 752
Barangay 759,Barangay 758
Barangay 759,Barangay 760
Barangay 759,Barangay 764
Barangay 759,Barangay 749
Barangay 759,Barangay 748
Barangay 759,Barangay 769
Barangay 760,Barangay 756
Barangay 760,Barangay 761
Barangay 760,Barangay 746
Barangay 760,Barangay 752
Barangay 760,Barangay 757
Barangay 760,Barangay 758
Barangay 760,Barangay 759
Barangay 760,Barangay 748
Barangay 761,Barangay 755
Barangay 761,Barangay 756
Barangay 761,Barangay 762
Barangay 761,Barangay 746
Barangay 761,Barangay 757
Barangay 761,Barangay 760
Barangay 762,Barangay 730
Barangay 762,Barangay 755
Barangay 762,Barangay 756
Barangay 762,Barangay 728
Barangay 762,Barangay 761
Barangay 762,Barangay 746
Barangay 762,Barangay 733
Barangay 763,Makati
Barangay 763,Barangay 765
Barangay 763,Barangay 764
Barangay 763,Barangay 769
Barangay 763,Barangay 768
Barangay 764,Makati
Barangay 764,Barangay 763
Barangay 764,Barangay 758
Barangay 764,Barangay 759
Barangay 764,Barangay 749
Barangay 764,Barangay 769
Barangay 765,Makati
Barangay 765,Barangay 763
Barangay 765,Barangay 766
Barangay 765,Barangay 767
Barangay 765,Barangay 768
Barangay 766,Makati
Barangay 766,Barangay 765
Barangay 766,Barangay 767
Barangay 766,Barangay 775
Barangay 767,Barangay 806
Barangay 767,Barangay 805
Barangay 767,Barangay 765
Barangay 767,Barangay 766
Barangay 767,Barangay 775
Barangay 767,Barangay 804
Barangay 767,Barangay 768
Barangay 767,Barangay 771
Barangay 768,Barangay 807
Barangay 768,Barangay 806
Barangay 768,Barangay 763
Barangay 768,Barangay 765
Barangay 768,Barangay 767
Barangay 768,Barangay 769
Barangay 769,Barangay 807
Barangay 769,Barangay 763
Barangay 769,Barangay 759
Barangay 769,Barangay 764
Barangay 769,Barangay 749
Barangay 769,Barangay 747
Barangay 769,Barangay 768
Barangay 770,Makati
Barangay 770,Barangay 775
Barangay 770,Barangay 778
Barangay 770,Barangay 772
Barangay 770,Barangay 773
Barangay 770,Barangay 779
Barangay 770,Barangay 774
Barangay 771,Barangay 801
Barangay 771,Barangay 786
Barangay 771,Barangay 767
Barangay 771,Barangay 775
Barangay 771,Barangay 804
Barangay 771,Barangay 772
Barangay 771,Barangay 785
Barangay 772,Barangay 775
Barangay 772,Barangay 770
Barangay 772,Barangay 771
Barangay 772,Barangay 773
Barangay 772,Barangay 785
Barangay 772,Barangay 790
Barangay 773,Barangay 770
Barangay 773,Barangay 772
Barangay 773,Barangay 774
Barangay 773,Barangay 790
Barangay 774,Barangay 770
Barangay 774,Barangay 773
Barangay 774,Barangay 779
Barangay 774,Barangay 777
Barangay 774,Barangay 790
Barangay 775,Makati
Barangay 775,Barangay 766
Barangay 775,Barangay 767
Barangay 775,Barangay 804
Barangay 775,Barangay 770
Barangay 775,Barangay 771
Barangay 775,Barangay 772
Barangay 776,Barangay 783
Barangay 776,Barangay 778
Barangay 776,Barangay 779
Barangay 776,Barangay 782
Barangay 776,Barangay 777
Barangay 776,Barangay 780
Barangay 777,Barangay 779
Barangay 777,Barangay 776
Barangay 777,Barangay 774
Barangay 777,Barangay 780
Barangay 777,Barangay 790
Barangay 777,Barangay 781
Barangay 777,Barangay 791
Barangay 777,Barangay 792
Barangay 778,Makati
Barangay 778,Barangay 783
Barangay 778,Barangay 770
Barangay 778,Barangay 779
Barangay 778,Barangay 776
Barangay 779,Barangay 770
Barangay 779,Barangay 778
Barangay 779,Barangay 776
Barangay 779,Barangay 774
Barangay 779,Barangay 777
Barangay 780,Barangay 874
Barangay 780,Barangay 776
Barangay 780,Barangay 782
Barangay 780,Barangay 777
Barangay 780,Barangay 781
Barangay 781,Barangay 874
Barangay 781,Barangay 777
Barangay 781,Barangay 780
Barangay 781,Barangay 791
Barangay 781,Barangay 792
Barangay 781,Barangay 878
Barangay 782,Barangay 783
Barangay 782,Barangay 874
Barangay 782,Barangay 776
Barangay 782,Barangay 780
Barangay 783,Makati
Barangay 783,Barangay 874
Barangay 783,Barangay 778
Barangay 783,Barangay 776
Barangay 783,Barangay 782
Barangay 784,Barangay 786
Barangay 784,Barangay 785
Barangay 784,Barangay 787
Barangay 784,Barangay 812
Barangay 784,Barangay 788
Barangay 784,Barangay 790
Barangay 785,Barangay 786
Barangay 785,Barangay 771
Barangay 785,Barangay 772
Barangay 785,Barangay 784
Barangay 785,Barangay 790
Barangay 786,Barangay 801
Barangay 786,Barangay 804
Barangay 786,Barangay 771
Barangay 786,Barangay 785
Barangay 786,Barangay 794
Barangay 786,Barangay 784
Barangay 786,Barangay 813
Barangay 786,Barangay 812
Barangay 787,Barangay 784
Barangay 787,Barangay 788
Barangay 787,Barangay 790
Barangay 787,Barangay 789
Barangay 788,Barangay 784
Barangay 788,Barangay 787
Barangay 788,Barangay 812
Barangay 788,Barangay 789
Barangay 789,Barangay 787
Barangay 789,Barangay 812
Barangay 789,Barangay 788
Barangay 789,Barangay 790
Barangay 789,Barangay 819
Barangay 789,Barangay 869
Barangay 790,Barangay 772
Barangay 790,Barangay 773
Barangay 790,Barangay 785
Barangay 790,Barangay 774
Barangay 790,Barangay 777
Barangay 790,Barangay 784
Barangay 790,Barangay 787
Barangay 790,Barangay 791
Barangay 790,Barangay 789
Barangay 790,Barangay 792
Barangay 790,Barangay 869
Barangay 791,Barangay 777
Barangay 791,Barangay 790
Barangay 791,Barangay 781
Barangay 791,Barangay 792
Barangay 792,Barangay 777
Barangay 792,Barangay 790
Barangay 792,Barangay 781
Barangay 792,Barangay 791
Barangay 792,Barangay 878
Barangay 792,Barangay 793
Barangay 792,Barangay 877
Barangay 792,Barangay 869
Barangay 792,Barangay 866
Barangay 793,Barangay 792
Barangay 793,Barangay 877
Barangay 793,Barangay 880
Barangay 793,Barangay 866
Barangay 794,Barangay 801
Barangay 794,Barangay 797
Barangay 794,Barangay 786
Barangay 794,Barangay 810
Barangay 794,Barangay 795
Barangay 794,Barangay 813
Barangay 794,Barangay 812
Barangay 795,Barangay 797
Barangay 795,Barangay 796
Barangay 795,Barangay 810
Barangay 795,Barangay 794
Barangay 796,Barangay 798
Barangay 796,Barangay 797
Barangay 796,Barangay 799
Barangay 796,Barangay 810
Barangay 796,Barangay 795
Barangay 797,Barangay 802
Barangay 797,Barangay 798
Barangay 797,Barangay 801
Barangay 797,Barangay 796
Barangay 797,Barangay 795
Barangay 797,Barangay 794
Barangay 798,Barangay 750
Barangay 798,Barangay 803
Barangay 798,Barangay 802
Barangay 798,Barangay 797
Barangay 798,Barangay 796
Barangay 798,Barangay 738
Barangay 798,Barangay 799
Barangay 799,Barangay 798
Barangay 799,Barangay 796
Barangay 799,Barangay 738
Barangay 799,Barangay 737
Barangay 799,Barangay 800
Barangay 799,Barangay 810
Barangay 800,Barangay 738
Barangay 800,Barangay 737
Barangay 800,Barangay 799
Barangay 800,Barangay 735
Barangay 800,Barangay 810
Barangay 800,Barangay 734
Barangay 800,Barangay 811
Barangay 801,Barangay 802
Barangay 801,Barangay 797
Barangay 801,Barangay 786
Barangay 801,Barangay 804
Barangay 801,Barangay 771
Barangay 801,Barangay 794
Barangay 802,Barangay 806
Barangay 802,Barangay 805
Barangay 802,Barangay 803
Barangay 802,Barangay 798
Barangay 802,Barangay 801
Barangay 802,Barangay 797
Barangay 802,Barangay 804
Barangay 803,Barangay 750
Barangay 803,Barangay 807
Barangay 803,Barangay 806
Barangay 803,Barangay 805
Barangay 803,Barangay 802
Barangay 803,Barangay 798
Barangay 803,Barangay 738
Barangay 803,Barangay 747
Barangay 804,Barangay 805
Barangay 804,Barangay 802
Barangay 804,Barangay 801
Barangay 804,Barangay 786
Barangay 804,Barangay 767
Barangay 804,Barangay 775
Barangay 804,Barangay 771
Barangay 805,Barangay 806
Barangay 805,Barangay 803
Barangay 805,Barangay 802
Barangay 805,Barangay 767
Barangay 805,Barangay 804
Barangay 806,Barangay 807
Barangay 806,Barangay 805
Barangay 806,Barangay 803
Barangay 806,Barangay 802
Barangay 806,Barangay 767
Barangay 806,Barangay 768
Barangay 807,Barangay 750
Barangay 807,Barangay 806
Barangay 807,Barangay 803
Barangay 807,Barangay 749
Barangay 807,Barangay 769
Barangay 807,Barangay 747
Barangay 807,Barangay 768
Barangay 808,Barangay 810
Barangay 808,Barangay 811
Barangay 808,Barangay 809
Barangay 808,Barangay 813
Barangay 809,Barangay 810
Barangay 809,Barangay 808
Barangay 809,Barangay 813
Barangay 810,Barangay 796
Barangay 810,Barangay 799
Barangay 810,Barangay 800
Barangay 810,Barangay 808
Barangay 810,Barangay 811
Barangay 810,Barangay 795
Barangay 810,Barangay 794
Barangay 810,Barangay 809
Barangay 810,Barangay 813
Barangay 811,Barangay 800
Barangay 811,Barangay 735
Barangay 811,Barangay 810
Barangay 811,Barangay 734
Barangay 811,Barangay 808
Barangay 811,Barangay 685
Barangay 811,Barangay 682
Barangay 811,Barangay 814
Barangay 811,Barangay 815
Barangay 811,Barangay 825
Barangay 811,Barangay 813
Barangay 812,Barangay 786
Barangay 812,Barangay 820
Barangay 812,Barangay 794
Barangay 812,Barangay 784
Barangay 812,Barangay 813
Barangay 812,Barangay 788
Barangay 812,Barangay 817
Barangay 812,Barangay 816
Barangay 812,Barangay 789
Barangay 812,Barangay 819
Barangay 812,Barangay 869
Barangay 813,Barangay 786
Barangay 813,Barangay 810
Barangay 813,Barangay 808
Barangay 813,Barangay 811
Barangay 813,Barangay 814
Barangay 813,Barangay 815
Barangay 813,Barangay 794
Barangay 813,Barangay 809
Barangay 813,Barangay 812
Barangay 813,Barangay 817
Barangay 814,Barangay 811
Barangay 814,Barangay 815
Barangay 814,Barangay 820
Barangay 814,Barangay 813
Barangay 814,Barangay 817
Barangay 814,Barangay 816
Barangay 815,Barangay 811
Barangay 815,Barangay 814
Barangay 815,Barangay 820
Barangay 815,Barangay 825
Barangay 815,Barangay 813
Barangay 816,Barangay 814
Barangay 816,Barangay 820
Barangay 816,Barangay 812
Barangay 816,Barangay 817
Barangay 817,Barangay 814
Barangay 817,Barangay 813
Barangay 817,Barangay 812
Barangay 817,Barangay 816
Barangay 818,Barangay 820
Barangay 818,Barangay 825
Barangay 818,Barangay 871
Barangay 818,Barangay 872
Barangay 818,Barangay 819
Barangay 818,Barangay 818-A
Barangay 819,Barangay 820
Barangay 819,Barangay 818
Barangay 819,Barangay 812
Barangay 819,Barangay 789
Barangay 819,Barangay 869
Barangay 819,Barangay 818-A
Barangay 820,Barangay 814
Barangay 820,Barangay 815
Barangay 820,Barangay 825
Barangay 820,Barangay 818
Barangay 820,Barangay 812
Barangay 820,Barangay 816
Barangay 820,Barangay 819
Barangay 821,Barangay 682
Barangay 821,Barangay 824
Barangay 821,Barangay 678
Barangay 821,Barangay 822
Barangay 821,Barangay 823
Barangay 821,Barangay 827
Barangay 822,Barangay 821
Barangay 822,Barangay 823
Barangay 822,Barangay 849
Barangay 822,Barangay 841
Barangay 822,Barangay 827
Barangay 822,Barangay 826
Barangay 823,Barangay 824
Barangay 823,Barangay 821
Barangay 823,Barangay 822
Barangay 823,Barangay 825
Barangay 823,Barangay 853
Barangay 823,Barangay 849
Barangay 824,Barangay 682
Barangay 824,Barangay 821
Barangay 824,Barangay 825
Barangay 824,Barangay 823
Barangay 825,Barangay 811
Barangay 825,Barangay 685
Barangay 825,Barangay 682
Barangay 825,Barangay 824
Barangay 825,Barangay 815
Barangay 825,Barangay 820
Barangay 825,Barangay 818
Barangay 825,Barangay 872
Barangay 825,Barangay 823
Barangay 825,Barangay 853
Barangay 826,Barangay 822
Barangay 826,Barangay 849
Barangay 826,Barangay 841
Barangay 826,Barangay 827
Barangay 826,Barangay 828
Barangay 827,Barangay 682
Barangay 827,Barangay 821
Barangay 827,Barangay 678
Barangay 827,Barangay 822
Barangay 827,Barangay 677
Barangay 827,Barangay 662
Barangay 827,Barangay 826
Barangay 827,Barangay 828
Barangay 827,Barangay 831
Barangay 827,Barangay 829
Barangay 828,Barangay 841
Barangay 828,Barangay 827
Barangay 828,Barangay 826
Barangay 828,Barangay 843
Barangay 828,Barangay 831
Barangay 829,Barangay 832
Barangay 829,Barangay 662
Barangay 829,Barangay 827
Barangay 829,Barangay 831
Barangay 829,Barangay 830
Barangay 830,Barangay 848
Barangay 830,Barangay 833
Barangay 830,Barangay 832
Barangay 830,Barangay 636
Barangay 830,Barangay 635
Barangay 830,Barangay 662
Barangay 830,Barangay 645
Barangay 830,Barangay 644
Barangay 830,Barangay 643
Barangay 830,Barangay 829
Barangay 830,Barangay 639
Barangay 830,Barangay 640
Barangay 831,Barangay 844
Barangay 831,Barangay 832
Barangay 831,Barangay 662
Barangay 831,Barangay 827
Barangay 831,Barangay 828
Barangay 831,Barangay 843
Barangay 831,Barangay 829
Barangay 832,Barangay 844
Barangay 832,Barangay 848
Barangay 832,Barangay 833
Barangay 832,Barangay 845
Barangay 832,Barangay 846
Barangay 832,Barangay 847
Barangay 832,Barangay 831
Barangay 832,Barangay 829
Barangay 832,Barangay 830
Barangay 833,Barangay 848
Barangay 833,Barangay 834
Barangay 833,Barangay 832
Barangay 833,Barangay 636
Barangay 833,Barangay 628
Barangay 833,Barangay 830
Barangay 834,Barangay 835
Barangay 834,Barangay 848
Barangay 834,Barangay 833
Barangay 834,Barangay 836
Barangay 834,Barangay 630
Barangay 834,Barangay 628
Barangay 835,Barangay 859
Barangay 835,Barangay 865
Barangay 835,Barangay 861
Barangay 835,Barangay 848
Barangay 835,Barangay 834
Barangay 835,Barangay 839
Barangay 835,Barangay 838
Barangay 835,Barangay 836
Barangay 836,Barangay 835
Barangay 836,Barangay 834
Barangay 836,Barangay 838
Barangay 836,Barangay 621
Barangay 836,Barangay 630
Barangay 837,Barangay 839
Barangay 837,Barangay 840
Barangay 837,Barangay 619
Barangay 837,Barangay 838
Barangay 837,Barangay 621
Barangay 838,Barangay 835
Barangay 838,Barangay 839
Barangay 838,Barangay 840
Barangay 838,Barangay 619
Barangay 838,Barangay 837
Barangay 838,Barangay 836
Barangay 838,Barangay 621
Barangay 838,Barangay 630
Barangay 839,Barangay 896
Barangay 839,Barangay 898
Barangay 839,Barangay 865
Barangay 839,Barangay 835
Barangay 839,Barangay 840
Barangay 839,Barangay 619
Barangay 839,Barangay 837
Barangay 839,Barangay 838
Barangay 840,Barangay 839
Barangay 840,Barangay 837
Barangay 840,Barangay 838
Barangay 841,Barangay 822
Barangay 841,Barangay 849
Barangay 841,Barangay 850
Barangay 841,Barangay 842
Barangay 841,Barangay 826
Barangay 841,Barangay 828
Barangay 841,Barangay 843
Barangay 842,Barangay 851
Barangay 842,Barangay 855
Barangay 842,Barangay 850
Barangay 842,Barangay 841
Barangay 842,Barangay 856
Barangay 842,Barangay 844
Barangay 842,Barangay 843
Barangay 843,Barangay 841
Barangay 843,Barangay 842
Barangay 843,Barangay 844
Barangay 843,Barangay 828
Barangay 843,Barangay 831
Barangay 844,Barangay 842
Barangay 844,Barangay 856
Barangay 844,Barangay 845
Barangay 844,Barangay 832
Barangay 844,Barangay 843
Barangay 844,Barangay 831
Barangay 845,Barangay 856
Barangay 845,Barangay 844
Barangay 845,Barangay 846
Barangay 845,Barangay 847
Barangay 845,Barangay 832
Barangay 846,Barangay 856
Barangay 846,Barangay 858
Barangay 846,Barangay 845
Barangay 846,Barangay 847
Barangay 846,Barangay 832
Barangay 847,Barangay 856
Barangay 847,Barangay 858
Barangay 847,Barangay 859
Barangay 847,Barangay 848
Barangay 847,Barangay 845
Barangay 847,Barangay 846
Barangay 847,Barangay 832
Barangay 848,Barangay 859
Barangay 848,Barangay 835
Barangay 848,Barangay 834
Barangay 848,Barangay 833
Barangay 848,Barangay 847
Barangay 848,Barangay 832
Barangay 848,Barangay 830
Barangay 849,Barangay 822
Barangay 849,Barangay 823
Barangay 849,Barangay 853
Barangay 849,Barangay 852
Barangay 849,Barangay 850
Barangay 849,Barangay 841
Barangay 849,Barangay 826
Barangay 850,Barangay 852
Barangay 850,Barangay 849
Barangay 850,Barangay 851
Barangay 850,Barangay 841
Barangay 850,Barangay 842
Barangay 851,Barangay 872
Barangay 851,Barangay 853
Barangay 851,Barangay 852
Barangay 851,Barangay 855
Barangay 851,Barangay 850
Barangay 851,Barangay 842
Barangay 851,Barangay 856
Barangay 852,Barangay 853
Barangay 852,Barangay 849
Barangay 852,Barangay 851
Barangay 852,Barangay 850
Barangay 853,Barangay 825
Barangay 853,Barangay 872
Barangay 853,Barangay 823
Barangay 853,Barangay 852
Barangay 853,Barangay 849
Barangay 853,Barangay 851
Barangay 855,Barangay 872
Barangay 855,Barangay 851
Barangay 855,Barangay 857
Barangay 855,Barangay 842
Barangay 855,Barangay 856
Barangay 855,Barangay 867
Barangay 855,Barangay 868
Barangay 856,Barangay 851
Barangay 856,Barangay 855
Barangay 856,Barangay 857
Barangay 856,Barangay 842
Barangay 856,Barangay 858
Barangay 856,Barangay 844
Barangay 856,Barangay 845
Barangay 856,Barangay 846
Barangay 856,Barangay 847
Barangay 857,Barangay 855
Barangay 857,Barangay 856
Barangay 857,Barangay 858
Barangay 857,Barangay 868
Barangay 857,Barangay 859
Barangay 858,Barangay 857
Barangay 858,Barangay 856
Barangay 858,Barangay 859
Barangay 858,Barangay 846
Barangay 858,Barangay 847
Barangay 859,Barangay 857
Barangay 859,Barangay 858
Barangay 859,Barangay 866
Barangay 859,Barangay 868
Barangay 859,Barangay 864
Barangay 859,Barangay 863
Barangay 859,Barangay 861
Barangay 859,Barangay 835
Barangay 859,Barangay 848
Barangay 859,Barangay 847
Barangay 860,Barangay 862
Barangay 860,Barangay 865
Barangay 860,Barangay 863
Barangay 860,Barangay 861
Barangay 861,Barangay 859
Barangay 861,Barangay 865
Barangay 861,Barangay 860
Barangay 861,Barangay 863
Barangay 861,Barangay 835
Barangay 862,Barangay 864
Barangay 862,Barangay 865
Barangay 862,Barangay 860
Barangay 862,Barangay 863
Barangay 863,Barangay 864
Barangay 863,Barangay 859
Barangay 863,Barangay 862
Barangay 863,Barangay 860
Barangay 863,Barangay 861
Barangay 864,Barangay 866
Barangay 864,Barangay 868
Barangay 864,Barangay 859
Barangay 864,Barangay 862
Barangay 864,Barangay 865
Barangay 864,Barangay 863
Barangay 865,Barangay 866
Barangay 865,Barangay 905
Barangay 865,Barangay 903
Barangay 865,Barangay 902
Barangay 865,Barangay 864
Barangay 865,Barangay 901
Barangay 865,Barangay 899
Barangay 865,Barangay 896
Barangay 865,Barangay 898
Barangay 865,Barangay 862
Barangay 865,Barangay 860
Barangay 865,Barangay 861
Barangay 865,Barangay 835
Barangay 865,Barangay 839
Barangay 866,Barangay 792
Barangay 866,Barangay 793
Barangay 866,Barangay 869
Barangay 866,Barangay 880
Barangay 866,Barangay 818-A
Barangay 866,Barangay 870
Barangay 866,Barangay 867
Barangay 866,Barangay 868
Barangay 866,Barangay 905
Barangay 866,Barangay 864
Barangay 866,Barangay 859
Barangay 866,Barangay 865
Barangay 867,Barangay 871
Barangay 867,Barangay 872
Barangay 867,Barangay 855
Barangay 867,Barangay 870
Barangay 867,Barangay 866
Barangay 867,Barangay 868
Barangay 868,Barangay 855
Barangay 868,Barangay 857
Barangay 868,Barangay 866
Barangay 868,Barangay 867
Barangay 868,Barangay 864
Barangay 868,Barangay 859
Barangay 869,Barangay 812
Barangay 869,Barangay 790
Barangay 869,Barangay 789
Barangay 869,Barangay 792
Barangay 869,Barangay 819
Barangay 869,Barangay 818-A
Barangay 869,Barangay 866
Barangay 870,Barangay 871
Barangay 870,Barangay 818-A
Barangay 870,Barangay 866
Barangay 870,Barangay 867
Barangay 871,Barangay 818
Barangay 871,Barangay 872
Barangay 871,Barangay 818-A
Barangay 871,Barangay 870
Barangay 871,Barangay 867
Barangay 872,Barangay 825
Barangay 872,Barangay 818
Barangay 872,Barangay 871
Barangay 872,Barangay 853
Barangay 872,Barangay 851
Barangay 872,Barangay 855
Barangay 872,Barangay 867
Barangay 873,Barangay 874
Barangay 873,Barangay 878
Barangay 873,Barangay 877
Barangay 873,Barangay 875
Barangay 873,Barangay 883
Barangay 873,Barangay 884
Barangay 873,Barangay 876
Barangay 873,Barangay 879
Barangay 874,Makati
Barangay 874,Barangay 783
Barangay 874,Barangay 881
Barangay 874,Barangay 782
Barangay 874,Barangay 780
Barangay 874,Barangay 781
Barangay 874,Barangay 878
Barangay 874,Barangay 875
Barangay 874,Barangay 873
Barangay 875,Barangay 881
Barangay 875,Barangay 874
Barangay 875,Barangay 882
Barangay 875,Barangay 878
Barangay 875,Barangay 883
Barangay 875,Barangay 873
Barangay 875,Barangay 884
Barangay 876,Barangay 877
Barangay 876,Barangay 873
Barangay 876,Barangay 879
Barangay 876,Barangay 880
Barangay 876,Barangay 905
Barangay 876,Barangay 900
Barangay 877,Barangay 792
Barangay 877,Barangay 878
Barangay 877,Barangay 793
Barangay 877,Barangay 873
Barangay 877,Barangay 876
Barangay 877,Barangay 880
Barangay 878,Barangay 874
Barangay 878,Barangay 781
Barangay 878,Barangay 792
Barangay 878,Barangay 877
Barangay 878,Barangay 875
Barangay 878,Barangay 873
Barangay 879,Barangay 873
Barangay 879,Barangay 884
Barangay 879,Barangay 876
Barangay 879,Barangay 885
Barangay 879,Barangay 889
Barangay 879,Barangay 900
Barangay 880,Barangay 793
Barangay 880,Barangay 877
Barangay 880,Barangay 876
Barangay 880,Barangay 866
Barangay 880,Barangay 905
Barangay 881,Makati
Barangay 881,Barangay 874
Barangay 881,Barangay 882
Barangay 881,Barangay 875
Barangay 882,Makati
Barangay 882,Barangay 881
Barangay 882,Barangay 875
Barangay 882,Barangay 883
Barangay 883,Makati
Barangay 883,Barangay 882
Barangay 883,Barangay 875
Barangay 883,Barangay 873
Barangay 883,Barangay 884
Barangay 883,Mandaluyong
Barangay 884,Barangay 875
Barangay 884,Barangay 883
Barangay 884,Barangay 873
Barangay 884,Barangay 879
Barangay 884,Barangay 885
Barangay 884,Barangay 886
Barangay 884,Barangay 887
Barangay 884,Mandaluyong
Barangay 885,Barangay 884
Barangay 885,Barangay 879
Barangay 885,Barangay 886
Barangay 885,Barangay 889
Barangay 885,Barangay 890
Barangay 886,Barangay 884
Barangay 886,Barangay 885
Barangay 886,Barangay 887
Barangay 886,Barangay 889
Barangay 886,Barangay 890
Barangay 887,Barangay 884
Barangay 887,Barangay 886
Barangay 887,Mandaluyong
Barangay 887,Barangay 888
Barangay 887,Barangay 890
Barangay 888,Barangay 887
Barangay 888,Mandaluyong
Barangay 888,Barangay 890
Barangay 888,Barangay 891
Barangay 888,Barangay 892
Barangay 888,Barangay 894
Barangay 889,Barangay 879
Barangay 889,Barangay 885
Barangay 889,Barangay 886
Barangay 889,Barangay 900
Barangay 889,Barangay 890
Barangay 889,Barangay 896
Barangay 890,Barangay 885
Barangay 890,Barangay 886
Barangay 890,Barangay 887
Barangay 890,Barangay 889
Barangay 890,Barangay 888
Barangay 890,Barangay 891
Barangay 890,Barangay 896
Barangay 890,Barangay 897
Barangay 891,Barangay 888
Barangay 891,Barangay 890
Barangay 891,Barangay 892
Barangay 891,Barangay 897
Barangay 891,Barangay 894
Barangay 892,Mandaluyong
Barangay 892,Barangay 888
Barangay 892,Barangay 891
Barangay 892,Barangay 894
Barangay 892,Barangay 895
Barangay 892,Barangay 893
Barangay 893,Mandaluyong
Barangay 893,Barangay 892
Barangay 893,Barangay 895
Barangay 893,Barangay 620
Barangay 893,Barangay 618
Barangay 893,Barangay 607
Barangay 894,Barangay 888
Barangay 894,Barangay 891
Barangay 894,Barangay 892
Barangay 894,Barangay 897
Barangay 894,Barangay 895
Barangay 894,Barangay 623
Barangay 894,Barangay 620
Barangay 895,Mandaluyong
Barangay 895,Barangay 892
Barangay 895,Barangay 894
Barangay 895,Barangay 620
Barangay 895,Barangay 893
Barangay 896,Barangay 889
Barangay 896,Barangay 900
Barangay 896,Barangay 890
Barangay 896,Barangay 904
Barangay 896,Barangay 899
Barangay 896,Barangay 897
Barangay 896,Barangay 898
Barangay 896,Barangay 865
Barangay 896,Barangay 839
Barangay 896,Barangay 619
Barangay 897,Barangay 890
Barangay 897,Barangay 891
Barangay 897,Barangay 896
Barangay 897,Barangay 894
Barangay 897,Barangay 625
Barangay 897,Barangay 623
Barangay 897,Barangay 619
Barangay 898,Barangay 904
Barangay 898,Barangay 899
Barangay 898,Barangay 896
Barangay 898,Barangay 865
Barangay 898,Barangay 839
Barangay 899,Barangay 904
Barangay 899,Barangay 901
Barangay 899,Barangay 896
Barangay 899,Barangay 898
Barangay 899,Barangay 865
Barangay 900,Barangay 876
Barangay 900,Barangay 879
Barangay 900,Barangay 889
Barangay 900,Barangay 905
Barangay 900,Barangay 904
Barangay 900,Barangay 896
Barangay 901,Barangay 902
Barangay 901,Barangay 904
Barangay 901,Barangay 899
Barangay 901,Barangay 865
Barangay 902,Barangay 903
Barangay 902,Barangay 904
Barangay 902,Barangay 901
Barangay 902,Barangay 865
Barangay 903,Barangay 905
Barangay 903,Barangay 902
Barangay 903,Barangay 904
Barangay 903,Barangay 865
Barangay 904,Barangay 905
Barangay 904,Barangay 903
Barangay 904,Barangay 902
Barangay 904,Barangay 900
Barangay 904,Barangay 901
Barangay 904,Barangay 899
Barangay 904,Barangay 896
Barangay 904,Barangay 898
Barangay 905,Barangay 876
Barangay 905,Barangay 880
Barangay 905,Barangay 866
Barangay 905,Barangay 903
Barangay 905,Barangay 900
Barangay 905,Barangay 904
Barangay 905,Barangay 865
Manila North Cemetery,Quezon City
Manila North Cemetery,Caloocan
Manila North Cemetery,Barangay 375
Manila North Cemetery,Barangay 208
Manila North Cemetery,Barangay 206
Manila North Cemetery,Barangay 373
Manila North Cemetery,Barangay 374
Manila North Cemetery,Barangay 202-A
Manila North Cemetery,Barangay 376
Manila North Cemetery,Barangay 377
Manila North Cemetery,Barangay 378
Manila North Cemetery,Barangay 372
Manila North Cemetery,Barangay 197
Manila North Cemetery,Barangay 196
Manila North Cemetery,Barangay 187
Manila North Cemetery,Barangay 189
"Tutuban Mall (Claimed by Five Barangays of Tondo, Manila)",Barangay 247
"Tutuban Mall (Claimed by Five Barangays of Tondo, Manila)",Barangay 245
"Tutuban Mall (Claimed by Five Barangays of Tondo, Manila)",Barangay 248
"Tutuban Mall (Claimed by Five Barangays of Tondo, Manila)",Barangay 293
"Tutuban Mall (Claimed by Five Barangays of Tondo, Manila)",Barangay 49
"Tutuban Mall (Claimed by Five Barangays of Tondo, Manila)",Barangay 48
"Tutuban Mall (Claimed by Five Barangays of Tondo, Manila)",Barangay 51
"Tutuban Mall (Claimed by Five Barangays of Tondo, Manila)",Barangay 243
"Tutuban Mall (Claimed by Five Barangays of Tondo, Manila)",Barangay 241
Barangay 818-A,Barangay 818
Barangay 818-A,Barangay 871
Barangay 818-A,Barangay 819
Barangay 818-A,Barangay 869
Barangay 818-A,Barangay 870
Barangay 818-A,Barangay 866
Barangay 202-A,Barangay 206
Barangay 202-A,Barangay 201
Barangay 202-A,Barangay 202
Barangay 202-A,Barangay 197
Barangay 202-A,Barangay 193
Barangay 202-A,Manila North Cemetery
Barangay 659-A,Barangay 657
Barangay 659-A,Barangay 658
Barangay 659-A,Barangay 654
Barangay 659-A,Barangay 291
Barangay 659-A,Barangay 659
Barangay 659-A,Barangay 384
Barangay 659-A,Barangay 306
Barangay 659-A,Barangay 303
Barangay 659-A,Barangay 663
Barangay 659-A,Barangay 663-A
Barangay 659-A,Barangay 647
Barangay 659-A,Barangay 656
Barangay 660-A,Barangay 666
Barangay 660-A,Barangay 676
Barangay 660-A,Barangay 670
Barangay 660-A,Barangay 660
Barangay 660-A,Barangay 659
Barangay 660-A,Barangay 674
Barangay 660-A,Barangay 664
Barangay 660-A,Barangay 661
Barangay 663-A,Barangay 664-A
Barangay 663-A,Barangay 662
Barangay 663-A,Barangay 645
Barangay 663-A,Barangay 659-A
Barangay 663-A,Barangay 661
Barangay 663-A,Barangay 663
Barangay 663-A,Barangay 646
Barangay 663-A,Barangay 647
Barangay 664-A,Barangay 672
Barangay 664-A,Barangay 677
Barangay 664-A,Barangay 662
Barangay 664-A,Barangay 645
Barangay 664-A,Barangay 674
Barangay 664-A,Barangay 664
Barangay 664-A,Barangay 661
Barangay 664-A,Barangay 663-A
Barangay 587-A,Barangay 588
Barangay 587-A,Barangay 587
Barangay 587-A,Barangay 596
Barangay 587-A,Barangay 595
Barangay 587-A,Barangay 594
Barangay 587-A,Barangay 586
Caloocan,Quezon City
Caloocan,Barangay 184
Caloocan,Barangay 193
Caloocan,Barangay 194
Caloocan,Barangay 188
Caloocan,Barangay 189
Caloocan,Barangay 191
Caloocan,Barangay 190
Caloocan,Barangay 192
Caloocan,Manila North Cemetery
Caloocan,Barangay 177
Caloocan,Navotas
Caloocan,Malabon
Caloocan,Barangay 199
Caloocan,Valenzuela
Las Piñas,Muntinlupa
Las Piñas,Parañaque
Las Piñas,Cavite
Makati,Barangay 730
Makati,Barangay 755
Makati,Barangay 756
Makati,Taguig
Makati,Pateros
Makati,Barangay 783
Makati,Barangay 881
Makati,Barangay 874
Makati,Pasig
Makati,Barangay 882
Makati,Pasay
Makati,Barangay 763
Makati,Barangay 765
Makati,Barangay 766
Makati,Barangay 775
Makati,Barangay 770
Makati,Barangay 778
Makati,Barangay 757
Makati,Barangay 758
Makati,Barangay 764
Makati,Barangay 883
Makati,Mandaluyong
Malabon,Caloocan
Malabon,Navotas
Malabon,Valenzuela
Mandaluyong,Makati
Mandaluyong,Pasig
Mandaluyong,Barangay 883
Mandaluyong,Barangay 884
Mandaluyong,Barangay 887
Mandaluyong,Barangay 888
Mandaluyong,Barangay 892
Mandaluyong,Barangay 895
Mandaluyong,Barangay 893
Mandaluyong,Barangay 607
Mandaluyong,Barangay 602
Mandaluyong,San Juan
Mandaluyong,Quezon City
Marikina,Pasig
Marikina,Quezon City
Muntinlupa,Las Piñas
Muntinlupa,Laguna
Muntinlupa,Taguig
Muntinlupa,Parañaque
Navotas,Caloocan
Navotas,Barangay 128
Navotas,Barangay 126
Navotas,Barangay 127
Navotas,Barangay 125
Navotas,Barangay 177
Navotas,Malabon
Parañaque,Las Piñas
Parañaque,Muntinlupa
Parañaque,Taguig
Parañaque,Pasay
Pasay,Barangay 729
Pasay,Barangay 730
Pasay,Barangay 755
Pasay,Taguig
Pasay,Makati
Pasay,Parañaque
Pasay,Barangay 719
Pasig,Taguig
Pasig,Pateros
Pasig,Makati
Pasig,Mandaluyong
Pasig,Rizal
Pasig,Marikina
Pasig,Quezon City
Pateros,Taguig
Pateros,Makati
Pateros,Pasig
Quezon City,Pasig
Quezon City,Mandaluyong
Quezon City,Barangay 560
Quezon City,Barangay 530
Quezon City,Barangay 512
Quezon City,Barangay 515
Quezon City,Barangay 516
Quezon City,Barangay 496
Quezon City,Barangay 494
Quezon City,Barangay 495
Quezon City,Barangay 492
Quezon City,Barangay 555
Quezon City,Barangay 541
Quezon City,Barangay 540
Quezon City,Barangay 531
Quezon City,Barangay 538
Quezon City,Barangay 537
Quezon City,San Juan
Quezon City,Barangay 595
Quezon City,Barangay 594
Quezon City,Barangay 586
Quezon City,Barangay 584
Quezon City,Barangay 582
Quezon City,Marikina
Quezon City,Caloocan
Quezon City,Barangay 493
Quezon City,Barangay 372
Quezon City,Manila North Cemetery
Quezon City,Valenzuela
San Juan,Mandaluyong
San Juan,Barangay 602
San Juan,Barangay 601
San Juan,Barangay 598
San Juan,Barangay 597
San Juan,Barangay 595
San Juan,Quezon City
Taguig,Muntinlupa
Taguig,Pateros
Taguig,Makati
Taguig,Pasig
Taguig,Parañaque
Taguig,Pasay
Valenzuela,Quezon City
Valenzuela,Caloocan
Valenzuela,Bulacan
Valenzuela,Malabon
Bulacan,Valenzuela
Rizal,Pasig
Cavite,Las Piñas
Laguna,Muntinlupa
