route_id,relation,mode,zone
bus 23,0,bus,Las Piñas
bus 23,0,bus,Barangay 718
bus 23,0,bus,Barangay 717
bus 23,0,bus,Barangay 727
bus 23,0,bus,Barangay 716
bus 23,0,bus,Barangay 713
bus 23,0,bus,Barangay 708
bus 23,0,bus,Barangay 726
bus 23,0,bus,Barangay 712
bus 23,0,bus,Barangay 709
bus 23,0,bus,Barangay 729
bus 23,0,bus,Barangay 730
bus 23,0,bus,Barangay 728
bus 23,0,bus,Barangay 725
bus 23,0,bus,Barangay 714
bus 23,0,bus,Barangay 724
bus 23,0,bus,Barangay 723
bus 23,0,bus,Barangay 692
bus 23,0,bus,Barangay 722
bus 23,0,bus,Barangay 691
bus 23,0,bus,Barangay 693
bus 23,0,bus,Barangay 689
bus 23,0,bus,Barangay 690
bus 23,0,bus,Barangay 695
bus 23,0,bus,Muntinlupa
bus 23,0,bus,Parañaque
bus 23,0,bus,Pasay
bus 23,0,bus,Cavite
bus 23,0,bus,Barangay 666
bus 23,0,bus,Barangay 657
bus 23,0,bus,Barangay 658
bus 23,0,bus,Barangay 654
bus 23,0,bus,Barangay 291
bus 23,0,bus,Barangay 287
bus 23,0,bus,Barangay 719
bus 23,0,bus,Barangay 720
bus 23,0,bus,Barangay 715
bus 23,0,bus,Barangay 711
bus 23,0,bus,Barangay 710
bus 23,0,bus,Barangay 707
bus 23,0,bus,Barangay 706
bus 23,0,bus,Barangay 702
bus 23,0,bus,Barangay 703
bus 23,0,bus,Barangay 697
bus 23,0,bus,Barangay 696
bus 23,0,bus,Barangay 694
bus 23,0,bus,Barangay 669
bus 23,0,bus,Barangay 675
bus 23,0,bus,Barangay 676
bus 23,0,bus,Barangay 670
bus 23,0,bus,Barangay 660
bus 23,0,bus,Barangay 659
bus 23,0,bus,Barangay 659-A
bus 23,0,bus,Barangay 384
bus 23,0,bus,Barangay 306
bus 23,0,bus,Barangay 303
bus 23,0,bus,Barangay 674
bus 23,0,bus,Barangay 660-A
bus 23,0,bus,Barangay 664
bus 23,0,bus,Barangay 656
share_taxi: Cubao–Calumpang,1,share_taxi,Pasig
share_taxi: Cubao–Calumpang,1,share_taxi,Marikina
share_taxi: Cubao–Calumpang,1,share_taxi,Quezon City
bus 411X,2,bus,Laguna
bus 411X,2,bus,Muntinlupa
bus 411X,3,bus,Laguna
bus 411X,3,bus,Muntinlupa
bus PITX-DNLC,4,bus,Laguna
bus PITX-DNLC,4,bus,Muntinlupa
bus PITX-DNLC,4,bus,Taguig
bus PITX-DNLC,4,bus,Parañaque
bus PITX-DNLC,4,bus,Pasay
bus PITX-DNLC,5,bus,Laguna
bus PITX-DNLC,5,bus,Muntinlupa
bus PITX-DNLC,5,bus,Taguig
bus PITX-DNLC,5,bus,Parañaque
bus PITX-DNLC,5,bus,Pasay
bus: PITX–Ternate,6,bus,Las Piñas
bus: PITX–Ternate,6,bus,Parañaque
bus 404,7,bus,Las Piñas
bus 404,7,bus,Muntinlupa
bus 404,7,bus,Cavite
bus 404,8,bus,Las Piñas
bus 404,8,bus,Muntinlupa
bus 404,8,bus,Cavite
bus 38,9,bus,Laguna
bus 38,9,bus,Muntinlupa
bus 38,9,bus,Taguig
bus 38,9,bus,Makati
bus 38,9,bus,Parañaque
bus 38,9,bus,Pasay
bus T209,10,bus,Pasig
bus T209,10,bus,Marikina
bus T209,10,bus,Quezon City
bus 44,11,bus,Las Piñas
bus 44,11,bus,Muntinlupa
bus 44,11,bus,Makati
bus 44,11,bus,Parañaque
bus 44,11,bus,Pasay
bus 31,12,bus,Las Piñas
bus 31,12,bus,Parañaque
bus: PITX–Dagupan,13,bus,Parañaque
bus: PITX–Dagupan,13,bus,Pasay
bus: PITX–Dagupan,13,bus,Caloocan
bus: PITX–Dagupan,13,bus,Barangay 667
bus: PITX–Dagupan,13,bus,Barangay 666
bus: PITX–Dagupan,13,bus,Barangay 657
bus: PITX–Dagupan,13,bus,Barangay 658
bus: PITX–Dagupan,13,bus,Barangay 655
bus: PITX–Dagupan,13,bus,Barangay 719
bus: PITX–Dagupan,13,bus,Barangay 720
bus: PITX–Dagupan,13,bus,Barangay 721
bus: PITX–Dagupan,13,bus,Barangay 701
bus: PITX–Dagupan,13,bus,Barangay 700
bus: PITX–Dagupan,13,bus,Barangay 699
bus: PITX–Dagupan,13,bus,Barangay 668
bus: PITX–Dagupan,13,bus,Barangay 649
bus: PITX–Dagupan,13,bus,Barangay 275
bus: PITX–Dagupan,13,bus,Barangay 18
bus: PITX–Dagupan,13,bus,Barangay 274
bus: PITX–Dagupan,13,bus,Barangay 12
bus: PITX–Dagupan,13,bus,Barangay 17
bus: PITX–Dagupan,13,bus,Barangay 11
bus: PITX–Dagupan,13,bus,Barangay 16
bus: PITX–Dagupan,13,bus,Barangay 19
bus: PITX–Dagupan,13,bus,Barangay 14
bus: PITX–Dagupan,13,bus,Barangay 653
bus: PITX–Dagupan,13,bus,Barangay 652
bus: PITX–Dagupan,13,bus,Barangay 651
bus: PITX–Dagupan,13,bus,Barangay 650
bus: PITX–Dagupan,13,bus,Barangay 656
bus: PITX–Dagupan,13,bus,Barangay 286
bus: PITX–Dagupan,13,bus,Barangay 283
bus: PITX–Dagupan,13,bus,Barangay 284
bus: PITX–Dagupan,13,bus,Barangay 285
bus: PITX–Dagupan,13,bus,Barangay 273
bus: PITX–Dagupan,13,bus,Barangay 272
bus: PITX–Dagupan,13,bus,Barangay 276
bus: PITX–Dagupan,13,bus,Barangay 15
bus: PITX–Dagupan,13,bus,Barangay 29
bus: PITX–Dagupan,13,bus,Barangay 32
bus: PITX–Dagupan,13,bus,Barangay 30
bus: PITX–Dagupan,13,bus,Barangay 28
bus: PITX–Dagupan,13,bus,Barangay 31
bus: PITX–Dagupan,13,bus,Barangay 38
bus: PITX–Dagupan,13,bus,Barangay 34
bus: PITX–Dagupan,13,bus,Barangay 33
bus: PITX–Dagupan,13,bus,Barangay 39
bus: PITX–Dagupan,13,bus,Barangay 35
bus: PITX–Dagupan,13,bus,Barangay 20
bus: PITX–Dagupan,13,bus,Barangay 37
bus: PITX–Dagupan,13,bus,Barangay 36
bus: PITX–Dagupan,13,bus,Barangay 41
bus: PITX–Dagupan,13,bus,Barangay 42
bus: PITX–Dagupan,13,bus,Barangay 44
bus: PITX–Dagupan,13,bus,Barangay 43
bus: PITX–Dagupan,13,bus,Barangay 46
bus: PITX–Dagupan,13,bus,Barangay 123
bus: PITX–Dagupan,13,bus,Barangay 73
bus: PITX–Dagupan,13,bus,Barangay 72
bus: PITX–Dagupan,13,bus,Barangay 121
bus: PITX–Dagupan,13,bus,Barangay 118
bus: PITX–Dagupan,13,bus,Barangay 120
bus: PITX–Dagupan,13,bus,Barangay 119
bus: PITX–Dagupan,13,bus,Barangay 116
bus: PITX–Dagupan,13,bus,Barangay 110
bus: PITX–Dagupan,13,bus,Barangay 112
bus: PITX–Dagupan,13,bus,Barangay 107
bus: PITX–Dagupan,13,bus,Barangay 108
bus: PITX–Dagupan,13,bus,Barangay 104
bus: PITX–Dagupan,13,bus,Barangay 103
bus: PITX–Dagupan,13,bus,Barangay 100
bus: PITX–Dagupan,13,bus,Barangay 102
bus: PITX–Dagupan,13,bus,Barangay 105
bus: PITX–Dagupan,13,bus,Barangay 96
bus: PITX–Dagupan,13,bus,Barangay 106
bus: PITX–Dagupan,13,bus,Barangay 99
bus: PITX–Dagupan,13,bus,Barangay 101
bus: PITX–Dagupan,13,bus,Barangay 98
bus: PITX–Dagupan,13,bus,Bulacan
bus: PITX–Dagupan,13,bus,Barangay 130
bus: PITX–Dagupan,13,bus,Barangay 129
bus: PITX–Dagupan,13,bus,Barangay 128
bus: PITX–Dagupan,13,bus,Navotas
bus: PITX–Dagupan,13,bus,Malabon
bus: PITX–Dagupan,13,bus,Valenzuela
bus 269,14,bus,Marikina
bus 269,14,bus,Quezon City
bus 269,15,bus,Quezon City
bus P24,16,bus,Las Piñas
bus P24,16,bus,Muntinlupa
bus P24,16,bus,Taguig
bus P24,16,bus,Makati
bus P24,16,bus,Parañaque
bus P24,16,bus,Pasay
bus PTX-DAU,17,bus,Parañaque
bus PTX-DAU,17,bus,Pasay
bus PTX-DAU,17,bus,Caloocan
bus PTX-DAU,17,bus,Barangay 667
bus PTX-DAU,17,bus,Barangay 666
bus PTX-DAU,17,bus,Barangay 657
bus PTX-DAU,17,bus,Barangay 658
bus PTX-DAU,17,bus,Barangay 655
bus PTX-DAU,17,bus,Barangay 719
bus PTX-DAU,17,bus,Barangay 720
bus PTX-DAU,17,bus,Barangay 721
bus PTX-DAU,17,bus,Barangay 701
bus PTX-DAU,17,bus,Barangay 700
bus PTX-DAU,17,bus,Barangay 699
bus PTX-DAU,17,bus,Barangay 668
bus PTX-DAU,17,bus,Barangay 649
bus PTX-DAU,17,bus,Barangay 275
bus PTX-DAU,17,bus,Barangay 18
bus PTX-DAU,17,bus,Barangay 274
bus PTX-DAU,17,bus,Barangay 12
bus PTX-DAU,17,bus,Barangay 17
bus PTX-DAU,17,bus,Barangay 11
bus PTX-DAU,17,bus,Barangay 16
bus PTX-DAU,17,bus,Barangay 19
bus PTX-DAU,17,bus,Barangay 14
bus PTX-DAU,17,bus,Barangay 653
bus PTX-DAU,17,bus,Barangay 652
bus PTX-DAU,17,bus,Barangay 651
bus PTX-DAU,17,bus,Barangay 650
bus PTX-DAU,17,bus,Barangay 656
bus PTX-DAU,17,bus,Barangay 286
bus PTX-DAU,17,bus,Barangay 283
bus PTX-DAU,17,bus,Barangay 284
bus PTX-DAU,17,bus,Barangay 285
bus PTX-DAU,17,bus,Barangay 273
bus PTX-DAU,17,bus,Barangay 272
bus PTX-DAU,17,bus,Barangay 276
bus PTX-DAU,17,bus,Barangay 15
bus PTX-DAU,17,bus,Barangay 29
bus PTX-DAU,17,bus,Barangay 32
bus PTX-DAU,17,bus,Barangay 30
bus PTX-DAU,17,bus,Barangay 28
bus PTX-DAU,17,bus,Barangay 31
bus PTX-DAU,17,bus,Barangay 38
bus PTX-DAU,17,bus,Barangay 34
bus PTX-DAU,17,bus,Barangay 33
bus PTX-DAU,17,bus,Barangay 39
bus PTX-DAU,17,bus,Barangay 35
bus PTX-DAU,17,bus,Barangay 20
bus PTX-DAU,17,bus,Barangay 37
bus PTX-DAU,17,bus,Barangay 36
bus PTX-DAU,17,bus,Barangay 41
bus PTX-DAU,17,bus,Barangay 42
bus PTX-DAU,17,bus,Barangay 44
bus PTX-DAU,17,bus,Barangay 43
bus PTX-DAU,17,bus,Barangay 46
bus PTX-DAU,17,bus,Barangay 123
bus PTX-DAU,17,bus,Barangay 73
bus PTX-DAU,17,bus,Barangay 72
bus PTX-DAU,17,bus,Barangay 121
bus PTX-DAU,17,bus,Barangay 118
bus PTX-DAU,17,bus,Barangay 120
bus PTX-DAU,17,bus,Barangay 119
bus PTX-DAU,17,bus,Barangay 116
bus PTX-DAU,17,bus,Barangay 110
bus PTX-DAU,17,bus,Barangay 112
bus PTX-DAU,17,bus,Barangay 107
bus PTX-DAU,17,bus,Barangay 108
bus PTX-DAU,17,bus,Barangay 104
bus PTX-DAU,17,bus,Barangay 103
bus PTX-DAU,17,bus,Barangay 100
bus PTX-DAU,17,bus,Barangay 102
bus PTX-DAU,17,bus,Barangay 105
bus PTX-DAU,17,bus,Barangay 96
bus PTX-DAU,17,bus,Barangay 106
bus PTX-DAU,17,bus,Barangay 99
bus PTX-DAU,17,bus,Barangay 101
bus PTX-DAU,17,bus,Barangay 98
bus PTX-DAU,17,bus,Bulacan
bus PTX-DAU,17,bus,Barangay 130
bus PTX-DAU,17,bus,Barangay 129
bus PTX-DAU,17,bus,Barangay 128
bus PTX-DAU,17,bus,Navotas
bus PTX-DAU,17,bus,Malabon
bus PTX-DAU,17,bus,Valenzuela
bus Victory Liner,18,bus,Parañaque
bus Victory Liner,18,bus,Pasay
bus Victory Liner,18,bus,Caloocan
bus Victory Liner,18,bus,Barangay 667
bus Victory Liner,18,bus,Barangay 666
bus Victory Liner,18,bus,Barangay 657
bus Victory Liner,18,bus,Barangay 658
bus Victory Liner,18,bus,Barangay 655
bus Victory Liner,18,bus,Barangay 719
bus Victory Liner,18,bus,Barangay 720
bus Victory Liner,18,bus,Barangay 721
bus Victory Liner,18,bus,Barangay 701
bus Victory Liner,18,bus,Barangay 700
bus Victory Liner,18,bus,Barangay 699
bus Victory Liner,18,bus,Barangay 668
bus Victory Liner,18,bus,Barangay 649
bus Victory Liner,18,bus,Barangay 275
bus Victory Liner,18,bus,Barangay 18
bus Victory Liner,18,bus,Barangay 274
bus Victory Liner,18,bus,Barangay 12
bus Victory Liner,18,bus,Barangay 17
bus Victory Liner,18,bus,Barangay 11
bus Victory Liner,18,bus,Barangay 16
bus Victory Liner,18,bus,Barangay 19
bus Victory Liner,18,bus,Barangay 14
bus Victory Liner,18,bus,Barangay 653
bus Victory Liner,18,bus,Barangay 652
bus Victory Liner,18,bus,Barangay 651
bus Victory Liner,18,bus,Barangay 650
bus Victory Liner,18,bus,Barangay 656
bus Victory Liner,18,bus,Barangay 286
bus Victory Liner,18,bus,Barangay 283
bus Victory Liner,18,bus,Barangay 284
bus Victory Liner,18,bus,Barangay 273
bus Victory Liner,18,bus,Barangay 272
bus Victory Liner,18,bus,Barangay 276
bus Victory Liner,18,bus,Barangay 15
bus Victory Liner,18,bus,Barangay 29
bus Victory Liner,18,bus,Barangay 32
bus Victory Liner,18,bus,Barangay 30
bus Victory Liner,18,bus,Barangay 28
bus Victory Liner,18,bus,Barangay 31
bus Victory Liner,18,bus,Barangay 38
bus Victory Liner,18,bus,Barangay 34
bus Victory Liner,18,bus,Barangay 33
bus Victory Liner,18,bus,Barangay 39
bus Victory Liner,18,bus,Barangay 20
bus Victory Liner,18,bus,Barangay 37
bus Victory Liner,18,bus,Barangay 36
bus Victory Liner,18,bus,Barangay 41
bus Victory Liner,18,bus,Barangay 42
bus Victory Liner,18,bus,Barangay 44
bus Victory Liner,18,bus,Barangay 43
bus Victory Liner,18,bus,Barangay 46
bus Victory Liner,18,bus,Barangay 123
bus Victory Liner,18,bus,Barangay 73
bus Victory Liner,18,bus,Barangay 72
bus Victory Liner,18,bus,Barangay 121
bus Victory Liner,18,bus,Barangay 118
bus Victory Liner,18,bus,Barangay 120
bus Victory Liner,18,bus,Barangay 119
bus Victory Liner,18,bus,Barangay 116
bus Victory Liner,18,bus,Barangay 110
bus Victory Liner,18,bus,Barangay 112
bus Victory Liner,18,bus,Barangay 107
bus Victory Liner,18,bus,Barangay 108
bus Victory Liner,18,bus,Barangay 104
bus Victory Liner,18,bus,Barangay 103
bus Victory Liner,18,bus,Barangay 100
bus Victory Liner,18,bus,Barangay 102
bus Victory Liner,18,bus,Barangay 105
bus Victory Liner,18,bus,Barangay 96
bus Victory Liner,18,bus,Barangay 106
bus Victory Liner,18,bus,Barangay 99
bus Victory Liner,18,bus,Barangay 101
bus Victory Liner,18,bus,Barangay 98
bus Victory Liner,18,bus,Bulacan
bus Victory Liner,18,bus,Barangay 130
bus Victory Liner,18,bus,Barangay 129
bus Victory Liner,18,bus,Barangay 128
bus Victory Liner,18,bus,Navotas
bus Victory Liner,18,bus,Malabon
bus Victory Liner,18,bus,Valenzuela
bus T420,19,bus,Laguna
bus T420,19,bus,Muntinlupa
bus SPVH,20,bus,Muntinlupa
bus PITX-BTGS,21,bus,Laguna
bus PITX-BTGS,21,bus,Muntinlupa
bus PITX-BTGS,21,bus,Taguig
bus PITX-BTGS,21,bus,Parañaque
bus PITX-BTGS,21,bus,Pasay
bus 295,22,bus,Quezon City
bus BM,23,bus,Las Piñas
bus BM,23,bus,Taguig
bus BM,23,bus,Makati
bus BM,23,bus,Parañaque
bus BM,23,bus,Pasay
bus BM,23,bus,Mandaluyong
bus 3144,24,bus,Barangay 692
bus 3144,24,bus,Barangay 691
bus 3144,24,bus,Barangay 693
bus 3144,24,bus,Barangay 689
bus 3144,24,bus,Barangay 786
bus 3144,24,bus,Barangay 810
bus 3144,24,bus,Barangay 734
bus 3144,24,bus,Barangay 808
bus 3144,24,bus,Barangay 690
bus 3144,24,bus,Barangay 688
bus 3144,24,bus,Barangay 695
bus 3144,24,bus,Barangay 686
bus 3144,24,bus,Barangay 687
bus 3144,24,bus,Barangay 684
bus 3144,24,bus,Barangay 673
bus 3144,24,bus,Barangay 679
bus 3144,24,bus,Barangay 671
bus 3144,24,bus,Barangay 811
bus 3144,24,bus,Barangay 683
bus 3144,24,bus,Barangay 685
bus 3144,24,bus,Barangay 681
bus 3144,24,bus,Barangay 682
bus 3144,24,bus,Barangay 680
bus 3144,24,bus,Barangay 824
bus 3144,24,bus,Barangay 821
bus 3144,24,bus,Barangay 678
bus 3144,24,bus,Barangay 822
bus 3144,24,bus,Barangay 814
bus 3144,24,bus,Barangay 815
bus 3144,24,bus,Barangay 820
bus 3144,24,bus,Barangay 825
bus 3144,24,bus,Barangay 818
bus 3144,24,bus,Barangay 871
bus 3144,24,bus,Barangay 872
bus 3144,24,bus,Barangay 823
bus 3144,24,bus,Barangay 853
bus 3144,24,bus,Barangay 852
bus 3144,24,bus,Barangay 849
bus 3144,24,bus,Barangay 851
bus 3144,24,bus,Barangay 874
bus 3144,24,bus,Barangay 777
bus 3144,24,bus,Barangay 795
bus 3144,24,bus,Barangay 794
bus 3144,24,bus,Barangay 784
bus 3144,24,bus,Barangay 809
bus 3144,24,bus,Barangay 787
bus 3144,24,bus,Barangay 813
bus 3144,24,bus,Barangay 812
bus 3144,24,bus,Barangay 788
bus 3144,24,bus,Barangay 817
bus 3144,24,bus,Barangay 816
bus 3144,24,bus,Barangay 790
bus 3144,24,bus,Barangay 781
bus 3144,24,bus,Barangay 791
bus 3144,24,bus,Barangay 789
bus 3144,24,bus,Barangay 792
bus 3144,24,bus,Barangay 878
bus 3144,24,bus,Barangay 793
bus 3144,24,bus,Barangay 877
bus 3144,24,bus,Barangay 819
bus 3144,24,bus,Barangay 869
bus 3144,24,bus,Barangay 875
bus 3144,24,bus,Barangay 883
bus 3144,24,bus,Barangay 873
bus 3144,24,bus,Barangay 884
bus 3144,24,bus,Barangay 876
bus 3144,24,bus,Barangay 879
bus 3144,24,bus,Barangay 885
bus 3144,24,bus,Barangay 886
bus 3144,24,bus,Barangay 887
bus 3144,24,bus,Barangay 889
bus 3144,24,bus,Barangay 880
bus 3144,24,bus,Barangay 818-A
bus 3144,24,bus,Barangay 870
bus 3144,24,bus,Barangay 866
bus 3144,24,bus,Barangay 905
bus 3144,24,bus,Barangay 900
bus 3144,24,bus,Mandaluyong
bus 3144,24,bus,Barangay 888
bus 3144,24,bus,Barangay 890
bus 3144,24,bus,Barangay 891
bus 3144,24,bus,Barangay 892
bus 3144,24,bus,Barangay 896
bus 3144,24,bus,Barangay 897
bus 3144,24,bus,Barangay 894
bus 3144,24,bus,Barangay 895
bus 3144,24,bus,Barangay 625
bus 3144,24,bus,Barangay 623
bus 3144,24,bus,Barangay 620
bus 3144,24,bus,Barangay 893
bus 3144,24,bus,Barangay 618
bus 3144,24,bus,Barangay 609
bus 3144,24,bus,Barangay 608
bus 3144,24,bus,Barangay 677
bus 3144,24,bus,Barangay 827
bus 3144,24,bus,Barangay 703
bus 3144,24,bus,Barangay 697
bus 3144,24,bus,Barangay 696
bus 3144,24,bus,Barangay 694
bus 3144,24,bus,Barangay 669
bus 3144,24,bus,Barangay 675
bus 3144,24,bus,Barangay 676
bus LDOT1,25,bus,Laguna
bus LDOT1,25,bus,Muntinlupa
bus T3103,26,bus,Mandaluyong
bus T3103,26,bus,Barangay 893
bus T3103,26,bus,Barangay 607
bus T3103,26,bus,Barangay 602
bus T3103,26,bus,San Juan
bus T3103,26,bus,Quezon City
bus 3113,27,bus,Mandaluyong
bus 3113,27,bus,San Juan
bus 3113,28,bus,Mandaluyong
bus 3113,28,bus,Barangay 607
bus 3113,28,bus,Barangay 602
bus 3113,28,bus,San Juan
bus LX,29,bus,Taguig
bus LX,29,bus,Makati
bus PITX-LMRY,30,bus,Laguna
bus PITX-LMRY,30,bus,Muntinlupa
bus PITX-LMRY,30,bus,Taguig
bus PITX-LMRY,30,bus,Parañaque
bus PITX-LMRY,30,bus,Pasay
bus 3200,31,bus,Quezon City
bus 3200,32,bus,Quezon City
share_taxi C85,33,share_taxi,Las Piñas
share_taxi C85,33,share_taxi,Parañaque
share_taxi C85,33,share_taxi,Pasay
share_taxi C85,33,share_taxi,Barangay 667
share_taxi C85,33,share_taxi,Barangay 666
share_taxi C85,33,share_taxi,Barangay 657
share_taxi C85,33,share_taxi,Barangay 658
share_taxi C85,33,share_taxi,Barangay 654
share_taxi C85,33,share_taxi,Barangay 291
share_taxi C85,33,share_taxi,Barangay 287
share_taxi C85,33,share_taxi,Barangay 719
share_taxi C85,33,share_taxi,Barangay 720
share_taxi C85,33,share_taxi,Barangay 721
share_taxi C85,33,share_taxi,Barangay 701
share_taxi C85,33,share_taxi,Barangay 700
share_taxi C85,33,share_taxi,Barangay 699
share_taxi C85,33,share_taxi,Barangay 668
share_taxi C85,33,share_taxi,Barangay 660
share_taxi C85,33,share_taxi,Barangay 659
share_taxi C85,33,share_taxi,Barangay 659-A
share_taxi C85,33,share_taxi,Barangay 384
share_taxi C85,33,share_taxi,Barangay 306
share_taxi C85,33,share_taxi,Barangay 303
share_taxi C85,33,share_taxi,Barangay 660-A
share_taxi C85,33,share_taxi,Barangay 647
share_taxi C85,33,share_taxi,Barangay 653
share_taxi C85,33,share_taxi,Barangay 656
bus PNR-2,34,bus,Barangay 756
bus PNR-2,34,bus,Barangay 761
bus PNR-2,34,bus,Barangay 746
bus PNR-2,34,bus,Barangay 745
bus PNR-2,34,bus,Barangay 752
bus PNR-2,34,bus,Barangay 754
bus PNR-2,34,bus,Barangay 753
bus PNR-2,34,bus,Barangay 732
bus PNR-2,34,bus,Barangay 751
bus PNR-2,34,bus,Barangay 731
bus PNR-2,34,bus,Barangay 750
bus PNR-2,34,bus,Barangay 739
bus PNR-2,34,bus,Barangay 740
bus PNR-2,34,bus,Barangay 807
bus PNR-2,34,bus,Barangay 806
bus PNR-2,34,bus,Barangay 805
bus PNR-2,34,bus,Barangay 803
bus PNR-2,34,bus,Barangay 802
bus PNR-2,34,bus,Barangay 798
bus PNR-2,34,bus,Barangay 797
bus PNR-2,34,bus,Barangay 796
bus PNR-2,34,bus,Barangay 738
bus PNR-2,34,bus,Barangay 737
bus PNR-2,34,bus,Barangay 799
bus PNR-2,34,bus,Barangay 741
bus PNR-2,34,bus,Barangay 800
bus PNR-2,34,bus,Barangay 736
bus PNR-2,34,bus,Barangay 735
bus PNR-2,34,bus,Barangay 810
bus PNR-2,34,bus,Barangay 734
bus PNR-2,34,bus,Barangay 808
bus PNR-2,34,bus,Barangay 742
bus PNR-2,34,bus,Barangay 686
bus PNR-2,34,bus,Barangay 684
bus PNR-2,34,bus,Barangay 679
bus PNR-2,34,bus,Barangay 811
bus PNR-2,34,bus,Barangay 683
bus PNR-2,34,bus,Barangay 685
bus PNR-2,34,bus,Barangay 681
bus PNR-2,34,bus,Barangay 682
bus PNR-2,34,bus,Barangay 680
bus PNR-2,34,bus,Barangay 824
bus PNR-2,34,bus,Barangay 821
bus PNR-2,34,bus,Barangay 678
bus PNR-2,34,bus,Barangay 822
bus PNR-2,34,bus,Barangay 814
bus PNR-2,34,bus,Barangay 815
bus PNR-2,34,bus,Barangay 820
bus PNR-2,34,bus,Barangay 825
bus PNR-2,34,bus,Barangay 818
bus PNR-2,34,bus,Barangay 871
bus PNR-2,34,bus,Barangay 872
bus PNR-2,34,bus,Barangay 823
bus PNR-2,34,bus,Barangay 853
bus PNR-2,34,bus,Barangay 852
bus PNR-2,34,bus,Barangay 849
bus PNR-2,34,bus,Barangay 851
bus PNR-2,34,bus,Barangay 855
bus PNR-2,34,bus,Barangay 850
bus PNR-2,34,bus,Barangay 857
bus PNR-2,34,bus,Barangay 841
bus PNR-2,34,bus,Barangay 842
bus PNR-2,34,bus,Barangay 856
bus PNR-2,34,bus,Barangay 858
bus PNR-2,34,bus,Barangay 844
bus PNR-2,34,bus,Muntinlupa
bus PNR-2,34,bus,Taguig
bus PNR-2,34,bus,Makati
bus PNR-2,34,bus,Parañaque
bus PNR-2,34,bus,Pasay
bus PNR-2,34,bus,Barangay 763
bus PNR-2,34,bus,Barangay 757
bus PNR-2,34,bus,Barangay 758
bus PNR-2,34,bus,Barangay 760
bus PNR-2,34,bus,Barangay 759
bus PNR-2,34,bus,Barangay 764
bus PNR-2,34,bus,Barangay 749
bus PNR-2,34,bus,Barangay 748
bus PNR-2,34,bus,Barangay 769
bus PNR-2,34,bus,Barangay 747
bus PNR-2,34,bus,Barangay 768
bus PNR-2,34,bus,Barangay 795
bus PNR-2,34,bus,Barangay 809
bus PNR-2,34,bus,Barangay 813
bus PNR-2,34,bus,Barangay 812
bus PNR-2,34,bus,Barangay 817
bus PNR-2,34,bus,Barangay 816
bus PNR-2,34,bus,Barangay 819
bus PNR-2,34,bus,Barangay 818-A
bus PNR-2,34,bus,Barangay 870
bus PNR-2,34,bus,Barangay 867
bus PNR-2,34,bus,Barangay 868
bus PNR-2,34,bus,Barangay 864
bus PNR-2,34,bus,Barangay 859
bus PNR-2,34,bus,Barangay 862
bus PNR-2,34,bus,Barangay 863
bus PNR-2,34,bus,Barangay 848
bus PNR-2,34,bus,Barangay 834
bus PNR-2,34,bus,Barangay 833
bus PNR-2,34,bus,Barangay 845
bus PNR-2,34,bus,Barangay 846
bus PNR-2,34,bus,Barangay 847
bus PNR-2,34,bus,Barangay 832
bus PNR-2,34,bus,Barangay 636
bus PNR-2,34,bus,Barangay 635
bus PNR-2,34,bus,Barangay 633
bus PNR-2,34,bus,Barangay 632
bus PNR-2,34,bus,Barangay 634
bus PNR-2,34,bus,Barangay 418
bus PNR-2,34,bus,Barangay 628
bus PNR-2,34,bus,Barangay 631
bus PNR-2,34,bus,Barangay 424
bus PNR-2,34,bus,Barangay 417
bus PNR-2,34,bus,Barangay 641
bus PNR-2,34,bus,Barangay 638
bus PNR-2,34,bus,Barangay 827
bus PNR-2,34,bus,Barangay 826
bus PNR-2,34,bus,Barangay 843
bus PNR-2,34,bus,Barangay 831
bus PNR-2,34,bus,Barangay 829
bus PNR-2,34,bus,Barangay 830
bus PNR-2,34,bus,Barangay 639
bus PNR-2,34,bus,Barangay 640
bus PNR-2,34,bus,Barangay 637
bus PNR-2,34,bus,Barangay 412
bus PNR-2,34,bus,Barangay 416
bus PNR-2,34,bus,Barangay 413
bus PNR-2,34,bus,Barangay 403
bus PNR-2,34,bus,Barangay 402
bus PNR-2,34,bus,Barangay 414
bus PNR-2,34,bus,Barangay 415
bus PNR-2,34,bus,Barangay 400
bus PNR-2,34,bus,Barangay 407
bus PNR-2,34,bus,Barangay 401
bus PNR-2,34,bus,Barangay 410
bus PNR-2,34,bus,Barangay 420
bus PNR-2,34,bus,Barangay 409
bus PNR-2,34,bus,Barangay 411
bus PNR-2,34,bus,Barangay 419
bus PNR-2,34,bus,Barangay 408
bus PNR-2,34,bus,Barangay 433
bus PNR-2,34,bus,Barangay 435
bus PNR-2,34,bus,Barangay 405
bus PNR-2,34,bus,Barangay 303
bus PNR-2,34,bus,Barangay 388
bus PNR-2,34,bus,Barangay 389
bus PNR-2,34,bus,Barangay 393
bus PNR-2,34,bus,Barangay 390
bus PNR-2,34,bus,Barangay 394
bus PNR-2,34,bus,Barangay 391
bus PNR-2,34,bus,Barangay 392
bus PNR-2,34,bus,Barangay 297
bus PNR-2,34,bus,Barangay 302
bus PNR-2,34,bus,Barangay 300
bus PNR-2,34,bus,Barangay 296
bus PNR-2,34,bus,Barangay 295
bus PNR-2,34,bus,Barangay 299
bus PNR-2,34,bus,Barangay 292
bus PNR-2,34,bus,Barangay 294
bus PNR-2,34,bus,Barangay 307
bus PNR-2,34,bus,Barangay 308
bus PNR-2,34,bus,Barangay 309
bus PNR-2,34,bus,Barangay 301
bus PNR-2,34,bus,Barangay 305
bus PNR-2,34,bus,Barangay 304
bus PNR-2,34,bus,Barangay 310
bus PNR-2,34,bus,Barangay 313
bus PNR-2,34,bus,Barangay 314
bus PNR-2,34,bus,Barangay 404
bus PNR-2,34,bus,Barangay 395
bus PNR-2,34,bus,Barangay 396
bus PNR-2,34,bus,Barangay 464
bus PNR-2,34,bus,Barangay 462
bus PNR-2,34,bus,Barangay 311
bus PNR-2,34,bus,Barangay 260
bus PNR-2,34,bus,Barangay 266
bus PNR-2,34,bus,Barangay 240
bus PNR-2,34,bus,Barangay 247
bus PNR-2,34,bus,Barangay 259
bus PNR-2,34,bus,Barangay 242
bus PNR-2,34,bus,Barangay 245
bus PNR-2,34,bus,Barangay 262
bus PNR-2,34,bus,Barangay 238
bus PNR-2,34,bus,Barangay 248
bus PNR-2,34,bus,Barangay 293
bus PNR-2,34,bus,Barangay 49
bus PNR-2,34,bus,"Tutuban Mall (Claimed by Five Barangays of Tondo, Manila)"
bus PNR-2,34,bus,Barangay 48
bus PNR-2,34,bus,Barangay 8
bus PNR-2,34,bus,Barangay 56
bus PNR-2,34,bus,Barangay 51
bus PNR-2,34,bus,Barangay 58
bus PNR-2,34,bus,Barangay 250
bus PNR-2,34,bus,Barangay 257
bus PNR-2,34,bus,Barangay 246
bus PNR-2,34,bus,Barangay 244
bus PNR-2,34,bus,Barangay 243
bus PNR-2,34,bus,Barangay 254
bus PNR-2,34,bus,Barangay 258
bus PNR-2,34,bus,Barangay 241
bus PNR-2,34,bus,Barangay 239
bus PNR-2,34,bus,Barangay 312
bus PNR-2,34,bus,Barangay 329
bus PNR-2,34,bus,Barangay 330
bus PNR-2,34,bus,Barangay 263
bus PNR-2,34,bus,Barangay 264
bus PNR-2,34,bus,Barangay 50
bus PNR-2,34,bus,Barangay 52
bus 208,35,bus,Pasig
bus 208,36,bus,Pasig
bus P13,37,bus,Las Piñas
bus P13,37,bus,Muntinlupa
bus 27,38,bus,Las Piñas
bus 27,38,bus,Parañaque
bus 14,39,bus,Barangay 718
bus 14,39,bus,Barangay 717
bus 14,39,bus,Barangay 727
bus 14,39,bus,Barangay 716
bus 14,39,bus,Barangay 713
bus 14,39,bus,Barangay 708
bus 14,39,bus,Barangay 726
bus 14,39,bus,Barangay 712
bus 14,39,bus,Barangay 709
bus 14,39,bus,Barangay 729
bus 14,39,bus,Barangay 730
bus 14,39,bus,Barangay 728
bus 14,39,bus,Barangay 733
bus 14,39,bus,Barangay 725
bus 14,39,bus,Barangay 714
bus 14,39,bus,Barangay 724
bus 14,39,bus,Barangay 723
bus 14,39,bus,Barangay 692
bus 14,39,bus,Barangay 722
bus 14,39,bus,Barangay 691
bus 14,39,bus,Barangay 693
bus 14,39,bus,Barangay 689
bus 14,39,bus,Barangay 690
bus 14,39,bus,Barangay 695
bus 14,39,bus,Parañaque
bus 14,39,bus,Pasay
bus 14,39,bus,Barangay 481
bus 14,39,bus,Barangay 480
bus 14,39,bus,Barangay 477
bus 14,39,bus,Barangay 488
bus 14,39,bus,Barangay 487
bus 14,39,bus,Barangay 486
bus 14,39,bus,Barangay 485
bus 14,39,bus,Barangay 511
bus 14,39,bus,Barangay 499
bus 14,39,bus,Barangay 501
bus 14,39,bus,Barangay 500
bus 14,39,bus,Barangay 494
bus 14,39,bus,Barangay 495
bus 14,39,bus,Barangay 492
bus 14,39,bus,Quezon City
bus 14,39,bus,Caloocan
bus 14,39,bus,Barangay 666
bus 14,39,bus,Barangay 657
bus 14,39,bus,Barangay 658
bus 14,39,bus,Barangay 654
bus 14,39,bus,Barangay 291
bus 14,39,bus,Barangay 719
bus 14,39,bus,Barangay 720
bus 14,39,bus,Barangay 715
bus 14,39,bus,Barangay 711
bus 14,39,bus,Barangay 710
bus 14,39,bus,Barangay 707
bus 14,39,bus,Barangay 706
bus 14,39,bus,Barangay 702
bus 14,39,bus,Barangay 703
bus 14,39,bus,Barangay 697
bus 14,39,bus,Barangay 696
bus 14,39,bus,Barangay 694
bus 14,39,bus,Barangay 669
bus 14,39,bus,Barangay 675
bus 14,39,bus,Barangay 676
bus 14,39,bus,Barangay 670
bus 14,39,bus,Barangay 660
bus 14,39,bus,Barangay 659
bus 14,39,bus,Barangay 659-A
bus 14,39,bus,Barangay 384
bus 14,39,bus,Barangay 306
bus 14,39,bus,Barangay 303
bus 14,39,bus,Barangay 674
bus 14,39,bus,Barangay 660-A
bus 14,39,bus,Barangay 664
bus 14,39,bus,Barangay 661
bus 14,39,bus,Barangay 647
bus 14,39,bus,Barangay 385
bus 14,39,bus,Barangay 387
bus 14,39,bus,Barangay 383
bus 14,39,bus,Barangay 388
bus 14,39,bus,Barangay 393
bus 14,39,bus,Barangay 394
bus 14,39,bus,Barangay 391
bus 14,39,bus,Barangay 392
bus 14,39,bus,Barangay 307
bus 14,39,bus,Barangay 308
bus 14,39,bus,Barangay 309
bus 14,39,bus,Barangay 310
bus 14,39,bus,Barangay 395
bus 14,39,bus,Barangay 396
bus 14,39,bus,Barangay 464
bus 14,39,bus,Barangay 462
bus 14,39,bus,Barangay 468
bus 14,39,bus,Barangay 311
bus 14,39,bus,Barangay 469
bus 14,39,bus,Barangay 656
bus 14,39,bus,Barangay 312
bus 14,39,bus,Barangay 322
bus 14,39,bus,Barangay 463
bus 14,39,bus,Barangay 467
bus 14,39,bus,Barangay 465
bus 14,39,bus,Barangay 315
bus 14,39,bus,Barangay 466
bus 14,39,bus,Barangay 319
bus 14,39,bus,Barangay 318
bus 14,39,bus,Barangay 470
bus 14,39,bus,Barangay 471
bus 14,39,bus,Barangay 317
bus 14,39,bus,Barangay 320
bus 14,39,bus,Barangay 324
bus 14,39,bus,Barangay 323
bus 14,39,bus,Barangay 340
bus 14,39,bus,Barangay 342
bus 14,39,bus,Barangay 490
bus 14,39,bus,Barangay 489
bus 14,39,bus,Barangay 338
bus 14,39,bus,Barangay 343
bus 14,39,bus,Barangay 491
bus 14,39,bus,Barangay 341
bus 14,39,bus,Barangay 352
bus 14,39,bus,Barangay 339
bus 14,39,bus,Barangay 482
bus 14,39,bus,Barangay 483
bus 14,39,bus,Barangay 484
bus 14,39,bus,Barangay 350
bus 14,39,bus,Barangay 351
bus 14,39,bus,Barangay 368
bus 14,39,bus,Barangay 497
bus 14,39,bus,Barangay 349
bus 14,39,bus,Barangay 369
bus 14,39,bus,Barangay 371
bus 14,39,bus,Barangay 365
bus 14,39,bus,Barangay 363
bus 14,39,bus,Barangay 366
bus 14,39,bus,Barangay 381
bus 14,39,bus,Barangay 210
bus 14,39,bus,Barangay 203
bus 14,39,bus,Barangay 211
bus 14,39,bus,Barangay 382
bus 14,39,bus,Barangay 207
bus 14,39,bus,Barangay 375
bus 14,39,bus,Barangay 208
bus 14,39,bus,Barangay 206
bus 14,39,bus,Barangay 373
bus 14,39,bus,Barangay 374
bus 14,39,bus,Barangay 201
bus 14,39,bus,Barangay 202-A
bus 14,39,bus,Barangay 364
bus 14,39,bus,Barangay 370
bus 14,39,bus,Barangay 367
bus 14,39,bus,Barangay 493
bus 14,39,bus,Barangay 379
bus 14,39,bus,Barangay 380
bus 14,39,bus,Barangay 376
bus 14,39,bus,Barangay 377
bus 14,39,bus,Barangay 378
bus 14,39,bus,Barangay 372
bus 14,39,bus,Barangay 205
bus 14,39,bus,Barangay 202
bus 14,39,bus,Barangay 197
bus 14,39,bus,Barangay 195
bus 14,39,bus,Barangay 193
bus 14,39,bus,Barangay 196
bus 14,39,bus,Barangay 194
bus 14,39,bus,Barangay 188
bus 14,39,bus,Barangay 187
bus 14,39,bus,Barangay 189
bus 14,39,bus,Barangay 191
bus 14,39,bus,Barangay 190
bus 14,39,bus,Barangay 192
bus 14,39,bus,Manila North Cemetery
bus 14,39,bus,Malabon
bus 14,39,bus,Barangay 199
bus 14,39,bus,Valenzuela
bus 64,40,bus,Quezon City
bus 64,40,bus,Caloocan
bus 64,40,bus,Bulacan
bus 64,40,bus,Valenzuela
bus 211,41,bus,Pasig
bus 211,42,bus,Pasig
bus 211,42,bus,Quezon City
bus PITX-MTNG,43,bus,Laguna
bus PITX-MTNG,43,bus,Muntinlupa
bus PITX-MTNG,43,bus,Taguig
bus PITX-MTNG,43,bus,Makati
bus PITX-MTNG,43,bus,Parañaque
bus PITX-MTNG,43,bus,Pasay
bus PITX-DVOC,44,bus,Laguna
bus PITX-DVOC,44,bus,Muntinlupa
bus PITX-DVOC,44,bus,Taguig
bus PITX-DVOC,44,bus,Parañaque
bus PITX-DVOC,44,bus,Pasay
bus 412,45,bus,Las Piñas
bus 415,46,bus,Las Piñas
bus 415,46,bus,Taguig
bus 415,46,bus,Parañaque
bus 415,46,bus,Pasay
bus 415,47,bus,Las Piñas
bus 415,47,bus,Taguig
bus 415,47,bus,Parañaque
bus 415,47,bus,Pasay
bus 27,48,bus,Las Piñas
bus 27,48,bus,Parañaque
bus CBAO-SFPM,49,bus,Marikina
bus CBAO-SFPM,49,bus,Quezon City
bus CBAO-SFPM,49,bus,Caloocan
bus CBAO-SFPM,49,bus,Bulacan
bus CBAO-SFPM,49,bus,Valenzuela
bus CBAO-SFPM,50,bus,Marikina
bus CBAO-SFPM,50,bus,Quezon City
bus CBAO-SFPM,50,bus,Caloocan
bus CBAO-SFPM,50,bus,Bulacan
bus CBAO-SFPM,50,bus,Valenzuela
bus 5,51,bus,Barangay 718
bus 5,51,bus,Barangay 717
bus 5,51,bus,Barangay 727
bus 5,51,bus,Barangay 716
bus 5,51,bus,Barangay 713
bus 5,51,bus,Barangay 708
bus 5,51,bus,Barangay 726
bus 5,51,bus,Barangay 712
bus 5,51,bus,Barangay 709
bus 5,51,bus,Barangay 729
bus 5,51,bus,Barangay 730
bus 5,51,bus,Barangay 728
bus 5,51,bus,Barangay 725
bus 5,51,bus,Barangay 714
bus 5,51,bus,Barangay 724
bus 5,51,bus,Barangay 723
bus 5,51,bus,Barangay 692
bus 5,51,bus,Barangay 722
bus 5,51,bus,Barangay 691
bus 5,51,bus,Barangay 693
bus 5,51,bus,Barangay 689
bus 5,51,bus,Barangay 690
bus 5,51,bus,Barangay 695
bus 5,51,bus,Parañaque
bus 5,51,bus,Pasay
bus 5,51,bus,Barangay 488
bus 5,51,bus,Barangay 487
bus 5,51,bus,Barangay 486
bus 5,51,bus,Barangay 485
bus 5,51,bus,Barangay 511
bus 5,51,bus,Barangay 499
bus 5,51,bus,Barangay 501
bus 5,51,bus,Barangay 500
bus 5,51,bus,Barangay 494
bus 5,51,bus,Barangay 495
bus 5,51,bus,Barangay 492
bus 5,51,bus,Quezon City
bus 5,51,bus,Caloocan
bus 5,51,bus,Barangay 666
bus 5,51,bus,Barangay 657
bus 5,51,bus,Barangay 658
bus 5,51,bus,Barangay 654
bus 5,51,bus,Barangay 291
bus 5,51,bus,Barangay 287
bus 5,51,bus,Barangay 719
bus 5,51,bus,Barangay 720
bus 5,51,bus,Barangay 715
bus 5,51,bus,Barangay 711
bus 5,51,bus,Barangay 710
bus 5,51,bus,Barangay 707
bus 5,51,bus,Barangay 706
bus 5,51,bus,Barangay 702
bus 5,51,bus,Barangay 703
bus 5,51,bus,Barangay 697
bus 5,51,bus,Barangay 696
bus 5,51,bus,Barangay 694
bus 5,51,bus,Barangay 669
bus 5,51,bus,Barangay 675
bus 5,51,bus,Barangay 676
bus 5,51,bus,Barangay 670
bus 5,51,bus,Barangay 660
bus 5,51,bus,Barangay 659
bus 5,51,bus,Barangay 659-A
bus 5,51,bus,Barangay 384
bus 5,51,bus,Barangay 306
bus 5,51,bus,Barangay 303
bus 5,51,bus,Barangay 674
bus 5,51,bus,Barangay 660-A
bus 5,51,bus,Barangay 664
bus 5,51,bus,Barangay 647
bus 5,51,bus,Barangay 385
bus 5,51,bus,Barangay 387
bus 5,51,bus,Barangay 383
bus 5,51,bus,Barangay 388
bus 5,51,bus,Barangay 393
bus 5,51,bus,Barangay 394
bus 5,51,bus,Barangay 391
bus 5,51,bus,Barangay 392
bus 5,51,bus,Barangay 307
bus 5,51,bus,Barangay 308
bus 5,51,bus,Barangay 309
bus 5,51,bus,Barangay 310
bus 5,51,bus,Barangay 395
bus 5,51,bus,Barangay 396
bus 5,51,bus,Barangay 464
bus 5,51,bus,Barangay 462
bus 5,51,bus,Barangay 468
bus 5,51,bus,Barangay 311
bus 5,51,bus,Barangay 469
bus 5,51,bus,Barangay 656
bus 5,51,bus,Barangay 312
bus 5,51,bus,Barangay 316
bus 5,51,bus,Barangay 322
bus 5,51,bus,Barangay 463
bus 5,51,bus,Barangay 467
bus 5,51,bus,Barangay 465
bus 5,51,bus,Barangay 315
bus 5,51,bus,Barangay 466
bus 5,51,bus,Barangay 319
bus 5,51,bus,Barangay 318
bus 5,51,bus,Barangay 470
bus 5,51,bus,Barangay 471
bus 5,51,bus,Barangay 317
bus 5,51,bus,Barangay 320
bus 5,51,bus,Barangay 324
bus 5,51,bus,Barangay 323
bus 5,51,bus,Barangay 340
bus 5,51,bus,Barangay 342
bus 5,51,bus,Barangay 490
bus 5,51,bus,Barangay 489
bus 5,51,bus,Barangay 338
bus 5,51,bus,Barangay 343
bus 5,51,bus,Barangay 491
bus 5,51,bus,Barangay 341
bus 5,51,bus,Barangay 352
bus 5,51,bus,Barangay 339
bus 5,51,bus,Barangay 337
bus 5,51,bus,Barangay 336
bus 5,51,bus,Barangay 344
bus 5,51,bus,Barangay 346
bus 5,51,bus,Barangay 482
bus 5,51,bus,Barangay 483
bus 5,51,bus,Barangay 484
bus 5,51,bus,Barangay 350
bus 5,51,bus,Barangay 351
bus 5,51,bus,Barangay 368
bus 5,51,bus,Barangay 497
bus 5,51,bus,Barangay 349
bus 5,51,bus,Barangay 369
bus 5,51,bus,Barangay 371
bus 5,51,bus,Barangay 365
bus 5,51,bus,Barangay 363
bus 5,51,bus,Barangay 381
bus 5,51,bus,Barangay 364
bus 5,51,bus,Barangay 370
bus 5,51,bus,Barangay 367
bus 5,51,bus,Barangay 493
bus 5,51,bus,Barangay 379
bus 5,51,bus,Barangay 380
bus 5,51,bus,Barangay 376
bus 5,51,bus,Barangay 377
bus 5,51,bus,Barangay 372
bus 5,51,bus,Manila North Cemetery
bus 5,51,bus,Bulacan
bus 5,51,bus,Malabon
bus 5,51,bus,Valenzuela
bus 03-P02,58,bus,Barangay 761
bus 03-P02,58,bus,Barangay 746
bus 03-P02,58,bus,Barangay 745
bus 03-P02,58,bus,Barangay 752
bus 03-P02,58,bus,Barangay 754
bus 03-P02,58,bus,Barangay 753
bus 03-P02,58,bus,Barangay 732
bus 03-P02,58,bus,Barangay 751
bus 03-P02,58,bus,Barangay 731
bus 03-P02,58,bus,Barangay 750
bus 03-P02,58,bus,Barangay 739
bus 03-P02,58,bus,Barangay 740
bus 03-P02,58,bus,Barangay 807
bus 03-P02,58,bus,Barangay 806
bus 03-P02,58,bus,Barangay 805
bus 03-P02,58,bus,Barangay 803
bus 03-P02,58,bus,Barangay 802
bus 03-P02,58,bus,Barangay 798
bus 03-P02,58,bus,Barangay 797
bus 03-P02,58,bus,Barangay 796
bus 03-P02,58,bus,Barangay 738
bus 03-P02,58,bus,Barangay 737
bus 03-P02,58,bus,Barangay 799
bus 03-P02,58,bus,Barangay 741
bus 03-P02,58,bus,Barangay 800
bus 03-P02,58,bus,Barangay 736
bus 03-P02,58,bus,Barangay 735
bus 03-P02,58,bus,Barangay 810
bus 03-P02,58,bus,Barangay 734
bus 03-P02,58,bus,Barangay 808
bus 03-P02,58,bus,Barangay 742
bus 03-P02,58,bus,Barangay 686
bus 03-P02,58,bus,Barangay 684
bus 03-P02,58,bus,Barangay 679
bus 03-P02,58,bus,Barangay 811
bus 03-P02,58,bus,Barangay 683
bus 03-P02,58,bus,Barangay 685
bus 03-P02,58,bus,Barangay 681
bus 03-P02,58,bus,Barangay 682
bus 03-P02,58,bus,Barangay 680
bus 03-P02,58,bus,Barangay 824
bus 03-P02,58,bus,Barangay 821
bus 03-P02,58,bus,Barangay 678
bus 03-P02,58,bus,Barangay 822
bus 03-P02,58,bus,Barangay 814
bus 03-P02,58,bus,Barangay 815
bus 03-P02,58,bus,Barangay 820
bus 03-P02,58,bus,Barangay 825
bus 03-P02,58,bus,Barangay 818
bus 03-P02,58,bus,Barangay 871
bus 03-P02,58,bus,Barangay 872
bus 03-P02,58,bus,Barangay 823
bus 03-P02,58,bus,Barangay 853
bus 03-P02,58,bus,Barangay 852
bus 03-P02,58,bus,Barangay 849
bus 03-P02,58,bus,Barangay 851
bus 03-P02,58,bus,Barangay 855
bus 03-P02,58,bus,Barangay 850
bus 03-P02,58,bus,Barangay 857
bus 03-P02,58,bus,Barangay 841
bus 03-P02,58,bus,Barangay 842
bus 03-P02,58,bus,Barangay 856
bus 03-P02,58,bus,Barangay 858
bus 03-P02,58,bus,Barangay 844
bus 03-P02,58,bus,Taguig
bus 03-P02,58,bus,Makati
bus 03-P02,58,bus,Pasay
bus 03-P02,58,bus,Barangay 763
bus 03-P02,58,bus,Barangay 757
bus 03-P02,58,bus,Barangay 758
bus 03-P02,58,bus,Barangay 760
bus 03-P02,58,bus,Barangay 759
bus 03-P02,58,bus,Barangay 764
bus 03-P02,58,bus,Barangay 749
bus 03-P02,58,bus,Barangay 748
bus 03-P02,58,bus,Barangay 769
bus 03-P02,58,bus,Barangay 747
bus 03-P02,58,bus,Barangay 768
bus 03-P02,58,bus,Barangay 795
bus 03-P02,58,bus,Barangay 809
bus 03-P02,58,bus,Barangay 813
bus 03-P02,58,bus,Barangay 812
bus 03-P02,58,bus,Barangay 817
bus 03-P02,58,bus,Barangay 816
bus 03-P02,58,bus,Barangay 819
bus 03-P02,58,bus,Barangay 818-A
bus 03-P02,58,bus,Barangay 870
bus 03-P02,58,bus,Barangay 866
bus 03-P02,58,bus,Barangay 867
bus 03-P02,58,bus,Barangay 868
bus 03-P02,58,bus,Barangay 905
bus 03-P02,58,bus,Barangay 903
bus 03-P02,58,bus,Barangay 902
bus 03-P02,58,bus,Barangay 864
bus 03-P02,58,bus,Mandaluyong
bus 03-P02,58,bus,Barangay 888
bus 03-P02,58,bus,Barangay 890
bus 03-P02,58,bus,Barangay 891
bus 03-P02,58,bus,Barangay 901
bus 03-P02,58,bus,Barangay 899
bus 03-P02,58,bus,Barangay 892
bus 03-P02,58,bus,Barangay 896
bus 03-P02,58,bus,Barangay 897
bus 03-P02,58,bus,Barangay 898
bus 03-P02,58,bus,Barangay 894
bus 03-P02,58,bus,Barangay 895
bus 03-P02,58,bus,Barangay 625
bus 03-P02,58,bus,Barangay 623
bus 03-P02,58,bus,Barangay 620
bus 03-P02,58,bus,Barangay 624
bus 03-P02,58,bus,Barangay 893
bus 03-P02,58,bus,Barangay 859
bus 03-P02,58,bus,Barangay 862
bus 03-P02,58,bus,Barangay 865
bus 03-P02,58,bus,Barangay 860
bus 03-P02,58,bus,Barangay 863
bus 03-P02,58,bus,Barangay 861
bus 03-P02,58,bus,Barangay 835
bus 03-P02,58,bus,Barangay 622
bus 03-P02,58,bus,Barangay 839
bus 03-P02,58,bus,Barangay 618
bus 03-P02,58,bus,Barangay 840
bus 03-P02,58,bus,Barangay 609
bus 03-P02,58,bus,Barangay 608
bus 03-P02,58,bus,Barangay 619
bus 03-P02,58,bus,Barangay 837
bus 03-P02,58,bus,Barangay 617
bus 03-P02,58,bus,Barangay 838
bus 03-P02,58,bus,Barangay 610
bus 03-P02,58,bus,Barangay 614
bus 03-P02,58,bus,Barangay 607
bus 03-P02,58,bus,Barangay 616
bus 03-P02,58,bus,Barangay 604
bus 03-P02,58,bus,Barangay 612
bus 03-P02,58,bus,Barangay 606
bus 03-P02,58,bus,Barangay 602
bus 03-P02,58,bus,Barangay 601
bus 03-P02,58,bus,Barangay 600
bus 03-P02,58,bus,Barangay 599
bus 03-P02,58,bus,Barangay 598
bus 03-P02,58,bus,Barangay 597
bus 03-P02,58,bus,Barangay 596
bus 03-P02,58,bus,San Juan
bus 03-P02,58,bus,Barangay 595
bus 03-P02,58,bus,Barangay 594
bus 03-P02,58,bus,Barangay 586
bus 03-P02,58,bus,Quezon City
bus 03-P02,58,bus,Caloocan
bus 03-P02,58,bus,Bulacan
bus 03-P02,58,bus,Malabon
bus 03-P02,58,bus,Valenzuela
bus 111,59,bus,Quezon City
bus 111,60,bus,Quezon City
bus 101,61,bus,Quezon City
bus 101,61,bus,Caloocan
bus 101,61,bus,Valenzuela
bus 101,62,bus,Quezon City
bus 101,62,bus,Caloocan
bus 101,62,bus,Valenzuela
bus PITX-GNBT,63,bus,Laguna
bus PITX-GNBT,63,bus,Muntinlupa
bus PITX-GNBT,63,bus,Taguig
bus PITX-GNBT,63,bus,Parañaque
bus PITX-GNBT,63,bus,Pasay
bus PITX-PRTD,64,bus,Laguna
bus PITX-PRTD,64,bus,Muntinlupa
bus PITX-PRTD,64,bus,Taguig
bus PITX-PRTD,64,bus,Parañaque
bus PITX-PRTD,64,bus,Pasay
bus PITX-LGNY,65,bus,Laguna
bus PITX-LGNY,65,bus,Muntinlupa
bus PITX-LGNY,65,bus,Taguig
bus PITX-LGNY,65,bus,Parañaque
bus PITX-LGNY,65,bus,Pasay
bus PITX-NSGB,66,bus,Las Piñas
bus PITX-NSGB,66,bus,Parañaque
bus PITX-NSGB,67,bus,Las Piñas
bus PITX-NSGB,67,bus,Parañaque
bus PNR-1,68,bus,Barangay 746
bus PNR-1,68,bus,Barangay 745
bus PNR-1,68,bus,Barangay 752
bus PNR-1,68,bus,Barangay 754
bus PNR-1,68,bus,Barangay 753
bus PNR-1,68,bus,Barangay 732
bus PNR-1,68,bus,Barangay 751
bus PNR-1,68,bus,Barangay 731
bus PNR-1,68,bus,Barangay 750
bus PNR-1,68,bus,Barangay 739
bus PNR-1,68,bus,Barangay 740
bus PNR-1,68,bus,Barangay 807
bus PNR-1,68,bus,Barangay 806
bus PNR-1,68,bus,Barangay 805
bus PNR-1,68,bus,Barangay 803
bus PNR-1,68,bus,Barangay 802
bus PNR-1,68,bus,Barangay 798
bus PNR-1,68,bus,Barangay 797
bus PNR-1,68,bus,Barangay 796
bus PNR-1,68,bus,Barangay 738
bus PNR-1,68,bus,Barangay 737
bus PNR-1,68,bus,Barangay 799
bus PNR-1,68,bus,Barangay 741
bus PNR-1,68,bus,Barangay 800
bus PNR-1,68,bus,Barangay 736
bus PNR-1,68,bus,Barangay 735
bus PNR-1,68,bus,Barangay 810
bus PNR-1,68,bus,Barangay 734
bus PNR-1,68,bus,Barangay 808
bus PNR-1,68,bus,Barangay 742
bus PNR-1,68,bus,Barangay 686
bus PNR-1,68,bus,Barangay 684
bus PNR-1,68,bus,Barangay 679
bus PNR-1,68,bus,Barangay 811
bus PNR-1,68,bus,Barangay 683
bus PNR-1,68,bus,Barangay 685
bus PNR-1,68,bus,Barangay 681
bus PNR-1,68,bus,Barangay 682
bus PNR-1,68,bus,Barangay 680
bus PNR-1,68,bus,Barangay 824
bus PNR-1,68,bus,Barangay 821
bus PNR-1,68,bus,Barangay 822
bus PNR-1,68,bus,Barangay 814
bus PNR-1,68,bus,Barangay 815
bus PNR-1,68,bus,Barangay 820
bus PNR-1,68,bus,Barangay 825
bus PNR-1,68,bus,Barangay 818
bus PNR-1,68,bus,Barangay 871
bus PNR-1,68,bus,Barangay 872
bus PNR-1,68,bus,Barangay 823
bus PNR-1,68,bus,Barangay 853
bus PNR-1,68,bus,Barangay 852
bus PNR-1,68,bus,Barangay 849
bus PNR-1,68,bus,Barangay 851
bus PNR-1,68,bus,Barangay 855
bus PNR-1,68,bus,Barangay 850
bus PNR-1,68,bus,Barangay 857
bus PNR-1,68,bus,Barangay 841
bus PNR-1,68,bus,Barangay 842
bus PNR-1,68,bus,Barangay 856
bus PNR-1,68,bus,Barangay 858
bus PNR-1,68,bus,Barangay 844
bus PNR-1,68,bus,Taguig
bus PNR-1,68,bus,Makati
bus PNR-1,68,bus,Parañaque
bus PNR-1,68,bus,Pasay
bus PNR-1,68,bus,Barangay 763
bus PNR-1,68,bus,Barangay 767
bus PNR-1,68,bus,Barangay 757
bus PNR-1,68,bus,Barangay 758
bus PNR-1,68,bus,Barangay 760
bus PNR-1,68,bus,Barangay 759
bus PNR-1,68,bus,Barangay 764
bus PNR-1,68,bus,Barangay 749
bus PNR-1,68,bus,Barangay 748
bus PNR-1,68,bus,Barangay 769
bus PNR-1,68,bus,Barangay 747
bus PNR-1,68,bus,Barangay 768
bus PNR-1,68,bus,Barangay 795
bus PNR-1,68,bus,Barangay 794
bus PNR-1,68,bus,Barangay 809
bus PNR-1,68,bus,Barangay 813
bus PNR-1,68,bus,Barangay 812
bus PNR-1,68,bus,Barangay 817
bus PNR-1,68,bus,Barangay 816
bus PNR-1,68,bus,Barangay 819
bus PNR-1,68,bus,Barangay 818-A
bus PNR-1,68,bus,Barangay 870
bus PNR-1,68,bus,Barangay 866
bus PNR-1,68,bus,Barangay 867
bus PNR-1,68,bus,Barangay 868
bus PNR-1,68,bus,Barangay 864
bus PNR-1,68,bus,Barangay 859
bus PNR-1,68,bus,Barangay 862
bus PNR-1,68,bus,Barangay 863
bus PNR-1,68,bus,Barangay 848
bus PNR-1,68,bus,Barangay 834
bus PNR-1,68,bus,Barangay 833
bus PNR-1,68,bus,Barangay 845
bus PNR-1,68,bus,Barangay 846
bus PNR-1,68,bus,Barangay 847
bus PNR-1,68,bus,Barangay 832
bus PNR-1,68,bus,Barangay 636
bus PNR-1,68,bus,Barangay 635
bus PNR-1,68,bus,Barangay 633
bus PNR-1,68,bus,Barangay 632
bus PNR-1,68,bus,Barangay 634
bus PNR-1,68,bus,Barangay 418
bus PNR-1,68,bus,Barangay 628
bus PNR-1,68,bus,Barangay 631
bus PNR-1,68,bus,Barangay 424
bus PNR-1,68,bus,Barangay 417
bus PNR-1,68,bus,Barangay 423
bus PNR-1,68,bus,Barangay 437
bus PNR-1,68,bus,Barangay 826
bus PNR-1,68,bus,Barangay 843
bus PNR-1,68,bus,Barangay 831
bus PNR-1,68,bus,Barangay 829
bus PNR-1,68,bus,Barangay 830
bus PNR-1,68,bus,Barangay 640
bus PNR-1,68,bus,Barangay 637
bus PNR-1,68,bus,Barangay 413
bus PNR-1,68,bus,Barangay 414
bus PNR-1,68,bus,Barangay 407
bus PNR-1,68,bus,Barangay 410
bus PNR-1,68,bus,Barangay 420
bus PNR-1,68,bus,Barangay 409
bus PNR-1,68,bus,Barangay 411
bus PNR-1,68,bus,Barangay 419
bus PNR-1,68,bus,Barangay 408
bus PNR-1,68,bus,Barangay 433
bus PNR-1,68,bus,Barangay 435
bus PNR-1,68,bus,Barangay 436
bus PNR-1,68,bus,Barangay 434
bus PNR-1,68,bus,Barangay 439
bus PNR-1,68,bus,Barangay 432
bus PNR-1,68,bus,Barangay 438
bus PNR-1,68,bus,Barangay 429
bus PNR-1,68,bus,Barangay 448
bus PNR-1,68,bus,Barangay 449
bus PNR-1,68,bus,Barangay 447
bus PNR-1,68,bus,Barangay 455
bus PNR-1,68,bus,Barangay 405
bus PNR-1,68,bus,Barangay 406
bus PNR-1,68,bus,Barangay 458
bus PNR-1,68,bus,Barangay 430
bus PNR-1,68,bus,Barangay 431
bus PNR-1,68,bus,Barangay 459
bus PNR-1,68,bus,Barangay 457
bus PNR-1,68,bus,Barangay 460
bus PNR-1,68,bus,Barangay 461
bus PNR-1,68,bus,Barangay 456
bus PNR-1,68,bus,Barangay 454
bus PNR-1,68,bus,Barangay 479
bus PNR-1,68,bus,Barangay 478
bus PNR-1,68,bus,Barangay 476
bus PNR-1,68,bus,Barangay 481
bus PNR-1,68,bus,Barangay 480
bus PNR-1,68,bus,Barangay 477
bus PNR-1,68,bus,Barangay 453
bus PNR-1,68,bus,Barangay 452
bus PNR-1,68,bus,Barangay 488
bus PNR-1,68,bus,Barangay 486
bus PNR-1,68,bus,Barangay 266
bus PNR-1,68,bus,Barangay 240
bus PNR-1,68,bus,Barangay 247
bus PNR-1,68,bus,Barangay 259
bus PNR-1,68,bus,Barangay 242
bus PNR-1,68,bus,Barangay 245
bus PNR-1,68,bus,Barangay 262
bus PNR-1,68,bus,Barangay 238
bus PNR-1,68,bus,Barangay 248
bus PNR-1,68,bus,"Tutuban Mall (Claimed by Five Barangays of Tondo, Manila)"
bus PNR-1,68,bus,Barangay 48
bus PNR-1,68,bus,Barangay 8
bus PNR-1,68,bus,Barangay 56
bus PNR-1,68,bus,Barangay 51
bus PNR-1,68,bus,Barangay 58
bus PNR-1,68,bus,Barangay 250
bus PNR-1,68,bus,Barangay 257
bus PNR-1,68,bus,Barangay 246
bus PNR-1,68,bus,Barangay 244
bus PNR-1,68,bus,Barangay 243
bus PNR-1,68,bus,Barangay 254
bus PNR-1,68,bus,Barangay 258
bus PNR-1,68,bus,Barangay 241
bus PNR-1,68,bus,Barangay 239
bus PNR-1,68,bus,Barangay 253
bus PNR-1,68,bus,Barangay 470
bus PNR-1,68,bus,Barangay 471
bus PNR-1,68,bus,Barangay 264
bus PNR-1,68,bus,Barangay 267
bus PNR-1,68,bus,Barangay 323
bus PNR-1,68,bus,Barangay 340
bus PNR-1,68,bus,Barangay 342
bus PNR-1,68,bus,Barangay 490
bus PNR-1,68,bus,Barangay 489
bus PNR-1,68,bus,Barangay 338
bus PNR-1,68,bus,Barangay 343
bus PNR-1,68,bus,Barangay 491
bus PNR-1,68,bus,Barangay 341
bus PNR-1,68,bus,Barangay 352
bus PNR-1,68,bus,Barangay 339
bus PNR-1,68,bus,Barangay 255
bus PNR-1,68,bus,Barangay 337
bus PNR-1,68,bus,Barangay 331
bus PNR-1,68,bus,Barangay 336
bus PNR-1,68,bus,Barangay 353
bus PNR-1,68,bus,Barangay 344
bus PNR-1,68,bus,Barangay 355
bus PNR-1,68,bus,Barangay 346
bus PNR-1,68,bus,Barangay 482
bus PNR-1,68,bus,Barangay 350
bus PNR-1,68,bus,Barangay 351
bus PNR-1,68,bus,Barangay 349
bus PNR-1,68,bus,Barangay 354
bus PNR-1,68,bus,Barangay 345
bus PNR-1,68,bus,Barangay 358
bus PNR-1,68,bus,Barangay 361
bus PNR-1,68,bus,Barangay 362
bus PNR-1,68,bus,Barangay 347
bus PNR-1,68,bus,Barangay 357
bus PNR-1,68,bus,Barangay 360
bus PNR-1,68,bus,Barangay 348
bus PNR-1,68,bus,Barangay 356
bus PNR-1,68,bus,Barangay 50
bus PNR-1,68,bus,Barangay 52
bus PNR-1,68,bus,Barangay 252
bus PNR-1,68,bus,Barangay 251
bus PNR-1,68,bus,Barangay 237
bus PNR-1,68,bus,Barangay 235
bus PNR-1,68,bus,Barangay 236
bus PNR-1,68,bus,Barangay 256
bus PNR-1,68,bus,Barangay 249
bus PNR-1,68,bus,Barangay 234
bus PNR-1,68,bus,Barangay 233
bus PNR-1,68,bus,Barangay 225
bus PNR-1,68,bus,Barangay 226
bus PNR-1,68,bus,Barangay 229
bus PNR-1,68,bus,Barangay 230
bus PNR-1,68,bus,Barangay 232
bus PNR-1,68,bus,Barangay 222
bus P49,69,bus,Quezon City
bus P49,69,bus,Caloocan
bus P49,69,bus,Bulacan
bus P49,69,bus,Malabon
bus P49,69,bus,Valenzuela
bus P49,70,bus,Quezon City
bus P49,70,bus,Caloocan
bus P49,70,bus,Bulacan
bus P49,70,bus,Valenzuela
bus BA,71,bus,Las Piñas
bus BA,71,bus,Muntinlupa
bus 459,72,bus,Las Piñas
bus relation 73,73,bus,Pasay
bus P28,74,bus,Taguig
bus P28,74,bus,Makati
bus P28,74,bus,Parañaque
bus P28,74,bus,Pasay
bus P28,74,bus,Mandaluyong
share_taxi C85,75,share_taxi,Las Piñas
share_taxi C85,75,share_taxi,Barangay 718
share_taxi C85,75,share_taxi,Barangay 717
share_taxi C85,75,share_taxi,Barangay 727
share_taxi C85,75,share_taxi,Barangay 716
share_taxi C85,75,share_taxi,Barangay 713
share_taxi C85,75,share_taxi,Barangay 708
share_taxi C85,75,share_taxi,Barangay 726
share_taxi C85,75,share_taxi,Barangay 712
share_taxi C85,75,share_taxi,Barangay 709
share_taxi C85,75,share_taxi,Barangay 729
share_taxi C85,75,share_taxi,Barangay 730
share_taxi C85,75,share_taxi,Barangay 728
share_taxi C85,75,share_taxi,Barangay 733
share_taxi C85,75,share_taxi,Barangay 725
share_taxi C85,75,share_taxi,Barangay 714
share_taxi C85,75,share_taxi,Barangay 724
share_taxi C85,75,share_taxi,Barangay 723
share_taxi C85,75,share_taxi,Barangay 692
share_taxi C85,75,share_taxi,Barangay 722
share_taxi C85,75,share_taxi,Barangay 691
share_taxi C85,75,share_taxi,Barangay 693
share_taxi C85,75,share_taxi,Barangay 689
share_taxi C85,75,share_taxi,Barangay 690
share_taxi C85,75,share_taxi,Barangay 695
share_taxi C85,75,share_taxi,Parañaque
share_taxi C85,75,share_taxi,Pasay
share_taxi C85,75,share_taxi,Barangay 666
share_taxi C85,75,share_taxi,Barangay 657
share_taxi C85,75,share_taxi,Barangay 658
share_taxi C85,75,share_taxi,Barangay 654
share_taxi C85,75,share_taxi,Barangay 719
share_taxi C85,75,share_taxi,Barangay 720
share_taxi C85,75,share_taxi,Barangay 715
share_taxi C85,75,share_taxi,Barangay 711
share_taxi C85,75,share_taxi,Barangay 710
share_taxi C85,75,share_taxi,Barangay 707
share_taxi C85,75,share_taxi,Barangay 706
share_taxi C85,75,share_taxi,Barangay 702
share_taxi C85,75,share_taxi,Barangay 703
share_taxi C85,75,share_taxi,Barangay 697
share_taxi C85,75,share_taxi,Barangay 696
share_taxi C85,75,share_taxi,Barangay 694
share_taxi C85,75,share_taxi,Barangay 669
share_taxi C85,75,share_taxi,Barangay 675
share_taxi C85,75,share_taxi,Barangay 676
share_taxi C85,75,share_taxi,Barangay 670
share_taxi C85,75,share_taxi,Barangay 660
share_taxi C85,75,share_taxi,Barangay 659
share_taxi C85,75,share_taxi,Barangay 659-A
share_taxi C85,75,share_taxi,Barangay 384
share_taxi C85,75,share_taxi,Barangay 306
share_taxi C85,75,share_taxi,Barangay 674
share_taxi C85,75,share_taxi,Barangay 660-A
share_taxi C85,75,share_taxi,Barangay 664
share_taxi C85,75,share_taxi,Barangay 661
share_taxi C85,75,share_taxi,Barangay 647
share_taxi C85,75,share_taxi,Barangay 656
bus Laguna,76,bus,Laguna
bus Laguna,76,bus,Muntinlupa
bus Laguna,76,bus,Taguig
bus Laguna,76,bus,Parañaque
bus Laguna,76,bus,Pasay
bus Laguna Route,77,bus,Laguna
bus Laguna Route,77,bus,Muntinlupa
bus Laguna Route,77,bus,Taguig
bus Laguna Route,77,bus,Parañaque
bus Laguna Route,77,bus,Pasay
bus QC6,78,bus,Quezon City
bus QC6,79,bus,San Juan
bus QC6,79,bus,Quezon City
bus QC1,80,bus,Quezon City
bus QC1,81,bus,Quezon City
bus QC3,82,bus,Barangay 526
bus QC3,82,bus,Barangay 530
bus QC3,82,bus,Barangay 512
bus QC3,82,bus,Barangay 525
bus QC3,82,bus,Barangay 527
bus QC3,82,bus,Barangay 529
bus QC3,82,bus,Barangay 531
bus QC3,82,bus,Barangay 528
bus QC3,82,bus,Barangay 538
bus QC3,82,bus,Barangay 537
bus QC3,82,bus,Quezon City
bus QC3,83,bus,Barangay 530
bus QC3,83,bus,Barangay 512
bus QC3,83,bus,Barangay 531
bus QC3,83,bus,Marikina
bus QC3,83,bus,Quezon City
bus QC4,84,bus,Quezon City
bus QC4,84,bus,Caloocan
bus QC4,85,bus,Quezon City
bus QC4,85,bus,Caloocan
bus 29,86,bus,Las Piñas
bus 29,86,bus,Parañaque
bus BM,90,bus,Las Piñas
bus BM,90,bus,Muntinlupa
bus BM,90,bus,Taguig
bus BM,90,bus,Makati
bus BM,90,bus,Parañaque
bus BM,90,bus,Pasay
bus BM,90,bus,Mandaluyong
bus 29,91,bus,Las Piñas
bus 29,91,bus,Parañaque
bus 31,92,bus,Las Piñas
bus 31,92,bus,Parañaque
bus 32,93,bus,Las Piñas
bus 32,93,bus,Parañaque
bus PITX-AMDO,94,bus,Las Piñas
bus PITX-AMDO,94,bus,Parañaque
bus: PITX–Amadeo via Tagaytay,95,bus,Las Piñas
bus: PITX–Amadeo via Tagaytay,95,bus,Parañaque
bus 32,96,bus,Las Piñas
bus 32,96,bus,Parañaque
bus SA3,97,bus,Las Piñas
bus SA3,97,bus,Parañaque
bus PTX-BLY,98,bus,Laguna
bus PTX-BLY,98,bus,Muntinlupa
bus PTX-BLY,98,bus,Taguig
bus PTX-BLY,98,bus,Makati
bus PTX-BLY,98,bus,Parañaque
bus PTX-BLY,98,bus,Pasay
bus PITX-BLYN,99,bus,Laguna
bus PITX-BLYN,99,bus,Muntinlupa
bus PITX-BLYN,99,bus,Taguig
bus PITX-BLYN,99,bus,Parañaque
bus PITX-BLYN,99,bus,Pasay
bus 31,100,bus,Las Piñas
bus 31,100,bus,Parañaque
bus: Citylink Bus Route (Upper McKinley - San Lorenzo Place),101,bus,Taguig
bus: Citylink Bus Route (Upper McKinley - San Lorenzo Place),101,bus,Makati
bus: Citylink Bus Route (Upper McKinley - San Lorenzo Place),101,bus,Pasay
bus: Citylink Bus Route (San Lorenzo Place - Upper McKinley),102,bus,Taguig
bus: Citylink Bus Route (San Lorenzo Place - Upper McKinley),102,bus,Makati
bus: Citylink Bus Route (San Lorenzo Place - Upper McKinley),102,bus,Pasay
bus PITX-TRNT,103,bus,Las Piñas
bus PITX-TRNT,103,bus,Parañaque
bus NAIA,104,bus,Parañaque
bus NAIA,104,bus,Pasay
bus: PITX–Calatagan,105,bus,Las Piñas
bus: PITX–Calatagan,105,bus,Parañaque
bus PITX-CLTG,106,bus,Las Piñas
bus PITX-CLTG,106,bus,Parañaque
bus 403,107,bus,Barangay 718
bus 403,107,bus,Barangay 717
bus 403,107,bus,Barangay 727
bus 403,107,bus,Barangay 716
bus 403,107,bus,Barangay 713
bus 403,107,bus,Barangay 708
bus 403,107,bus,Barangay 726
bus 403,107,bus,Barangay 712
bus 403,107,bus,Barangay 709
bus 403,107,bus,Barangay 729
bus 403,107,bus,Barangay 730
bus 403,107,bus,Barangay 728
bus 403,107,bus,Barangay 733
bus 403,107,bus,Barangay 725
bus 403,107,bus,Barangay 724
bus 403,107,bus,Parañaque
bus 403,107,bus,Pasay
bus 403,107,bus,Barangay 719
bus 403,107,bus,Barangay 720
bus 403,107,bus,Barangay 715
bus 403,107,bus,Barangay 711
bus: PITX–Mendez via Tagaytay,110,bus,Las Piñas
bus: PITX–Mendez via Tagaytay,110,bus,Parañaque
bus 20,111,bus,Barangay 488
bus 20,111,bus,Barangay 487
bus 20,111,bus,Barangay 486
bus 20,111,bus,Barangay 485
bus 20,111,bus,Barangay 511
bus 20,111,bus,Barangay 499
bus 20,111,bus,Barangay 501
bus 20,111,bus,Barangay 500
bus 20,111,bus,Barangay 494
bus 20,111,bus,Barangay 495
bus 20,111,bus,Barangay 492
bus 20,111,bus,Quezon City
bus 20,111,bus,Caloocan
bus 20,111,bus,Barangay 299
bus 20,111,bus,Barangay 294
bus 20,111,bus,Barangay 308
bus 20,111,bus,Barangay 309
bus 20,111,bus,Barangay 301
bus 20,111,bus,Barangay 305
bus 20,111,bus,Barangay 304
bus 20,111,bus,Barangay 310
bus 20,111,bus,Barangay 313
bus 20,111,bus,Barangay 314
bus 20,111,bus,Barangay 464
bus 20,111,bus,Barangay 462
bus 20,111,bus,Barangay 468
bus 20,111,bus,Barangay 311
bus 20,111,bus,Barangay 469
bus 20,111,bus,Barangay 260
bus 20,111,bus,Barangay 262
bus 20,111,bus,Barangay 312
bus 20,111,bus,Barangay 335
bus 20,111,bus,Barangay 329
bus 20,111,bus,Barangay 330
bus 20,111,bus,Barangay 263
bus 20,111,bus,Barangay 316
bus 20,111,bus,Barangay 332
bus 20,111,bus,Barangay 328
bus 20,111,bus,Barangay 261
bus 20,111,bus,Barangay 322
bus 20,111,bus,Barangay 463
bus 20,111,bus,Barangay 467
bus 20,111,bus,Barangay 465
bus 20,111,bus,Barangay 315
bus 20,111,bus,Barangay 466
bus 20,111,bus,Barangay 319
bus 20,111,bus,Barangay 318
bus 20,111,bus,Barangay 470
bus 20,111,bus,Barangay 471
bus 20,111,bus,Barangay 317
bus 20,111,bus,Barangay 264
bus 20,111,bus,Barangay 321
bus 20,111,bus,Barangay 333
bus 20,111,bus,Barangay 326
bus 20,111,bus,Barangay 320
bus 20,111,bus,Barangay 324
bus 20,111,bus,Barangay 323
bus 20,111,bus,Barangay 340
bus 20,111,bus,Barangay 342
bus 20,111,bus,Barangay 490
bus 20,111,bus,Barangay 489
bus 20,111,bus,Barangay 338
bus 20,111,bus,Barangay 343
bus 20,111,bus,Barangay 491
bus 20,111,bus,Barangay 341
bus 20,111,bus,Barangay 352
bus 20,111,bus,Barangay 339
bus 20,111,bus,Barangay 337
bus 20,111,bus,Barangay 336
bus 20,111,bus,Barangay 344
bus 20,111,bus,Barangay 346
bus 20,111,bus,Barangay 482
bus 20,111,bus,Barangay 483
bus 20,111,bus,Barangay 484
bus 20,111,bus,Barangay 350
bus 20,111,bus,Barangay 351
bus 20,111,bus,Barangay 368
bus 20,111,bus,Barangay 497
bus 20,111,bus,Barangay 349
bus 20,111,bus,Barangay 369
bus 20,111,bus,Barangay 371
bus 20,111,bus,Barangay 365
bus 20,111,bus,Barangay 363
bus 20,111,bus,Barangay 381
bus 20,111,bus,Barangay 364
bus 20,111,bus,Barangay 370
bus 20,111,bus,Barangay 367
bus 20,111,bus,Barangay 493
bus 20,111,bus,Barangay 379
bus 20,111,bus,Barangay 380
bus 20,111,bus,Barangay 376
bus 20,111,bus,Barangay 377
bus 20,111,bus,Barangay 372
bus 20,111,bus,Manila North Cemetery
bus 20,111,bus,Malabon
bus 20,111,bus,Valenzuela
bus 3,112,bus,Pasig
bus 3,112,bus,Marikina
bus 3,112,bus,Quezon City
bus PITX–BLYN,113,bus,Las Piñas
bus PITX–BLYN,113,bus,Parañaque
bus PITX-BLYN,114,bus,Las Piñas
bus PITX-BLYN,114,bus,Parañaque
bus BM,116,bus,Las Piñas
bus BM,116,bus,Muntinlupa
bus BM,116,bus,Taguig
bus BM,116,bus,Makati
bus BM,116,bus,Parañaque
bus BM,116,bus,Pasay
bus T101,117,bus,Quezon City
bus T101,117,bus,Caloocan
bus 23,118,bus,Las Piñas
bus 23,118,bus,Barangay 718
bus 23,118,bus,Barangay 717
bus 23,118,bus,Barangay 727
bus 23,118,bus,Barangay 716
bus 23,118,bus,Barangay 713
bus 23,118,bus,Barangay 708
bus 23,118,bus,Barangay 726
bus 23,118,bus,Barangay 712
bus 23,118,bus,Barangay 709
bus 23,118,bus,Barangay 729
bus 23,118,bus,Barangay 730
bus 23,118,bus,Barangay 728
bus 23,118,bus,Barangay 733
bus 23,118,bus,Barangay 725
bus 23,118,bus,Barangay 714
bus 23,118,bus,Barangay 724
bus 23,118,bus,Barangay 723
bus 23,118,bus,Barangay 692
bus 23,118,bus,Barangay 722
bus 23,118,bus,Barangay 691
bus 23,118,bus,Barangay 693
bus 23,118,bus,Barangay 689
bus 23,118,bus,Barangay 690
bus 23,118,bus,Barangay 695
bus 23,118,bus,Muntinlupa
bus 23,118,bus,Parañaque
bus 23,118,bus,Pasay
bus 23,118,bus,Cavite
bus 23,118,bus,Barangay 666
bus 23,118,bus,Barangay 657
bus 23,118,bus,Barangay 658
bus 23,118,bus,Barangay 654
bus 23,118,bus,Barangay 291
bus 23,118,bus,Barangay 287
bus 23,118,bus,Barangay 719
bus 23,118,bus,Barangay 720
bus 23,118,bus,Barangay 715
bus 23,118,bus,Barangay 711
bus 23,118,bus,Barangay 710
bus 23,118,bus,Barangay 707
bus 23,118,bus,Barangay 706
bus 23,118,bus,Barangay 702
bus 23,118,bus,Barangay 703
bus 23,118,bus,Barangay 697
bus 23,118,bus,Barangay 696
bus 23,118,bus,Barangay 694
bus 23,118,bus,Barangay 669
bus 23,118,bus,Barangay 675
bus 23,118,bus,Barangay 676
bus 23,118,bus,Barangay 670
bus 23,118,bus,Barangay 660
bus 23,118,bus,Barangay 659
bus 23,118,bus,Barangay 659-A
bus 23,118,bus,Barangay 384
bus 23,118,bus,Barangay 306
bus 23,118,bus,Barangay 303
bus 23,118,bus,Barangay 674
bus 23,118,bus,Barangay 660-A
bus 23,118,bus,Barangay 664
bus 23,118,bus,Barangay 661
bus 23,118,bus,Barangay 656
bus 14,119,bus,Barangay 718
bus 14,119,bus,Barangay 717
bus 14,119,bus,Barangay 727
bus 14,119,bus,Barangay 716
bus 14,119,bus,Barangay 713
bus 14,119,bus,Barangay 708
bus 14,119,bus,Barangay 726
bus 14,119,bus,Barangay 712
bus 14,119,bus,Barangay 709
bus 14,119,bus,Barangay 729
bus 14,119,bus,Barangay 730
bus 14,119,bus,Barangay 728
bus 14,119,bus,Barangay 725
bus 14,119,bus,Barangay 714
bus 14,119,bus,Barangay 724
bus 14,119,bus,Barangay 723
bus 14,119,bus,Barangay 692
bus 14,119,bus,Barangay 722
bus 14,119,bus,Barangay 691
bus 14,119,bus,Barangay 693
bus 14,119,bus,Barangay 689
bus 14,119,bus,Barangay 690
bus 14,119,bus,Barangay 695
bus 14,119,bus,Parañaque
bus 14,119,bus,Pasay
bus 14,119,bus,Barangay 400
bus 14,119,bus,Barangay 401
bus 14,119,bus,Barangay 455
bus 14,119,bus,Barangay 398
bus 14,119,bus,Barangay 458
bus 14,119,bus,Barangay 459
bus 14,119,bus,Barangay 457
bus 14,119,bus,Barangay 460
bus 14,119,bus,Barangay 461
bus 14,119,bus,Barangay 456
bus 14,119,bus,Barangay 454
bus 14,119,bus,Barangay 479
bus 14,119,bus,Barangay 478
bus 14,119,bus,Barangay 476
bus 14,119,bus,Barangay 481
bus 14,119,bus,Barangay 480
bus 14,119,bus,Barangay 477
bus 14,119,bus,Barangay 453
bus 14,119,bus,Barangay 452
bus 14,119,bus,Barangay 488
bus 14,119,bus,Barangay 487
bus 14,119,bus,Barangay 486
bus 14,119,bus,Barangay 485
bus 14,119,bus,Barangay 511
bus 14,119,bus,Barangay 499
bus 14,119,bus,Barangay 501
bus 14,119,bus,Barangay 500
bus 14,119,bus,Barangay 494
bus 14,119,bus,Barangay 495
bus 14,119,bus,Barangay 492
bus 14,119,bus,Quezon City
bus 14,119,bus,Caloocan
bus 14,119,bus,Barangay 666
bus 14,119,bus,Barangay 657
bus 14,119,bus,Barangay 658
bus 14,119,bus,Barangay 654
bus 14,119,bus,Barangay 291
bus 14,119,bus,Barangay 287
bus 14,119,bus,Barangay 719
bus 14,119,bus,Barangay 720
bus 14,119,bus,Barangay 715
bus 14,119,bus,Barangay 711
bus 14,119,bus,Barangay 710
bus 14,119,bus,Barangay 707
bus 14,119,bus,Barangay 706
bus 14,119,bus,Barangay 702
bus 14,119,bus,Barangay 703
bus 14,119,bus,Barangay 697
bus 14,119,bus,Barangay 696
bus 14,119,bus,Barangay 694
bus 14,119,bus,Barangay 669
bus 14,119,bus,Barangay 675
bus 14,119,bus,Barangay 676
bus 14,119,bus,Barangay 670
bus 14,119,bus,Barangay 660
bus 14,119,bus,Barangay 659
bus 14,119,bus,Barangay 659-A
bus 14,119,bus,Barangay 384
bus 14,119,bus,Barangay 306
bus 14,119,bus,Barangay 303
bus 14,119,bus,Barangay 674
bus 14,119,bus,Barangay 660-A
bus 14,119,bus,Barangay 664
bus 14,119,bus,Barangay 647
bus 14,119,bus,Barangay 385
bus 14,119,bus,Barangay 387
bus 14,119,bus,Barangay 383
bus 14,119,bus,Barangay 388
bus 14,119,bus,Barangay 393
bus 14,119,bus,Barangay 394
bus 14,119,bus,Barangay 391
bus 14,119,bus,Barangay 392
bus 14,119,bus,Barangay 307
bus 14,119,bus,Barangay 308
bus 14,119,bus,Barangay 309
bus 14,119,bus,Barangay 310
bus 14,119,bus,Barangay 404
bus 14,119,bus,Barangay 395
bus 14,119,bus,Barangay 396
bus 14,119,bus,Barangay 399
bus 14,119,bus,Barangay 464
bus 14,119,bus,Barangay 462
bus 14,119,bus,Barangay 397
bus 14,119,bus,Barangay 468
bus 14,119,bus,Barangay 311
bus 14,119,bus,Barangay 469
bus 14,119,bus,Barangay 656
bus 14,119,bus,Barangay 312
bus 14,119,bus,Barangay 463
bus 14,119,bus,Barangay 467
bus 14,119,bus,Barangay 465
bus 14,119,bus,Barangay 315
bus 14,119,bus,Barangay 466
bus 14,119,bus,Barangay 470
bus 14,119,bus,Barangay 471
bus 14,119,bus,Barangay 323
bus 14,119,bus,Barangay 340
bus 14,119,bus,Barangay 342
bus 14,119,bus,Barangay 490
bus 14,119,bus,Barangay 489
bus 14,119,bus,Barangay 338
bus 14,119,bus,Barangay 343
bus 14,119,bus,Barangay 491
bus 14,119,bus,Barangay 341
bus 14,119,bus,Barangay 352
bus 14,119,bus,Barangay 482
bus 14,119,bus,Barangay 483
bus 14,119,bus,Barangay 484
bus 14,119,bus,Barangay 350
bus 14,119,bus,Barangay 351
bus 14,119,bus,Barangay 368
bus 14,119,bus,Barangay 497
bus 14,119,bus,Barangay 349
bus 14,119,bus,Barangay 369
bus 14,119,bus,Barangay 371
bus 14,119,bus,Barangay 365
bus 14,119,bus,Barangay 363
bus 14,119,bus,Barangay 366
bus 14,119,bus,Barangay 381
bus 14,119,bus,Barangay 210
bus 14,119,bus,Barangay 203
bus 14,119,bus,Barangay 211
bus 14,119,bus,Barangay 382
bus 14,119,bus,Barangay 207
bus 14,119,bus,Barangay 375
bus 14,119,bus,Barangay 208
bus 14,119,bus,Barangay 206
bus 14,119,bus,Barangay 373
bus 14,119,bus,Barangay 374
bus 14,119,bus,Barangay 201
bus 14,119,bus,Barangay 202-A
bus 14,119,bus,Barangay 364
bus 14,119,bus,Barangay 370
bus 14,119,bus,Barangay 367
bus 14,119,bus,Barangay 493
bus 14,119,bus,Barangay 379
bus 14,119,bus,Barangay 380
bus 14,119,bus,Barangay 376
bus 14,119,bus,Barangay 377
bus 14,119,bus,Barangay 378
bus 14,119,bus,Barangay 372
bus 14,119,bus,Barangay 205
bus 14,119,bus,Barangay 202
bus 14,119,bus,Barangay 197
bus 14,119,bus,Barangay 195
bus 14,119,bus,Barangay 193
bus 14,119,bus,Barangay 196
bus 14,119,bus,Barangay 194
bus 14,119,bus,Barangay 188
bus 14,119,bus,Barangay 187
bus 14,119,bus,Barangay 189
bus 14,119,bus,Barangay 191
bus 14,119,bus,Barangay 190
bus 14,119,bus,Barangay 192
bus 14,119,bus,Manila North Cemetery
bus 14,119,bus,Malabon
bus 14,119,bus,Barangay 199
bus 14,119,bus,Valenzuela
bus 26,120,bus,Las Piñas
bus 26,120,bus,Parañaque
bus 26,121,bus,Las Piñas
bus 26,121,bus,Parañaque
bus 4,122,bus,Makati
bus 4,122,bus,Parañaque
bus 4,122,bus,Pasay
bus 403,123,bus,Barangay 718
bus 403,123,bus,Barangay 717
bus 403,123,bus,Barangay 727
bus 403,123,bus,Barangay 716
bus 403,123,bus,Barangay 713
bus 403,123,bus,Barangay 708
bus 403,123,bus,Barangay 726
bus 403,123,bus,Barangay 712
bus 403,123,bus,Barangay 709
bus 403,123,bus,Barangay 729
bus 403,123,bus,Barangay 730
bus 403,123,bus,Barangay 728
bus 403,123,bus,Barangay 725
bus 403,123,bus,Barangay 714
bus 403,123,bus,Barangay 724
bus 403,123,bus,Barangay 723
bus 403,123,bus,Barangay 692
bus 403,123,bus,Barangay 722
bus 403,123,bus,Barangay 691
bus 403,123,bus,Parañaque
bus 403,123,bus,Pasay
bus 403,123,bus,Barangay 719
bus 403,123,bus,Barangay 720
bus 403,123,bus,Barangay 715
bus 403,123,bus,Barangay 711
bus 403,123,bus,Barangay 710
bus 403,123,bus,Barangay 707
bus 403,123,bus,Barangay 706
bus 403,123,bus,Barangay 702
bus 403,123,bus,Barangay 703
bus T101,124,bus,Quezon City
bus T101,124,bus,Caloocan
bus TZ,125,bus,Las Piñas
bus 3190,126,bus,Makati
bus 3190,126,bus,Mandaluyong
bus SA1,127,bus,Las Piñas
bus SA1,127,bus,Parañaque
bus: Pasig Transport: Ligaya → City Hall via PCGH,128,bus,Pasig
bus: Pasig Transport: Ligaya → City Hall via PCGH,128,bus,Quezon City
bus 44,129,bus,Las Piñas
bus 44,129,bus,Muntinlupa
bus 44,129,bus,Makati
bus 44,129,bus,Parañaque
bus 44,129,bus,Pasay
bus 405,130,bus,Parañaque
bus 405,130,bus,Pasay
bus LNC Link,131,bus,Las Piñas
bus LNC Link,131,bus,Parañaque
bus LNC Link,132,bus,Las Piñas
bus LNC Link,132,bus,Parañaque
bus PITX-NSGB,133,bus,Las Piñas
bus PITX-NSGB,133,bus,Parañaque
bus 477,134,bus,Las Piñas
bus 477,134,bus,Parañaque
bus 477,135,bus,Las Piñas
bus 477,135,bus,Parañaque
bus 3207,136,bus,Parañaque
bus 3207,136,bus,Pasay
bus 3207,136,bus,Barangay 667
bus 3207,136,bus,Barangay 666
bus 3207,136,bus,Barangay 657
bus 3207,136,bus,Barangay 658
bus 3207,136,bus,Barangay 654
bus 3207,136,bus,Barangay 291
bus 3207,136,bus,Barangay 287
bus 3207,136,bus,Barangay 719
bus 3207,136,bus,Barangay 720
bus 3207,136,bus,Barangay 721
bus 3207,136,bus,Barangay 701
bus 3207,136,bus,Barangay 704
bus 3207,136,bus,Barangay 705
bus 3207,136,bus,Barangay 702
bus 3207,136,bus,Barangay 698
bus 3207,136,bus,Barangay 697
bus 3207,136,bus,Barangay 669
bus 3207,136,bus,Barangay 676
bus 3207,136,bus,Barangay 700
bus 3207,136,bus,Barangay 699
bus 3207,136,bus,Barangay 668
bus 3207,136,bus,Barangay 670
bus 3207,136,bus,Barangay 660
bus 3207,136,bus,Barangay 659
bus 3207,136,bus,Barangay 659-A
bus 3207,136,bus,Barangay 384
bus 3207,136,bus,Barangay 306
bus 3207,136,bus,Barangay 303
bus 3207,136,bus,Barangay 674
bus 3207,136,bus,Barangay 660-A
bus 3207,136,bus,Barangay 664
bus 3207,136,bus,Barangay 661
bus 3207,136,bus,Barangay 656
bus 3207,137,bus,Parañaque
bus 3207,137,bus,Pasay
bus 3207,137,bus,Barangay 667
bus 3207,137,bus,Barangay 666
bus 3207,137,bus,Barangay 657
bus 3207,137,bus,Barangay 658
bus 3207,137,bus,Barangay 654
bus 3207,137,bus,Barangay 291
bus 3207,137,bus,Barangay 287
bus 3207,137,bus,Barangay 719
bus 3207,137,bus,Barangay 720
bus 3207,137,bus,Barangay 721
bus 3207,137,bus,Barangay 701
bus 3207,137,bus,Barangay 676
bus 3207,137,bus,Barangay 700
bus 3207,137,bus,Barangay 699
bus 3207,137,bus,Barangay 668
bus 3207,137,bus,Barangay 670
bus 3207,137,bus,Barangay 660
bus 3207,137,bus,Barangay 659
bus 3207,137,bus,Barangay 659-A
bus 3207,137,bus,Barangay 384
bus 3207,137,bus,Barangay 306
bus 3207,137,bus,Barangay 303
bus 3207,137,bus,Barangay 674
bus 3207,137,bus,Barangay 660-A
bus 3207,137,bus,Barangay 664
bus 3207,137,bus,Barangay 656
bus 58,138,bus,Laguna
bus 58,138,bus,Muntinlupa
bus 205,139,bus,Pasig
bus 205,139,bus,Mandaluyong
bus 205,139,bus,Quezon City
bus 205,140,bus,Pasig
bus 205,140,bus,Quezon City
bus: PITX–Alfonso,141,bus,Las Piñas
bus: PITX–Alfonso,141,bus,Parañaque
bus CBTSMPC,142,bus,Las Piñas
bus CBTSMPC,142,bus,Parañaque
bus PTX-CLT,143,bus,Laguna
bus PTX-CLT,143,bus,Muntinlupa
bus PTX-CLT,143,bus,Taguig
bus PTX-CLT,143,bus,Makati
bus PTX-CLT,143,bus,Parañaque
bus PTX-CLT,143,bus,Pasay
bus PITX-CLTG,144,bus,Laguna
bus PITX-CLTG,144,bus,Muntinlupa
bus PITX-CLTG,144,bus,Taguig
bus PITX-CLTG,144,bus,Parañaque
bus PITX-CLTG,144,bus,Pasay
bus CT1,145,bus,Las Piñas
bus CT1,145,bus,Parañaque
bus 18,146,bus,Taguig
bus 18,146,bus,Makati
bus 18,146,bus,Pasig
bus 18,146,bus,Parañaque
bus 18,146,bus,Pasay
bus 18,146,bus,Marikina
bus 18,146,bus,Quezon City
bus P31,147,bus,Taguig
bus P31,147,bus,Makati
bus P31,147,bus,Pasig
bus P31,147,bus,Mandaluyong
bus P31,148,bus,Taguig
bus P31,148,bus,Makati
bus P36,149,bus,Las Piñas
bus P36,149,bus,Taguig
bus P36,149,bus,Makati
bus P36,149,bus,Parañaque
bus P36,149,bus,Pasay
bus P36,149,bus,Mandaluyong
bus P35,150,bus,Las Piñas
bus P35,150,bus,Muntinlupa
bus P35,150,bus,Taguig
bus P35,150,bus,Makati
bus P35,150,bus,Parañaque
bus P35,150,bus,Pasay
bus P35,150,bus,Mandaluyong
bus P30,151,bus,Taguig
bus P30,151,bus,Makati
bus P30,151,bus,Pasig
bus P30,151,bus,Mandaluyong
bus P30,152,bus,Taguig
bus P30,152,bus,Makati
bus P30,152,bus,Pasig
bus P30,152,bus,Mandaluyong
bus P30,152,bus,Quezon City
bus PT1,153,bus,Pasig
bus PT1,153,bus,Quezon City
bus PITX-MNDZ,154,bus,Las Piñas
bus PITX-MNDZ,154,bus,Parañaque
bus PITX-MNDZ,155,bus,Las Piñas
bus PITX-MNDZ,155,bus,Parañaque
bus 28,156,bus,Las Piñas
bus 28,156,bus,Parañaque
bus 28,157,bus,Las Piñas
bus 28,157,bus,Parañaque
bus P29,158,bus,Las Piñas
bus P29,158,bus,Muntinlupa
bus P29,158,bus,Taguig
bus P29,158,bus,Makati
bus P29,158,bus,Parañaque
bus P29,158,bus,Pasay
bus P29,159,bus,Las Piñas
bus P29,159,bus,Muntinlupa
bus P29,159,bus,Taguig
bus P29,159,bus,Makati
bus P29,159,bus,Parañaque
bus P29,159,bus,Pasay
bus 04-P07,160,bus,Laguna
bus 04-P07,160,bus,Muntinlupa
bus 04-P07,160,bus,Taguig
bus 04-P07,160,bus,Parañaque
bus 04-P07,160,bus,Pasay
bus 04-P11,161,bus,Laguna
bus 04-P11,161,bus,Muntinlupa
bus 04-P11,161,bus,Taguig
bus 04-P11,161,bus,Parañaque
bus 04-P11,161,bus,Pasay
bus P36,162,bus,Las Piñas
bus P36,162,bus,Taguig
bus P36,162,bus,Makati
bus P36,162,bus,Parañaque
bus P36,162,bus,Pasay
bus 04-P07,163,bus,Laguna
bus 04-P07,163,bus,Muntinlupa
bus 04-P07,163,bus,Taguig
bus 04-P07,163,bus,Parañaque
bus 04-P07,163,bus,Pasay
bus 03-P02,164,bus,Barangay 761
bus 03-P02,164,bus,Barangay 746
bus 03-P02,164,bus,Barangay 745
bus 03-P02,164,bus,Barangay 752
bus 03-P02,164,bus,Barangay 754
bus 03-P02,164,bus,Barangay 753
bus 03-P02,164,bus,Barangay 732
bus 03-P02,164,bus,Barangay 751
bus 03-P02,164,bus,Barangay 731
bus 03-P02,164,bus,Barangay 750
bus 03-P02,164,bus,Barangay 739
bus 03-P02,164,bus,Barangay 740
bus 03-P02,164,bus,Barangay 807
bus 03-P02,164,bus,Barangay 806
bus 03-P02,164,bus,Barangay 805
bus 03-P02,164,bus,Barangay 803
bus 03-P02,164,bus,Barangay 802
bus 03-P02,164,bus,Barangay 798
bus 03-P02,164,bus,Barangay 797
bus 03-P02,164,bus,Barangay 796
bus 03-P02,164,bus,Barangay 738
bus 03-P02,164,bus,Barangay 737
bus 03-P02,164,bus,Barangay 799
bus 03-P02,164,bus,Barangay 741
bus 03-P02,164,bus,Barangay 800
bus 03-P02,164,bus,Barangay 736
bus 03-P02,164,bus,Barangay 735
bus 03-P02,164,bus,Barangay 810
bus 03-P02,164,bus,Barangay 734
bus 03-P02,164,bus,Barangay 808
bus 03-P02,164,bus,Barangay 742
bus 03-P02,164,bus,Barangay 686
bus 03-P02,164,bus,Barangay 684
bus 03-P02,164,bus,Barangay 679
bus 03-P02,164,bus,Barangay 811
bus 03-P02,164,bus,Barangay 683
bus 03-P02,164,bus,Barangay 685
bus 03-P02,164,bus,Barangay 681
bus 03-P02,164,bus,Barangay 682
bus 03-P02,164,bus,Barangay 680
bus 03-P02,164,bus,Barangay 824
bus 03-P02,164,bus,Barangay 821
bus 03-P02,164,bus,Barangay 678
bus 03-P02,164,bus,Barangay 822
bus 03-P02,164,bus,Barangay 814
bus 03-P02,164,bus,Barangay 815
bus 03-P02,164,bus,Barangay 820
bus 03-P02,164,bus,Barangay 825
bus 03-P02,164,bus,Barangay 818
bus 03-P02,164,bus,Barangay 871
bus 03-P02,164,bus,Barangay 872
bus 03-P02,164,bus,Barangay 823
bus 03-P02,164,bus,Barangay 853
bus 03-P02,164,bus,Barangay 852
bus 03-P02,164,bus,Barangay 849
bus 03-P02,164,bus,Barangay 851
bus 03-P02,164,bus,Barangay 855
bus 03-P02,164,bus,Barangay 850
bus 03-P02,164,bus,Barangay 857
bus 03-P02,164,bus,Barangay 841
bus 03-P02,164,bus,Barangay 842
bus 03-P02,164,bus,Barangay 856
bus 03-P02,164,bus,Barangay 858
bus 03-P02,164,bus,Barangay 844
bus 03-P02,164,bus,Taguig
bus 03-P02,164,bus,Makati
bus 03-P02,164,bus,Pasay
bus 03-P02,164,bus,Barangay 763
bus 03-P02,164,bus,Barangay 757
bus 03-P02,164,bus,Barangay 758
bus 03-P02,164,bus,Barangay 760
bus 03-P02,164,bus,Barangay 759
bus 03-P02,164,bus,Barangay 764
bus 03-P02,164,bus,Barangay 749
bus 03-P02,164,bus,Barangay 748
bus 03-P02,164,bus,Barangay 769
bus 03-P02,164,bus,Barangay 747
bus 03-P02,164,bus,Barangay 768
bus 03-P02,164,bus,Barangay 795
bus 03-P02,164,bus,Barangay 794
bus 03-P02,164,bus,Barangay 809
bus 03-P02,164,bus,Barangay 813
bus 03-P02,164,bus,Barangay 812
bus 03-P02,164,bus,Barangay 817
bus 03-P02,164,bus,Barangay 816
bus 03-P02,164,bus,Barangay 819
bus 03-P02,164,bus,Barangay 818-A
bus 03-P02,164,bus,Barangay 870
bus 03-P02,164,bus,Barangay 866
bus 03-P02,164,bus,Barangay 867
bus 03-P02,164,bus,Barangay 868
bus 03-P02,164,bus,Barangay 905
bus 03-P02,164,bus,Barangay 903
bus 03-P02,164,bus,Barangay 902
bus 03-P02,164,bus,Barangay 864
bus 03-P02,164,bus,Mandaluyong
bus 03-P02,164,bus,Barangay 888
bus 03-P02,164,bus,Barangay 890
bus 03-P02,164,bus,Barangay 891
bus 03-P02,164,bus,Barangay 901
bus 03-P02,164,bus,Barangay 899
bus 03-P02,164,bus,Barangay 892
bus 03-P02,164,bus,Barangay 896
bus 03-P02,164,bus,Barangay 897
bus 03-P02,164,bus,Barangay 898
bus 03-P02,164,bus,Barangay 894
bus 03-P02,164,bus,Barangay 895
bus 03-P02,164,bus,Barangay 625
bus 03-P02,164,bus,Barangay 623
bus 03-P02,164,bus,Barangay 620
bus 03-P02,164,bus,Barangay 624
bus 03-P02,164,bus,Barangay 893
bus 03-P02,164,bus,Barangay 859
bus 03-P02,164,bus,Barangay 862
bus 03-P02,164,bus,Barangay 865
bus 03-P02,164,bus,Barangay 860
bus 03-P02,164,bus,Barangay 863
bus 03-P02,164,bus,Barangay 861
bus 03-P02,164,bus,Barangay 835
bus 03-P02,164,bus,Barangay 622
bus 03-P02,164,bus,Barangay 839
bus 03-P02,164,bus,Barangay 618
bus 03-P02,164,bus,Barangay 840
bus 03-P02,164,bus,Barangay 609
bus 03-P02,164,bus,Barangay 608
bus 03-P02,164,bus,Barangay 619
bus 03-P02,164,bus,Barangay 837
bus 03-P02,164,bus,Barangay 617
bus 03-P02,164,bus,Barangay 838
bus 03-P02,164,bus,Barangay 614
bus 03-P02,164,bus,Barangay 607
bus 03-P02,164,bus,Barangay 616
bus 03-P02,164,bus,Barangay 604
bus 03-P02,164,bus,Barangay 612
bus 03-P02,164,bus,Barangay 606
bus 03-P02,164,bus,Barangay 602
bus 03-P02,164,bus,Barangay 601
bus 03-P02,164,bus,Barangay 600
bus 03-P02,164,bus,Barangay 599
bus 03-P02,164,bus,Barangay 598
bus 03-P02,164,bus,Barangay 597
bus 03-P02,164,bus,Barangay 596
bus 03-P02,164,bus,San Juan
bus 03-P02,164,bus,Barangay 595
bus 03-P02,164,bus,Barangay 594
bus 03-P02,164,bus,Barangay 586
bus 03-P02,164,bus,Quezon City
bus 03-P02,164,bus,Caloocan
bus 03-P02,164,bus,Bulacan
bus 03-P02,164,bus,Malabon
bus 03-P02,164,bus,Valenzuela
bus Alabang,165,bus,Muntinlupa
bus Alabang,165,bus,Taguig
bus Alabang,165,bus,Parañaque
bus Alabang,165,bus,Pasay
bus SZ,166,bus,Las Piñas
bus 22,167,bus,Parañaque
bus 22,167,bus,Pasay
bus 22,167,bus,Quezon City
bus 22,167,bus,Caloocan
bus 22,167,bus,Barangay 667
bus 22,167,bus,Barangay 666
bus 22,167,bus,Barangay 657
bus 22,167,bus,Barangay 658
bus 22,167,bus,Barangay 655
bus 22,167,bus,Barangay 719
bus 22,167,bus,Barangay 720
bus 22,167,bus,Barangay 721
bus 22,167,bus,Barangay 701
bus 22,167,bus,Barangay 700
bus 22,167,bus,Barangay 699
bus 22,167,bus,Barangay 668
bus 22,167,bus,Barangay 649
bus 22,167,bus,Barangay 275
bus 22,167,bus,Barangay 18
bus 22,167,bus,Barangay 274
bus 22,167,bus,Barangay 12
bus 22,167,bus,Barangay 17
bus 22,167,bus,Barangay 11
bus 22,167,bus,Barangay 16
bus 22,167,bus,Barangay 19
bus 22,167,bus,Barangay 14
bus 22,167,bus,Barangay 653
bus 22,167,bus,Barangay 652
bus 22,167,bus,Barangay 651
bus 22,167,bus,Barangay 650
bus 22,167,bus,Barangay 656
bus 22,167,bus,Barangay 286
bus 22,167,bus,Barangay 283
bus 22,167,bus,Barangay 284
bus 22,167,bus,Barangay 285
bus 22,167,bus,Barangay 273
bus 22,167,bus,Barangay 272
bus 22,167,bus,Barangay 276
bus 22,167,bus,Barangay 15
bus 22,167,bus,Barangay 29
bus 22,167,bus,Barangay 32
bus 22,167,bus,Barangay 30
bus 22,167,bus,Barangay 28
bus 22,167,bus,Barangay 31
bus 22,167,bus,Barangay 38
bus 22,167,bus,Barangay 34
bus 22,167,bus,Barangay 33
bus 22,167,bus,Barangay 39
bus 22,167,bus,Barangay 35
bus 22,167,bus,Barangay 20
bus 22,167,bus,Barangay 37
bus 22,167,bus,Barangay 36
bus 22,167,bus,Barangay 41
bus 22,167,bus,Barangay 42
bus 22,167,bus,Barangay 44
bus 22,167,bus,Barangay 43
bus 22,167,bus,Barangay 46
bus 22,167,bus,Barangay 123
bus 22,167,bus,Barangay 73
bus 22,167,bus,Barangay 72
bus 22,167,bus,Barangay 121
bus 22,167,bus,Barangay 118
bus 22,167,bus,Barangay 120
bus 22,167,bus,Barangay 119
bus 22,167,bus,Barangay 116
bus 22,167,bus,Barangay 110
bus 22,167,bus,Barangay 112
bus 22,167,bus,Barangay 107
bus 22,167,bus,Barangay 108
bus 22,167,bus,Barangay 104
bus 22,167,bus,Barangay 103
bus 22,167,bus,Barangay 100
bus 22,167,bus,Barangay 102
bus 22,167,bus,Barangay 105
bus 22,167,bus,Barangay 96
bus 22,167,bus,Barangay 106
bus 22,167,bus,Barangay 99
bus 22,167,bus,Barangay 101
bus 22,167,bus,Barangay 98
bus 22,167,bus,Bulacan
bus 22,167,bus,Barangay 130
bus 22,167,bus,Barangay 129
bus 22,167,bus,Barangay 128
bus 22,167,bus,Navotas
bus 22,167,bus,Malabon
bus 22,167,bus,Valenzuela
bus 1,168,bus,Makati
bus 1,168,bus,Pasig
bus 1,168,bus,Parañaque
bus 1,168,bus,Pasay
bus 1,168,bus,Mandaluyong
bus 1,168,bus,San Juan
bus 1,168,bus,Quezon City
bus 1,168,bus,Caloocan
bus 20,169,bus,Barangay 488
bus 20,169,bus,Barangay 487
bus 20,169,bus,Barangay 486
bus 20,169,bus,Barangay 485
bus 20,169,bus,Barangay 511
bus 20,169,bus,Barangay 499
bus 20,169,bus,Barangay 501
bus 20,169,bus,Barangay 500
bus 20,169,bus,Barangay 494
bus 20,169,bus,Barangay 495
bus 20,169,bus,Barangay 492
bus 20,169,bus,Quezon City
bus 20,169,bus,Caloocan
bus 20,169,bus,Barangay 299
bus 20,169,bus,Barangay 294
bus 20,169,bus,Barangay 308
bus 20,169,bus,Barangay 309
bus 20,169,bus,Barangay 301
bus 20,169,bus,Barangay 305
bus 20,169,bus,Barangay 304
bus 20,169,bus,Barangay 310
bus 20,169,bus,Barangay 313
bus 20,169,bus,Barangay 314
bus 20,169,bus,Barangay 395
bus 20,169,bus,Barangay 464
bus 20,169,bus,Barangay 311
bus 20,169,bus,Barangay 260
bus 20,169,bus,Barangay 312
bus 20,169,bus,Barangay 335
bus 20,169,bus,Barangay 329
bus 20,169,bus,Barangay 330
bus 20,169,bus,Barangay 263
bus 20,169,bus,Barangay 316
bus 20,169,bus,Barangay 332
bus 20,169,bus,Barangay 328
bus 20,169,bus,Barangay 261
bus 20,169,bus,Barangay 322
bus 20,169,bus,Barangay 315
bus 20,169,bus,Barangay 319
bus 20,169,bus,Barangay 318
bus 20,169,bus,Barangay 470
bus 20,169,bus,Barangay 471
bus 20,169,bus,Barangay 317
bus 20,169,bus,Barangay 321
bus 20,169,bus,Barangay 333
bus 20,169,bus,Barangay 326
bus 20,169,bus,Barangay 265
bus 20,169,bus,Barangay 320
bus 20,169,bus,Barangay 334
bus 20,169,bus,Barangay 327
bus 20,169,bus,Barangay 324
bus 20,169,bus,Barangay 323
bus 20,169,bus,Barangay 340
bus 20,169,bus,Barangay 342
bus 20,169,bus,Barangay 490
bus 20,169,bus,Barangay 489
bus 20,169,bus,Barangay 338
bus 20,169,bus,Barangay 343
bus 20,169,bus,Barangay 491
bus 20,169,bus,Barangay 341
bus 20,169,bus,Barangay 352
bus 20,169,bus,Barangay 325
bus 20,169,bus,Barangay 339
bus 20,169,bus,Barangay 337
bus 20,169,bus,Barangay 331
bus 20,169,bus,Barangay 336
bus 20,169,bus,Barangay 353
bus 20,169,bus,Barangay 344
bus 20,169,bus,Barangay 482
bus 20,169,bus,Barangay 483
bus 20,169,bus,Barangay 484
bus 20,169,bus,Barangay 350
bus 20,169,bus,Barangay 351
bus 20,169,bus,Barangay 368
bus 20,169,bus,Barangay 497
bus 20,169,bus,Barangay 349
bus 20,169,bus,Barangay 369
bus 20,169,bus,Barangay 371
bus 20,169,bus,Barangay 364
bus 20,169,bus,Barangay 370
bus 20,169,bus,Barangay 367
bus 20,169,bus,Barangay 493
bus 20,169,bus,Barangay 379
bus 20,169,bus,Barangay 376
bus 20,169,bus,Barangay 372
bus 20,169,bus,Manila North Cemetery
bus 20,169,bus,Malabon
bus 20,169,bus,Valenzuela
bus 3,170,bus,Pasig
bus 3,170,bus,Marikina
bus 3,170,bus,Quezon City
bus 7,171,bus,Barangay 718
bus 7,171,bus,Barangay 717
bus 7,171,bus,Barangay 727
bus 7,171,bus,Barangay 716
bus 7,171,bus,Barangay 713
bus 7,171,bus,Barangay 708
bus 7,171,bus,Barangay 726
bus 7,171,bus,Barangay 712
bus 7,171,bus,Barangay 709
bus 7,171,bus,Barangay 729
bus 7,171,bus,Barangay 730
bus 7,171,bus,Barangay 728
bus 7,171,bus,Barangay 733
bus 7,171,bus,Barangay 725
bus 7,171,bus,Barangay 714
bus 7,171,bus,Barangay 724
bus 7,171,bus,Barangay 723
bus 7,171,bus,Barangay 692
bus 7,171,bus,Barangay 722
bus 7,171,bus,Barangay 691
bus 7,171,bus,Barangay 693
bus 7,171,bus,Barangay 689
bus 7,171,bus,Barangay 690
bus 7,171,bus,Barangay 695
bus 7,171,bus,Parañaque
bus 7,171,bus,Pasay
bus 7,171,bus,Barangay 400
bus 7,171,bus,Barangay 401
bus 7,171,bus,Barangay 455
bus 7,171,bus,Barangay 398
bus 7,171,bus,Barangay 458
bus 7,171,bus,Barangay 459
bus 7,171,bus,Barangay 457
bus 7,171,bus,Barangay 460
bus 7,171,bus,Barangay 461
bus 7,171,bus,Barangay 456
bus 7,171,bus,Barangay 454
bus 7,171,bus,Barangay 479
bus 7,171,bus,Barangay 478
bus 7,171,bus,Barangay 476
bus 7,171,bus,Barangay 475
bus 7,171,bus,Barangay 472
bus 7,171,bus,Barangay 453
bus 7,171,bus,Barangay 452
bus 7,171,bus,Barangay 451
bus 7,171,bus,Barangay 450
bus 7,171,bus,Barangay 521
bus 7,171,bus,Barangay 522
bus 7,171,bus,Barangay 523
bus 7,171,bus,Barangay 473
bus 7,171,bus,Barangay 524
bus 7,171,bus,Barangay 503
bus 7,171,bus,Barangay 502
bus 7,171,bus,Barangay 526
bus 7,171,bus,Barangay 517
bus 7,171,bus,Barangay 504
bus 7,171,bus,Barangay 519
bus 7,171,bus,Barangay 513
bus 7,171,bus,Barangay 505
bus 7,171,bus,Barangay 530
bus 7,171,bus,Barangay 512
bus 7,171,bus,Barangay 532
bus 7,171,bus,Barangay 525
bus 7,171,bus,Barangay 527
bus 7,171,bus,Barangay 529
bus 7,171,bus,Barangay 531
bus 7,171,bus,Barangay 528
bus 7,171,bus,Quezon City
bus 7,171,bus,Barangay 666
bus 7,171,bus,Barangay 657
bus 7,171,bus,Barangay 658
bus 7,171,bus,Barangay 654
bus 7,171,bus,Barangay 291
bus 7,171,bus,Barangay 719
bus 7,171,bus,Barangay 720
bus 7,171,bus,Barangay 715
bus 7,171,bus,Barangay 711
bus 7,171,bus,Barangay 710
bus 7,171,bus,Barangay 707
bus 7,171,bus,Barangay 706
bus 7,171,bus,Barangay 702
bus 7,171,bus,Barangay 703
bus 7,171,bus,Barangay 697
bus 7,171,bus,Barangay 696
bus 7,171,bus,Barangay 694
bus 7,171,bus,Barangay 669
bus 7,171,bus,Barangay 675
bus 7,171,bus,Barangay 676
bus 7,171,bus,Barangay 670
bus 7,171,bus,Barangay 660
bus 7,171,bus,Barangay 659
bus 7,171,bus,Barangay 659-A
bus 7,171,bus,Barangay 384
bus 7,171,bus,Barangay 306
bus 7,171,bus,Barangay 303
bus 7,171,bus,Barangay 674
bus 7,171,bus,Barangay 660-A
bus 7,171,bus,Barangay 664
bus 7,171,bus,Barangay 661
bus 7,171,bus,Barangay 647
bus 7,171,bus,Barangay 385
bus 7,171,bus,Barangay 387
bus 7,171,bus,Barangay 383
bus 7,171,bus,Barangay 388
bus 7,171,bus,Barangay 393
bus 7,171,bus,Barangay 394
bus 7,171,bus,Barangay 391
bus 7,171,bus,Barangay 392
bus 7,171,bus,Barangay 307
bus 7,171,bus,Barangay 308
bus 7,171,bus,Barangay 309
bus 7,171,bus,Barangay 310
bus 7,171,bus,Barangay 404
bus 7,171,bus,Barangay 395
bus 7,171,bus,Barangay 396
bus 7,171,bus,Barangay 399
bus 7,171,bus,Barangay 464
bus 7,171,bus,Barangay 462
bus 7,171,bus,Barangay 397
bus 7,171,bus,Barangay 468
bus 7,171,bus,Barangay 311
bus 7,171,bus,Barangay 469
bus 7,171,bus,Barangay 656
bus 7,171,bus,Barangay 312
bus 7,171,bus,Barangay 463
bus 7,171,bus,Barangay 467
bus 7,171,bus,Barangay 465
bus 7,171,bus,Barangay 315
bus 7,171,bus,Barangay 466
bus 7,171,bus,Barangay 470
bus 33,172,bus,Quezon City
bus PITX-MGLN,173,bus,Las Piñas
bus PITX-MGLN,173,bus,Parañaque
bus PITX-LCNA,174,bus,Laguna
bus PITX-LCNA,174,bus,Muntinlupa
bus PITX-LCNA,174,bus,Taguig
bus PITX-LCNA,174,bus,Makati
bus PITX-LCNA,174,bus,Parañaque
bus PITX-LCNA,174,bus,Pasay
bus PITX-LCNA,175,bus,Laguna
bus PITX-LCNA,175,bus,Muntinlupa
bus PITX-LCNA,175,bus,Taguig
bus PITX-LCNA,175,bus,Makati
bus PITX-LCNA,175,bus,Parañaque
bus PITX-LCNA,175,bus,Pasay
bus P35,176,bus,Las Piñas
bus P35,176,bus,Muntinlupa
bus P35,176,bus,Taguig
bus P35,176,bus,Makati
bus P35,176,bus,Parañaque
bus P35,176,bus,Pasay
bus 6,177,bus,Barangay 718
bus 6,177,bus,Barangay 717
bus 6,177,bus,Barangay 727
bus 6,177,bus,Barangay 716
bus 6,177,bus,Barangay 713
bus 6,177,bus,Barangay 708
bus 6,177,bus,Barangay 726
bus 6,177,bus,Barangay 712
bus 6,177,bus,Barangay 709
bus 6,177,bus,Barangay 729
bus 6,177,bus,Barangay 730
bus 6,177,bus,Barangay 728
bus 6,177,bus,Barangay 733
bus 6,177,bus,Barangay 725
bus 6,177,bus,Barangay 714
bus 6,177,bus,Barangay 724
bus 6,177,bus,Barangay 723
bus 6,177,bus,Barangay 692
bus 6,177,bus,Barangay 722
bus 6,177,bus,Barangay 691
bus 6,177,bus,Barangay 693
bus 6,177,bus,Barangay 689
bus 6,177,bus,Barangay 690
bus 6,177,bus,Barangay 695
bus 6,177,bus,Parañaque
bus 6,177,bus,Pasay
bus 6,177,bus,Barangay 400
bus 6,177,bus,Barangay 401
bus 6,177,bus,Barangay 455
bus 6,177,bus,Barangay 398
bus 6,177,bus,Barangay 458
bus 6,177,bus,Barangay 459
bus 6,177,bus,Barangay 457
bus 6,177,bus,Barangay 460
bus 6,177,bus,Barangay 461
bus 6,177,bus,Barangay 456
bus 6,177,bus,Barangay 454
bus 6,177,bus,Barangay 479
bus 6,177,bus,Barangay 478
bus 6,177,bus,Barangay 476
bus 6,177,bus,Barangay 475
bus 6,177,bus,Barangay 472
bus 6,177,bus,Barangay 453
bus 6,177,bus,Barangay 452
bus 6,177,bus,Barangay 451
bus 6,177,bus,Barangay 450
bus 6,177,bus,Barangay 521
bus 6,177,bus,Barangay 522
bus 6,177,bus,Barangay 523
bus 6,177,bus,Barangay 473
bus 6,177,bus,Barangay 524
bus 6,177,bus,Barangay 503
bus 6,177,bus,Barangay 502
bus 6,177,bus,Barangay 526
bus 6,177,bus,Barangay 517
bus 6,177,bus,Barangay 504
bus 6,177,bus,Barangay 519
bus 6,177,bus,Barangay 513
bus 6,177,bus,Barangay 505
bus 6,177,bus,Barangay 530
bus 6,177,bus,Barangay 512
bus 6,177,bus,Barangay 532
bus 6,177,bus,Barangay 525
bus 6,177,bus,Barangay 527
bus 6,177,bus,Barangay 529
bus 6,177,bus,Barangay 531
bus 6,177,bus,Barangay 528
bus 6,177,bus,Quezon City
bus 6,177,bus,Caloocan
bus 6,177,bus,Barangay 666
bus 6,177,bus,Barangay 657
bus 6,177,bus,Barangay 658
bus 6,177,bus,Barangay 654
bus 6,177,bus,Barangay 291
bus 6,177,bus,Barangay 719
bus 6,177,bus,Barangay 720
bus 6,177,bus,Barangay 715
bus 6,177,bus,Barangay 711
bus 6,177,bus,Barangay 710
bus 6,177,bus,Barangay 707
bus 6,177,bus,Barangay 706
bus 6,177,bus,Barangay 702
bus 6,177,bus,Barangay 703
bus 6,177,bus,Barangay 697
bus 6,177,bus,Barangay 696
bus 6,177,bus,Barangay 694
bus 6,177,bus,Barangay 669
bus 6,177,bus,Barangay 675
bus 6,177,bus,Barangay 676
bus 6,177,bus,Barangay 670
bus 6,177,bus,Barangay 660
bus 6,177,bus,Barangay 659
bus 6,177,bus,Barangay 659-A
bus 6,177,bus,Barangay 384
bus 6,177,bus,Barangay 306
bus 6,177,bus,Barangay 303
bus 6,177,bus,Barangay 674
bus 6,177,bus,Barangay 660-A
bus 6,177,bus,Barangay 664
bus 6,177,bus,Barangay 661
bus 6,177,bus,Barangay 647
bus 6,177,bus,Barangay 385
bus 6,177,bus,Barangay 387
bus 6,177,bus,Barangay 383
bus 6,177,bus,Barangay 388
bus 6,177,bus,Barangay 393
bus 6,177,bus,Barangay 394
bus 6,177,bus,Barangay 391
bus 6,177,bus,Barangay 392
bus 6,177,bus,Barangay 307
bus 6,177,bus,Barangay 308
bus 6,177,bus,Barangay 309
bus 6,177,bus,Barangay 310
bus 6,177,bus,Barangay 404
bus 6,177,bus,Barangay 395
bus 6,177,bus,Barangay 396
bus 6,177,bus,Barangay 399
bus 6,177,bus,Barangay 464
bus 6,177,bus,Barangay 462
bus 6,177,bus,Barangay 397
bus 6,177,bus,Barangay 468
bus 6,177,bus,Barangay 311
bus 6,177,bus,Barangay 469
bus 6,177,bus,Barangay 656
bus 6,177,bus,Barangay 312
bus 6,177,bus,Barangay 463
bus 6,177,bus,Barangay 467
bus 6,177,bus,Barangay 465
bus 6,177,bus,Barangay 315
bus 6,177,bus,Barangay 466
bus 6,177,bus,Barangay 470
bus 6,178,bus,Barangay 718
bus 6,178,bus,Barangay 717
bus 6,178,bus,Barangay 727
bus 6,178,bus,Barangay 716
bus 6,178,bus,Barangay 713
bus 6,178,bus,Barangay 708
bus 6,178,bus,Barangay 726
bus 6,178,bus,Barangay 712
bus 6,178,bus,Barangay 709
bus 6,178,bus,Barangay 729
bus 6,178,bus,Barangay 730
bus 6,178,bus,Barangay 728
bus 6,178,bus,Barangay 725
bus 6,178,bus,Barangay 714
bus 6,178,bus,Barangay 724
bus 6,178,bus,Barangay 723
bus 6,178,bus,Barangay 692
bus 6,178,bus,Barangay 722
bus 6,178,bus,Barangay 691
bus 6,178,bus,Barangay 693
bus 6,178,bus,Barangay 689
bus 6,178,bus,Barangay 690
bus 6,178,bus,Barangay 695
bus 6,178,bus,Parañaque
bus 6,178,bus,Pasay
bus 6,178,bus,Barangay 400
bus 6,178,bus,Barangay 401
bus 6,178,bus,Barangay 455
bus 6,178,bus,Barangay 398
bus 6,178,bus,Barangay 458
bus 6,178,bus,Barangay 459
bus 6,178,bus,Barangay 457
bus 6,178,bus,Barangay 460
bus 6,178,bus,Barangay 461
bus 6,178,bus,Barangay 456
bus 6,178,bus,Barangay 454
bus 6,178,bus,Barangay 479
bus 6,178,bus,Barangay 478
bus 6,178,bus,Barangay 476
bus 6,178,bus,Barangay 475
bus 6,178,bus,Barangay 472
bus 6,178,bus,Barangay 453
bus 6,178,bus,Barangay 452
bus 6,178,bus,Barangay 451
bus 6,178,bus,Barangay 450
bus 6,178,bus,Barangay 521
bus 6,178,bus,Barangay 522
bus 6,178,bus,Barangay 523
bus 6,178,bus,Barangay 473
bus 6,178,bus,Barangay 524
bus 6,178,bus,Barangay 503
bus 6,178,bus,Barangay 502
bus 6,178,bus,Barangay 526
bus 6,178,bus,Barangay 517
bus 6,178,bus,Barangay 504
bus 6,178,bus,Barangay 519
bus 6,178,bus,Barangay 513
bus 6,178,bus,Barangay 505
bus 6,178,bus,Barangay 530
bus 6,178,bus,Barangay 512
bus 6,178,bus,Barangay 525
bus 6,178,bus,Barangay 527
bus 6,178,bus,Barangay 529
bus 6,178,bus,Barangay 531
bus 6,178,bus,Barangay 528
bus 6,178,bus,Quezon City
bus 6,178,bus,Caloocan
bus 6,178,bus,Barangay 666
bus 6,178,bus,Barangay 657
bus 6,178,bus,Barangay 658
bus 6,178,bus,Barangay 654
bus 6,178,bus,Barangay 291
bus 6,178,bus,Barangay 287
bus 6,178,bus,Barangay 719
bus 6,178,bus,Barangay 720
bus 6,178,bus,Barangay 715
bus 6,178,bus,Barangay 711
bus 6,178,bus,Barangay 710
bus 6,178,bus,Barangay 707
bus 6,178,bus,Barangay 706
bus 6,178,bus,Barangay 702
bus 6,178,bus,Barangay 703
bus 6,178,bus,Barangay 697
bus 6,178,bus,Barangay 696
bus 6,178,bus,Barangay 694
bus 6,178,bus,Barangay 669
bus 6,178,bus,Barangay 675
bus 6,178,bus,Barangay 676
bus 6,178,bus,Barangay 670
bus 6,178,bus,Barangay 660
bus 6,178,bus,Barangay 659
bus 6,178,bus,Barangay 659-A
bus 6,178,bus,Barangay 384
bus 6,178,bus,Barangay 306
bus 6,178,bus,Barangay 303
bus 6,178,bus,Barangay 674
bus 6,178,bus,Barangay 660-A
bus 6,178,bus,Barangay 664
bus 6,178,bus,Barangay 647
bus 6,178,bus,Barangay 385
bus 6,178,bus,Barangay 387
bus 6,178,bus,Barangay 383
bus 6,178,bus,Barangay 388
bus 6,178,bus,Barangay 393
bus 6,178,bus,Barangay 394
bus 6,178,bus,Barangay 391
bus 6,178,bus,Barangay 392
bus 6,178,bus,Barangay 307
bus 6,178,bus,Barangay 308
bus 6,178,bus,Barangay 309
bus 6,178,bus,Barangay 310
bus 6,178,bus,Barangay 404
bus 6,178,bus,Barangay 395
bus 6,178,bus,Barangay 396
bus 6,178,bus,Barangay 399
bus 6,178,bus,Barangay 464
bus 6,178,bus,Barangay 462
bus 6,178,bus,Barangay 397
bus 6,178,bus,Barangay 468
bus 6,178,bus,Barangay 311
bus 6,178,bus,Barangay 469
bus 6,178,bus,Barangay 656
bus 6,178,bus,Barangay 312
bus 6,178,bus,Barangay 463
bus 6,178,bus,Barangay 467
bus 6,178,bus,Barangay 465
bus 6,178,bus,Barangay 315
bus 6,178,bus,Barangay 466
bus 6,178,bus,Barangay 470
share_taxi T2114,179,share_taxi,Quezon City
share_taxi T2114,179,share_taxi,Caloocan
bus: Solaire P2P: Solaire Resort and Casino → MOA,180,bus,Parañaque
bus: Solaire P2P: Solaire Resort and Casino → MOA,180,bus,Pasay
bus: Solaire P2P: MOA → Solaire Resort and Casino,181,bus,Parañaque
bus: Solaire P2P: MOA → Solaire Resort and Casino,181,bus,Pasay
bus: Solaire Shuttle: Solaire Resort and Casino → PITX,182,bus,Parañaque
bus: PITX–Okada Manila Shuttle,183,bus,Parañaque
bus: PITX–Okada Manila Shuttle,184,bus,Parañaque
bus: Solaire Shuttle: PITX → Solaire Resort and Casino,185,bus,Parañaque
bus PITX-DAET,186,bus,Laguna
bus PITX-DAET,186,bus,Muntinlupa
bus PITX-DAET,186,bus,Taguig
bus PITX-DAET,186,bus,Parañaque
bus PITX-DAET,186,bus,Pasay
bus PITX-NAGA,187,bus,Laguna
bus PITX-NAGA,187,bus,Muntinlupa
bus PITX-NAGA,187,bus,Taguig
bus PITX-NAGA,187,bus,Parañaque
bus PITX-NAGA,187,bus,Pasay
bus 102,188,bus,Quezon City
bus 102,188,bus,Caloocan
bus P23,189,bus,Makati
bus P23,189,bus,Pasig
bus P23,189,bus,Rizal
bus P23,189,bus,Quezon City
bus P50,190,bus,Parañaque
bus P50,190,bus,Pasay
bus P50,190,bus,Caloocan
bus P50,190,bus,Barangay 667
bus P50,190,bus,Barangay 666
bus P50,190,bus,Barangay 657
bus P50,190,bus,Barangay 658
bus P50,190,bus,Barangay 655
bus P50,190,bus,Barangay 719
bus P50,190,bus,Barangay 720
bus P50,190,bus,Barangay 721
bus P50,190,bus,Barangay 701
bus P50,190,bus,Barangay 700
bus P50,190,bus,Barangay 699
bus P50,190,bus,Barangay 668
bus P50,190,bus,Barangay 649
bus P50,190,bus,Barangay 275
bus P50,190,bus,Barangay 18
bus P50,190,bus,Barangay 274
bus P50,190,bus,Barangay 12
bus P50,190,bus,Barangay 17
bus P50,190,bus,Barangay 11
bus P50,190,bus,Barangay 16
bus P50,190,bus,Barangay 19
bus P50,190,bus,Barangay 14
bus P50,190,bus,Barangay 653
bus P50,190,bus,Barangay 652
bus P50,190,bus,Barangay 651
bus P50,190,bus,Barangay 650
bus P50,190,bus,Barangay 656
bus P50,190,bus,Barangay 286
bus P50,190,bus,Barangay 283
bus P50,190,bus,Barangay 284
bus P50,190,bus,Barangay 285
bus P50,190,bus,Barangay 273
bus P50,190,bus,Barangay 272
bus P50,190,bus,Barangay 276
bus P50,190,bus,Barangay 15
bus P50,190,bus,Barangay 29
bus P50,190,bus,Barangay 32
bus P50,190,bus,Barangay 30
bus P50,190,bus,Barangay 28
bus P50,190,bus,Barangay 31
bus P50,190,bus,Barangay 38
bus P50,190,bus,Barangay 34
bus P50,190,bus,Barangay 33
bus P50,190,bus,Barangay 39
bus P50,190,bus,Barangay 35
bus P50,190,bus,Barangay 20
bus P50,190,bus,Barangay 37
bus P50,190,bus,Barangay 36
bus P50,190,bus,Barangay 41
bus P50,190,bus,Barangay 42
bus P50,190,bus,Barangay 44
bus P50,190,bus,Barangay 43
bus P50,190,bus,Barangay 46
bus P50,190,bus,Barangay 123
bus P50,190,bus,Barangay 73
bus P50,190,bus,Barangay 72
bus P50,190,bus,Barangay 121
bus P50,190,bus,Barangay 118
bus P50,190,bus,Barangay 120
bus P50,190,bus,Barangay 119
bus P50,190,bus,Barangay 116
bus P50,190,bus,Barangay 110
bus P50,190,bus,Barangay 112
bus P50,190,bus,Barangay 107
bus P50,190,bus,Barangay 108
bus P50,190,bus,Barangay 104
bus P50,190,bus,Barangay 103
bus P50,190,bus,Barangay 100
bus P50,190,bus,Barangay 102
bus P50,190,bus,Barangay 105
bus P50,190,bus,Barangay 96
bus P50,190,bus,Barangay 106
bus P50,190,bus,Barangay 99
bus P50,190,bus,Barangay 101
bus P50,190,bus,Barangay 98
bus P50,190,bus,Bulacan
bus P50,190,bus,Barangay 130
bus P50,190,bus,Barangay 129
bus P50,190,bus,Barangay 128
bus P50,190,bus,Navotas
bus P50,190,bus,Malabon
bus P50,190,bus,Valenzuela
bus MOA-OKA,191,bus,Parañaque
bus MOA-OKA,191,bus,Pasay
bus: MOA–Okada Manila Shuttle (northbound),192,bus,Parañaque
bus: MOA–Okada Manila Shuttle (northbound),192,bus,Pasay
bus 17,193,bus,Quezon City
bus 3216,194,bus,Barangay 876
bus 3216,194,bus,Barangay 879
bus 3216,194,bus,Barangay 889
bus 3216,194,bus,Barangay 905
bus 3216,194,bus,Barangay 903
bus 3216,194,bus,Barangay 902
bus 3216,194,bus,Barangay 900
bus 3216,194,bus,Mandaluyong
bus 3216,194,bus,Barangay 888
bus 3216,194,bus,Barangay 890
bus 3216,194,bus,Barangay 904
bus 3216,194,bus,Barangay 891
bus 3216,194,bus,Barangay 901
bus 3216,194,bus,Barangay 899
bus 3216,194,bus,Barangay 892
bus 3216,194,bus,Barangay 896
bus 3216,194,bus,Barangay 897
bus 3216,194,bus,Barangay 898
bus 3216,194,bus,Barangay 894
bus 3216,194,bus,Barangay 895
bus 3216,194,bus,Barangay 625
bus 3216,194,bus,Barangay 623
bus 3216,194,bus,Barangay 620
bus 3216,194,bus,Barangay 624
bus 3216,194,bus,Barangay 893
bus 3216,194,bus,Barangay 865
bus 3216,194,bus,Barangay 622
bus 3216,194,bus,Barangay 839
bus 3216,194,bus,Barangay 618
bus 3216,194,bus,Barangay 609
bus 3216,194,bus,Barangay 608
bus 3216,194,bus,Barangay 619
bus 3216,194,bus,Barangay 617
bus 3216,194,bus,Barangay 610
bus 3216,194,bus,Barangay 614
bus 3216,194,bus,Barangay 607
bus 3216,194,bus,Barangay 613
bus 3216,194,bus,Barangay 616
bus 3216,194,bus,Barangay 604
bus 3216,194,bus,Barangay 612
bus 3216,194,bus,Barangay 606
bus 3216,194,bus,Barangay 615
bus 3216,194,bus,Barangay 635
bus 3216,194,bus,Barangay 633
bus 3216,194,bus,Barangay 632
bus 3216,194,bus,Barangay 634
bus 3216,194,bus,Barangay 418
bus 3216,194,bus,Barangay 611
bus 3216,194,bus,Barangay 605
bus 3216,194,bus,Barangay 621
bus 3216,194,bus,Barangay 602
bus 3216,194,bus,Barangay 603
bus 3216,194,bus,Barangay 630
bus 3216,194,bus,Barangay 601
bus 3216,194,bus,Barangay 590
bus 3216,194,bus,Barangay 600
bus 3216,194,bus,Barangay 589
bus 3216,194,bus,Barangay 591
bus 3216,194,bus,Barangay 599
bus 3216,194,bus,Barangay 598
bus 3216,194,bus,Barangay 592
bus 3216,194,bus,Barangay 588
bus 3216,194,bus,Barangay 597
bus 3216,194,bus,Barangay 587
bus 3216,194,bus,Barangay 593
bus 3216,194,bus,Barangay 596
bus 3216,194,bus,Barangay 587-A
bus 3216,194,bus,Barangay 628
bus 3216,194,bus,Barangay 631
bus 3216,194,bus,Barangay 626
bus 3216,194,bus,Barangay 629
bus 3216,194,bus,Barangay 627
bus 3216,194,bus,Barangay 426
bus 3216,194,bus,Barangay 579
bus 3216,194,bus,Barangay 427
bus 3216,194,bus,Barangay 578
bus 3216,194,bus,Barangay 428
bus 3216,194,bus,Barangay 425
bus 3216,194,bus,Barangay 424
bus 3216,194,bus,Barangay 417
bus 3216,194,bus,Barangay 421
bus 3216,194,bus,Barangay 423
bus 3216,194,bus,Barangay 422
bus 3216,194,bus,Barangay 580
bus 3216,194,bus,Barangay 570
bus 3216,194,bus,Barangay 569
bus 3216,194,bus,Barangay 571
bus 3216,194,bus,Barangay 576
bus 3216,194,bus,Barangay 645
bus 3216,194,bus,Barangay 644
bus 3216,194,bus,Barangay 643
bus 3216,194,bus,Barangay 642
bus 3216,194,bus,Barangay 641
bus 3216,194,bus,Barangay 638
bus 3216,194,bus,Barangay 640
bus 3216,194,bus,Barangay 637
bus 3216,194,bus,Barangay 412
bus 3216,194,bus,Barangay 416
bus 3216,194,bus,Barangay 413
bus 3216,194,bus,Barangay 403
bus 3216,194,bus,Barangay 402
bus 3216,194,bus,Barangay 414
bus 3216,194,bus,Barangay 415
bus 3216,194,bus,Barangay 400
bus 3216,194,bus,Barangay 407
bus 3216,194,bus,Barangay 401
bus 3216,194,bus,Barangay 410
bus 3216,194,bus,Barangay 420
bus 3216,194,bus,Barangay 409
bus 3216,194,bus,Barangay 411
bus 3216,194,bus,Barangay 419
bus 3216,194,bus,Barangay 408
bus 3216,194,bus,Barangay 433
bus 3216,194,bus,Barangay 435
bus 3216,194,bus,Barangay 405
bus 3216,194,bus,San Juan
bus 3216,194,bus,Barangay 595
bus 3216,194,bus,Barangay 594
bus 3216,194,bus,Barangay 585
bus 3216,194,bus,Barangay 586
bus 3216,194,bus,Barangay 581
bus 3216,194,bus,Quezon City
bus 3216,194,bus,Barangay 384
bus 3216,194,bus,Barangay 306
bus 3216,194,bus,Barangay 646
bus 3216,194,bus,Barangay 647
bus 3216,194,bus,Barangay 648
bus 3216,194,bus,Barangay 386
bus 3216,194,bus,Barangay 385
bus 3216,194,bus,Barangay 387
bus 3216,194,bus,Barangay 383
bus 3216,194,bus,Barangay 388
bus 3216,194,bus,Barangay 389
bus 3216,194,bus,Barangay 393
bus 3216,194,bus,Barangay 390
bus 3216,194,bus,Barangay 394
bus 3216,194,bus,Barangay 391
bus 3216,194,bus,Barangay 307
bus 3216,194,bus,Barangay 404
bus 43,195,bus,Parañaque
bus 43,195,bus,Pasay
bus PTX-CLT,196,bus,Laguna
bus PTX-CLT,196,bus,Muntinlupa
bus PTX-CLT,196,bus,Taguig
bus PTX-CLT,196,bus,Makati
bus PTX-CLT,196,bus,Parañaque
bus PTX-CLT,196,bus,Pasay
bus PITX-CLTG,197,bus,Laguna
bus PITX-CLTG,197,bus,Muntinlupa
bus PITX-CLTG,197,bus,Taguig
bus PITX-CLTG,197,bus,Parañaque
bus PITX-CLTG,197,bus,Pasay
bus PITX-BLAN,198,bus,Laguna
bus PITX-BLAN,198,bus,Muntinlupa
bus PITX-BLAN,198,bus,Taguig
bus PITX-BLAN,198,bus,Parañaque
bus PITX-BLAN,198,bus,Pasay
bus PITX-LGPC,199,bus,Laguna
bus PITX-LGPC,199,bus,Muntinlupa
bus PITX-LGPC,199,bus,Taguig
bus PITX-LGPC,199,bus,Parañaque
bus PITX-LGPC,199,bus,Pasay
bus DP,200,bus,Las Piñas
bus DP,200,bus,Parañaque
bus DP,203,bus,Las Piñas
bus DP,203,bus,Parañaque
bus PSYC-NSGB,204,bus,Laguna
bus PSYC-NSGB,204,bus,Muntinlupa
bus PSYC-NSGB,204,bus,Taguig
bus PSYC-NSGB,204,bus,Makati
bus PSYC-NSGB,204,bus,Parañaque
bus PSYC-NSGB,204,bus,Pasay
"bus: Pasay–Nasugbu via Carmona, Tagaytay",205,bus,Laguna
"bus: Pasay–Nasugbu via Carmona, Tagaytay",205,bus,Muntinlupa
"bus: Pasay–Nasugbu via Carmona, Tagaytay",205,bus,Taguig
"bus: Pasay–Nasugbu via Carmona, Tagaytay",205,bus,Makati
"bus: Pasay–Nasugbu via Carmona, Tagaytay",205,bus,Parañaque
"bus: Pasay–Nasugbu via Carmona, Tagaytay",205,bus,Pasay
bus P51B,206,bus,Quezon City
bus P51B,206,bus,Caloocan
bus P51B,206,bus,Bulacan
bus P51B,206,bus,Valenzuela
bus P51,207,bus,Quezon City
bus P51,207,bus,Caloocan
bus P51,207,bus,Bulacan
bus P51,207,bus,Valenzuela
bus P51B,208,bus,Quezon City
bus P51B,208,bus,Caloocan
bus P51B,208,bus,Bulacan
bus P51B,208,bus,Malabon
bus P51B,208,bus,Valenzuela
bus P51,209,bus,Quezon City
bus P51,209,bus,Caloocan
bus P51,209,bus,Bulacan
bus P51,209,bus,Malabon
bus P51,209,bus,Valenzuela
bus P15,210,bus,Laguna
bus P15,210,bus,Muntinlupa
bus P15,210,bus,Taguig
bus P15,210,bus,Makati
bus P15,210,bus,Parañaque
bus P15,210,bus,Pasay
bus P15,210,bus,Mandaluyong
bus P15,211,bus,Laguna
bus P15,211,bus,Muntinlupa
bus P15,211,bus,Taguig
bus P15,211,bus,Makati
bus P15,211,bus,Parañaque
bus P15,211,bus,Pasay
bus T421,212,bus,Laguna
bus T421,212,bus,Muntinlupa
bus 58,213,bus,Laguna
bus 58,213,bus,Muntinlupa
bus SZ,215,bus,Las Piñas
bus: Cubao–Balayan,217,bus,Laguna
bus: Cubao–Balayan,217,bus,Muntinlupa
bus: Cubao–Balayan,217,bus,Taguig
bus: Cubao–Balayan,217,bus,Makati
bus: Cubao–Balayan,217,bus,Pasig
bus: Cubao–Balayan,217,bus,Parañaque
bus: Cubao–Balayan,217,bus,Pasay
bus: Cubao–Balayan,217,bus,Marikina
bus: Cubao–Balayan,217,bus,Quezon City
bus: Modern Jeepney 4NN: Gil Puyat → PITX,218,bus,Parañaque
bus: Modern Jeepney 4NN: Gil Puyat → PITX,218,bus,Pasay
bus: Modern Jeepney 4NN: PITX → Gil Puyat,219,bus,Makati
bus: Modern Jeepney 4NN: PITX → Gil Puyat,219,bus,Parañaque
bus: Modern Jeepney 4NN: PITX → Gil Puyat,219,bus,Pasay
bus P28,220,bus,Makati
bus P28,220,bus,Parañaque
bus P28,220,bus,Pasay
bus 61,221,bus,Laguna
bus 61,221,bus,Muntinlupa
bus 61,221,bus,Taguig
bus 61,221,bus,Makati
bus 61,221,bus,Parañaque
bus 61,221,bus,Pasay
bus 22,222,bus,Parañaque
bus 22,222,bus,Pasay
bus 22,222,bus,Quezon City
bus 22,222,bus,Caloocan
bus 22,222,bus,Barangay 667
bus 22,222,bus,Barangay 666
bus 22,222,bus,Barangay 657
bus 22,222,bus,Barangay 658
bus 22,222,bus,Barangay 655
bus 22,222,bus,Barangay 719
bus 22,222,bus,Barangay 720
bus 22,222,bus,Barangay 721
bus 22,222,bus,Barangay 701
bus 22,222,bus,Barangay 700
bus 22,222,bus,Barangay 699
bus 22,222,bus,Barangay 668
bus 22,222,bus,Barangay 649
bus 22,222,bus,Barangay 275
bus 22,222,bus,Barangay 18
bus 22,222,bus,Barangay 274
bus 22,222,bus,Barangay 12
bus 22,222,bus,Barangay 17
bus 22,222,bus,Barangay 11
bus 22,222,bus,Barangay 16
bus 22,222,bus,Barangay 19
bus 22,222,bus,Barangay 14
bus 22,222,bus,Barangay 653
bus 22,222,bus,Barangay 652
bus 22,222,bus,Barangay 651
bus 22,222,bus,Barangay 650
bus 22,222,bus,Barangay 656
bus 22,222,bus,Barangay 286
bus 22,222,bus,Barangay 283
bus 22,222,bus,Barangay 284
bus 22,222,bus,Barangay 273
bus 22,222,bus,Barangay 272
bus 22,222,bus,Barangay 276
bus 22,222,bus,Barangay 15
bus 22,222,bus,Barangay 29
bus 22,222,bus,Barangay 32
bus 22,222,bus,Barangay 30
bus 22,222,bus,Barangay 28
bus 22,222,bus,Barangay 31
bus 22,222,bus,Barangay 38
bus 22,222,bus,Barangay 34
bus 22,222,bus,Barangay 33
bus 22,222,bus,Barangay 39
bus 22,222,bus,Barangay 20
bus 22,222,bus,Barangay 37
bus 22,222,bus,Barangay 36
bus 22,222,bus,Barangay 41
bus 22,222,bus,Barangay 42
bus 22,222,bus,Barangay 44
bus 22,222,bus,Barangay 43
bus 22,222,bus,Barangay 46
bus 22,222,bus,Barangay 123
bus 22,222,bus,Barangay 73
bus 22,222,bus,Barangay 72
bus 22,222,bus,Barangay 121
bus 22,222,bus,Barangay 118
bus 22,222,bus,Barangay 120
bus 22,222,bus,Barangay 119
bus 22,222,bus,Barangay 116
bus 22,222,bus,Barangay 110
bus 22,222,bus,Barangay 112
bus 22,222,bus,Barangay 107
bus 22,222,bus,Barangay 108
bus 22,222,bus,Barangay 104
bus 22,222,bus,Barangay 103
bus 22,222,bus,Barangay 100
bus 22,222,bus,Barangay 102
bus 22,222,bus,Barangay 105
bus 22,222,bus,Barangay 96
bus 22,222,bus,Barangay 106
bus 22,222,bus,Barangay 99
bus 22,222,bus,Barangay 101
bus 22,222,bus,Barangay 98
bus 22,222,bus,Bulacan
bus 22,222,bus,Barangay 130
bus 22,222,bus,Barangay 129
bus 22,222,bus,Barangay 128
bus 22,222,bus,Navotas
bus 22,222,bus,Malabon
bus 22,222,bus,Valenzuela
bus 1,223,bus,Makati
bus 1,223,bus,Pasig
bus 1,223,bus,Parañaque
bus 1,223,bus,Pasay
bus 1,223,bus,Mandaluyong
bus 1,223,bus,San Juan
bus 1,223,bus,Quezon City
bus 1,223,bus,Caloocan
bus 15,224,bus,Muntinlupa
bus 15,224,bus,Taguig
bus 15,224,bus,Makati
bus 15,224,bus,Parañaque
bus 15,224,bus,Pasay
bus 33,225,bus,Quezon City
bus 7,226,bus,Barangay 718
bus 7,226,bus,Barangay 717
bus 7,226,bus,Barangay 727
bus 7,226,bus,Barangay 716
bus 7,226,bus,Barangay 713
bus 7,226,bus,Barangay 708
bus 7,226,bus,Barangay 726
bus 7,226,bus,Barangay 712
bus 7,226,bus,Barangay 709
bus 7,226,bus,Barangay 729
bus 7,226,bus,Barangay 730
bus 7,226,bus,Barangay 728
bus 7,226,bus,Barangay 725
bus 7,226,bus,Barangay 714
bus 7,226,bus,Barangay 724
bus 7,226,bus,Barangay 723
bus 7,226,bus,Barangay 692
bus 7,226,bus,Barangay 722
bus 7,226,bus,Barangay 691
bus 7,226,bus,Barangay 693
bus 7,226,bus,Barangay 689
bus 7,226,bus,Barangay 690
bus 7,226,bus,Barangay 695
bus 7,226,bus,Parañaque
bus 7,226,bus,Pasay
bus 7,226,bus,Barangay 400
bus 7,226,bus,Barangay 401
bus 7,226,bus,Barangay 455
bus 7,226,bus,Barangay 398
bus 7,226,bus,Barangay 458
bus 7,226,bus,Barangay 459
bus 7,226,bus,Barangay 457
bus 7,226,bus,Barangay 460
bus 7,226,bus,Barangay 461
bus 7,226,bus,Barangay 456
bus 7,226,bus,Barangay 454
bus 7,226,bus,Barangay 479
bus 7,226,bus,Barangay 478
bus 7,226,bus,Barangay 476
bus 7,226,bus,Barangay 475
bus 7,226,bus,Barangay 472
bus 7,226,bus,Barangay 453
bus 7,226,bus,Barangay 452
bus 7,226,bus,Barangay 451
bus 7,226,bus,Barangay 450
bus 7,226,bus,Barangay 521
bus 7,226,bus,Barangay 522
bus 7,226,bus,Barangay 523
bus 7,226,bus,Barangay 473
bus 7,226,bus,Barangay 524
bus 7,226,bus,Barangay 503
bus 7,226,bus,Barangay 502
bus 7,226,bus,Barangay 526
bus 7,226,bus,Barangay 517
bus 7,226,bus,Barangay 504
bus 7,226,bus,Barangay 519
bus 7,226,bus,Barangay 513
bus 7,226,bus,Barangay 505
bus 7,226,bus,Barangay 530
bus 7,226,bus,Barangay 512
bus 7,226,bus,Barangay 525
bus 7,226,bus,Barangay 527
bus 7,226,bus,Barangay 529
bus 7,226,bus,Barangay 531
bus 7,226,bus,Barangay 528
bus 7,226,bus,Quezon City
bus 7,226,bus,Barangay 666
bus 7,226,bus,Barangay 657
bus 7,226,bus,Barangay 658
bus 7,226,bus,Barangay 654
bus 7,226,bus,Barangay 291
bus 7,226,bus,Barangay 287
bus 7,226,bus,Barangay 719
bus 7,226,bus,Barangay 720
bus 7,226,bus,Barangay 715
bus 7,226,bus,Barangay 711
bus 7,226,bus,Barangay 710
bus 7,226,bus,Barangay 707
bus 7,226,bus,Barangay 706
bus 7,226,bus,Barangay 702
bus 7,226,bus,Barangay 703
bus 7,226,bus,Barangay 697
bus 7,226,bus,Barangay 696
bus 7,226,bus,Barangay 694
bus 7,226,bus,Barangay 669
bus 7,226,bus,Barangay 675
bus 7,226,bus,Barangay 676
bus 7,226,bus,Barangay 670
bus 7,226,bus,Barangay 660
bus 7,226,bus,Barangay 659
bus 7,226,bus,Barangay 659-A
bus 7,226,bus,Barangay 384
bus 7,226,bus,Barangay 306
bus 7,226,bus,Barangay 303
bus 7,226,bus,Barangay 674
bus 7,226,bus,Barangay 660-A
bus 7,226,bus,Barangay 664
bus 7,226,bus,Barangay 647
bus 7,226,bus,Barangay 385
bus 7,226,bus,Barangay 387
bus 7,226,bus,Barangay 383
bus 7,226,bus,Barangay 388
bus 7,226,bus,Barangay 393
bus 7,226,bus,Barangay 394
bus 7,226,bus,Barangay 391
bus 7,226,bus,Barangay 392
bus 7,226,bus,Barangay 307
bus 7,226,bus,Barangay 308
bus 7,226,bus,Barangay 309
bus 7,226,bus,Barangay 310
bus 7,226,bus,Barangay 404
bus 7,226,bus,Barangay 395
bus 7,226,bus,Barangay 396
bus 7,226,bus,Barangay 399
bus 7,226,bus,Barangay 464
bus 7,226,bus,Barangay 462
bus 7,226,bus,Barangay 397
bus 7,226,bus,Barangay 468
bus 7,226,bus,Barangay 311
bus 7,226,bus,Barangay 469
bus 7,226,bus,Barangay 656
bus 7,226,bus,Barangay 312
bus 7,226,bus,Barangay 463
bus 7,226,bus,Barangay 467
bus 7,226,bus,Barangay 465
bus 7,226,bus,Barangay 315
bus 7,226,bus,Barangay 466
bus 7,226,bus,Barangay 470
bus: City of Dreams Shuttle: PITX → City of Dreams,227,bus,Parañaque
bus: City of Dreams Shuttle: City of Dreams → PITX,228,bus,Parañaque
bus Saulog P2P,229,bus,Parañaque
bus Saulog P2P,229,bus,Pasay
bus Saulog P2P,229,bus,Caloocan
bus Saulog P2P,229,bus,Barangay 667
bus Saulog P2P,229,bus,Barangay 666
bus Saulog P2P,229,bus,Barangay 657
bus Saulog P2P,229,bus,Barangay 658
bus Saulog P2P,229,bus,Barangay 655
bus Saulog P2P,229,bus,Barangay 719
bus Saulog P2P,229,bus,Barangay 720
bus Saulog P2P,229,bus,Barangay 721
bus Saulog P2P,229,bus,Barangay 701
bus Saulog P2P,229,bus,Barangay 700
bus Saulog P2P,229,bus,Barangay 699
bus Saulog P2P,229,bus,Barangay 668
bus Saulog P2P,229,bus,Barangay 649
bus Saulog P2P,229,bus,Barangay 275
bus Saulog P2P,229,bus,Barangay 18
bus Saulog P2P,229,bus,Barangay 274
bus Saulog P2P,229,bus,Barangay 12
bus Saulog P2P,229,bus,Barangay 17
bus Saulog P2P,229,bus,Barangay 11
bus Saulog P2P,229,bus,Barangay 16
bus Saulog P2P,229,bus,Barangay 19
bus Saulog P2P,229,bus,Barangay 14
bus Saulog P2P,229,bus,Barangay 653
bus Saulog P2P,229,bus,Barangay 652
bus Saulog P2P,229,bus,Barangay 651
bus Saulog P2P,229,bus,Barangay 650
bus Saulog P2P,229,bus,Barangay 656
bus Saulog P2P,229,bus,Barangay 286
bus Saulog P2P,229,bus,Barangay 283
bus Saulog P2P,229,bus,Barangay 284
bus Saulog P2P,229,bus,Barangay 273
bus Saulog P2P,229,bus,Barangay 272
bus Saulog P2P,229,bus,Barangay 276
bus Saulog P2P,229,bus,Barangay 15
bus Saulog P2P,229,bus,Barangay 29
bus Saulog P2P,229,bus,Barangay 32
bus Saulog P2P,229,bus,Barangay 30
bus Saulog P2P,229,bus,Barangay 28
bus Saulog P2P,229,bus,Barangay 31
bus Saulog P2P,229,bus,Barangay 38
bus Saulog P2P,229,bus,Barangay 34
bus Saulog P2P,229,bus,Barangay 33
bus Saulog P2P,229,bus,Barangay 39
bus Saulog P2P,229,bus,Barangay 20
bus Saulog P2P,229,bus,Barangay 37
bus Saulog P2P,229,bus,Barangay 36
bus Saulog P2P,229,bus,Barangay 41
bus Saulog P2P,229,bus,Barangay 42
bus Saulog P2P,229,bus,Barangay 44
bus Saulog P2P,229,bus,Barangay 43
bus Saulog P2P,229,bus,Barangay 46
bus Saulog P2P,229,bus,Barangay 123
bus Saulog P2P,229,bus,Barangay 73
bus Saulog P2P,229,bus,Barangay 72
bus Saulog P2P,229,bus,Barangay 121
bus Saulog P2P,229,bus,Barangay 118
bus Saulog P2P,229,bus,Barangay 120
bus Saulog P2P,229,bus,Barangay 119
bus Saulog P2P,229,bus,Barangay 116
bus Saulog P2P,229,bus,Barangay 110
bus Saulog P2P,229,bus,Barangay 112
bus Saulog P2P,229,bus,Barangay 107
bus Saulog P2P,229,bus,Barangay 108
bus Saulog P2P,229,bus,Barangay 104
bus Saulog P2P,229,bus,Barangay 103
bus Saulog P2P,229,bus,Barangay 100
bus Saulog P2P,229,bus,Barangay 102
bus Saulog P2P,229,bus,Barangay 105
bus Saulog P2P,229,bus,Barangay 96
bus Saulog P2P,229,bus,Barangay 106
bus Saulog P2P,229,bus,Barangay 99
bus Saulog P2P,229,bus,Barangay 101
bus Saulog P2P,229,bus,Barangay 98
bus Saulog P2P,229,bus,Bulacan
bus Saulog P2P,229,bus,Barangay 130
bus Saulog P2P,229,bus,Barangay 129
bus Saulog P2P,229,bus,Barangay 128
bus Saulog P2P,229,bus,Navotas
bus Saulog P2P,229,bus,Malabon
bus Saulog P2P,229,bus,Valenzuela
bus 459,230,bus,Taguig
bus 459,230,bus,Parañaque
bus 459,230,bus,Pasay
bus 31,231,bus,Las Piñas
bus 31,231,bus,Parañaque
bus 17,234,bus,Quezon City
bus: San Isidro–Congressional Junction,235,bus,Las Piñas
bus MOA-COD,236,bus,Parañaque
bus MOA-COD,236,bus,Pasay
bus MOA-COD,237,bus,Parañaque
bus MOA-COD,237,bus,Pasay
bus 04-P06,238,bus,Laguna
bus 04-P06,238,bus,Muntinlupa
bus 04-P06,238,bus,Taguig
bus 04-P06,238,bus,Makati
bus 04-P06,238,bus,Pasig
bus 04-P06,238,bus,Parañaque
bus 04-P06,238,bus,Pasay
bus 04-P06,238,bus,Mandaluyong
bus 04-P06,238,bus,Quezon City
bus T461,239,bus,Las Piñas
bus T461,239,bus,Laguna
bus T461,239,bus,Muntinlupa
bus P24,240,bus,Muntinlupa
bus P24,240,bus,Taguig
bus P24,240,bus,Makati
bus P24,240,bus,Parañaque
bus P24,240,bus,Pasay
bus 5,241,bus,Barangay 718
bus 5,241,bus,Barangay 717
bus 5,241,bus,Barangay 727
bus 5,241,bus,Barangay 716
bus 5,241,bus,Barangay 713
bus 5,241,bus,Barangay 708
bus 5,241,bus,Barangay 726
bus 5,241,bus,Barangay 712
bus 5,241,bus,Barangay 709
bus 5,241,bus,Barangay 729
bus 5,241,bus,Barangay 730
bus 5,241,bus,Barangay 728
bus 5,241,bus,Barangay 733
bus 5,241,bus,Barangay 725
bus 5,241,bus,Barangay 714
bus 5,241,bus,Barangay 724
bus 5,241,bus,Barangay 723
bus 5,241,bus,Barangay 692
bus 5,241,bus,Barangay 722
bus 5,241,bus,Barangay 691
bus 5,241,bus,Barangay 693
bus 5,241,bus,Barangay 689
bus 5,241,bus,Barangay 690
bus 5,241,bus,Barangay 695
bus 5,241,bus,Parañaque
bus 5,241,bus,Pasay
bus 5,241,bus,Barangay 481
bus 5,241,bus,Barangay 480
bus 5,241,bus,Barangay 477
bus 5,241,bus,Barangay 488
bus 5,241,bus,Barangay 487
bus 5,241,bus,Barangay 486
bus 5,241,bus,Barangay 485
bus 5,241,bus,Barangay 511
bus 5,241,bus,Barangay 499
bus 5,241,bus,Barangay 501
bus 5,241,bus,Barangay 500
bus 5,241,bus,Barangay 494
bus 5,241,bus,Barangay 495
bus 5,241,bus,Barangay 492
bus 5,241,bus,Quezon City
bus 5,241,bus,Caloocan
bus 5,241,bus,Barangay 666
bus 5,241,bus,Barangay 657
bus 5,241,bus,Barangay 658
bus 5,241,bus,Barangay 654
bus 5,241,bus,Barangay 291
bus 5,241,bus,Barangay 719
bus 5,241,bus,Barangay 720
bus 5,241,bus,Barangay 715
bus 5,241,bus,Barangay 711
bus 5,241,bus,Barangay 710
bus 5,241,bus,Barangay 707
bus 5,241,bus,Barangay 706
bus 5,241,bus,Barangay 702
bus 5,241,bus,Barangay 703
bus 5,241,bus,Barangay 697
bus 5,241,bus,Barangay 696
bus 5,241,bus,Barangay 694
bus 5,241,bus,Barangay 669
bus 5,241,bus,Barangay 675
bus 5,241,bus,Barangay 676
bus 5,241,bus,Barangay 670
bus 5,241,bus,Barangay 660
bus 5,241,bus,Barangay 659
bus 5,241,bus,Barangay 659-A
bus 5,241,bus,Barangay 384
bus 5,241,bus,Barangay 306
bus 5,241,bus,Barangay 303
bus 5,241,bus,Barangay 674
bus 5,241,bus,Barangay 660-A
bus 5,241,bus,Barangay 664
bus 5,241,bus,Barangay 661
bus 5,241,bus,Barangay 647
bus 5,241,bus,Barangay 385
bus 5,241,bus,Barangay 387
bus 5,241,bus,Barangay 383
bus 5,241,bus,Barangay 388
bus 5,241,bus,Barangay 393
bus 5,241,bus,Barangay 394
bus 5,241,bus,Barangay 391
bus 5,241,bus,Barangay 392
bus 5,241,bus,Barangay 307
bus 5,241,bus,Barangay 308
bus 5,241,bus,Barangay 309
bus 5,241,bus,Barangay 310
bus 5,241,bus,Barangay 395
bus 5,241,bus,Barangay 396
bus 5,241,bus,Barangay 464
bus 5,241,bus,Barangay 462
bus 5,241,bus,Barangay 468
bus 5,241,bus,Barangay 311
bus 5,241,bus,Barangay 469
bus 5,241,bus,Barangay 656
bus 5,241,bus,Barangay 312
bus 5,241,bus,Barangay 322
bus 5,241,bus,Barangay 463
bus 5,241,bus,Barangay 467
bus 5,241,bus,Barangay 465
bus 5,241,bus,Barangay 315
bus 5,241,bus,Barangay 466
bus 5,241,bus,Barangay 319
bus 5,241,bus,Barangay 318
bus 5,241,bus,Barangay 470
bus 5,241,bus,Barangay 471
bus 5,241,bus,Barangay 317
bus 5,241,bus,Barangay 320
bus 5,241,bus,Barangay 324
bus 5,241,bus,Barangay 323
bus 5,241,bus,Barangay 340
bus 5,241,bus,Barangay 342
bus 5,241,bus,Barangay 490
bus 5,241,bus,Barangay 489
bus 5,241,bus,Barangay 338
bus 5,241,bus,Barangay 343
bus 5,241,bus,Barangay 491
bus 5,241,bus,Barangay 341
bus 5,241,bus,Barangay 352
bus 5,241,bus,Barangay 339
bus 5,241,bus,Barangay 482
bus 5,241,bus,Barangay 483
bus 5,241,bus,Barangay 484
bus 5,241,bus,Barangay 350
bus 5,241,bus,Barangay 351
bus 5,241,bus,Barangay 368
bus 5,241,bus,Barangay 497
bus 5,241,bus,Barangay 349
bus 5,241,bus,Barangay 369
bus 5,241,bus,Barangay 371
bus 5,241,bus,Barangay 364
bus 5,241,bus,Barangay 370
bus 5,241,bus,Barangay 367
bus 5,241,bus,Barangay 493
bus 5,241,bus,Barangay 379
bus 5,241,bus,Barangay 376
bus 5,241,bus,Barangay 372
bus 5,241,bus,Manila North Cemetery
bus 5,241,bus,Bulacan
bus 5,241,bus,Malabon
bus 5,241,bus,Valenzuela
bus PITX-NSGB,243,bus,Las Piñas
bus PITX-NSGB,243,bus,Parañaque
bus PITX-NSGB,244,bus,Las Piñas
bus PITX-NSGB,244,bus,Parañaque
bus 2,245,bus,Pasig
bus 2,245,bus,Mandaluyong
bus 2,245,bus,Rizal
bus 2,245,bus,Barangay 635
bus 2,245,bus,Barangay 633
bus 2,245,bus,Barangay 632
bus 2,245,bus,Barangay 634
bus 2,245,bus,Barangay 418
bus 2,245,bus,Barangay 630
bus 2,245,bus,Barangay 591
bus 2,245,bus,Barangay 598
bus 2,245,bus,Barangay 592
bus 2,245,bus,Barangay 588
bus 2,245,bus,Barangay 597
bus 2,245,bus,Barangay 587
bus 2,245,bus,Barangay 593
bus 2,245,bus,Barangay 596
bus 2,245,bus,Barangay 587-A
bus 2,245,bus,Barangay 628
bus 2,245,bus,Barangay 631
bus 2,245,bus,Barangay 626
bus 2,245,bus,Barangay 629
bus 2,245,bus,Barangay 627
bus 2,245,bus,Barangay 426
bus 2,245,bus,Barangay 579
bus 2,245,bus,Barangay 427
bus 2,245,bus,Barangay 578
bus 2,245,bus,Barangay 428
bus 2,245,bus,Barangay 425
bus 2,245,bus,Barangay 424
bus 2,245,bus,Barangay 417
bus 2,245,bus,Barangay 421
bus 2,245,bus,Barangay 423
bus 2,245,bus,Barangay 422
bus 2,245,bus,Barangay 580
bus 2,245,bus,Barangay 570
bus 2,245,bus,Barangay 569
bus 2,245,bus,Barangay 571
bus 2,245,bus,Barangay 576
bus 2,245,bus,Barangay 645
bus 2,245,bus,Barangay 644
bus 2,245,bus,Barangay 643
bus 2,245,bus,Barangay 642
bus 2,245,bus,Barangay 641
bus 2,245,bus,Barangay 638
bus 2,245,bus,Barangay 640
bus 2,245,bus,Barangay 637
bus 2,245,bus,Barangay 412
bus 2,245,bus,Barangay 416
bus 2,245,bus,Barangay 413
bus 2,245,bus,Barangay 403
bus 2,245,bus,Barangay 402
bus 2,245,bus,Barangay 414
bus 2,245,bus,Barangay 415
bus 2,245,bus,Barangay 400
bus 2,245,bus,Barangay 407
bus 2,245,bus,Barangay 401
bus 2,245,bus,Barangay 410
bus 2,245,bus,Barangay 420
bus 2,245,bus,Barangay 409
bus 2,245,bus,Barangay 411
bus 2,245,bus,Barangay 419
bus 2,245,bus,Barangay 408
bus 2,245,bus,Barangay 433
bus 2,245,bus,Barangay 435
bus 2,245,bus,Barangay 405
bus 2,245,bus,San Juan
bus 2,245,bus,Barangay 595
bus 2,245,bus,Barangay 594
bus 2,245,bus,Barangay 585
bus 2,245,bus,Barangay 586
bus 2,245,bus,Barangay 581
bus 2,245,bus,Quezon City
bus 2,245,bus,Barangay 666
bus 2,245,bus,Barangay 657
bus 2,245,bus,Barangay 658
bus 2,245,bus,Barangay 654
bus 2,245,bus,Barangay 291
bus 2,245,bus,Barangay 660
bus 2,245,bus,Barangay 659
bus 2,245,bus,Barangay 659-A
bus 2,245,bus,Barangay 384
bus 2,245,bus,Barangay 306
bus 2,245,bus,Barangay 303
bus 2,245,bus,Barangay 660-A
bus 2,245,bus,Barangay 664
bus 2,245,bus,Barangay 661
bus 2,245,bus,Barangay 663
bus 2,245,bus,Barangay 663-A
bus 2,245,bus,Barangay 646
bus 2,245,bus,Barangay 647
bus 2,245,bus,Barangay 648
bus 2,245,bus,Barangay 386
bus 2,245,bus,Barangay 385
bus 2,245,bus,Barangay 387
bus 2,245,bus,Barangay 383
bus 2,245,bus,Barangay 388
bus 2,245,bus,Barangay 389
bus 2,245,bus,Barangay 393
bus 2,245,bus,Barangay 390
bus 2,245,bus,Barangay 394
bus 2,245,bus,Barangay 391
bus 2,245,bus,Barangay 392
bus 2,245,bus,Barangay 307
bus 2,245,bus,Barangay 308
bus 2,245,bus,Barangay 309
bus 2,245,bus,Barangay 310
bus 2,245,bus,Barangay 404
bus 2,245,bus,Barangay 395
bus 2,245,bus,Barangay 656
bus 3160,246,bus,Pasig
bus 3160,246,bus,Mandaluyong
bus 3160,246,bus,Rizal
bus 3160,246,bus,Barangay 598
bus 3160,246,bus,Barangay 588
bus 3160,246,bus,Barangay 597
bus 3160,246,bus,Barangay 587
bus 3160,246,bus,Barangay 596
bus 3160,246,bus,Barangay 587-A
bus 3160,246,bus,San Juan
bus 3160,246,bus,Barangay 595
bus 3160,246,bus,Barangay 594
bus 3160,246,bus,Barangay 585
bus 3160,246,bus,Barangay 586
bus 3160,246,bus,Quezon City
bus 2,247,bus,Pasig
bus 2,247,bus,Mandaluyong
bus 2,247,bus,Rizal
bus 2,247,bus,Barangay 636
bus 2,247,bus,Barangay 635
bus 2,247,bus,Barangay 633
bus 2,247,bus,Barangay 632
bus 2,247,bus,Barangay 634
bus 2,247,bus,Barangay 418
bus 2,247,bus,Barangay 630
bus 2,247,bus,Barangay 591
bus 2,247,bus,Barangay 598
bus 2,247,bus,Barangay 592
bus 2,247,bus,Barangay 588
bus 2,247,bus,Barangay 597
bus 2,247,bus,Barangay 587
bus 2,247,bus,Barangay 593
bus 2,247,bus,Barangay 596
bus 2,247,bus,Barangay 587-A
bus 2,247,bus,Barangay 628
bus 2,247,bus,Barangay 631
bus 2,247,bus,Barangay 626
bus 2,247,bus,Barangay 629
bus 2,247,bus,Barangay 627
bus 2,247,bus,Barangay 426
bus 2,247,bus,Barangay 579
bus 2,247,bus,Barangay 427
bus 2,247,bus,Barangay 578
bus 2,247,bus,Barangay 428
bus 2,247,bus,Barangay 425
bus 2,247,bus,Barangay 424
bus 2,247,bus,Barangay 417
bus 2,247,bus,Barangay 421
bus 2,247,bus,Barangay 423
bus 2,247,bus,Barangay 422
bus 2,247,bus,Barangay 580
bus 2,247,bus,Barangay 570
bus 2,247,bus,Barangay 569
bus 2,247,bus,Barangay 571
bus 2,247,bus,Barangay 576
bus 2,247,bus,Barangay 641
bus 2,247,bus,Barangay 638
bus 2,247,bus,Barangay 639
bus 2,247,bus,Barangay 640
bus 2,247,bus,Barangay 637
bus 2,247,bus,Barangay 412
bus 2,247,bus,Barangay 416
bus 2,247,bus,Barangay 413
bus 2,247,bus,Barangay 403
bus 2,247,bus,Barangay 402
bus 2,247,bus,Barangay 414
bus 2,247,bus,Barangay 415
bus 2,247,bus,Barangay 400
bus 2,247,bus,Barangay 407
bus 2,247,bus,Barangay 401
bus 2,247,bus,Barangay 410
bus 2,247,bus,Barangay 420
bus 2,247,bus,Barangay 409
bus 2,247,bus,Barangay 411
bus 2,247,bus,Barangay 419
bus 2,247,bus,Barangay 408
bus 2,247,bus,Barangay 433
bus 2,247,bus,Barangay 435
bus 2,247,bus,Barangay 405
bus 2,247,bus,San Juan
bus 2,247,bus,Barangay 595
bus 2,247,bus,Barangay 594
bus 2,247,bus,Barangay 585
bus 2,247,bus,Barangay 586
bus 2,247,bus,Barangay 581
bus 2,247,bus,Quezon City
bus 2,247,bus,Barangay 306
bus 2,247,bus,Barangay 383
bus 2,247,bus,Barangay 388
bus 2,247,bus,Barangay 389
bus 2,247,bus,Barangay 393
bus 2,247,bus,Barangay 390
bus 2,247,bus,Barangay 394
bus 2,247,bus,Barangay 391
bus 2,247,bus,Barangay 392
bus 2,247,bus,Barangay 307
bus 2,247,bus,Barangay 308
bus 2,247,bus,Barangay 309
bus 2,247,bus,Barangay 310
bus 2,247,bus,Barangay 404
bus 2,247,bus,Barangay 395
bus 2,247,bus,Barangay 396
bus 2,247,bus,Barangay 464
bus 2,247,bus,Barangay 462
bus 2,247,bus,Barangay 311
bus 3160,248,bus,Pasig
bus 3160,248,bus,Mandaluyong
bus 3160,248,bus,Rizal
bus 3160,248,bus,Barangay 598
bus 3160,248,bus,Barangay 588
bus 3160,248,bus,Barangay 597
bus 3160,248,bus,Barangay 596
bus 3160,248,bus,Barangay 587-A
bus 3160,248,bus,San Juan
bus 3160,248,bus,Barangay 595
bus 3160,248,bus,Barangay 594
bus 3160,248,bus,Barangay 585
bus 3160,248,bus,Barangay 586
bus 3160,248,bus,Quezon City
bus Alabang,249,bus,Muntinlupa
bus Alabang,249,bus,Taguig
bus Alabang,249,bus,Parañaque
bus Alabang,249,bus,Pasay
bus T427,250,bus,Las Piñas
bus T427,250,bus,Muntinlupa
share_taxi IA,251,share_taxi,Las Piñas
share_taxi IA,251,share_taxi,Muntinlupa
bus T427,252,bus,Las Piñas
bus T427,252,bus,Muntinlupa
bus 402,253,bus,Las Piñas
bus 402,253,bus,Muntinlupa
bus 04-P02,254,bus,Laguna
bus 04-P02,254,bus,Muntinlupa
bus 04-P02,254,bus,Taguig
bus 04-P02,254,bus,Makati
bus 04-P02,254,bus,Parañaque
bus 04-P02,254,bus,Pasay
bus 04-P02,255,bus,Laguna
bus 04-P02,255,bus,Muntinlupa
bus 04-P02,255,bus,Taguig
bus 04-P02,255,bus,Makati
bus 04-P02,255,bus,Pasig
bus 04-P02,255,bus,Parañaque
bus 04-P02,255,bus,Pasay
bus PITX-LEMB,260,bus,Laguna
bus PITX-LEMB,260,bus,Muntinlupa
bus PITX-LEMB,260,bus,Taguig
bus PITX-LEMB,260,bus,Parañaque
bus PITX-LEMB,260,bus,Pasay
bus PITX-TGTY,261,bus,Las Piñas
bus PITX-TGTY,261,bus,Parañaque
bus PITX-CLTG,262,bus,Las Piñas
bus PITX-CLTG,262,bus,Parañaque
bus PITX-BLYN,263,bus,Laguna
bus PITX-BLYN,263,bus,Muntinlupa
bus PITX-BLYN,263,bus,Taguig
bus PITX-BLYN,263,bus,Parañaque
bus PITX-BLYN,263,bus,Pasay
bus PTX-BLY,264,bus,Laguna
bus PTX-BLY,264,bus,Muntinlupa
bus PTX-BLY,264,bus,Taguig
bus PTX-BLY,264,bus,Makati
bus PTX-BLY,264,bus,Parañaque
bus PTX-BLY,264,bus,Pasay
bus PITX-CLTG,265,bus,Las Piñas
bus PITX-CLTG,265,bus,Parañaque
bus PITX-MNDZ,266,bus,Las Piñas
bus PITX-MNDZ,266,bus,Parañaque
bus PITX-MGLN,267,bus,Las Piñas
bus PITX-MGLN,267,bus,Parañaque
bus Philtranco,268,bus,Laguna
bus Philtranco,268,bus,Muntinlupa
bus Philtranco,268,bus,Taguig
bus Philtranco,268,bus,Parañaque
bus Philtranco,268,bus,Pasay
bus PITX-LGSP,269,bus,Laguna
bus PITX-LGSP,269,bus,Muntinlupa
bus PITX-LGSP,269,bus,Taguig
bus PITX-LGSP,269,bus,Makati
bus PITX-LGSP,269,bus,Parañaque
bus PITX-LGSP,269,bus,Pasay
bus DLTBCo,270,bus,Laguna
bus DLTBCo,270,bus,Muntinlupa
bus DLTBCo,270,bus,Taguig
bus DLTBCo,270,bus,Makati
bus DLTBCo,270,bus,Parañaque
bus DLTBCo,270,bus,Pasay
bus PITX-SSGN,271,bus,Laguna
bus PITX-SSGN,271,bus,Muntinlupa
bus PITX-SSGN,271,bus,Taguig
bus PITX-SSGN,271,bus,Parañaque
bus PITX-SSGN,271,bus,Pasay
bus DLTBCo,272,bus,Laguna
bus DLTBCo,272,bus,Muntinlupa
bus DLTBCo,272,bus,Taguig
bus DLTBCo,272,bus,Makati
bus DLTBCo,272,bus,Parañaque
bus DLTBCo,272,bus,Pasay
bus DLTBCo,273,bus,Laguna
bus DLTBCo,273,bus,Muntinlupa
bus DLTBCo,273,bus,Taguig
bus DLTBCo,273,bus,Makati
bus DLTBCo,273,bus,Parañaque
bus DLTBCo,273,bus,Pasay
bus P24,276,bus,Muntinlupa
bus P24,276,bus,Taguig
bus P24,276,bus,Makati
bus P24,276,bus,Parañaque
bus P24,276,bus,Pasay
bus P24,277,bus,Las Piñas
bus P24,277,bus,Muntinlupa
bus P24,277,bus,Taguig
bus P24,277,bus,Makati
bus P24,277,bus,Parañaque
bus P24,277,bus,Pasay
bus 30,278,bus,Laguna
bus 30,278,bus,Muntinlupa
bus 30,278,bus,Taguig
bus 30,278,bus,Makati
bus 30,278,bus,Parañaque
bus 30,278,bus,Pasay
bus Philtranco,279,bus,Laguna
bus Philtranco,279,bus,Muntinlupa
bus Philtranco,279,bus,Taguig
bus Philtranco,279,bus,Parañaque
bus Philtranco,279,bus,Pasay
bus PITX-BUHI,280,bus,Laguna
bus PITX-BUHI,280,bus,Muntinlupa
bus PITX-BUHI,280,bus,Taguig
bus PITX-BUHI,280,bus,Parañaque
bus PITX-BUHI,280,bus,Pasay
bus PITX-TBCO,281,bus,Laguna
bus PITX-TBCO,281,bus,Muntinlupa
bus PITX-TBCO,281,bus,Taguig
bus PITX-TBCO,281,bus,Parañaque
bus PITX-TBCO,281,bus,Pasay
bus PITX-TBCO,282,bus,Laguna
bus PITX-TBCO,282,bus,Muntinlupa
bus PITX-TBCO,282,bus,Taguig
bus PITX-TBCO,282,bus,Makati
bus PITX-TBCO,282,bus,Parañaque
bus PITX-TBCO,282,bus,Pasay
bus PITX-DNLC,283,bus,Laguna
bus PITX-DNLC,283,bus,Muntinlupa
bus PITX-DNLC,283,bus,Taguig
bus PITX-DNLC,283,bus,Parañaque
bus PITX-DNLC,283,bus,Pasay
bus Philtranco,284,bus,Laguna
bus Philtranco,284,bus,Muntinlupa
bus Philtranco,284,bus,Taguig
bus Philtranco,284,bus,Parañaque
bus Philtranco,284,bus,Pasay
bus PITX-PDRN,285,bus,Laguna
bus PITX-PDRN,285,bus,Muntinlupa
bus PITX-PDRN,285,bus,Taguig
bus PITX-PDRN,285,bus,Parañaque
bus PITX-PDRN,285,bus,Pasay
bus Philtranco,286,bus,Laguna
bus Philtranco,286,bus,Muntinlupa
bus Philtranco,286,bus,Taguig
bus Philtranco,286,bus,Parañaque
bus Philtranco,286,bus,Pasay
bus PITX-DNSL,287,bus,Laguna
bus PITX-DNSL,287,bus,Muntinlupa
bus PITX-DNSL,287,bus,Taguig
bus PITX-DNSL,287,bus,Parañaque
bus PITX-DNSL,287,bus,Pasay
bus Philtranco,288,bus,Laguna
bus Philtranco,288,bus,Muntinlupa
bus Philtranco,288,bus,Taguig
bus Philtranco,288,bus,Parañaque
bus Philtranco,288,bus,Pasay
bus PITX-BLTN,289,bus,Laguna
bus PITX-BLTN,289,bus,Muntinlupa
bus PITX-BLTN,289,bus,Taguig
bus PITX-BLTN,289,bus,Parañaque
bus PITX-BLTN,289,bus,Pasay
bus PITX-BTGS,290,bus,Laguna
bus PITX-BTGS,290,bus,Muntinlupa
bus PITX-BTGS,290,bus,Taguig
bus PITX-BTGS,290,bus,Parañaque
bus PITX-BTGS,290,bus,Pasay
bus PITX-BTGS,291,bus,Laguna
bus PITX-BTGS,291,bus,Muntinlupa
bus PITX-BTGS,291,bus,Taguig
bus PITX-BTGS,291,bus,Parañaque
bus PITX-BTGS,291,bus,Pasay
bus PITX-BTGS,292,bus,Laguna
bus PITX-BTGS,292,bus,Muntinlupa
bus PITX-BTGS,292,bus,Taguig
bus PITX-BTGS,292,bus,Parañaque
bus PITX-BTGS,292,bus,Pasay
bus DL,293,bus,Laguna
bus DL,293,bus,Muntinlupa
bus DL,293,bus,Taguig
bus DL,293,bus,Makati
bus DL,293,bus,Parañaque
bus DL,293,bus,Pasay
bus PITX-BTGS,294,bus,Laguna
bus PITX-BTGS,294,bus,Muntinlupa
bus PITX-BTGS,294,bus,Taguig
bus PITX-BTGS,294,bus,Parañaque
bus PITX-BTGS,294,bus,Pasay
bus T420,295,bus,Laguna
bus T420,295,bus,Muntinlupa
bus SPVH,296,bus,Muntinlupa
bus Kenneth,297,bus,Pasig
bus: Pasig Transport: Ligaya → City Hall via Rosario,298,bus,Pasig
bus: Pasig Transport: Ligaya → City Hall via Rosario,298,bus,Quezon City
bus PT2,299,bus,Pasig
bus PT2,299,bus,Quezon City
bus T421,300,bus,Laguna
bus T421,300,bus,Muntinlupa
bus PITX-TGON,301,bus,Laguna
bus PITX-TGON,301,bus,Muntinlupa
bus PITX-TGON,301,bus,Taguig
bus PITX-TGON,301,bus,Parañaque
bus PITX-TGON,301,bus,Pasay
bus ALBG-SJOM,302,bus,Laguna
bus ALBG-SJOM,302,bus,Muntinlupa
bus PITX-SJOM,303,bus,Laguna
bus PITX-SJOM,303,bus,Muntinlupa
bus PITX-SJOM,303,bus,Taguig
bus PITX-SJOM,303,bus,Parañaque
bus PITX-SJOM,303,bus,Pasay
bus PITX-SJOM,304,bus,Laguna
bus PITX-SJOM,304,bus,Muntinlupa
bus PITX-SJOM,304,bus,Taguig
bus PITX-SJOM,304,bus,Parañaque
bus PITX-SJOM,304,bus,Pasay
bus PITX-DVOC,305,bus,Laguna
bus PITX-DVOC,305,bus,Muntinlupa
bus PITX-DVOC,305,bus,Taguig
bus PITX-DVOC,305,bus,Parañaque
bus PITX-DVOC,305,bus,Pasay
share_taxi DA,306,share_taxi,Las Piñas
share_taxi DA,306,share_taxi,Muntinlupa
share_taxi DA,307,share_taxi,Las Piñas
share_taxi DA,307,share_taxi,Muntinlupa
bus PITX-SJBT,308,bus,Laguna
bus PITX-SJBT,308,bus,Muntinlupa
bus PITX-SJBT,308,bus,Taguig
bus PITX-SJBT,308,bus,Parañaque
bus PITX-SJBT,308,bus,Pasay
bus PITX-SJBT,309,bus,Laguna
bus PITX-SJBT,309,bus,Muntinlupa
bus PITX-SJBT,309,bus,Taguig
bus PITX-SJBT,309,bus,Parañaque
bus PITX-SJBT,309,bus,Pasay
bus ALBG-TIWI,310,bus,Laguna
bus ALBG-TIWI,310,bus,Muntinlupa
bus T419,311,bus,Laguna
bus T419,311,bus,Muntinlupa
bus 406,312,bus,Laguna
bus 406,312,bus,Muntinlupa
bus Medical City,313,bus,Makati
bus Medical City,313,bus,Pasig
bus Medical City,313,bus,Mandaluyong
bus Medical City,313,bus,Quezon City
bus Medical City,314,bus,Makati
bus Medical City,314,bus,Pasig
bus Medical City,314,bus,Mandaluyong
bus 11,315,bus,Laguna
bus 11,315,bus,Muntinlupa
bus 11,315,bus,Taguig
bus 11,315,bus,Makati
bus 11,315,bus,Parañaque
bus 11,315,bus,Pasay
bus 414,316,bus,Laguna
bus 414,316,bus,Muntinlupa
bus 421,317,bus,Laguna
bus 421,317,bus,Muntinlupa
bus 421,318,bus,Laguna
bus 421,318,bus,Muntinlupa
bus 414,319,bus,Laguna
bus 414,319,bus,Muntinlupa
bus PITX-MTNG,320,bus,Laguna
bus PITX-MTNG,320,bus,Muntinlupa
bus PITX-MTNG,320,bus,Taguig
bus PITX-MTNG,320,bus,Parañaque
bus PITX-MTNG,320,bus,Pasay
bus PITX-SCZL,321,bus,Laguna
bus PITX-SCZL,321,bus,Muntinlupa
bus PITX-SCZL,321,bus,Taguig
bus PITX-SCZL,321,bus,Parañaque
bus PITX-SCZL,321,bus,Pasay
bus LB3,322,bus,Pasig
bus LB3,322,bus,Mandaluyong
bus LB3,322,bus,Quezon City
bus PITX-TBCO,323,bus,Laguna
bus PITX-TBCO,323,bus,Muntinlupa
bus PITX-TBCO,323,bus,Taguig
bus PITX-TBCO,323,bus,Parañaque
bus PITX-TBCO,323,bus,Pasay
bus TBCC,324,bus,Laguna
bus TBCC,324,bus,Muntinlupa
bus TBCC,324,bus,Taguig
bus TBCC,324,bus,Makati
bus TBCC,324,bus,Parañaque
bus TBCC,324,bus,Pasay
share_taxi: UV Express: Araneta City → Cogeo,327,share_taxi,Pasig
share_taxi: UV Express: Araneta City → Cogeo,327,share_taxi,Marikina
share_taxi: UV Express: Araneta City → Cogeo,327,share_taxi,Quezon City
bus 3193,328,bus,Barangay 695
bus 3193,328,bus,Barangay 687
bus 3193,328,bus,Barangay 684
bus 3193,328,bus,Barangay 673
bus 3193,328,bus,Barangay 679
bus 3193,328,bus,Barangay 671
bus 3193,328,bus,Barangay 683
bus 3193,328,bus,Barangay 685
bus 3193,328,bus,Barangay 681
bus 3193,328,bus,Barangay 682
bus 3193,328,bus,Barangay 680
bus 3193,328,bus,Barangay 824
bus 3193,328,bus,Barangay 821
bus 3193,328,bus,Barangay 678
bus 3193,328,bus,Barangay 822
bus 3193,328,bus,Barangay 825
bus 3193,328,bus,Barangay 872
bus 3193,328,bus,Barangay 823
bus 3193,328,bus,Barangay 853
bus 3193,328,bus,Barangay 852
bus 3193,328,bus,Barangay 849
bus 3193,328,bus,Barangay 851
bus 3193,328,bus,Barangay 855
bus 3193,328,bus,Barangay 850
bus 3193,328,bus,Barangay 857
bus 3193,328,bus,Barangay 841
bus 3193,328,bus,Barangay 842
bus 3193,328,bus,Barangay 856
bus 3193,328,bus,Barangay 858
bus 3193,328,bus,Barangay 844
bus 3193,328,bus,Barangay 867
bus 3193,328,bus,Barangay 868
bus 3193,328,bus,Barangay 864
bus 3193,328,bus,Barangay 899
bus 3193,328,bus,Barangay 896
bus 3193,328,bus,Barangay 898
bus 3193,328,bus,Barangay 859
bus 3193,328,bus,Barangay 862
bus 3193,328,bus,Barangay 865
bus 3193,328,bus,Barangay 860
bus 3193,328,bus,Barangay 863
bus 3193,328,bus,Barangay 861
bus 3193,328,bus,Barangay 835
bus 3193,328,bus,Barangay 848
bus 3193,328,bus,Barangay 834
bus 3193,328,bus,Barangay 833
bus 3193,328,bus,Barangay 839
bus 3193,328,bus,Barangay 840
bus 3193,328,bus,Barangay 619
bus 3193,328,bus,Barangay 837
bus 3193,328,bus,Barangay 838
bus 3193,328,bus,Barangay 836
bus 3193,328,bus,Barangay 845
bus 3193,328,bus,Barangay 846
bus 3193,328,bus,Barangay 847
bus 3193,328,bus,Barangay 832
bus 3193,328,bus,Barangay 621
bus 3193,328,bus,Barangay 672
bus 3193,328,bus,Barangay 677
bus 3193,328,bus,Barangay 827
bus 3193,328,bus,Barangay 826
bus 3193,328,bus,Barangay 828
bus 3193,328,bus,Barangay 843
bus 3193,328,bus,Barangay 831
bus 3193,328,bus,Barangay 830
bus 3193,328,bus,Barangay 696
bus 3193,328,bus,Barangay 694
bus 3193,328,bus,Barangay 669
bus 3193,328,bus,Barangay 675
bus 3193,328,bus,Barangay 676
bus 3193,328,bus,Barangay 670
bus 3193,328,bus,Barangay 674
bus 302,329,bus,Quezon City
bus 302,329,bus,Caloocan
bus 302,330,bus,Quezon City
bus 302,330,bus,Caloocan
bus PITX-MSBC,331,bus,Laguna
bus PITX-MSBC,331,bus,Muntinlupa
bus PITX-MSBC,331,bus,Taguig
bus PITX-MSBC,331,bus,Parañaque
bus PITX-MSBC,331,bus,Pasay
bus PITX-NAGA,332,bus,Laguna
bus PITX-NAGA,332,bus,Muntinlupa
bus PITX-NAGA,332,bus,Taguig
bus PITX-NAGA,332,bus,Parañaque
bus PITX-NAGA,332,bus,Pasay
bus PITX-MNDN,333,bus,Laguna
bus PITX-MNDN,333,bus,Muntinlupa
bus PITX-MNDN,333,bus,Taguig
bus PITX-MNDN,333,bus,Parañaque
bus PITX-MNDN,333,bus,Pasay
bus PITX-ARRY,334,bus,Laguna
bus PITX-ARRY,334,bus,Muntinlupa
bus PITX-ARRY,334,bus,Taguig
bus PITX-ARRY,334,bus,Parañaque
bus PITX-ARRY,334,bus,Pasay
bus PITX-CWYN,335,bus,Laguna
bus PITX-CWYN,335,bus,Muntinlupa
bus PITX-CWYN,335,bus,Taguig
bus PITX-CWYN,335,bus,Parañaque
bus PITX-CWYN,335,bus,Pasay
bus PITX-CTIG,336,bus,Laguna
bus PITX-CTIG,336,bus,Muntinlupa
bus PITX-CTIG,336,bus,Taguig
bus PITX-CTIG,336,bus,Parañaque
bus PITX-CTIG,336,bus,Pasay
bus: Pasig Transport: Kenneth → City Hall,337,bus,Pasig
bus Robinsons,338,bus,Barangay 695
bus Robinsons,338,bus,Parañaque
bus Robinsons,338,bus,Pasay
bus Robinsons,338,bus,Barangay 667
bus Robinsons,338,bus,Barangay 666
bus Robinsons,338,bus,Barangay 657
bus Robinsons,338,bus,Barangay 658
bus Robinsons,338,bus,Barangay 655
bus Robinsons,338,bus,Barangay 654
bus Robinsons,338,bus,Barangay 291
bus Robinsons,338,bus,Barangay 287
bus Robinsons,338,bus,Barangay 719
bus Robinsons,338,bus,Barangay 720
bus Robinsons,338,bus,Barangay 721
bus Robinsons,338,bus,Barangay 701
bus Robinsons,338,bus,Barangay 704
bus Robinsons,338,bus,Barangay 702
bus Robinsons,338,bus,Barangay 698
bus Robinsons,338,bus,Barangay 697
bus Robinsons,338,bus,Barangay 696
bus Robinsons,338,bus,Barangay 694
bus Robinsons,338,bus,Barangay 669
bus Robinsons,338,bus,Barangay 675
bus Robinsons,338,bus,Barangay 676
bus Robinsons,338,bus,Barangay 700
bus Robinsons,338,bus,Barangay 699
bus Robinsons,338,bus,Barangay 668
bus Robinsons,338,bus,Barangay 670
bus Robinsons,338,bus,Barangay 660
bus Robinsons,338,bus,Barangay 659
bus Robinsons,338,bus,Barangay 659-A
bus Robinsons,338,bus,Barangay 674
bus Robinsons,338,bus,Barangay 660-A
bus Robinsons,338,bus,Barangay 664
bus Robinsons,338,bus,Barangay 661
bus Robinsons,338,bus,Barangay 649
bus Robinsons,338,bus,Barangay 653
bus Robinsons,338,bus,Barangay 652
bus Robinsons,338,bus,Barangay 651
bus Robinsons,338,bus,Barangay 650
bus Robinsons,338,bus,Barangay 656
bus Robinsons,338,bus,Barangay 282
bus Robinsons,339,bus,Parañaque
bus Robinsons,339,bus,Pasay
bus Robinsons,339,bus,Barangay 667
bus Robinsons,339,bus,Barangay 666
bus Robinsons,339,bus,Barangay 657
bus Robinsons,339,bus,Barangay 658
bus Robinsons,339,bus,Barangay 655
bus Robinsons,339,bus,Barangay 654
bus Robinsons,339,bus,Barangay 291
bus Robinsons,339,bus,Barangay 287
bus Robinsons,339,bus,Barangay 719
bus Robinsons,339,bus,Barangay 720
bus Robinsons,339,bus,Barangay 721
bus Robinsons,339,bus,Barangay 701
bus Robinsons,339,bus,Barangay 704
bus Robinsons,339,bus,Barangay 698
bus Robinsons,339,bus,Barangay 697
bus Robinsons,339,bus,Barangay 696
bus Robinsons,339,bus,Barangay 694
bus Robinsons,339,bus,Barangay 669
bus Robinsons,339,bus,Barangay 675
bus Robinsons,339,bus,Barangay 676
bus Robinsons,339,bus,Barangay 700
bus Robinsons,339,bus,Barangay 699
bus Robinsons,339,bus,Barangay 668
bus Robinsons,339,bus,Barangay 670
bus Robinsons,339,bus,Barangay 660
bus Robinsons,339,bus,Barangay 659
bus Robinsons,339,bus,Barangay 659-A
bus Robinsons,339,bus,Barangay 674
bus Robinsons,339,bus,Barangay 660-A
bus Robinsons,339,bus,Barangay 664
bus Robinsons,339,bus,Barangay 649
bus Robinsons,339,bus,Barangay 653
bus Robinsons,339,bus,Barangay 652
bus Robinsons,339,bus,Barangay 651
bus Robinsons,339,bus,Barangay 650
bus Robinsons,339,bus,Barangay 656
bus Robinsons,339,bus,Barangay 282
bus P56,346,bus,Las Piñas
bus P56,346,bus,Parañaque
bus P56,346,bus,Pasay
bus PITX-BTGS,347,bus,Laguna
bus PITX-BTGS,347,bus,Muntinlupa
bus PITX-BTGS,347,bus,Taguig
bus PITX-BTGS,347,bus,Parañaque
bus PITX-BTGS,347,bus,Pasay
bus PITX-LIPA,348,bus,Laguna
bus PITX-LIPA,348,bus,Muntinlupa
bus PITX-LIPA,348,bus,Taguig
bus PITX-LIPA,348,bus,Parañaque
bus PITX-LIPA,348,bus,Pasay
bus PITX-BTGS,349,bus,Laguna
bus PITX-BTGS,349,bus,Muntinlupa
bus PITX-BTGS,349,bus,Taguig
bus PITX-BTGS,349,bus,Parañaque
bus PITX-BTGS,349,bus,Pasay
bus 04-P11,350,bus,Laguna
bus 04-P11,350,bus,Muntinlupa
bus 04-P11,350,bus,Taguig
bus 04-P11,350,bus,Parañaque
bus 04-P11,350,bus,Pasay
bus 04-P06,351,bus,Laguna
bus 04-P06,351,bus,Muntinlupa
bus 04-P06,351,bus,Taguig
bus 04-P06,351,bus,Makati
bus 04-P06,351,bus,Parañaque
bus 04-P06,351,bus,Pasay
bus 04-P06,351,bus,Mandaluyong
bus PITX-BTGS,352,bus,Laguna
bus PITX-BTGS,352,bus,Muntinlupa
bus PITX-BTGS,352,bus,Taguig
bus PITX-BTGS,352,bus,Parañaque
bus PITX-BTGS,352,bus,Pasay
bus PTX-BTP,353,bus,Laguna
bus PTX-BTP,353,bus,Muntinlupa
bus PTX-BTP,353,bus,Taguig
bus PTX-BTP,353,bus,Makati
bus PTX-BTP,353,bus,Parañaque
bus PTX-BTP,353,bus,Pasay
bus Ayala Center-Springville,354,bus,Las Piñas
bus Ayala Center-Springville,354,bus,Muntinlupa
bus Ayala Center-Springville,354,bus,Taguig
bus Ayala Center-Springville,354,bus,Makati
bus Ayala Center-Springville,354,bus,Parañaque
bus Ayala Center-Springville,354,bus,Pasay
bus Ayala Center-Springville,355,bus,Las Piñas
bus Ayala Center-Springville,355,bus,Muntinlupa
bus Ayala Center-Springville,355,bus,Taguig
bus Ayala Center-Springville,355,bus,Makati
bus Ayala Center-Springville,355,bus,Parañaque
bus Ayala Center-Springville,355,bus,Pasay
bus 12,356,bus,Laguna
bus 12,356,bus,Muntinlupa
bus 12,356,bus,Taguig
bus 12,356,bus,Makati
bus 12,356,bus,Parañaque
bus 12,356,bus,Pasay
bus 12,357,bus,Laguna
bus 12,357,bus,Muntinlupa
bus 12,357,bus,Taguig
bus 12,357,bus,Makati
bus 12,357,bus,Parañaque
bus 12,357,bus,Pasay
bus 15,358,bus,Muntinlupa
bus 15,358,bus,Taguig
bus 15,358,bus,Makati
bus 15,358,bus,Pasig
bus 15,358,bus,Parañaque
bus 15,358,bus,Pasay
bus 34,359,bus,Quezon City
bus 34,360,bus,Quezon City
bus 21,361,bus,Barangay 488
bus 21,361,bus,Barangay 487
bus 21,361,bus,Barangay 486
bus 21,361,bus,Barangay 485
bus 21,361,bus,Barangay 511
bus 21,361,bus,Barangay 499
bus 21,361,bus,Barangay 501
bus 21,361,bus,Barangay 500
bus 21,361,bus,Barangay 494
bus 21,361,bus,Barangay 495
bus 21,361,bus,Barangay 492
bus 21,361,bus,Quezon City
bus 21,361,bus,Caloocan
bus 21,361,bus,Barangay 303
bus 21,361,bus,Barangay 302
bus 21,361,bus,Barangay 300
bus 21,361,bus,Barangay 295
bus 21,361,bus,Barangay 299
bus 21,361,bus,Barangay 294
bus 21,361,bus,Barangay 308
bus 21,361,bus,Barangay 309
bus 21,361,bus,Barangay 301
bus 21,361,bus,Barangay 305
bus 21,361,bus,Barangay 304
bus 21,361,bus,Barangay 310
bus 21,361,bus,Barangay 313
bus 21,361,bus,Barangay 314
bus 21,361,bus,Barangay 311
bus 21,361,bus,Barangay 260
bus 21,361,bus,Barangay 266
bus 21,361,bus,Barangay 262
bus 21,361,bus,Barangay 257
bus 21,361,bus,Barangay 312
bus 21,361,bus,Barangay 335
bus 21,361,bus,Barangay 329
bus 21,361,bus,Barangay 330
bus 21,361,bus,Barangay 263
bus 21,361,bus,Barangay 316
bus 21,361,bus,Barangay 332
bus 21,361,bus,Barangay 328
bus 21,361,bus,Barangay 261
bus 21,361,bus,Barangay 322
bus 21,361,bus,Barangay 315
bus 21,361,bus,Barangay 319
bus 21,361,bus,Barangay 318
bus 21,361,bus,Barangay 470
bus 21,361,bus,Barangay 471
bus 21,361,bus,Barangay 317
bus 21,361,bus,Barangay 264
bus 21,361,bus,Barangay 321
bus 21,361,bus,Barangay 333
bus 21,361,bus,Barangay 326
bus 21,361,bus,Barangay 265
bus 21,361,bus,Barangay 320
bus 21,361,bus,Barangay 334
bus 21,361,bus,Barangay 327
bus 21,361,bus,Barangay 324
bus 21,361,bus,Barangay 323
bus 21,361,bus,Barangay 340
bus 21,361,bus,Barangay 342
bus 21,361,bus,Barangay 490
bus 21,361,bus,Barangay 489
bus 21,361,bus,Barangay 338
bus 21,361,bus,Barangay 343
bus 21,361,bus,Barangay 491
bus 21,361,bus,Barangay 341
bus 21,361,bus,Barangay 352
bus 21,361,bus,Barangay 325
bus 21,361,bus,Barangay 339
bus 21,361,bus,Barangay 337
bus 21,361,bus,Barangay 331
bus 21,361,bus,Barangay 336
bus 21,361,bus,Barangay 353
bus 21,361,bus,Barangay 344
bus 21,361,bus,Barangay 482
bus 21,361,bus,Barangay 483
bus 21,361,bus,Barangay 484
bus 21,361,bus,Barangay 350
bus 21,361,bus,Barangay 351
bus 21,361,bus,Barangay 368
bus 21,361,bus,Barangay 497
bus 21,361,bus,Barangay 349
bus 21,361,bus,Barangay 369
bus 21,361,bus,Barangay 371
bus 21,361,bus,Barangay 364
bus 21,361,bus,Barangay 370
bus 21,361,bus,Barangay 367
bus 21,361,bus,Barangay 493
bus 21,361,bus,Barangay 379
bus 21,361,bus,Barangay 376
bus 21,361,bus,Barangay 372
bus 21,361,bus,Manila North Cemetery
bus 21,361,bus,Bulacan
bus 21,361,bus,Malabon
bus 21,361,bus,Valenzuela
bus 21,362,bus,Barangay 488
bus 21,362,bus,Barangay 487
bus 21,362,bus,Barangay 486
bus 21,362,bus,Barangay 485
bus 21,362,bus,Barangay 511
bus 21,362,bus,Barangay 499
bus 21,362,bus,Barangay 501
bus 21,362,bus,Barangay 500
bus 21,362,bus,Barangay 494
bus 21,362,bus,Barangay 495
bus 21,362,bus,Barangay 492
bus 21,362,bus,Quezon City
bus 21,362,bus,Caloocan
bus 21,362,bus,Barangay 299
bus 21,362,bus,Barangay 294
bus 21,362,bus,Barangay 308
bus 21,362,bus,Barangay 309
bus 21,362,bus,Barangay 301
bus 21,362,bus,Barangay 305
bus 21,362,bus,Barangay 304
bus 21,362,bus,Barangay 310
bus 21,362,bus,Barangay 313
bus 21,362,bus,Barangay 314
bus 21,362,bus,Barangay 464
bus 21,362,bus,Barangay 462
bus 21,362,bus,Barangay 468
bus 21,362,bus,Barangay 311
bus 21,362,bus,Barangay 469
bus 21,362,bus,Barangay 260
bus 21,362,bus,Barangay 262
bus 21,362,bus,Barangay 312
bus 21,362,bus,Barangay 335
bus 21,362,bus,Barangay 329
bus 21,362,bus,Barangay 330
bus 21,362,bus,Barangay 263
bus 21,362,bus,Barangay 316
bus 21,362,bus,Barangay 332
bus 21,362,bus,Barangay 328
bus 21,362,bus,Barangay 261
bus 21,362,bus,Barangay 322
bus 21,362,bus,Barangay 463
bus 21,362,bus,Barangay 467
bus 21,362,bus,Barangay 465
bus 21,362,bus,Barangay 315
bus 21,362,bus,Barangay 466
bus 21,362,bus,Barangay 319
bus 21,362,bus,Barangay 318
bus 21,362,bus,Barangay 470
bus 21,362,bus,Barangay 471
bus 21,362,bus,Barangay 317
bus 21,362,bus,Barangay 264
bus 21,362,bus,Barangay 321
bus 21,362,bus,Barangay 333
bus 21,362,bus,Barangay 326
bus 21,362,bus,Barangay 320
bus 21,362,bus,Barangay 324
bus 21,362,bus,Barangay 323
bus 21,362,bus,Barangay 340
bus 21,362,bus,Barangay 342
bus 21,362,bus,Barangay 490
bus 21,362,bus,Barangay 489
bus 21,362,bus,Barangay 338
bus 21,362,bus,Barangay 343
bus 21,362,bus,Barangay 491
bus 21,362,bus,Barangay 341
bus 21,362,bus,Barangay 352
bus 21,362,bus,Barangay 339
bus 21,362,bus,Barangay 337
bus 21,362,bus,Barangay 336
bus 21,362,bus,Barangay 344
bus 21,362,bus,Barangay 346
bus 21,362,bus,Barangay 482
bus 21,362,bus,Barangay 483
bus 21,362,bus,Barangay 484
bus 21,362,bus,Barangay 350
bus 21,362,bus,Barangay 351
bus 21,362,bus,Barangay 368
bus 21,362,bus,Barangay 497
bus 21,362,bus,Barangay 349
bus 21,362,bus,Barangay 369
bus 21,362,bus,Barangay 371
bus 21,362,bus,Barangay 365
bus 21,362,bus,Barangay 363
bus 21,362,bus,Barangay 381
bus 21,362,bus,Barangay 364
bus 21,362,bus,Barangay 370
bus 21,362,bus,Barangay 367
bus 21,362,bus,Barangay 493
bus 21,362,bus,Barangay 379
bus 21,362,bus,Barangay 380
bus 21,362,bus,Barangay 376
bus 21,362,bus,Barangay 377
bus 21,362,bus,Barangay 372
bus 21,362,bus,Manila North Cemetery
bus 21,362,bus,Bulacan
bus 21,362,bus,Malabon
bus 21,362,bus,Valenzuela
bus 45,363,bus,Taguig
bus 45,363,bus,Makati
bus 45,363,bus,Parañaque
bus 45,363,bus,Pasay
bus 45,364,bus,Taguig
bus 45,364,bus,Makati
bus 45,364,bus,Parañaque
bus 45,364,bus,Pasay
bus 10,365,bus,Muntinlupa
bus 10,365,bus,Taguig
bus 10,365,bus,Makati
bus 10,365,bus,Parañaque
bus 10,365,bus,Pasay
bus 10,366,bus,Muntinlupa
bus 10,366,bus,Taguig
bus 10,366,bus,Makati
bus 10,366,bus,Parañaque
bus 10,366,bus,Pasay
bus 8,367,bus,Quezon City
bus 8,367,bus,Caloocan
bus 8,367,bus,Barangay 296
bus 8,367,bus,Barangay 292
bus 8,367,bus,Barangay 294
bus 8,367,bus,Barangay 260
bus 8,367,bus,Barangay 266
bus 8,367,bus,Barangay 240
bus 8,367,bus,Barangay 247
bus 8,367,bus,Barangay 259
bus 8,367,bus,Barangay 242
bus 8,367,bus,Barangay 245
bus 8,367,bus,Barangay 262
bus 8,367,bus,Barangay 238
bus 8,367,bus,Barangay 248
bus 8,367,bus,Barangay 275
bus 8,367,bus,Barangay 274
bus 8,367,bus,Barangay 12
bus 8,367,bus,Barangay 11
bus 8,367,bus,Barangay 16
bus 8,367,bus,Barangay 14
bus 8,367,bus,Barangay 273
bus 8,367,bus,Barangay 272
bus 8,367,bus,Barangay 276
bus 8,367,bus,Barangay 270
bus 8,367,bus,Barangay 271
bus 8,367,bus,Barangay 269
bus 8,367,bus,Barangay 293
bus 8,367,bus,Barangay 268
bus 8,367,bus,Barangay 1
bus 8,367,bus,Barangay 15
bus 8,367,bus,Barangay 13
bus 8,367,bus,Barangay 32
bus 8,367,bus,Barangay 25
bus 8,367,bus,Barangay 26
bus 8,367,bus,Barangay 2
bus 8,367,bus,Barangay 3
bus 8,367,bus,Barangay 10
bus 8,367,bus,Barangay 7
bus 8,367,bus,Barangay 49
bus 8,367,bus,Barangay 9
bus 8,367,bus,Barangay 4
bus 8,367,bus,"Tutuban Mall (Claimed by Five Barangays of Tondo, Manila)"
bus 8,367,bus,Barangay 48
bus 8,367,bus,Barangay 8
bus 8,367,bus,Barangay 250
bus 8,367,bus,Barangay 257
bus 8,367,bus,Barangay 246
bus 8,367,bus,Barangay 244
bus 8,367,bus,Barangay 243
bus 8,367,bus,Barangay 254
bus 8,367,bus,Barangay 258
bus 8,367,bus,Barangay 241
bus 8,367,bus,Barangay 239
bus 8,367,bus,Barangay 253
bus 8,367,bus,Barangay 263
bus 8,367,bus,Barangay 264
bus 8,367,bus,Barangay 267
bus 8,367,bus,Barangay 255
bus 8,367,bus,Barangay 331
bus 8,367,bus,Barangay 353
bus 8,367,bus,Barangay 355
bus 8,367,bus,Barangay 354
bus 8,367,bus,Barangay 361
bus 8,367,bus,Barangay 362
bus 8,367,bus,Barangay 360
bus 8,367,bus,Barangay 359
bus 8,367,bus,Barangay 220
bus 8,367,bus,Barangay 219
bus 8,367,bus,Barangay 209
bus 8,367,bus,Barangay 210
bus 8,367,bus,Barangay 212
bus 8,367,bus,Barangay 213
bus 8,367,bus,Barangay 217
bus 8,367,bus,Barangay 214
bus 8,367,bus,Barangay 215
bus 8,367,bus,Barangay 204
bus 8,367,bus,Barangay 203
bus 8,367,bus,Barangay 211
bus 8,367,bus,Barangay 207
bus 8,367,bus,Barangay 208
bus 8,367,bus,Barangay 206
bus 8,367,bus,Barangay 373
bus 8,367,bus,Barangay 374
bus 8,367,bus,Barangay 201
bus 8,367,bus,Barangay 202-A
bus 8,367,bus,Barangay 252
bus 8,367,bus,Barangay 251
bus 8,367,bus,Barangay 237
bus 8,367,bus,Barangay 235
bus 8,367,bus,Barangay 236
bus 8,367,bus,Barangay 256
bus 8,367,bus,Barangay 249
bus 8,367,bus,Barangay 234
bus 8,367,bus,Barangay 233
bus 8,367,bus,Barangay 225
bus 8,367,bus,Barangay 226
bus 8,367,bus,Barangay 229
bus 8,367,bus,Barangay 230
bus 8,367,bus,Barangay 232
bus 8,367,bus,Barangay 222
bus 8,367,bus,Barangay 223
bus 8,367,bus,Barangay 231
bus 8,367,bus,Barangay 221
bus 8,367,bus,Barangay 224
bus 8,367,bus,Barangay 228
bus 8,367,bus,Barangay 227
bus 8,367,bus,Barangay 218
bus 8,367,bus,Barangay 216
bus 8,367,bus,Barangay 205
bus 8,367,bus,Barangay 198
bus 8,367,bus,Barangay 202
bus 8,367,bus,Barangay 197
bus 8,367,bus,Barangay 195
bus 8,367,bus,Barangay 193
bus 8,367,bus,Barangay 196
bus 8,367,bus,Barangay 194
bus 8,367,bus,Barangay 188
bus 8,367,bus,Barangay 187
bus 8,367,bus,Barangay 189
bus 8,367,bus,Barangay 191
bus 8,367,bus,Barangay 190
bus 8,367,bus,Barangay 192
bus 8,367,bus,Manila North Cemetery
bus 8,367,bus,Bulacan
bus 8,367,bus,Malabon
bus 8,367,bus,Barangay 199
bus 8,367,bus,Valenzuela
bus 9,368,bus,Quezon City
bus 9,368,bus,Caloocan
bus 9,368,bus,Bulacan
bus 9,368,bus,Malabon
bus 9,368,bus,Valenzuela
bus 217,369,bus,Pateros
bus 217,369,bus,Makati
bus 217,369,bus,Pasig
bus 217,369,bus,Mandaluyong
bus 3126,370,bus,Taguig
bus 3126,370,bus,Pateros
bus 3126,370,bus,Makati
bus 3126,370,bus,Pasig
bus 3126,370,bus,Parañaque
bus 3126,370,bus,Mandaluyong
bus 3127,371,bus,Barangay 724
bus 3127,371,bus,Barangay 723
bus 3127,371,bus,Barangay 692
bus 3127,371,bus,Barangay 722
bus 3127,371,bus,Barangay 691
bus 3127,371,bus,Barangay 743
bus 3127,371,bus,Barangay 693
bus 3127,371,bus,Barangay 689
bus 3127,371,bus,Barangay 753
bus 3127,371,bus,Barangay 732
bus 3127,371,bus,Barangay 751
bus 3127,371,bus,Barangay 744
bus 3127,371,bus,Barangay 731
bus 3127,371,bus,Barangay 750
bus 3127,371,bus,Barangay 739
bus 3127,371,bus,Barangay 740
bus 3127,371,bus,Barangay 807
bus 3127,371,bus,Barangay 806
bus 3127,371,bus,Barangay 805
bus 3127,371,bus,Barangay 803
bus 3127,371,bus,Barangay 802
bus 3127,371,bus,Barangay 798
bus 3127,371,bus,Barangay 801
bus 3127,371,bus,Barangay 797
bus 3127,371,bus,Barangay 786
bus 3127,371,bus,Barangay 796
bus 3127,371,bus,Barangay 738
bus 3127,371,bus,Barangay 737
bus 3127,371,bus,Barangay 799
bus 3127,371,bus,Barangay 741
bus 3127,371,bus,Barangay 800
bus 3127,371,bus,Barangay 736
bus 3127,371,bus,Barangay 735
bus 3127,371,bus,Barangay 810
bus 3127,371,bus,Barangay 734
bus 3127,371,bus,Barangay 690
bus 3127,371,bus,Barangay 742
bus 3127,371,bus,Barangay 688
bus 3127,371,bus,Barangay 695
bus 3127,371,bus,Barangay 686
bus 3127,371,bus,Barangay 687
bus 3127,371,bus,Barangay 684
bus 3127,371,bus,Barangay 673
bus 3127,371,bus,Barangay 679
bus 3127,371,bus,Barangay 683
bus 3127,371,bus,Barangay 685
bus 3127,371,bus,Makati
bus 3127,371,bus,Barangay 783
bus 3127,371,bus,Barangay 881
bus 3127,371,bus,Barangay 874
bus 3127,371,bus,Barangay 882
bus 3127,371,bus,Barangay 767
bus 3127,371,bus,Barangay 775
bus 3127,371,bus,Barangay 804
bus 3127,371,bus,Barangay 770
bus 3127,371,bus,Barangay 778
bus 3127,371,bus,Barangay 748
bus 3127,371,bus,Barangay 747
bus 3127,371,bus,Barangay 771
bus 3127,371,bus,Barangay 772
bus 3127,371,bus,Barangay 773
bus 3127,371,bus,Barangay 779
bus 3127,371,bus,Barangay 776
bus 3127,371,bus,Barangay 785
bus 3127,371,bus,Barangay 774
bus 3127,371,bus,Barangay 782
bus 3127,371,bus,Barangay 777
bus 3127,371,bus,Barangay 780
bus 3127,371,bus,Barangay 795
bus 3127,371,bus,Barangay 794
bus 3127,371,bus,Barangay 784
bus 3127,371,bus,Barangay 809
bus 3127,371,bus,Barangay 787
bus 3127,371,bus,Barangay 813
bus 3127,371,bus,Barangay 812
bus 3127,371,bus,Barangay 788
bus 3127,371,bus,Barangay 790
bus 3127,371,bus,Barangay 781
bus 3127,371,bus,Barangay 791
bus 3127,371,bus,Barangay 789
bus 3127,371,bus,Barangay 792
bus 3127,371,bus,Barangay 878
bus 3127,371,bus,Barangay 793
bus 3127,371,bus,Barangay 877
bus 3127,371,bus,Barangay 869
bus 3127,371,bus,Barangay 875
bus 3127,371,bus,Barangay 873
bus 3127,371,bus,Barangay 876
bus 3127,371,bus,Barangay 880
bus 3127,371,bus,Barangay 866
bus 3127,371,bus,Mandaluyong
bus 3127,371,bus,Barangay 703
bus 3127,371,bus,Barangay 697
bus 3127,371,bus,Barangay 696
bus 3127,371,bus,Barangay 694
bus 3127,371,bus,Barangay 669
bus 3127,371,bus,Barangay 675
bus 3127,371,bus,Barangay 676
bus 3137,372,bus,Makati
bus 3137,373,bus,Makati
bus 3154,374,bus,Makati
bus 3154,374,bus,Pasay
bus 3154,375,bus,Makati
bus 3154,375,bus,Pasay
bus PITX-LEMB,376,bus,Laguna
bus PITX-LEMB,376,bus,Muntinlupa
bus PITX-LEMB,376,bus,Taguig
bus PITX-LEMB,376,bus,Parañaque
bus PITX-LEMB,376,bus,Pasay
bus PITX-LMRY,377,bus,Laguna
bus PITX-LMRY,377,bus,Muntinlupa
bus PITX-LMRY,377,bus,Taguig
bus PITX-LMRY,377,bus,Makati
bus PITX-LMRY,377,bus,Parañaque
bus PITX-LMRY,377,bus,Pasay
bus QC8D,378,bus,Quezon City
bus PITX-LIPA,379,bus,Laguna
bus PITX-LIPA,379,bus,Muntinlupa
bus PITX-LIPA,379,bus,Taguig
bus PITX-LIPA,379,bus,Parañaque
bus PITX-LIPA,379,bus,Pasay
bus PITX-BTGS,380,bus,Laguna
bus PITX-BTGS,380,bus,Muntinlupa
bus PITX-BTGS,380,bus,Taguig
bus PITX-BTGS,380,bus,Parañaque
bus PITX-BTGS,380,bus,Pasay
bus ALBG-TGKW,381,bus,Laguna
bus ALBG-TGKW,381,bus,Muntinlupa
bus ALBG-TGKW,382,bus,Laguna
bus ALBG-TGKW,382,bus,Muntinlupa
bus P50,383,bus,Parañaque
bus P50,383,bus,Pasay
bus P50,383,bus,Caloocan
bus P50,383,bus,Barangay 667
bus P50,383,bus,Barangay 666
bus P50,383,bus,Barangay 657
bus P50,383,bus,Barangay 658
bus P50,383,bus,Barangay 655
bus P50,383,bus,Barangay 719
bus P50,383,bus,Barangay 720
bus P50,383,bus,Barangay 721
bus P50,383,bus,Barangay 701
bus P50,383,bus,Barangay 700
bus P50,383,bus,Barangay 699
bus P50,383,bus,Barangay 668
bus P50,383,bus,Barangay 649
bus P50,383,bus,Barangay 275
bus P50,383,bus,Barangay 18
bus P50,383,bus,Barangay 274
bus P50,383,bus,Barangay 12
bus P50,383,bus,Barangay 17
bus P50,383,bus,Barangay 11
bus P50,383,bus,Barangay 16
bus P50,383,bus,Barangay 19
bus P50,383,bus,Barangay 14
bus P50,383,bus,Barangay 653
bus P50,383,bus,Barangay 652
bus P50,383,bus,Barangay 651
bus P50,383,bus,Barangay 650
bus P50,383,bus,Barangay 656
bus P50,383,bus,Barangay 286
bus P50,383,bus,Barangay 283
bus P50,383,bus,Barangay 284
bus P50,383,bus,Barangay 273
bus P50,383,bus,Barangay 272
bus P50,383,bus,Barangay 276
bus P50,383,bus,Barangay 15
bus P50,383,bus,Barangay 29
bus P50,383,bus,Barangay 32
bus P50,383,bus,Barangay 30
bus P50,383,bus,Barangay 28
bus P50,383,bus,Barangay 31
bus P50,383,bus,Barangay 38
bus P50,383,bus,Barangay 34
bus P50,383,bus,Barangay 33
bus P50,383,bus,Barangay 39
bus P50,383,bus,Barangay 20
bus P50,383,bus,Barangay 37
bus P50,383,bus,Barangay 36
bus P50,383,bus,Barangay 41
bus P50,383,bus,Barangay 42
bus P50,383,bus,Barangay 44
bus P50,383,bus,Barangay 43
bus P50,383,bus,Barangay 46
bus P50,383,bus,Barangay 123
bus P50,383,bus,Barangay 73
bus P50,383,bus,Barangay 72
bus P50,383,bus,Barangay 121
bus P50,383,bus,Barangay 118
bus P50,383,bus,Barangay 120
bus P50,383,bus,Barangay 119
bus P50,383,bus,Barangay 116
bus P50,383,bus,Barangay 110
bus P50,383,bus,Barangay 112
bus P50,383,bus,Barangay 107
bus P50,383,bus,Barangay 108
bus P50,383,bus,Barangay 104
bus P50,383,bus,Barangay 103
bus P50,383,bus,Barangay 100
bus P50,383,bus,Barangay 102
bus P50,383,bus,Barangay 105
bus P50,383,bus,Barangay 96
bus P50,383,bus,Barangay 106
bus P50,383,bus,Barangay 99
bus P50,383,bus,Barangay 101
bus P50,383,bus,Barangay 98
bus P50,383,bus,Bulacan
bus P50,383,bus,Barangay 130
bus P50,383,bus,Barangay 129
bus P50,383,bus,Barangay 128
bus P50,383,bus,Navotas
bus P50,383,bus,Malabon
bus P50,383,bus,Valenzuela
bus BM,384,bus,Las Piñas
bus BM,384,bus,Taguig
bus BM,384,bus,Makati
bus BM,384,bus,Parañaque
bus BM,384,bus,Pasay
bus 18,385,bus,Taguig
bus 18,385,bus,Makati
bus 18,385,bus,Pasig
bus 18,385,bus,Parañaque
bus 18,385,bus,Pasay
bus 18,385,bus,Marikina
bus 18,385,bus,Quezon City
bus AX,386,bus,Makati
bus 62,387,bus,Taguig
bus 62,387,bus,Makati
bus 62,387,bus,Parañaque
bus 62,388,bus,Taguig
bus 62,388,bus,Makati
bus 62,388,bus,Parañaque
bus NR,389,bus,Taguig
bus NR,389,bus,Makati
bus NR,390,bus,Taguig
bus NR,390,bus,Makati
bus NR,391,bus,Taguig
bus NR,391,bus,Makati
bus NX,392,bus,Taguig
bus NX,392,bus,Makati
bus 63,393,bus,Taguig
bus 63,393,bus,Makati
bus UX,394,bus,Taguig
bus UX,394,bus,Makati
bus N,395,bus,Makati
bus C,396,bus,Makati
bus 4,397,bus,Makati
bus 4,397,bus,Parañaque
bus 4,397,bus,Pasay
bus 3131,398,bus,Caloocan
bus 3131,398,bus,Barangay 303
bus 3131,398,bus,Barangay 391
bus 3131,398,bus,Barangay 308
bus 3131,398,bus,Barangay 309
bus 3131,398,bus,Barangay 301
bus 3131,398,bus,Barangay 305
bus 3131,398,bus,Barangay 304
bus 3131,398,bus,Barangay 310
bus 3131,398,bus,Barangay 313
bus 3131,398,bus,Barangay 314
bus 3131,398,bus,Barangay 395
bus 3131,398,bus,Barangay 464
bus 3131,398,bus,Barangay 311
bus 3131,398,bus,Barangay 312
bus 3131,398,bus,Barangay 335
bus 3131,398,bus,Barangay 329
bus 3131,398,bus,Barangay 330
bus 3131,398,bus,Barangay 316
bus 3131,398,bus,Barangay 332
bus 3131,398,bus,Barangay 328
bus 3131,398,bus,Barangay 261
bus 3131,398,bus,Barangay 322
bus 3131,398,bus,Barangay 315
bus 3131,398,bus,Barangay 319
bus 3131,398,bus,Barangay 318
bus 3131,398,bus,Barangay 317
bus 3131,398,bus,Barangay 321
bus 3131,398,bus,Barangay 333
bus 3131,398,bus,Barangay 326
bus 3131,398,bus,Barangay 265
bus 3131,398,bus,Barangay 320
bus 3131,398,bus,Barangay 334
bus 3131,398,bus,Barangay 327
bus 3131,398,bus,Barangay 324
bus 3131,398,bus,Barangay 323
bus 3131,398,bus,Barangay 340
bus 3131,398,bus,Barangay 338
bus 3131,398,bus,Barangay 341
bus 3131,398,bus,Barangay 352
bus 3131,398,bus,Barangay 325
bus 3131,398,bus,Barangay 339
bus 3131,398,bus,Barangay 337
bus 3131,398,bus,Barangay 331
bus 3131,398,bus,Barangay 336
bus 3131,398,bus,Barangay 353
bus 3131,398,bus,Barangay 344
bus 3131,398,bus,Barangay 355
bus 3131,398,bus,Barangay 346
bus 3131,398,bus,Barangay 350
bus 3131,398,bus,Barangay 349
bus 3131,398,bus,Barangay 354
bus 3131,398,bus,Barangay 345
bus 3131,398,bus,Barangay 358
bus 3131,398,bus,Barangay 361
bus 3131,398,bus,Barangay 362
bus 3131,398,bus,Barangay 347
bus 3131,398,bus,Barangay 357
bus 3131,398,bus,Barangay 360
bus 3131,398,bus,Barangay 348
bus 3131,398,bus,Barangay 356
bus 3131,398,bus,Barangay 359
bus 3131,398,bus,Barangay 365
bus 3131,398,bus,Barangay 363
bus 3131,398,bus,Barangay 220
bus 3131,398,bus,Barangay 219
bus 3131,398,bus,Barangay 209
bus 3131,398,bus,Barangay 366
bus 3131,398,bus,Barangay 381
bus 3131,398,bus,Barangay 210
bus 3131,398,bus,Barangay 212
bus 3131,398,bus,Barangay 213
bus 3131,398,bus,Barangay 217
bus 3131,398,bus,Barangay 214
bus 3131,398,bus,Barangay 215
bus 3131,398,bus,Barangay 204
bus 3131,398,bus,Barangay 203
bus 3131,398,bus,Barangay 211
bus 3131,398,bus,Barangay 382
bus 3131,398,bus,Barangay 207
bus 3131,398,bus,Barangay 208
bus 3131,398,bus,Barangay 206
bus 3131,398,bus,Barangay 373
bus 3131,398,bus,Barangay 374
bus 3131,398,bus,Barangay 201
bus 3131,398,bus,Barangay 202-A
bus 3131,398,bus,Barangay 223
bus 3131,398,bus,Barangay 224
bus 3131,398,bus,Barangay 227
bus 3131,398,bus,Barangay 218
bus 3131,398,bus,Barangay 216
bus 3131,398,bus,Barangay 367
bus 3131,398,bus,Barangay 205
bus 3131,398,bus,Barangay 198
bus 3131,398,bus,Barangay 202
bus 3131,398,bus,Barangay 197
bus 3131,398,bus,Barangay 195
bus 3131,398,bus,Barangay 193
bus 3131,398,bus,Barangay 196
bus 3131,398,bus,Barangay 194
bus 3131,398,bus,Barangay 188
bus 3131,398,bus,Barangay 187
bus 3131,398,bus,Barangay 189
bus 3131,398,bus,Barangay 191
bus 3131,398,bus,Barangay 190
bus 3131,398,bus,Barangay 192
bus 3131,398,bus,Manila North Cemetery
bus 3131,398,bus,Navotas
bus 3131,398,bus,Malabon
bus 3131,398,bus,Barangay 199
bus 3131,399,bus,Caloocan
bus 3131,399,bus,Barangay 303
bus 3131,399,bus,Barangay 394
bus 3131,399,bus,Barangay 391
bus 3131,399,bus,Barangay 392
bus 3131,399,bus,Barangay 308
bus 3131,399,bus,Barangay 309
bus 3131,399,bus,Barangay 305
bus 3131,399,bus,Barangay 304
bus 3131,399,bus,Barangay 310
bus 3131,399,bus,Barangay 313
bus 3131,399,bus,Barangay 314
bus 3131,399,bus,Barangay 395
bus 3131,399,bus,Barangay 396
bus 3131,399,bus,Barangay 464
bus 3131,399,bus,Barangay 462
bus 3131,399,bus,Barangay 468
bus 3131,399,bus,Barangay 311
bus 3131,399,bus,Barangay 469
bus 3131,399,bus,Barangay 312
bus 3131,399,bus,Barangay 335
bus 3131,399,bus,Barangay 316
bus 3131,399,bus,Barangay 332
bus 3131,399,bus,Barangay 322
bus 3131,399,bus,Barangay 463
bus 3131,399,bus,Barangay 467
bus 3131,399,bus,Barangay 465
bus 3131,399,bus,Barangay 315
bus 3131,399,bus,Barangay 466
bus 3131,399,bus,Barangay 319
bus 3131,399,bus,Barangay 318
bus 3131,399,bus,Barangay 470
bus 3131,399,bus,Barangay 471
bus 3131,399,bus,Barangay 317
bus 3131,399,bus,Barangay 321
bus 3131,399,bus,Barangay 333
bus 3131,399,bus,Barangay 320
bus 3131,399,bus,Barangay 334
bus 3131,399,bus,Barangay 324
bus 3131,399,bus,Barangay 323
bus 3131,399,bus,Barangay 340
bus 3131,399,bus,Barangay 342
bus 3131,399,bus,Barangay 338
bus 3131,399,bus,Barangay 343
bus 3131,399,bus,Barangay 341
bus 3131,399,bus,Barangay 352
bus 3131,399,bus,Barangay 325
bus 3131,399,bus,Barangay 339
bus 3131,399,bus,Barangay 337
bus 3131,399,bus,Barangay 331
bus 3131,399,bus,Barangay 336
bus 3131,399,bus,Barangay 353
bus 3131,399,bus,Barangay 344
bus 3131,399,bus,Barangay 355
bus 3131,399,bus,Barangay 346
bus 3131,399,bus,Barangay 350
bus 3131,399,bus,Barangay 349
bus 3131,399,bus,Barangay 354
bus 3131,399,bus,Barangay 345
bus 3131,399,bus,Barangay 358
bus 3131,399,bus,Barangay 361
bus 3131,399,bus,Barangay 362
bus 3131,399,bus,Barangay 347
bus 3131,399,bus,Barangay 357
bus 3131,399,bus,Barangay 360
bus 3131,399,bus,Barangay 348
bus 3131,399,bus,Barangay 356
bus 3131,399,bus,Barangay 359
bus 3131,399,bus,Barangay 365
bus 3131,399,bus,Barangay 363
bus 3131,399,bus,Barangay 220
bus 3131,399,bus,Barangay 219
bus 3131,399,bus,Barangay 209
bus 3131,399,bus,Barangay 366
bus 3131,399,bus,Barangay 381
bus 3131,399,bus,Barangay 210
bus 3131,399,bus,Barangay 212
bus 3131,399,bus,Barangay 213
bus 3131,399,bus,Barangay 217
bus 3131,399,bus,Barangay 214
bus 3131,399,bus,Barangay 215
bus 3131,399,bus,Barangay 204
bus 3131,399,bus,Barangay 203
bus 3131,399,bus,Barangay 211
bus 3131,399,bus,Barangay 382
bus 3131,399,bus,Barangay 207
bus 3131,399,bus,Barangay 208
bus 3131,399,bus,Barangay 206
bus 3131,399,bus,Barangay 373
bus 3131,399,bus,Barangay 374
bus 3131,399,bus,Barangay 201
bus 3131,399,bus,Barangay 202-A
bus 3131,399,bus,Barangay 223
bus 3131,399,bus,Barangay 224
bus 3131,399,bus,Barangay 227
bus 3131,399,bus,Barangay 218
bus 3131,399,bus,Barangay 216
bus 3131,399,bus,Barangay 367
bus 3131,399,bus,Barangay 205
bus 3131,399,bus,Barangay 198
bus 3131,399,bus,Barangay 202
bus 3131,399,bus,Barangay 197
bus 3131,399,bus,Barangay 195
bus 3131,399,bus,Barangay 193
bus 3131,399,bus,Barangay 196
bus 3131,399,bus,Barangay 194
bus 3131,399,bus,Barangay 188
bus 3131,399,bus,Barangay 187
bus 3131,399,bus,Barangay 189
bus 3131,399,bus,Barangay 191
bus 3131,399,bus,Barangay 190
bus 3131,399,bus,Barangay 192
bus 3131,399,bus,Manila North Cemetery
bus 3131,399,bus,Navotas
bus 3131,399,bus,Malabon
bus 3131,399,bus,Barangay 199
bus 3193,400,bus,Barangay 695
bus 3193,400,bus,Barangay 684
bus 3193,400,bus,Barangay 673
bus 3193,400,bus,Barangay 679
bus 3193,400,bus,Barangay 671
bus 3193,400,bus,Barangay 683
bus 3193,400,bus,Barangay 685
bus 3193,400,bus,Barangay 681
bus 3193,400,bus,Barangay 682
bus 3193,400,bus,Barangay 680
bus 3193,400,bus,Barangay 824
bus 3193,400,bus,Barangay 821
bus 3193,400,bus,Barangay 678
bus 3193,400,bus,Barangay 822
bus 3193,400,bus,Barangay 825
bus 3193,400,bus,Barangay 872
bus 3193,400,bus,Barangay 823
bus 3193,400,bus,Barangay 853
bus 3193,400,bus,Barangay 852
bus 3193,400,bus,Barangay 849
bus 3193,400,bus,Barangay 851
bus 3193,400,bus,Barangay 855
bus 3193,400,bus,Barangay 850
bus 3193,400,bus,Barangay 857
bus 3193,400,bus,Barangay 841
bus 3193,400,bus,Barangay 842
bus 3193,400,bus,Barangay 856
bus 3193,400,bus,Barangay 858
bus 3193,400,bus,Barangay 844
bus 3193,400,bus,Barangay 867
bus 3193,400,bus,Barangay 868
bus 3193,400,bus,Barangay 864
bus 3193,400,bus,Barangay 899
bus 3193,400,bus,Barangay 896
bus 3193,400,bus,Barangay 898
bus 3193,400,bus,Barangay 859
bus 3193,400,bus,Barangay 862
bus 3193,400,bus,Barangay 865
bus 3193,400,bus,Barangay 860
bus 3193,400,bus,Barangay 863
bus 3193,400,bus,Barangay 861
bus 3193,400,bus,Barangay 835
bus 3193,400,bus,Barangay 848
bus 3193,400,bus,Barangay 834
bus 3193,400,bus,Barangay 833
bus 3193,400,bus,Barangay 839
bus 3193,400,bus,Barangay 840
bus 3193,400,bus,Barangay 619
bus 3193,400,bus,Barangay 837
bus 3193,400,bus,Barangay 838
bus 3193,400,bus,Barangay 836
bus 3193,400,bus,Barangay 845
bus 3193,400,bus,Barangay 846
bus 3193,400,bus,Barangay 847
bus 3193,400,bus,Barangay 832
bus 3193,400,bus,Barangay 621
bus 3193,400,bus,Barangay 672
bus 3193,400,bus,Barangay 677
bus 3193,400,bus,Barangay 827
bus 3193,400,bus,Barangay 826
bus 3193,400,bus,Barangay 828
bus 3193,400,bus,Barangay 843
bus 3193,400,bus,Barangay 831
bus 3193,400,bus,Barangay 830
bus 3193,400,bus,Barangay 696
bus 3193,400,bus,Barangay 694
bus 3193,400,bus,Barangay 669
bus 3193,400,bus,Barangay 675
bus 3193,400,bus,Barangay 676
bus 3193,400,bus,Barangay 670
bus 3193,400,bus,Barangay 674
bus 389,401,bus,Barangay 271
bus 389,401,bus,Barangay 269
bus 389,401,bus,Barangay 293
bus 389,401,bus,Barangay 268
bus 389,401,bus,Barangay 1
bus 389,401,bus,Barangay 5
bus 389,401,bus,Barangay 2
bus 389,401,bus,Barangay 3
bus 389,401,bus,Barangay 10
bus 389,401,bus,Barangay 7
bus 389,401,bus,Barangay 49
bus 389,401,bus,Barangay 9
bus 389,401,bus,Barangay 4
bus 389,401,bus,"Tutuban Mall (Claimed by Five Barangays of Tondo, Manila)"
bus 389,401,bus,Barangay 48
bus 389,401,bus,Barangay 8
bus 389,401,bus,Barangay 47
bus 389,401,bus,Barangay 71
bus 389,401,bus,Barangay 6
bus 389,401,bus,Barangay 64
bus 389,401,bus,Barangay 56
bus 389,401,bus,Barangay 57
bus 389,401,bus,Barangay 51
bus 389,401,bus,Barangay 62
bus 389,401,bus,Barangay 63
bus 389,401,bus,Barangay 58
bus 389,401,bus,Barangay 59
bus 389,401,bus,Barangay 65
bus 389,401,bus,Barangay 75
bus 389,401,bus,Barangay 50
bus 389,401,bus,Barangay 60
bus 389,401,bus,Barangay 52
bus 389,401,bus,Barangay 78
bus 389,401,bus,Barangay 76
bus 389,401,bus,Barangay 53
bus 389,401,bus,Barangay 88
bus 389,401,bus,Barangay 77
bus 389,401,bus,Barangay 61
bus 389,401,bus,Barangay 54
bus 389,401,bus,Barangay 90
bus 389,401,bus,Barangay 89
bus 389,401,bus,Barangay 55
bus 389,401,bus,Barangay 86
bus 389,401,bus,Barangay 87
bus 389,401,bus,Barangay 156
bus 389,401,bus,Barangay 91
bus 389,401,bus,Barangay 151
bus 389,401,bus,Barangay 154
bus 389,401,bus,Barangay 159
bus 389,401,bus,Barangay 157
bus 389,401,bus,Barangay 160
bus 389,401,bus,Barangay 155
bus 389,401,bus,Barangay 152
bus 389,401,bus,Barangay 218
bus 389,401,bus,Barangay 163
bus 389,401,bus,Barangay 149
bus 389,401,bus,Barangay 158
bus 389,401,bus,Barangay 150
bus 389,401,bus,Barangay 153
bus 389,401,bus,Barangay 147
bus 389,401,bus,Barangay 148
bus 389,401,bus,Barangay 167
bus 389,401,bus,Barangay 169
bus 389,401,bus,Barangay 166
bus 389,401,bus,Barangay 171
bus 389,401,bus,Barangay 94
bus 389,401,bus,Barangay 96
bus 389,401,bus,Barangay 133
bus 389,401,bus,Barangay 99
bus 389,401,bus,Barangay 98
bus 389,401,bus,Barangay 168
bus 389,401,bus,Barangay 170
bus 389,401,bus,Barangay 172
bus 389,401,bus,Barangay 137
bus 389,401,bus,Barangay 132
bus 389,401,bus,Barangay 130
bus 389,401,bus,Barangay 134
bus 389,401,bus,Barangay 129
bus 389,401,bus,Barangay 131
bus 389,401,bus,Barangay 124
bus 389,401,bus,Barangay 128
bus 389,401,bus,Barangay 138
bus 389,401,bus,Barangay 126
bus 389,401,bus,Barangay 127
bus 389,401,bus,Barangay 140
bus 389,401,bus,Barangay 125
bus 389,401,bus,Navotas
bus 389,401,bus,Malabon
bus 389,402,bus,Barangay 271
bus 389,402,bus,Barangay 269
bus 389,402,bus,Barangay 293
bus 389,402,bus,Barangay 268
bus 389,402,bus,Barangay 1
bus 389,402,bus,Barangay 25
bus 389,402,bus,Barangay 26
bus 389,402,bus,Barangay 35
bus 389,402,bus,Barangay 36
bus 389,402,bus,Barangay 45
bus 389,402,bus,Barangay 5
bus 389,402,bus,Barangay 2
bus 389,402,bus,Barangay 3
bus 389,402,bus,Barangay 10
bus 389,402,bus,Barangay 7
bus 389,402,bus,Barangay 49
bus 389,402,bus,Barangay 9
bus 389,402,bus,Barangay 4
bus 389,402,bus,"Tutuban Mall (Claimed by Five Barangays of Tondo, Manila)"
bus 389,402,bus,Barangay 48
bus 389,402,bus,Barangay 8
bus 389,402,bus,Barangay 46
bus 389,402,bus,Barangay 47
bus 389,402,bus,Barangay 69
bus 389,402,bus,Barangay 71
bus 389,402,bus,Barangay 6
bus 389,402,bus,Barangay 64
bus 389,402,bus,Barangay 56
bus 389,402,bus,Barangay 57
bus 389,402,bus,Barangay 51
bus 389,402,bus,Barangay 62
bus 389,402,bus,Barangay 63
bus 389,402,bus,Barangay 58
bus 389,402,bus,Barangay 59
bus 389,402,bus,Barangay 65
bus 389,402,bus,Barangay 70
bus 389,402,bus,Barangay 68
bus 389,402,bus,Barangay 74
bus 389,402,bus,Barangay 66
bus 389,402,bus,Barangay 75
bus 389,402,bus,Barangay 50
bus 389,402,bus,Barangay 60
bus 389,402,bus,Barangay 52
bus 389,402,bus,Barangay 78
bus 389,402,bus,Barangay 76
bus 389,402,bus,Barangay 53
bus 389,402,bus,Barangay 88
bus 389,402,bus,Barangay 77
bus 389,402,bus,Barangay 61
bus 389,402,bus,Barangay 54
bus 389,402,bus,Barangay 81
bus 389,402,bus,Barangay 82
bus 389,402,bus,Barangay 90
bus 389,402,bus,Barangay 89
bus 389,402,bus,Barangay 55
bus 389,402,bus,Barangay 86
bus 389,402,bus,Barangay 87
bus 389,402,bus,Barangay 84
bus 389,402,bus,Barangay 156
bus 389,402,bus,Barangay 91
bus 389,402,bus,Barangay 151
bus 389,402,bus,Barangay 154
bus 389,402,bus,Barangay 159
bus 389,402,bus,Barangay 157
bus 389,402,bus,Barangay 83
bus 389,402,bus,Barangay 160
bus 389,402,bus,Barangay 155
bus 389,402,bus,Barangay 152
bus 389,402,bus,Barangay 218
bus 389,402,bus,Barangay 163
bus 389,402,bus,Barangay 149
bus 389,402,bus,Barangay 158
bus 389,402,bus,Barangay 150
bus 389,402,bus,Barangay 153
bus 389,402,bus,Barangay 147
bus 389,402,bus,Barangay 148
bus 389,402,bus,Barangay 167
bus 389,402,bus,Barangay 169
bus 389,402,bus,Barangay 166
bus 389,402,bus,Barangay 171
bus 389,402,bus,Barangay 94
bus 389,402,bus,Barangay 96
bus 389,402,bus,Barangay 133
bus 389,402,bus,Barangay 99
bus 389,402,bus,Barangay 98
bus 389,402,bus,Barangay 168
bus 389,402,bus,Barangay 170
bus 389,402,bus,Barangay 172
bus 389,402,bus,Barangay 137
bus 389,402,bus,Barangay 132
bus 389,402,bus,Barangay 130
bus 389,402,bus,Barangay 134
bus 389,402,bus,Barangay 129
bus 389,402,bus,Barangay 131
bus 389,402,bus,Barangay 124
bus 389,402,bus,Barangay 128
bus 389,402,bus,Barangay 138
bus 389,402,bus,Barangay 126
bus 389,402,bus,Barangay 127
bus 389,402,bus,Barangay 140
bus 389,402,bus,Barangay 125
bus 389,402,bus,Navotas
bus 389,402,bus,Malabon
bus 3216,403,bus,Barangay 876
bus 3216,403,bus,Barangay 879
bus 3216,403,bus,Barangay 889
bus 3216,403,bus,Barangay 905
bus 3216,403,bus,Barangay 903
bus 3216,403,bus,Barangay 902
bus 3216,403,bus,Barangay 900
bus 3216,403,bus,Mandaluyong
bus 3216,403,bus,Barangay 888
bus 3216,403,bus,Barangay 890
bus 3216,403,bus,Barangay 904
bus 3216,403,bus,Barangay 891
bus 3216,403,bus,Barangay 901
bus 3216,403,bus,Barangay 899
bus 3216,403,bus,Barangay 892
bus 3216,403,bus,Barangay 896
bus 3216,403,bus,Barangay 897
bus 3216,403,bus,Barangay 898
bus 3216,403,bus,Barangay 894
bus 3216,403,bus,Barangay 895
bus 3216,403,bus,Barangay 625
bus 3216,403,bus,Barangay 623
bus 3216,403,bus,Barangay 620
bus 3216,403,bus,Barangay 624
bus 3216,403,bus,Barangay 893
bus 3216,403,bus,Barangay 865
bus 3216,403,bus,Barangay 622
bus 3216,403,bus,Barangay 839
bus 3216,403,bus,Barangay 618
bus 3216,403,bus,Barangay 609
bus 3216,403,bus,Barangay 608
bus 3216,403,bus,Barangay 619
bus 3216,403,bus,Barangay 617
bus 3216,403,bus,Barangay 610
bus 3216,403,bus,Barangay 614
bus 3216,403,bus,Barangay 607
bus 3216,403,bus,Barangay 613
bus 3216,403,bus,Barangay 616
bus 3216,403,bus,Barangay 604
bus 3216,403,bus,Barangay 612
bus 3216,403,bus,Barangay 606
bus 3216,403,bus,Barangay 615
bus 3216,403,bus,Barangay 636
bus 3216,403,bus,Barangay 635
bus 3216,403,bus,Barangay 633
bus 3216,403,bus,Barangay 632
bus 3216,403,bus,Barangay 634
bus 3216,403,bus,Barangay 418
bus 3216,403,bus,Barangay 611
bus 3216,403,bus,Barangay 605
bus 3216,403,bus,Barangay 621
bus 3216,403,bus,Barangay 602
bus 3216,403,bus,Barangay 603
bus 3216,403,bus,Barangay 630
bus 3216,403,bus,Barangay 601
bus 3216,403,bus,Barangay 590
bus 3216,403,bus,Barangay 600
bus 3216,403,bus,Barangay 589
bus 3216,403,bus,Barangay 591
bus 3216,403,bus,Barangay 599
bus 3216,403,bus,Barangay 598
bus 3216,403,bus,Barangay 592
bus 3216,403,bus,Barangay 588
bus 3216,403,bus,Barangay 597
bus 3216,403,bus,Barangay 587
bus 3216,403,bus,Barangay 593
bus 3216,403,bus,Barangay 596
bus 3216,403,bus,Barangay 587-A
bus 3216,403,bus,Barangay 628
bus 3216,403,bus,Barangay 631
bus 3216,403,bus,Barangay 626
bus 3216,403,bus,Barangay 629
bus 3216,403,bus,Barangay 627
bus 3216,403,bus,Barangay 426
bus 3216,403,bus,Barangay 579
bus 3216,403,bus,Barangay 427
bus 3216,403,bus,Barangay 578
bus 3216,403,bus,Barangay 428
bus 3216,403,bus,Barangay 425
bus 3216,403,bus,Barangay 424
bus 3216,403,bus,Barangay 417
bus 3216,403,bus,Barangay 421
bus 3216,403,bus,Barangay 423
bus 3216,403,bus,Barangay 422
bus 3216,403,bus,Barangay 580
bus 3216,403,bus,Barangay 570
bus 3216,403,bus,Barangay 569
bus 3216,403,bus,Barangay 571
bus 3216,403,bus,Barangay 576
bus 3216,403,bus,Barangay 645
bus 3216,403,bus,Barangay 644
bus 3216,403,bus,Barangay 643
bus 3216,403,bus,Barangay 642
bus 3216,403,bus,Barangay 641
bus 3216,403,bus,Barangay 638
bus 3216,403,bus,Barangay 639
bus 3216,403,bus,Barangay 640
bus 3216,403,bus,Barangay 637
bus 3216,403,bus,Barangay 412
bus 3216,403,bus,Barangay 416
bus 3216,403,bus,Barangay 413
bus 3216,403,bus,Barangay 403
bus 3216,403,bus,Barangay 402
bus 3216,403,bus,Barangay 414
bus 3216,403,bus,Barangay 415
bus 3216,403,bus,Barangay 400
bus 3216,403,bus,Barangay 407
bus 3216,403,bus,Barangay 401
bus 3216,403,bus,Barangay 410
bus 3216,403,bus,Barangay 420
bus 3216,403,bus,Barangay 409
bus 3216,403,bus,Barangay 411
bus 3216,403,bus,Barangay 419
bus 3216,403,bus,Barangay 408
bus 3216,403,bus,Barangay 433
bus 3216,403,bus,Barangay 435
bus 3216,403,bus,Barangay 405
bus 3216,403,bus,San Juan
bus 3216,403,bus,Barangay 595
bus 3216,403,bus,Barangay 594
bus 3216,403,bus,Barangay 585
bus 3216,403,bus,Barangay 586
bus 3216,403,bus,Barangay 581
bus 3216,403,bus,Quezon City
bus 3216,403,bus,Barangay 384
bus 3216,403,bus,Barangay 306
bus 3216,403,bus,Barangay 646
bus 3216,403,bus,Barangay 647
bus 3216,403,bus,Barangay 648
bus 3216,403,bus,Barangay 386
bus 3216,403,bus,Barangay 385
bus 3216,403,bus,Barangay 387
bus 3216,403,bus,Barangay 383
bus 3216,403,bus,Barangay 388
bus 3216,403,bus,Barangay 389
bus 3216,403,bus,Barangay 393
bus 3216,403,bus,Barangay 390
bus 3216,403,bus,Barangay 394
bus 3216,403,bus,Barangay 391
bus 3216,403,bus,Barangay 307
bus 3216,403,bus,Barangay 308
bus 3216,403,bus,Barangay 404
bus 366,404,bus,Makati
bus 366,404,bus,Pasig
bus 366,404,bus,Mandaluyong
bus 366,404,bus,Barangay 888
bus 366,404,bus,Barangay 891
bus 366,404,bus,Barangay 892
bus 366,404,bus,Barangay 897
bus 366,404,bus,Barangay 894
bus 366,404,bus,Barangay 895
bus 366,404,bus,Barangay 625
bus 366,404,bus,Barangay 623
bus 366,404,bus,Barangay 620
bus 366,404,bus,Barangay 893
bus 366,404,bus,Barangay 618
bus 366,404,bus,Barangay 609
bus 366,404,bus,Barangay 608
bus 366,404,bus,Barangay 617
bus 366,405,bus,Makati
bus 366,405,bus,Pasig
bus 366,405,bus,Mandaluyong
bus 366,405,bus,Barangay 892
bus 366,405,bus,Barangay 894
bus 366,405,bus,Barangay 895
bus 366,405,bus,Barangay 623
bus 366,405,bus,Barangay 620
bus 366,405,bus,Barangay 893
bus 366,405,bus,Barangay 618
bus 366,405,bus,Barangay 609
bus 366,405,bus,Barangay 608
bus 366,405,bus,Barangay 617
bus 3206,406,bus,Mandaluyong
bus 3206,406,bus,Barangay 893
bus 3206,406,bus,Barangay 618
bus 3206,406,bus,Barangay 608
bus 3206,406,bus,Barangay 619
bus 3206,406,bus,Barangay 617
bus 3206,406,bus,Barangay 610
bus 3206,406,bus,Barangay 614
bus 3206,406,bus,Barangay 607
bus 3206,406,bus,Barangay 613
bus 3206,406,bus,Barangay 616
bus 3206,406,bus,Barangay 604
bus 3206,406,bus,Barangay 612
bus 3206,406,bus,Barangay 606
bus 3206,406,bus,Barangay 615
bus 3206,406,bus,Barangay 636
bus 3206,406,bus,Barangay 635
bus 3206,406,bus,Barangay 633
bus 3206,406,bus,Barangay 632
bus 3206,406,bus,Barangay 634
bus 3206,406,bus,Barangay 418
bus 3206,406,bus,Barangay 611
bus 3206,406,bus,Barangay 605
bus 3206,406,bus,Barangay 621
bus 3206,406,bus,Barangay 602
bus 3206,406,bus,Barangay 603
bus 3206,406,bus,Barangay 630
bus 3206,406,bus,Barangay 601
bus 3206,406,bus,Barangay 590
bus 3206,406,bus,Barangay 600
bus 3206,406,bus,Barangay 589
bus 3206,406,bus,Barangay 591
bus 3206,406,bus,Barangay 599
bus 3206,406,bus,Barangay 598
bus 3206,406,bus,Barangay 592
bus 3206,406,bus,Barangay 588
bus 3206,406,bus,Barangay 597
bus 3206,406,bus,Barangay 587
bus 3206,406,bus,Barangay 593
bus 3206,406,bus,Barangay 596
bus 3206,406,bus,Barangay 587-A
bus 3206,406,bus,Barangay 628
bus 3206,406,bus,Barangay 631
bus 3206,406,bus,Barangay 626
bus 3206,406,bus,Barangay 629
bus 3206,406,bus,Barangay 627
bus 3206,406,bus,Barangay 426
bus 3206,406,bus,Barangay 579
bus 3206,406,bus,Barangay 427
bus 3206,406,bus,Barangay 578
bus 3206,406,bus,Barangay 428
bus 3206,406,bus,Barangay 425
bus 3206,406,bus,Barangay 424
bus 3206,406,bus,Barangay 417
bus 3206,406,bus,Barangay 421
bus 3206,406,bus,Barangay 423
bus 3206,406,bus,Barangay 422
bus 3206,406,bus,Barangay 580
bus 3206,406,bus,Barangay 570
bus 3206,406,bus,Barangay 569
bus 3206,406,bus,Barangay 571
bus 3206,406,bus,Barangay 576
bus 3206,406,bus,Barangay 640
bus 3206,406,bus,Barangay 637
bus 3206,406,bus,Barangay 410
bus 3206,406,bus,Barangay 420
bus 3206,406,bus,Barangay 409
bus 3206,406,bus,Barangay 419
bus 3206,406,bus,San Juan
bus 3206,406,bus,Barangay 595
bus 3206,406,bus,Barangay 594
bus 3206,406,bus,Barangay 585
bus 3206,406,bus,Barangay 586
bus 3206,406,bus,Barangay 581
bus 3206,406,bus,Quezon City
bus 3206,407,bus,Mandaluyong
bus 3206,407,bus,Barangay 893
bus 3206,407,bus,Barangay 618
bus 3206,407,bus,Barangay 608
bus 3206,407,bus,Barangay 617
bus 3206,407,bus,Barangay 610
bus 3206,407,bus,Barangay 614
bus 3206,407,bus,Barangay 607
bus 3206,407,bus,Barangay 613
bus 3206,407,bus,Barangay 616
bus 3206,407,bus,Barangay 604
bus 3206,407,bus,Barangay 612
bus 3206,407,bus,Barangay 606
bus 3206,407,bus,Barangay 615
bus 3206,407,bus,Barangay 635
bus 3206,407,bus,Barangay 633
bus 3206,407,bus,Barangay 632
bus 3206,407,bus,Barangay 634
bus 3206,407,bus,Barangay 418
bus 3206,407,bus,Barangay 611
bus 3206,407,bus,Barangay 605
bus 3206,407,bus,Barangay 621
bus 3206,407,bus,Barangay 602
bus 3206,407,bus,Barangay 603
bus 3206,407,bus,Barangay 630
bus 3206,407,bus,Barangay 601
bus 3206,407,bus,Barangay 590
bus 3206,407,bus,Barangay 600
bus 3206,407,bus,Barangay 589
bus 3206,407,bus,Barangay 591
bus 3206,407,bus,Barangay 599
bus 3206,407,bus,Barangay 598
bus 3206,407,bus,Barangay 592
bus 3206,407,bus,Barangay 588
bus 3206,407,bus,Barangay 597
bus 3206,407,bus,Barangay 587
bus 3206,407,bus,Barangay 593
bus 3206,407,bus,Barangay 596
bus 3206,407,bus,Barangay 587-A
bus 3206,407,bus,Barangay 628
bus 3206,407,bus,Barangay 631
bus 3206,407,bus,Barangay 626
bus 3206,407,bus,Barangay 629
bus 3206,407,bus,Barangay 627
bus 3206,407,bus,Barangay 426
bus 3206,407,bus,Barangay 579
bus 3206,407,bus,Barangay 427
bus 3206,407,bus,Barangay 578
bus 3206,407,bus,Barangay 428
bus 3206,407,bus,Barangay 425
bus 3206,407,bus,Barangay 424
bus 3206,407,bus,Barangay 417
bus 3206,407,bus,Barangay 421
bus 3206,407,bus,Barangay 423
bus 3206,407,bus,Barangay 422
bus 3206,407,bus,Barangay 580
bus 3206,407,bus,Barangay 570
bus 3206,407,bus,Barangay 569
bus 3206,407,bus,Barangay 571
bus 3206,407,bus,Barangay 576
bus 3206,407,bus,Barangay 640
bus 3206,407,bus,Barangay 637
bus 3206,407,bus,Barangay 410
bus 3206,407,bus,Barangay 420
bus 3206,407,bus,Barangay 409
bus 3206,407,bus,Barangay 419
bus 3206,407,bus,San Juan
bus 3206,407,bus,Barangay 595
bus 3206,407,bus,Barangay 594
bus 3206,407,bus,Barangay 585
bus 3206,407,bus,Barangay 586
bus 3206,407,bus,Barangay 581
bus Alabang-Southville 3,408,bus,Las Piñas
bus Alabang-Southville 3,408,bus,Muntinlupa
bus Alabang-Southville 3,409,bus,Las Piñas
bus Alabang-Southville 3,409,bus,Muntinlupa
share_taxi Bacoor-PITX,410,share_taxi,Las Piñas
share_taxi Bacoor-PITX,410,share_taxi,Parañaque
share_taxi: Molino–Lawton via Coastal Road UV Express,411,share_taxi,Las Piñas
share_taxi: Molino–Lawton via Coastal Road UV Express,411,share_taxi,Parañaque
share_taxi: Molino–Lawton via Coastal Road UV Express,411,share_taxi,Pasay
share_taxi: Molino–Lawton via Coastal Road UV Express,411,share_taxi,Barangay 667
share_taxi: Molino–Lawton via Coastal Road UV Express,411,share_taxi,Barangay 666
share_taxi: Molino–Lawton via Coastal Road UV Express,411,share_taxi,Barangay 657
share_taxi: Molino–Lawton via Coastal Road UV Express,411,share_taxi,Barangay 658
share_taxi: Molino–Lawton via Coastal Road UV Express,411,share_taxi,Barangay 654
share_taxi: Molino–Lawton via Coastal Road UV Express,411,share_taxi,Barangay 291
share_taxi: Molino–Lawton via Coastal Road UV Express,411,share_taxi,Barangay 287
share_taxi: Molino–Lawton via Coastal Road UV Express,411,share_taxi,Barangay 719
share_taxi: Molino–Lawton via Coastal Road UV Express,411,share_taxi,Barangay 720
share_taxi: Molino–Lawton via Coastal Road UV Express,411,share_taxi,Barangay 721
share_taxi: Molino–Lawton via Coastal Road UV Express,411,share_taxi,Barangay 701
share_taxi: Molino–Lawton via Coastal Road UV Express,411,share_taxi,Barangay 700
share_taxi: Molino–Lawton via Coastal Road UV Express,411,share_taxi,Barangay 699
share_taxi: Molino–Lawton via Coastal Road UV Express,411,share_taxi,Barangay 668
share_taxi: Molino–Lawton via Coastal Road UV Express,411,share_taxi,Barangay 660
share_taxi: Molino–Lawton via Coastal Road UV Express,411,share_taxi,Barangay 659
share_taxi: Molino–Lawton via Coastal Road UV Express,411,share_taxi,Barangay 659-A
share_taxi: Molino–Lawton via Coastal Road UV Express,411,share_taxi,Barangay 384
share_taxi: Molino–Lawton via Coastal Road UV Express,411,share_taxi,Barangay 306
share_taxi: Molino–Lawton via Coastal Road UV Express,411,share_taxi,Barangay 303
share_taxi: Molino–Lawton via Coastal Road UV Express,411,share_taxi,Barangay 660-A
share_taxi: Molino–Lawton via Coastal Road UV Express,411,share_taxi,Barangay 647
share_taxi: Molino–Lawton via Coastal Road UV Express,411,share_taxi,Barangay 653
share_taxi: Molino–Lawton via Coastal Road UV Express,411,share_taxi,Barangay 656
share_taxi: Molino–Lawton via Coastal Road UV Express (inbound),412,share_taxi,Las Piñas
share_taxi: Molino–Lawton via Coastal Road UV Express (inbound),412,share_taxi,Parañaque
share_taxi: Molino–Lawton via Coastal Road UV Express (inbound),412,share_taxi,Pasay
share_taxi: Molino–Lawton via Coastal Road UV Express (inbound),412,share_taxi,Barangay 667
share_taxi: Molino–Lawton via Coastal Road UV Express (inbound),412,share_taxi,Barangay 666
share_taxi: Molino–Lawton via Coastal Road UV Express (inbound),412,share_taxi,Barangay 657
share_taxi: Molino–Lawton via Coastal Road UV Express (inbound),412,share_taxi,Barangay 658
share_taxi: Molino–Lawton via Coastal Road UV Express (inbound),412,share_taxi,Barangay 654
share_taxi: Molino–Lawton via Coastal Road UV Express (inbound),412,share_taxi,Barangay 719
share_taxi: Molino–Lawton via Coastal Road UV Express (inbound),412,share_taxi,Barangay 720
share_taxi: Molino–Lawton via Coastal Road UV Express (inbound),412,share_taxi,Barangay 721
share_taxi: Molino–Lawton via Coastal Road UV Express (inbound),412,share_taxi,Barangay 701
share_taxi: Molino–Lawton via Coastal Road UV Express (inbound),412,share_taxi,Barangay 700
share_taxi: Molino–Lawton via Coastal Road UV Express (inbound),412,share_taxi,Barangay 699
share_taxi: Molino–Lawton via Coastal Road UV Express (inbound),412,share_taxi,Barangay 668
share_taxi: Molino–Lawton via Coastal Road UV Express (inbound),412,share_taxi,Barangay 660
share_taxi: Molino–Lawton via Coastal Road UV Express (inbound),412,share_taxi,Barangay 659
share_taxi: Molino–Lawton via Coastal Road UV Express (inbound),412,share_taxi,Barangay 659-A
share_taxi: Molino–Lawton via Coastal Road UV Express (inbound),412,share_taxi,Barangay 384
share_taxi: Molino–Lawton via Coastal Road UV Express (inbound),412,share_taxi,Barangay 306
share_taxi: Molino–Lawton via Coastal Road UV Express (inbound),412,share_taxi,Barangay 660-A
share_taxi: Molino–Lawton via Coastal Road UV Express (inbound),412,share_taxi,Barangay 647
share_taxi: Molino–Lawton via Coastal Road UV Express (inbound),412,share_taxi,Barangay 653
share_taxi: Molino–Lawton via Coastal Road UV Express (inbound),412,share_taxi,Barangay 656
"share_taxi: UV Express: Springville, Molino, Bacoor → Alabang via Daang Hari",413,share_taxi,Las Piñas
"share_taxi: UV Express: Springville, Molino, Bacoor → Alabang via Daang Hari",413,share_taxi,Muntinlupa
share_taxi Alabang-Springville via Daang Hari,414,share_taxi,Las Piñas
share_taxi Alabang-Springville via Daang Hari,414,share_taxi,Muntinlupa
share_taxi: SM Southmall–Balibago UV Express(outbound),415,share_taxi,Las Piñas
share_taxi: SM Southmall–Balibago UV Express(outbound),415,share_taxi,Laguna
share_taxi: SM Southmall–Balibago UV Express(outbound),415,share_taxi,Muntinlupa
share_taxi: SM Southmall–Balibago UV Express,416,share_taxi,Las Piñas
share_taxi: SM Southmall–Balibago UV Express,416,share_taxi,Laguna
share_taxi: SM Southmall–Balibago UV Express,416,share_taxi,Muntinlupa
share_taxi ACPC,417,share_taxi,Laguna
share_taxi ACPC,417,share_taxi,Muntinlupa
share_taxi ACPC,417,share_taxi,Taguig
share_taxi ACPC,417,share_taxi,Makati
share_taxi ACPC,417,share_taxi,Parañaque
share_taxi ACPC,417,share_taxi,Pasay
share_taxi ACPC,418,share_taxi,Laguna
share_taxi ACPC,418,share_taxi,Muntinlupa
share_taxi ACPC,418,share_taxi,Taguig
share_taxi ACPC,418,share_taxi,Makati
share_taxi ACPC,418,share_taxi,Parañaque
share_taxi ACPC,418,share_taxi,Pasay
bus: Ayala–Mantrade via Pasong Tamo,419,bus,Makati
bus T305,420,bus,Makati
bus 401,421,bus,Muntinlupa
bus 427,422,bus,Las Piñas
bus 427,422,bus,Parañaque
bus 427,422,bus,Pasay
bus 427,422,bus,Cavite
bus 427,423,bus,Las Piñas
bus 427,423,bus,Parañaque
bus 427,423,bus,Pasay
bus 427,423,bus,Cavite
bus 390,424,bus,Barangay 400
bus 390,424,bus,Barangay 398
bus 390,424,bus,Barangay 303
bus 390,424,bus,Barangay 393
bus 390,424,bus,Barangay 390
bus 390,424,bus,Barangay 394
bus 390,424,bus,Barangay 391
bus 390,424,bus,Barangay 392
bus 390,424,bus,Barangay 297
bus 390,424,bus,Barangay 302
bus 390,424,bus,Barangay 300
bus 390,424,bus,Barangay 296
bus 390,424,bus,Barangay 295
bus 390,424,bus,Barangay 299
bus 390,424,bus,Barangay 292
bus 390,424,bus,Barangay 294
bus 390,424,bus,Barangay 307
bus 390,424,bus,Barangay 308
bus 390,424,bus,Barangay 309
bus 390,424,bus,Barangay 301
bus 390,424,bus,Barangay 305
bus 390,424,bus,Barangay 304
bus 390,424,bus,Barangay 310
bus 390,424,bus,Barangay 313
bus 390,424,bus,Barangay 314
bus 390,424,bus,Barangay 404
bus 390,424,bus,Barangay 395
bus 390,424,bus,Barangay 396
bus 390,424,bus,Barangay 399
bus 390,424,bus,Barangay 464
bus 390,424,bus,Barangay 462
bus 390,424,bus,Barangay 397
bus 390,424,bus,Barangay 468
bus 390,424,bus,Barangay 311
bus 390,424,bus,Barangay 469
bus 390,424,bus,Barangay 260
bus 390,424,bus,Barangay 266
bus 390,424,bus,Barangay 240
bus 390,424,bus,Barangay 247
bus 390,424,bus,Barangay 259
bus 390,424,bus,Barangay 242
bus 390,424,bus,Barangay 245
bus 390,424,bus,Barangay 262
bus 390,424,bus,Barangay 238
bus 390,424,bus,Barangay 248
bus 390,424,bus,Barangay 293
bus 390,424,bus,"Tutuban Mall (Claimed by Five Barangays of Tondo, Manila)"
bus 390,424,bus,Barangay 250
bus 390,424,bus,Barangay 257
bus 390,424,bus,Barangay 246
bus 390,424,bus,Barangay 244
bus 390,424,bus,Barangay 243
bus 390,424,bus,Barangay 254
bus 390,424,bus,Barangay 258
bus 390,424,bus,Barangay 241
bus 390,424,bus,Barangay 239
bus 390,424,bus,Barangay 253
bus 390,424,bus,Barangay 312
bus 390,424,bus,Barangay 329
bus 390,424,bus,Barangay 330
bus 390,424,bus,Barangay 263
bus 390,424,bus,Barangay 463
bus 390,424,bus,Barangay 467
bus 390,424,bus,Barangay 465
bus 390,424,bus,Barangay 470
bus 390,424,bus,Barangay 264
bus 390,424,bus,Barangay 252
bus 390,424,bus,Barangay 251
bus 390,424,bus,Barangay 237
bus 390,424,bus,Barangay 235
bus 3139,425,bus,Barangay 633
bus 3139,425,bus,Barangay 632
bus 3139,425,bus,Barangay 634
bus 3139,425,bus,Barangay 418
bus 3139,425,bus,Barangay 631
bus 3139,425,bus,Barangay 427
bus 3139,425,bus,Barangay 428
bus 3139,425,bus,Barangay 425
bus 3139,425,bus,Barangay 424
bus 3139,425,bus,Barangay 417
bus 3139,425,bus,Barangay 421
bus 3139,425,bus,Barangay 423
bus 3139,425,bus,Barangay 422
bus 3139,425,bus,Barangay 437
bus 3139,425,bus,Barangay 446
bus 3139,425,bus,Barangay 445
bus 3139,425,bus,Barangay 551
bus 3139,425,bus,Barangay 576
bus 3139,425,bus,Barangay 420
bus 3139,425,bus,Barangay 409
bus 3139,425,bus,Barangay 411
bus 3139,425,bus,Barangay 419
bus 3139,425,bus,Barangay 435
bus 3139,425,bus,Barangay 436
bus 3139,425,bus,Barangay 434
bus 3139,425,bus,Barangay 439
bus 3139,425,bus,Barangay 432
bus 3139,425,bus,Barangay 438
bus 3139,425,bus,Barangay 429
bus 3139,425,bus,Barangay 448
bus 3139,425,bus,Barangay 440
bus 3139,425,bus,Barangay 449
bus 3139,425,bus,Barangay 443
bus 3139,425,bus,Barangay 447
bus 3139,425,bus,Barangay 455
bus 3139,425,bus,Barangay 431
bus 3139,425,bus,Barangay 460
bus 3139,425,bus,Barangay 461
bus 3139,425,bus,Barangay 444
bus 3139,425,bus,Barangay 550
bus 3139,425,bus,Barangay 544
bus 3139,425,bus,Barangay 542
bus 3139,425,bus,Barangay 456
bus 3139,425,bus,Barangay 454
bus 3139,425,bus,Barangay 479
bus 3139,425,bus,Barangay 478
bus 3139,425,bus,Barangay 476
bus 3139,425,bus,Barangay 481
bus 3139,425,bus,Barangay 475
bus 3139,425,bus,Barangay 480
bus 3139,425,bus,Barangay 477
bus 3139,425,bus,Barangay 472
bus 3139,425,bus,Barangay 441
bus 3139,425,bus,Barangay 442
bus 3139,425,bus,Barangay 453
bus 3139,425,bus,Barangay 543
bus 3139,425,bus,Barangay 452
bus 3139,425,bus,Barangay 451
bus 3139,425,bus,Barangay 450
bus 3139,425,bus,Barangay 521
bus 3139,425,bus,Barangay 473
bus 3139,425,bus,Barangay 503
bus 3139,425,bus,Barangay 505
bus 3139,425,bus,Barangay 474
bus 3139,425,bus,Barangay 488
bus 3139,425,bus,Barangay 507
bus 3139,425,bus,Barangay 487
bus 3139,425,bus,Barangay 486
bus 3139,425,bus,Barangay 470
bus 3139,425,bus,Barangay 471
bus 3139,425,bus,Barangay 323
bus 3139,425,bus,Barangay 340
bus 3139,425,bus,Barangay 342
bus 3139,425,bus,Barangay 490
bus 3139,425,bus,Barangay 489
bus 3139,425,bus,Barangay 338
bus 3139,425,bus,Barangay 343
bus 3139,425,bus,Barangay 491
bus 3139,425,bus,Barangay 341
bus 3139,425,bus,Barangay 352
bus 3139,425,bus,Barangay 337
bus 3139,425,bus,Barangay 336
bus 3139,425,bus,Barangay 353
bus 3139,425,bus,Barangay 344
bus 3139,425,bus,Barangay 346
bus 3139,425,bus,Barangay 482
bus 3139,425,bus,Barangay 350
bus 3139,425,bus,Barangay 351
bus 3139,425,bus,Barangay 354
bus 3139,425,bus,Barangay 345
bus 3139,425,bus,Barangay 347
bus 3140,426,bus,Barangay 641
bus 3140,426,bus,Barangay 638
bus 3140,426,bus,Barangay 416
bus 3140,426,bus,Barangay 403
bus 3140,426,bus,Barangay 402
bus 3140,426,bus,Barangay 415
bus 3140,426,bus,Barangay 400
bus 3140,426,bus,Barangay 407
bus 3140,426,bus,Barangay 401
bus 3140,426,bus,Barangay 408
bus 3140,426,bus,Barangay 433
bus 3140,426,bus,Barangay 435
bus 3140,426,bus,Barangay 434
bus 3140,426,bus,Barangay 432
bus 3140,426,bus,Barangay 429
bus 3140,426,bus,Barangay 448
bus 3140,426,bus,Barangay 440
bus 3140,426,bus,Barangay 449
bus 3140,426,bus,Barangay 443
bus 3140,426,bus,Barangay 447
bus 3140,426,bus,Barangay 455
bus 3140,426,bus,Barangay 405
bus 3140,426,bus,Barangay 398
bus 3140,426,bus,Barangay 406
bus 3140,426,bus,Barangay 458
bus 3140,426,bus,Barangay 430
bus 3140,426,bus,Barangay 431
bus 3140,426,bus,Barangay 459
bus 3140,426,bus,Barangay 457
bus 3140,426,bus,Barangay 460
bus 3140,426,bus,Barangay 461
bus 3140,426,bus,Barangay 544
bus 3140,426,bus,Barangay 542
bus 3140,426,bus,Barangay 554
bus 3140,426,bus,Barangay 548
bus 3140,426,bus,Barangay 456
bus 3140,426,bus,Barangay 454
bus 3140,426,bus,Barangay 479
bus 3140,426,bus,Barangay 441
bus 3140,426,bus,Barangay 442
bus 3140,426,bus,Barangay 453
bus 3140,426,bus,Barangay 543
bus 3140,426,bus,Barangay 452
bus 3140,426,bus,Barangay 451
bus 3140,426,bus,Barangay 450
bus 3140,426,bus,Barangay 521
bus 3140,426,bus,Barangay 522
bus 3140,426,bus,Barangay 523
bus 3140,426,bus,Barangay 524
bus 3140,426,bus,Barangay 526
bus 3140,426,bus,Barangay 517
bus 3140,426,bus,Barangay 513
bus 3140,426,bus,Barangay 530
bus 3140,426,bus,Barangay 512
bus 3140,426,bus,Barangay 539
bus 3140,426,bus,Barangay 536
bus 3140,426,bus,Barangay 547
bus 3140,426,bus,Barangay 535
bus 3140,426,bus,Barangay 534
bus 3140,426,bus,Barangay 532
bus 3140,426,bus,Barangay 533
bus 3140,426,bus,Barangay 525
bus 3140,426,bus,Barangay 527
bus 3140,426,bus,Barangay 529
bus 3140,426,bus,Barangay 531
bus 3140,426,bus,Barangay 528
bus 3140,426,bus,Barangay 537
bus 3140,426,bus,Barangay 384
bus 3140,426,bus,Barangay 306
bus 3140,426,bus,Barangay 647
bus 3140,426,bus,Barangay 385
bus 3140,426,bus,Barangay 387
bus 3140,426,bus,Barangay 383
bus 3140,426,bus,Barangay 388
bus 3140,426,bus,Barangay 389
bus 3140,426,bus,Barangay 393
bus 3140,426,bus,Barangay 390
bus 3140,426,bus,Barangay 394
bus 3140,426,bus,Barangay 391
bus 3140,426,bus,Barangay 392
bus 3140,426,bus,Barangay 307
bus 3140,426,bus,Barangay 308
bus 3140,426,bus,Barangay 404
bus 3140,426,bus,Barangay 395
bus 3140,426,bus,Barangay 396
bus 3140,426,bus,Barangay 399
bus 3140,426,bus,Barangay 464
bus 3140,426,bus,Barangay 462
bus 3140,426,bus,Barangay 397
bus 3140,426,bus,Barangay 468
bus 3140,426,bus,Barangay 469
bus 3140,426,bus,Barangay 470
bus 3102,427,bus,Barangay 306
bus 3102,427,bus,Barangay 303
bus 3102,427,bus,Barangay 383
bus 3102,427,bus,Barangay 393
bus 3102,427,bus,Barangay 394
bus 3102,427,bus,Barangay 391
bus 3102,427,bus,Barangay 392
bus 3102,427,bus,Barangay 297
bus 3102,427,bus,Barangay 302
bus 3102,427,bus,Barangay 300
bus 3102,427,bus,Barangay 296
bus 3102,427,bus,Barangay 295
bus 3102,427,bus,Barangay 299
bus 3102,427,bus,Barangay 292
bus 3102,427,bus,Barangay 294
bus 3102,427,bus,Barangay 307
bus 3102,427,bus,Barangay 308
bus 3102,427,bus,Barangay 309
bus 3102,427,bus,Barangay 301
bus 3102,427,bus,Barangay 305
bus 3102,427,bus,Barangay 304
bus 3102,427,bus,Barangay 310
bus 3102,427,bus,Barangay 313
bus 3102,427,bus,Barangay 314
bus 3102,427,bus,Barangay 395
bus 3102,427,bus,Barangay 464
bus 3102,427,bus,Barangay 311
bus 3102,427,bus,Barangay 260
bus 3102,427,bus,Barangay 266
bus 3102,427,bus,Barangay 240
bus 3102,427,bus,Barangay 247
bus 3102,427,bus,Barangay 259
bus 3102,427,bus,Barangay 242
bus 3102,427,bus,Barangay 245
bus 3102,427,bus,Barangay 238
bus 3102,427,bus,Barangay 275
bus 3102,427,bus,Barangay 274
bus 3102,427,bus,Barangay 12
bus 3102,427,bus,Barangay 11
bus 3102,427,bus,Barangay 16
bus 3102,427,bus,Barangay 14
bus 3102,427,bus,Barangay 273
bus 3102,427,bus,Barangay 272
bus 3102,427,bus,Barangay 276
bus 3102,427,bus,Barangay 270
bus 3102,427,bus,Barangay 271
bus 3102,427,bus,Barangay 269
bus 3102,427,bus,Barangay 293
bus 3102,427,bus,Barangay 268
bus 3102,427,bus,Barangay 1
bus 3102,427,bus,Barangay 15
bus 3102,427,bus,Barangay 13
bus 3102,427,bus,Barangay 32
bus 3102,427,bus,Barangay 25
bus 3102,427,bus,Barangay 26
bus 3102,427,bus,Barangay 2
bus 3102,427,bus,Barangay 3
bus 3102,427,bus,Barangay 10
bus 3102,427,bus,Barangay 7
bus 3102,427,bus,Barangay 49
bus 3102,427,bus,Barangay 9
bus 3102,427,bus,Barangay 4
bus 3102,427,bus,"Tutuban Mall (Claimed by Five Barangays of Tondo, Manila)"
bus 3102,427,bus,Barangay 48
bus 3102,427,bus,Barangay 8
bus 3102,427,bus,Barangay 312
bus 3102,427,bus,Barangay 329
bus 3102,427,bus,Barangay 330
bus 3102,427,bus,Barangay 263
bus MR 19,428,bus,Laguna
bus MR 19,428,bus,Muntinlupa
bus MR 19,429,bus,Laguna
bus MR 19,429,bus,Muntinlupa
bus 339,430,bus,Barangay 418
bus 339,430,bus,Barangay 428
bus 339,430,bus,Barangay 425
bus 339,430,bus,Barangay 424
bus 339,430,bus,Barangay 417
bus 339,430,bus,Barangay 421
bus 339,430,bus,Barangay 423
bus 339,430,bus,Barangay 422
bus 339,430,bus,Barangay 437
bus 339,430,bus,Barangay 446
bus 339,430,bus,Barangay 445
bus 339,430,bus,Barangay 551
bus 339,430,bus,Barangay 571
bus 339,430,bus,Barangay 576
bus 339,430,bus,Barangay 572
bus 339,430,bus,Barangay 574
bus 339,430,bus,Barangay 575
bus 339,430,bus,Barangay 573
bus 339,430,bus,Barangay 567
bus 339,430,bus,Barangay 566
bus 339,430,bus,Barangay 577
bus 339,430,bus,Barangay 565
bus 339,430,bus,Barangay 564
bus 339,430,bus,Barangay 568
bus 339,430,bus,Barangay 563
bus 339,430,bus,Barangay 562
bus 339,430,bus,Barangay 549
bus 339,430,bus,Barangay 560
bus 339,430,bus,Barangay 420
bus 339,430,bus,Barangay 411
bus 339,430,bus,Barangay 419
bus 339,430,bus,Barangay 435
bus 339,430,bus,Barangay 436
bus 339,430,bus,Barangay 434
bus 339,430,bus,Barangay 439
bus 339,430,bus,Barangay 432
bus 339,430,bus,Barangay 438
bus 339,430,bus,Barangay 429
bus 339,430,bus,Barangay 448
bus 339,430,bus,Barangay 440
bus 339,430,bus,Barangay 449
bus 339,430,bus,Barangay 443
bus 339,430,bus,Barangay 447
bus 339,430,bus,Barangay 455
bus 339,430,bus,Barangay 431
bus 339,430,bus,Barangay 460
bus 339,430,bus,Barangay 461
bus 339,430,bus,Barangay 444
bus 339,430,bus,Barangay 546
bus 339,430,bus,Barangay 550
bus 339,430,bus,Barangay 544
bus 339,430,bus,Barangay 545
bus 339,430,bus,Barangay 552
bus 339,430,bus,Barangay 553
bus 339,430,bus,Barangay 542
bus 339,430,bus,Barangay 554
bus 339,430,bus,Barangay 456
bus 339,430,bus,Barangay 454
bus 339,430,bus,Barangay 479
bus 339,430,bus,Barangay 478
bus 339,430,bus,Barangay 476
bus 339,430,bus,Barangay 481
bus 339,430,bus,Barangay 475
bus 339,430,bus,Barangay 480
bus 339,430,bus,Barangay 477
bus 339,430,bus,Barangay 472
bus 339,430,bus,Barangay 441
bus 339,430,bus,Barangay 442
bus 339,430,bus,Barangay 453
bus 339,430,bus,Barangay 543
bus 339,430,bus,Barangay 452
bus 339,430,bus,Barangay 451
bus 339,430,bus,Barangay 450
bus 339,430,bus,Barangay 521
bus 339,430,bus,Barangay 473
bus 339,430,bus,Barangay 503
bus 339,430,bus,Barangay 504
bus 339,430,bus,Barangay 505
bus 339,430,bus,Barangay 474
bus 339,430,bus,Barangay 488
bus 339,430,bus,Barangay 507
bus 339,430,bus,Barangay 487
bus 339,430,bus,Barangay 509
bus 339,430,bus,Barangay 561
bus 339,430,bus,Barangay 559
bus 339,430,bus,Barangay 558
bus 339,430,bus,Barangay 557
bus 339,430,bus,Barangay 539
bus 339,430,bus,Barangay 556
bus 339,430,bus,Barangay 555
bus 339,430,bus,Barangay 541
bus 339,430,bus,Barangay 536
bus 339,430,bus,Barangay 540
bus 339,430,bus,Barangay 547
bus 339,430,bus,Barangay 535
bus 339,430,bus,Barangay 534
bus 339,430,bus,Barangay 533
bus 339,430,bus,Barangay 538
bus 339,430,bus,Barangay 537
bus 339,430,bus,Quezon City
bus 339,430,bus,Barangay 470
bus 339,430,bus,Barangay 490
bus 339,430,bus,Barangay 489
bus 338,431,bus,Barangay 418
bus 338,431,bus,Barangay 428
bus 338,431,bus,Barangay 425
bus 338,431,bus,Barangay 424
bus 338,431,bus,Barangay 417
bus 338,431,bus,Barangay 421
bus 338,431,bus,Barangay 423
bus 338,431,bus,Barangay 422
bus 338,431,bus,Barangay 437
bus 338,431,bus,Barangay 446
bus 338,431,bus,Barangay 445
bus 338,431,bus,Barangay 551
bus 338,431,bus,Barangay 571
bus 338,431,bus,Barangay 576
bus 338,431,bus,Barangay 572
bus 338,431,bus,Barangay 574
bus 338,431,bus,Barangay 575
bus 338,431,bus,Barangay 573
bus 338,431,bus,Barangay 567
bus 338,431,bus,Barangay 566
bus 338,431,bus,Barangay 577
bus 338,431,bus,Barangay 565
bus 338,431,bus,Barangay 564
bus 338,431,bus,Barangay 568
bus 338,431,bus,Barangay 563
bus 338,431,bus,Barangay 562
bus 338,431,bus,Barangay 549
bus 338,431,bus,Barangay 560
bus 338,431,bus,Barangay 641
bus 338,431,bus,Barangay 638
bus 338,431,bus,Barangay 412
bus 338,431,bus,Barangay 416
bus 338,431,bus,Barangay 413
bus 338,431,bus,Barangay 403
bus 338,431,bus,Barangay 402
bus 338,431,bus,Barangay 414
bus 338,431,bus,Barangay 415
bus 338,431,bus,Barangay 400
bus 338,431,bus,Barangay 407
bus 338,431,bus,Barangay 401
bus 338,431,bus,Barangay 410
bus 338,431,bus,Barangay 420
bus 338,431,bus,Barangay 409
bus 338,431,bus,Barangay 411
bus 338,431,bus,Barangay 419
bus 338,431,bus,Barangay 408
bus 338,431,bus,Barangay 433
bus 338,431,bus,Barangay 435
bus 338,431,bus,Barangay 436
bus 338,431,bus,Barangay 434
bus 338,431,bus,Barangay 439
bus 338,431,bus,Barangay 432
bus 338,431,bus,Barangay 438
bus 338,431,bus,Barangay 429
bus 338,431,bus,Barangay 448
bus 338,431,bus,Barangay 440
bus 338,431,bus,Barangay 449
bus 338,431,bus,Barangay 443
bus 338,431,bus,Barangay 447
bus 338,431,bus,Barangay 455
bus 338,431,bus,Barangay 405
bus 338,431,bus,Barangay 398
bus 338,431,bus,Barangay 406
bus 338,431,bus,Barangay 458
bus 338,431,bus,Barangay 430
bus 338,431,bus,Barangay 431
bus 338,431,bus,Barangay 459
bus 338,431,bus,Barangay 457
bus 338,431,bus,Barangay 460
bus 338,431,bus,Barangay 461
bus 338,431,bus,Barangay 444
bus 338,431,bus,Barangay 546
bus 338,431,bus,Barangay 550
bus 338,431,bus,Barangay 544
bus 338,431,bus,Barangay 545
bus 338,431,bus,Barangay 552
bus 338,431,bus,Barangay 553
bus 338,431,bus,Barangay 542
bus 338,431,bus,Barangay 554
bus 338,431,bus,Barangay 456
bus 338,431,bus,Barangay 454
bus 338,431,bus,Barangay 453
bus 338,431,bus,Barangay 452
bus 338,431,bus,Barangay 561
bus 338,431,bus,Barangay 559
bus 338,431,bus,Barangay 558
bus 338,431,bus,Barangay 557
bus 338,431,bus,Barangay 539
bus 338,431,bus,Barangay 556
bus 338,431,bus,Barangay 555
bus 338,431,bus,Barangay 541
bus 338,431,bus,Barangay 536
bus 338,431,bus,Barangay 540
bus 338,431,bus,Barangay 547
bus 338,431,bus,Barangay 535
bus 338,431,bus,Barangay 534
bus 338,431,bus,Barangay 533
bus 338,431,bus,Barangay 538
bus 338,431,bus,Barangay 537
bus 338,431,bus,Quezon City
bus 338,431,bus,Barangay 389
bus 338,431,bus,Barangay 390
bus 338,431,bus,Barangay 404
bus 338,431,bus,Barangay 397
bus 340,432,bus,Barangay 418
bus 340,432,bus,Barangay 428
bus 340,432,bus,Barangay 425
bus 340,432,bus,Barangay 424
bus 340,432,bus,Barangay 417
bus 340,432,bus,Barangay 421
bus 340,432,bus,Barangay 423
bus 340,432,bus,Barangay 422
bus 340,432,bus,Barangay 437
bus 340,432,bus,Barangay 446
bus 340,432,bus,Barangay 445
bus 340,432,bus,Barangay 551
bus 340,432,bus,Barangay 571
bus 340,432,bus,Barangay 576
bus 340,432,bus,Barangay 572
bus 340,432,bus,Barangay 574
bus 340,432,bus,Barangay 575
bus 340,432,bus,Barangay 573
bus 340,432,bus,Barangay 567
bus 340,432,bus,Barangay 566
bus 340,432,bus,Barangay 577
bus 340,432,bus,Barangay 565
bus 340,432,bus,Barangay 564
bus 340,432,bus,Barangay 568
bus 340,432,bus,Barangay 563
bus 340,432,bus,Barangay 562
bus 340,432,bus,Barangay 549
bus 340,432,bus,Barangay 560
bus 340,432,bus,Barangay 641
bus 340,432,bus,Barangay 638
bus 340,432,bus,Barangay 416
bus 340,432,bus,Barangay 403
bus 340,432,bus,Barangay 402
bus 340,432,bus,Barangay 414
bus 340,432,bus,Barangay 415
bus 340,432,bus,Barangay 400
bus 340,432,bus,Barangay 407
bus 340,432,bus,Barangay 401
bus 340,432,bus,Barangay 410
bus 340,432,bus,Barangay 420
bus 340,432,bus,Barangay 409
bus 340,432,bus,Barangay 411
bus 340,432,bus,Barangay 419
bus 340,432,bus,Barangay 408
bus 340,432,bus,Barangay 433
bus 340,432,bus,Barangay 435
bus 340,432,bus,Barangay 436
bus 340,432,bus,Barangay 434
bus 340,432,bus,Barangay 439
bus 340,432,bus,Barangay 432
bus 340,432,bus,Barangay 438
bus 340,432,bus,Barangay 429
bus 340,432,bus,Barangay 448
bus 340,432,bus,Barangay 440
bus 340,432,bus,Barangay 449
bus 340,432,bus,Barangay 443
bus 340,432,bus,Barangay 447
bus 340,432,bus,Barangay 455
bus 340,432,bus,Barangay 405
bus 340,432,bus,Barangay 398
bus 340,432,bus,Barangay 406
bus 340,432,bus,Barangay 458
bus 340,432,bus,Barangay 430
bus 340,432,bus,Barangay 431
bus 340,432,bus,Barangay 459
bus 340,432,bus,Barangay 457
bus 340,432,bus,Barangay 460
bus 340,432,bus,Barangay 461
bus 340,432,bus,Barangay 444
bus 340,432,bus,Barangay 546
bus 340,432,bus,Barangay 550
bus 340,432,bus,Barangay 544
bus 340,432,bus,Barangay 545
bus 340,432,bus,Barangay 552
bus 340,432,bus,Barangay 553
bus 340,432,bus,Barangay 542
bus 340,432,bus,Barangay 554
bus 340,432,bus,Barangay 456
bus 340,432,bus,Barangay 454
bus 340,432,bus,Barangay 479
bus 340,432,bus,Barangay 453
bus 340,432,bus,Barangay 452
bus 340,432,bus,Barangay 561
bus 340,432,bus,Barangay 559
bus 340,432,bus,Barangay 558
bus 340,432,bus,Barangay 557
bus 340,432,bus,Barangay 539
bus 340,432,bus,Barangay 556
bus 340,432,bus,Barangay 555
bus 340,432,bus,Barangay 541
bus 340,432,bus,Barangay 536
bus 340,432,bus,Barangay 540
bus 340,432,bus,Barangay 547
bus 340,432,bus,Barangay 535
bus 340,432,bus,Barangay 534
bus 340,432,bus,Barangay 533
bus 340,432,bus,Barangay 538
bus 340,432,bus,Barangay 537
bus 340,432,bus,Quezon City
bus 340,432,bus,Barangay 384
bus 340,432,bus,Barangay 306
bus 340,432,bus,Barangay 647
bus 340,432,bus,Barangay 385
bus 340,432,bus,Barangay 387
bus 340,432,bus,Barangay 383
bus 340,432,bus,Barangay 388
bus 340,432,bus,Barangay 389
bus 340,432,bus,Barangay 393
bus 340,432,bus,Barangay 390
bus 340,432,bus,Barangay 394
bus 340,432,bus,Barangay 391
bus 340,432,bus,Barangay 392
bus 340,432,bus,Barangay 307
bus 340,432,bus,Barangay 308
bus 340,432,bus,Barangay 404
bus 340,432,bus,Barangay 395
bus 340,432,bus,Barangay 396
bus 340,432,bus,Barangay 399
bus 340,432,bus,Barangay 464
bus 340,432,bus,Barangay 462
bus 340,432,bus,Barangay 397
bus 340,432,bus,Barangay 468
bus 340,432,bus,Barangay 469
bus 340,432,bus,Barangay 470
bus 355,433,bus,Barangay 275
bus 355,433,bus,Barangay 18
bus 355,433,bus,Barangay 274
bus 355,433,bus,Barangay 12
bus 355,433,bus,Barangay 17
bus 355,433,bus,Barangay 11
bus 355,433,bus,Barangay 16
bus 355,433,bus,Barangay 19
bus 355,433,bus,Barangay 14
bus 355,433,bus,Barangay 286
bus 355,433,bus,Barangay 273
bus 355,433,bus,Barangay 272
bus 355,433,bus,Barangay 276
bus 355,433,bus,Barangay 270
bus 355,433,bus,Barangay 271
bus 355,433,bus,Barangay 269
bus 355,433,bus,Barangay 293
bus 355,433,bus,Barangay 268
bus 355,433,bus,Barangay 1
bus 355,433,bus,Barangay 15
bus 355,433,bus,Barangay 13
bus 355,433,bus,Barangay 29
bus 355,433,bus,Barangay 32
bus 355,433,bus,Barangay 30
bus 355,433,bus,Barangay 28
bus 355,433,bus,Barangay 25
bus 355,433,bus,Barangay 31
bus 355,433,bus,Barangay 26
bus 355,433,bus,Barangay 38
bus 355,433,bus,Barangay 34
bus 355,433,bus,Barangay 33
bus 355,433,bus,Barangay 39
bus 355,433,bus,Barangay 35
bus 355,433,bus,Barangay 20
bus 355,433,bus,Barangay 37
bus 355,433,bus,Barangay 36
bus 355,433,bus,Barangay 45
bus 355,433,bus,Barangay 5
bus 355,433,bus,Barangay 41
bus 355,433,bus,Barangay 2
bus 355,433,bus,Barangay 3
bus 355,433,bus,Barangay 10
bus 355,433,bus,Barangay 7
bus 355,433,bus,Barangay 49
bus 355,433,bus,Barangay 9
bus 355,433,bus,Barangay 4
bus 355,433,bus,"Tutuban Mall (Claimed by Five Barangays of Tondo, Manila)"
bus 355,433,bus,Barangay 48
bus 355,433,bus,Barangay 8
bus 355,433,bus,Barangay 42
bus 355,433,bus,Barangay 44
bus 355,433,bus,Barangay 43
bus 355,433,bus,Barangay 46
bus 355,433,bus,Barangay 47
bus 355,433,bus,Barangay 123
bus 355,433,bus,Barangay 69
bus 355,433,bus,Barangay 73
bus 355,433,bus,Barangay 72
bus 355,433,bus,Barangay 71
bus 355,433,bus,Barangay 6
bus 355,433,bus,Barangay 64
bus 355,433,bus,Barangay 56
bus 355,433,bus,Barangay 57
bus 355,433,bus,Barangay 51
bus 355,433,bus,Barangay 62
bus 355,433,bus,Barangay 63
bus 355,433,bus,Barangay 58
bus 355,433,bus,Barangay 59
bus 355,433,bus,Barangay 65
bus 355,433,bus,Barangay 253
bus 355,433,bus,Barangay 70
bus 355,433,bus,Barangay 68
bus 355,433,bus,Barangay 118
bus 355,433,bus,Barangay 74
bus 355,433,bus,Barangay 66
bus 355,433,bus,Barangay 255
bus 355,433,bus,Barangay 331
bus 355,433,bus,Barangay 353
bus 355,433,bus,Barangay 355
bus 355,433,bus,Barangay 354
bus 355,433,bus,Barangay 345
bus 355,433,bus,Barangay 358
bus 355,433,bus,Barangay 361
bus 355,433,bus,Barangay 362
bus 355,433,bus,Barangay 347
bus 355,433,bus,Barangay 357
bus 355,433,bus,Barangay 360
bus 355,433,bus,Barangay 348
bus 355,433,bus,Barangay 356
bus 355,433,bus,Barangay 359
bus 355,433,bus,Barangay 365
bus 355,433,bus,Barangay 363
bus 355,433,bus,Barangay 220
bus 355,433,bus,Barangay 219
bus 355,433,bus,Barangay 209
bus 355,433,bus,Barangay 366
bus 355,433,bus,Barangay 381
bus 355,433,bus,Barangay 210
bus 355,433,bus,Barangay 212
bus 355,433,bus,Barangay 213
bus 355,433,bus,Barangay 217
bus 355,433,bus,Barangay 214
bus 355,433,bus,Barangay 215
bus 355,433,bus,Barangay 211
bus 355,433,bus,Barangay 75
bus 355,433,bus,Barangay 50
bus 355,433,bus,Barangay 60
bus 355,433,bus,Barangay 52
bus 355,433,bus,Barangay 78
bus 355,433,bus,Barangay 76
bus 355,433,bus,Barangay 53
bus 355,433,bus,Barangay 88
bus 355,433,bus,Barangay 77
bus 355,433,bus,Barangay 61
bus 355,433,bus,Barangay 252
bus 355,433,bus,Barangay 251
bus 355,433,bus,Barangay 237
bus 355,433,bus,Barangay 235
bus 355,433,bus,Barangay 236
bus 355,433,bus,Barangay 256
bus 355,433,bus,Barangay 249
bus 355,433,bus,Barangay 234
bus 355,433,bus,Barangay 54
bus 355,433,bus,Barangay 233
bus 355,433,bus,Barangay 81
bus 355,433,bus,Barangay 82
bus 355,433,bus,Barangay 90
bus 355,433,bus,Barangay 89
bus 355,433,bus,Barangay 55
bus 355,433,bus,Barangay 86
bus 355,433,bus,Barangay 87
bus 355,433,bus,Barangay 84
bus 355,433,bus,Barangay 156
bus 355,433,bus,Barangay 91
bus 355,433,bus,Barangay 151
bus 355,433,bus,Barangay 154
bus 355,433,bus,Barangay 225
bus 355,433,bus,Barangay 226
bus 355,433,bus,Barangay 229
bus 355,433,bus,Barangay 230
bus 355,433,bus,Barangay 232
bus 355,433,bus,Barangay 222
bus 355,433,bus,Barangay 159
bus 355,433,bus,Barangay 157
bus 355,433,bus,Barangay 223
bus 355,433,bus,Barangay 231
bus 355,433,bus,Barangay 83
bus 355,433,bus,Barangay 160
bus 355,433,bus,Barangay 221
bus 355,433,bus,Barangay 224
bus 355,433,bus,Barangay 228
bus 355,433,bus,Barangay 227
bus 355,433,bus,Barangay 218
bus 355,433,bus,Barangay 216
bus 355,433,bus,Barangay 149
bus 355,433,bus,Barangay 158
bus 355,433,bus,Barangay 150
bus 355,433,bus,Barangay 367
bus 3106,434,bus,Barangay 655
bus 3106,434,bus,Barangay 654
bus 3106,434,bus,Barangay 291
bus 3106,434,bus,Barangay 289
bus 3106,434,bus,Barangay 287
bus 3106,434,bus,Barangay 659-A
bus 3106,434,bus,Barangay 306
bus 3106,434,bus,Barangay 303
bus 3106,434,bus,Barangay 290
bus 3106,434,bus,Barangay 297
bus 3106,434,bus,Barangay 302
bus 3106,434,bus,Barangay 300
bus 3106,434,bus,Barangay 307
bus 3106,434,bus,Barangay 298
bus 3106,434,bus,Barangay 309
bus 3106,434,bus,Barangay 301
bus 3106,434,bus,Barangay 305
bus 3106,434,bus,Barangay 304
bus 3106,434,bus,Barangay 275
bus 3106,434,bus,Barangay 274
bus 3106,434,bus,Barangay 12
bus 3106,434,bus,Barangay 11
bus 3106,434,bus,Barangay 16
bus 3106,434,bus,Barangay 14
bus 3106,434,bus,Barangay 656
bus 3106,434,bus,Barangay 286
bus 3106,434,bus,Barangay 282
bus 3106,434,bus,Barangay 283
bus 3106,434,bus,Barangay 284
bus 3106,434,bus,Barangay 285
bus 3106,434,bus,Barangay 273
bus 3106,434,bus,Barangay 272
bus 3106,434,bus,Barangay 281
bus 3106,434,bus,Barangay 276
bus 3106,434,bus,Barangay 270
bus 3106,434,bus,Barangay 271
bus 3106,434,bus,Barangay 269
bus 3106,434,bus,Barangay 1
bus 3106,434,bus,Barangay 13
bus 304,435,bus,Barangay 291
bus 304,435,bus,Barangay 306
bus 304,435,bus,Barangay 303
bus 304,435,bus,Barangay 393
bus 304,435,bus,Barangay 394
bus 304,435,bus,Barangay 391
bus 304,435,bus,Barangay 392
bus 304,435,bus,Barangay 290
bus 304,435,bus,Barangay 297
bus 304,435,bus,Barangay 302
bus 304,435,bus,Barangay 300
bus 304,435,bus,Barangay 296
bus 304,435,bus,Barangay 295
bus 304,435,bus,Barangay 299
bus 304,435,bus,Barangay 294
bus 304,435,bus,Barangay 307
bus 304,435,bus,Barangay 298
bus 304,435,bus,Barangay 308
bus 304,435,bus,Barangay 309
bus 304,435,bus,Barangay 301
bus 304,435,bus,Barangay 305
bus 304,435,bus,Barangay 304
bus 304,435,bus,Barangay 310
bus 304,435,bus,Barangay 313
bus 304,435,bus,Barangay 314
bus 304,435,bus,Barangay 395
bus 304,435,bus,Barangay 464
bus 304,435,bus,Barangay 311
bus 304,435,bus,Barangay 260
bus 304,435,bus,Barangay 266
bus 304,435,bus,Barangay 259
bus 304,435,bus,Barangay 242
bus 304,435,bus,Barangay 262
bus 304,435,bus,Barangay 238
bus 304,435,bus,Barangay 248
bus 304,435,bus,Barangay 250
bus 304,435,bus,Barangay 257
bus 304,435,bus,Barangay 246
bus 304,435,bus,Barangay 244
bus 304,435,bus,Barangay 243
bus 304,435,bus,Barangay 254
bus 304,435,bus,Barangay 258
bus 304,435,bus,Barangay 241
bus 304,435,bus,Barangay 239
bus 304,435,bus,Barangay 253
bus 304,435,bus,Barangay 312
bus 304,435,bus,Barangay 335
bus 304,435,bus,Barangay 329
bus 304,435,bus,Barangay 330
bus 304,435,bus,Barangay 263
bus 304,435,bus,Barangay 316
bus 304,435,bus,Barangay 332
bus 304,435,bus,Barangay 328
bus 304,435,bus,Barangay 261
bus 304,435,bus,Barangay 322
bus 304,435,bus,Barangay 315
bus 304,435,bus,Barangay 264
bus 304,435,bus,Barangay 321
bus 304,435,bus,Barangay 333
bus 304,435,bus,Barangay 326
bus 304,435,bus,Barangay 265
bus 304,435,bus,Barangay 320
bus 304,435,bus,Barangay 334
bus 304,435,bus,Barangay 327
bus 304,435,bus,Barangay 267
bus 304,435,bus,Barangay 324
bus 304,435,bus,Barangay 325
bus 304,435,bus,Barangay 339
bus 304,435,bus,Barangay 255
bus 304,435,bus,Barangay 331
bus 304,435,bus,Barangay 353
bus 304,435,bus,Barangay 355
bus 304,435,bus,Barangay 50
bus 304,435,bus,Barangay 53
bus 304,435,bus,Barangay 252
bus 304,435,bus,Barangay 251
bus 304,435,bus,Barangay 237
bus 304,435,bus,Barangay 235
bus 304,435,bus,Barangay 236
bus 304,435,bus,Barangay 256
bus 304,435,bus,Barangay 249
bus 304,435,bus,Barangay 234
bus 304,435,bus,Barangay 54
bus 304,435,bus,Barangay 233
bus 304,435,bus,Barangay 156
bus 304,435,bus,Barangay 225
bus 304,435,bus,Barangay 226
bus 304,435,bus,Barangay 229
bus 304,435,bus,Barangay 230
bus 304,435,bus,Barangay 232
bus 304,435,bus,Barangay 222
bus 304,435,bus,Barangay 159
bus 343,436,bus,Barangay 347
bus 343,436,bus,Barangay 357
bus 343,436,bus,Barangay 360
bus 343,436,bus,Barangay 348
bus 343,436,bus,Barangay 356
bus 343,436,bus,Barangay 359
bus 343,436,bus,Barangay 365
bus 343,436,bus,Barangay 363
bus 343,436,bus,Barangay 220
bus 343,436,bus,Barangay 219
bus 343,436,bus,Barangay 209
bus 343,436,bus,Barangay 366
bus 343,436,bus,Barangay 381
bus 343,436,bus,Barangay 210
bus 343,436,bus,Barangay 212
bus 343,436,bus,Barangay 213
bus 343,436,bus,Barangay 217
bus 343,436,bus,Barangay 164
bus 343,436,bus,Barangay 214
bus 343,436,bus,Barangay 165
bus 343,436,bus,Barangay 215
bus 343,436,bus,Barangay 162
bus 343,436,bus,Barangay 204
bus 343,436,bus,Barangay 161
bus 343,436,bus,Barangay 203
bus 343,436,bus,Barangay 211
bus 343,436,bus,Barangay 382
bus 343,436,bus,Barangay 207
bus 343,436,bus,Barangay 208
bus 343,436,bus,Barangay 206
bus 343,436,bus,Barangay 224
bus 343,436,bus,Barangay 227
bus 343,436,bus,Barangay 218
bus 343,436,bus,Barangay 163
bus 343,436,bus,Barangay 216
bus 343,436,bus,Barangay 147
bus 343,436,bus,Barangay 148
bus 343,436,bus,Barangay 167
bus 343,436,bus,Barangay 169
bus 343,436,bus,Barangay 166
bus 343,436,bus,Barangay 171
bus 343,436,bus,Barangay 94
bus 343,436,bus,Barangay 96
bus 343,436,bus,Barangay 133
bus 343,436,bus,Barangay 99
bus 343,436,bus,Barangay 98
bus 343,436,bus,Barangay 168
bus 343,436,bus,Barangay 170
bus 343,436,bus,Barangay 174
bus 343,436,bus,Barangay 172
bus 343,436,bus,Barangay 176
bus 343,436,bus,Barangay 173
bus 343,436,bus,Barangay 175
bus 343,436,bus,Barangay 137
bus 343,436,bus,Barangay 180
bus 343,436,bus,Barangay 139
bus 343,436,bus,Barangay 367
bus 343,436,bus,Barangay 185
bus 343,436,bus,Barangay 179
bus 343,436,bus,Barangay 205
bus 343,436,bus,Barangay 132
bus 343,436,bus,Barangay 130
bus 343,436,bus,Barangay 134
bus 343,436,bus,Barangay 129
bus 343,436,bus,Barangay 131
bus 343,436,bus,Barangay 124
bus 343,436,bus,Barangay 128
bus 343,436,bus,Barangay 138
bus 343,436,bus,Barangay 126
bus 343,436,bus,Barangay 144
bus 343,436,bus,Barangay 140
bus 343,436,bus,Barangay 136
bus 343,436,bus,Barangay 143
bus 343,436,bus,Barangay 141
bus 343,436,bus,Barangay 145
bus 343,436,bus,Barangay 142
bus 343,436,bus,Barangay 146
bus 343,436,bus,Barangay 135
bus 343,436,bus,Barangay 125
bus 412,437,bus,Las Piñas
bus 411,438,bus,Las Piñas
bus 411,438,bus,Muntinlupa
bus 203,439,bus,Marikina
bus 203,439,bus,Quezon City
bus 342,440,bus,Quezon City
bus 3111,441,bus,Barangay 645
bus 3111,441,bus,Barangay 644
bus 3111,441,bus,Barangay 643
bus 3111,441,bus,Barangay 642
bus 3111,441,bus,Barangay 641
bus 3111,441,bus,Barangay 638
bus 3111,441,bus,Barangay 412
bus 3111,441,bus,Barangay 416
bus 3111,441,bus,Barangay 403
bus 3111,441,bus,Barangay 402
bus 3111,441,bus,Barangay 400
bus 3111,441,bus,Barangay 401
bus 3111,441,bus,Barangay 455
bus 3111,441,bus,Barangay 398
bus 3111,441,bus,Barangay 458
bus 3111,441,bus,Barangay 459
bus 3111,441,bus,Barangay 457
bus 3111,441,bus,Barangay 460
bus 3111,441,bus,Barangay 461
bus 3111,441,bus,Barangay 456
bus 3111,441,bus,Barangay 454
bus 3111,441,bus,Barangay 479
bus 3111,441,bus,Barangay 478
bus 3111,441,bus,Barangay 476
bus 3111,441,bus,Barangay 475
bus 3111,441,bus,Barangay 472
bus 3111,441,bus,Barangay 453
bus 3111,441,bus,Barangay 452
bus 3111,441,bus,Barangay 451
bus 3111,441,bus,Barangay 450
bus 3111,441,bus,Barangay 521
bus 3111,441,bus,Barangay 522
bus 3111,441,bus,Barangay 523
bus 3111,441,bus,Barangay 473
bus 3111,441,bus,Barangay 524
bus 3111,441,bus,Barangay 503
bus 3111,441,bus,Barangay 502
bus 3111,441,bus,Barangay 526
bus 3111,441,bus,Barangay 517
bus 3111,441,bus,Barangay 504
bus 3111,441,bus,Barangay 519
bus 3111,441,bus,Barangay 513
bus 3111,441,bus,Barangay 505
bus 3111,441,bus,Barangay 530
bus 3111,441,bus,Barangay 512
bus 3111,441,bus,Barangay 525
bus 3111,441,bus,Barangay 527
bus 3111,441,bus,Barangay 529
bus 3111,441,bus,Barangay 531
bus 3111,441,bus,Barangay 528
bus 3111,441,bus,Quezon City
bus 3111,441,bus,Barangay 666
bus 3111,441,bus,Barangay 657
bus 3111,441,bus,Barangay 658
bus 3111,441,bus,Barangay 660
bus 3111,441,bus,Barangay 659
bus 3111,441,bus,Barangay 659-A
bus 3111,441,bus,Barangay 384
bus 3111,441,bus,Barangay 661
bus 3111,441,bus,Barangay 663
bus 3111,441,bus,Barangay 663-A
bus 3111,441,bus,Barangay 646
bus 3111,441,bus,Barangay 647
bus 3111,441,bus,Barangay 648
bus 3111,441,bus,Barangay 386
bus 3111,441,bus,Barangay 385
bus 3111,441,bus,Barangay 387
bus 3111,441,bus,Barangay 388
bus 3111,441,bus,Barangay 389
bus 3111,441,bus,Barangay 393
bus 3111,441,bus,Barangay 390
bus 3111,441,bus,Barangay 394
bus 3111,441,bus,Barangay 391
bus 3111,441,bus,Barangay 392
bus 3111,441,bus,Barangay 308
bus 3111,441,bus,Barangay 310
bus 3111,441,bus,Barangay 404
bus 3111,441,bus,Barangay 395
bus 3111,441,bus,Barangay 396
bus 3111,441,bus,Barangay 399
bus 3111,441,bus,Barangay 464
bus 3111,441,bus,Barangay 462
bus 3111,441,bus,Barangay 397
bus 3111,441,bus,Barangay 468
bus 3111,441,bus,Barangay 311
bus 3111,441,bus,Barangay 469
bus 3111,441,bus,Barangay 463
bus 3111,441,bus,Barangay 467
bus 3111,441,bus,Barangay 465
bus 3111,441,bus,Barangay 470
bus 110,442,bus,Quezon City
bus 280,443,bus,Taguig
bus 280,443,bus,Makati
bus 280,443,bus,Pasig
bus 280,443,bus,Pasay
bus 280,443,bus,Mandaluyong
bus 280,444,bus,Taguig
bus 280,444,bus,Makati
bus 280,444,bus,Pasay
bus 280,444,bus,Mandaluyong
bus PITX-BLTN,445,bus,Laguna
bus PITX-BLTN,445,bus,Muntinlupa
bus PITX-BLTN,445,bus,Taguig
bus PITX-BLTN,445,bus,Makati
bus PITX-BLTN,445,bus,Parañaque
bus PITX-BLTN,445,bus,Pasay
bus PITX-BLTN,446,bus,Laguna
bus PITX-BLTN,446,bus,Muntinlupa
bus PITX-BLTN,446,bus,Taguig
bus PITX-BLTN,446,bus,Parañaque
bus PITX-BLTN,446,bus,Pasay
bus T404,447,bus,Muntinlupa
bus T404,447,bus,Taguig
bus T404,447,bus,Parañaque
bus T404,448,bus,Muntinlupa
bus T404,448,bus,Taguig
bus T404,448,bus,Parañaque
bus T226,449,bus,Taguig
bus T226,449,bus,Makati
bus T226,449,bus,Parañaque
bus T226,449,bus,Pasay
bus T226,450,bus,Taguig
bus T226,450,bus,Makati
bus T226,450,bus,Parañaque
bus T226,450,bus,Pasay
bus 375,451,bus,Quezon City
bus 375,452,bus,Quezon City
bus T223,453,bus,Quezon City
bus 398,454,bus,Barangay 269
bus 398,454,bus,Barangay 293
bus 398,454,bus,Barangay 268
bus 398,454,bus,Barangay 33
bus 398,454,bus,Barangay 39
bus 398,454,bus,Barangay 37
bus 398,454,bus,Barangay 36
bus 398,454,bus,Barangay 45
bus 398,454,bus,Barangay 5
bus 398,454,bus,Barangay 41
bus 398,454,bus,Barangay 2
bus 398,454,bus,Barangay 3
bus 398,454,bus,Barangay 10
bus 398,454,bus,Barangay 7
bus 398,454,bus,Barangay 49
bus 398,454,bus,Barangay 9
bus 398,454,bus,Barangay 4
bus 398,454,bus,"Tutuban Mall (Claimed by Five Barangays of Tondo, Manila)"
bus 398,454,bus,Barangay 48
bus 398,454,bus,Barangay 8
bus 398,454,bus,Barangay 42
bus 398,454,bus,Barangay 44
bus 398,454,bus,Barangay 43
bus 398,454,bus,Barangay 46
bus 398,454,bus,Barangay 47
bus 398,454,bus,Barangay 123
bus 398,454,bus,Barangay 69
bus 398,454,bus,Barangay 73
bus 398,454,bus,Barangay 72
bus 398,454,bus,Barangay 71
bus 398,454,bus,Barangay 6
bus 398,454,bus,Barangay 64
bus 398,454,bus,Barangay 56
bus 398,454,bus,Barangay 57
bus 398,454,bus,Barangay 51
bus 398,454,bus,Barangay 62
bus 398,454,bus,Barangay 63
bus 398,454,bus,Barangay 58
bus 398,454,bus,Barangay 59
bus 398,454,bus,Barangay 65
bus 398,454,bus,Barangay 70
bus 398,454,bus,Barangay 121
bus 398,454,bus,Barangay 68
bus 398,454,bus,Barangay 118
bus 398,454,bus,Barangay 120
bus 398,454,bus,Barangay 74
bus 398,454,bus,Barangay 66
bus 398,454,bus,Barangay 119
bus 398,454,bus,Barangay 67
bus 398,454,bus,Barangay 122
bus 398,454,bus,Barangay 75
bus 398,454,bus,Barangay 80
bus 398,454,bus,Barangay 116
bus 398,454,bus,Barangay 79
bus 398,454,bus,Barangay 110
bus 398,454,bus,Barangay 117
bus 398,454,bus,Barangay 85
bus 398,454,bus,Barangay 112
bus 398,454,bus,Barangay 111
bus 398,454,bus,Barangay 109
bus 398,454,bus,Barangay 107
bus 398,454,bus,Barangay 108
bus 398,454,bus,Barangay 95
bus 398,454,bus,Barangay 104
bus 398,454,bus,Barangay 97
bus 398,454,bus,Barangay 103
bus 398,454,bus,Barangay 100
bus 398,454,bus,Barangay 102
bus 398,454,bus,Barangay 105
bus 321,455,bus,Parañaque
bus 321,455,bus,Pasay
bus 321,455,bus,Barangay 667
bus 321,455,bus,Barangay 666
bus 321,455,bus,Barangay 657
bus 321,455,bus,Barangay 658
bus 321,455,bus,Barangay 654
bus 321,455,bus,Barangay 291
bus 321,455,bus,Barangay 287
bus 321,455,bus,Barangay 719
bus 321,455,bus,Barangay 720
bus 321,455,bus,Barangay 721
bus 321,455,bus,Barangay 701
bus 321,455,bus,Barangay 704
bus 321,455,bus,Barangay 702
bus 321,455,bus,Barangay 698
bus 321,455,bus,Barangay 669
bus 321,455,bus,Barangay 700
bus 321,455,bus,Barangay 699
bus 321,455,bus,Barangay 668
bus 321,455,bus,Barangay 670
bus 321,455,bus,Barangay 660
bus 321,455,bus,Barangay 659
bus 321,455,bus,Barangay 659-A
bus 321,455,bus,Barangay 384
bus 321,455,bus,Barangay 306
bus 321,455,bus,Barangay 303
bus 321,455,bus,Barangay 660-A
bus 321,455,bus,Barangay 290
bus 321,455,bus,Barangay 297
bus 321,455,bus,Barangay 302
bus 321,455,bus,Barangay 300
bus 321,455,bus,Barangay 299
bus 321,455,bus,Barangay 307
bus 321,455,bus,Barangay 298
bus 321,455,bus,Barangay 308
bus 321,455,bus,Barangay 309
bus 321,455,bus,Barangay 301
bus 321,455,bus,Barangay 305
bus 321,455,bus,Barangay 304
bus 321,455,bus,Barangay 310
bus 321,455,bus,Barangay 313
bus 321,455,bus,Barangay 314
bus 321,455,bus,Barangay 464
bus 321,455,bus,Barangay 311
bus 321,455,bus,Barangay 262
bus 321,455,bus,Barangay 656
bus 321,455,bus,Barangay 312
bus 321,455,bus,Barangay 335
bus 321,455,bus,Barangay 329
bus 321,455,bus,Barangay 330
bus 321,455,bus,Barangay 263
bus 321,455,bus,Barangay 316
bus 321,455,bus,Barangay 332
bus 321,455,bus,Barangay 328
bus 321,455,bus,Barangay 261
bus 321,455,bus,Barangay 322
bus 321,455,bus,Barangay 463
bus 321,455,bus,Barangay 467
bus 321,455,bus,Barangay 465
bus 321,455,bus,Barangay 315
bus 321,455,bus,Barangay 466
bus 321,455,bus,Barangay 319
bus 321,455,bus,Barangay 318
bus 321,455,bus,Barangay 470
bus 321,455,bus,Barangay 471
bus 321,455,bus,Barangay 317
bus 321,455,bus,Barangay 321
bus 321,455,bus,Barangay 333
bus 321,455,bus,Barangay 326
bus 321,455,bus,Barangay 320
bus 321,455,bus,Barangay 334
bus 321,455,bus,Barangay 324
bus 321,455,bus,Barangay 323
bus 321,455,bus,Barangay 340
bus 321,455,bus,Barangay 342
bus 321,455,bus,Barangay 338
bus 321,455,bus,Barangay 343
bus 321,455,bus,Barangay 341
bus 321,455,bus,Barangay 352
bus 321,455,bus,Barangay 325
bus 321,455,bus,Barangay 339
bus 321,455,bus,Barangay 337
bus 321,455,bus,Barangay 331
bus 321,455,bus,Barangay 336
bus 321,455,bus,Barangay 353
bus 321,455,bus,Barangay 344
bus 321,455,bus,Barangay 355
bus 321,455,bus,Barangay 346
bus 321,455,bus,Barangay 350
bus 321,455,bus,Barangay 351
bus 321,455,bus,Barangay 349
bus 321,455,bus,Barangay 369
bus 321,455,bus,Barangay 371
bus 321,455,bus,Barangay 354
bus 321,455,bus,Barangay 345
bus 321,455,bus,Barangay 358
bus 321,455,bus,Barangay 361
bus 321,455,bus,Barangay 362
bus 321,455,bus,Barangay 347
bus 321,455,bus,Barangay 357
bus 321,455,bus,Barangay 360
bus 321,455,bus,Barangay 348
bus 321,455,bus,Barangay 356
bus 321,455,bus,Barangay 359
bus 321,455,bus,Barangay 365
bus 321,455,bus,Barangay 363
bus 321,455,bus,Barangay 220
bus 321,455,bus,Barangay 219
bus 321,455,bus,Barangay 209
bus 321,455,bus,Barangay 366
bus 321,455,bus,Barangay 381
bus 321,455,bus,Barangay 210
bus 321,455,bus,Barangay 212
bus 321,455,bus,Barangay 211
bus 321,455,bus,Barangay 382
bus 321,455,bus,Barangay 207
bus 321,455,bus,Barangay 375
bus 321,455,bus,Barangay 208
bus 321,455,bus,Barangay 206
bus 321,455,bus,Barangay 373
bus 321,455,bus,Barangay 374
bus 321,455,bus,Barangay 223
bus 321,455,bus,Barangay 224
bus 321,455,bus,Barangay 364
bus 321,455,bus,Barangay 370
bus 321,455,bus,Barangay 367
bus 321,455,bus,Barangay 379
bus 321,455,bus,Barangay 380
bus 321,455,bus,Barangay 376
bus 321,455,bus,Barangay 377
bus 321,455,bus,Barangay 378
bus 321,455,bus,Barangay 372
bus 321,455,bus,Manila North Cemetery
bus 321,456,bus,Parañaque
bus 321,456,bus,Pasay
bus 321,456,bus,Barangay 667
bus 321,456,bus,Barangay 666
bus 321,456,bus,Barangay 657
bus 321,456,bus,Barangay 658
bus 321,456,bus,Barangay 654
bus 321,456,bus,Barangay 291
bus 321,456,bus,Barangay 719
bus 321,456,bus,Barangay 720
bus 321,456,bus,Barangay 721
bus 321,456,bus,Barangay 701
bus 321,456,bus,Barangay 704
bus 321,456,bus,Barangay 705
bus 321,456,bus,Barangay 702
bus 321,456,bus,Barangay 698
bus 321,456,bus,Barangay 697
bus 321,456,bus,Barangay 669
bus 321,456,bus,Barangay 700
bus 321,456,bus,Barangay 699
bus 321,456,bus,Barangay 668
bus 321,456,bus,Barangay 670
bus 321,456,bus,Barangay 660
bus 321,456,bus,Barangay 659
bus 321,456,bus,Barangay 659-A
bus 321,456,bus,Barangay 384
bus 321,456,bus,Barangay 306
bus 321,456,bus,Barangay 303
bus 321,456,bus,Barangay 660-A
bus 321,456,bus,Barangay 290
bus 321,456,bus,Barangay 302
bus 321,456,bus,Barangay 299
bus 321,456,bus,Barangay 307
bus 321,456,bus,Barangay 298
bus 321,456,bus,Barangay 308
bus 321,456,bus,Barangay 309
bus 321,456,bus,Barangay 301
bus 321,456,bus,Barangay 305
bus 321,456,bus,Barangay 304
bus 321,456,bus,Barangay 310
bus 321,456,bus,Barangay 313
bus 321,456,bus,Barangay 314
bus 321,456,bus,Barangay 311
bus 321,456,bus,Barangay 262
bus 321,456,bus,Barangay 656
bus 321,456,bus,Barangay 312
bus 321,456,bus,Barangay 335
bus 321,456,bus,Barangay 329
bus 321,456,bus,Barangay 330
bus 321,456,bus,Barangay 263
bus 321,456,bus,Barangay 316
bus 321,456,bus,Barangay 332
bus 321,456,bus,Barangay 328
bus 321,456,bus,Barangay 261
bus 321,456,bus,Barangay 322
bus 321,456,bus,Barangay 315
bus 321,456,bus,Barangay 319
bus 321,456,bus,Barangay 318
bus 321,456,bus,Barangay 317
bus 321,456,bus,Barangay 264
bus 321,456,bus,Barangay 321
bus 321,456,bus,Barangay 333
bus 321,456,bus,Barangay 326
bus 321,456,bus,Barangay 265
bus 321,456,bus,Barangay 320
bus 321,456,bus,Barangay 334
bus 321,456,bus,Barangay 327
bus 321,456,bus,Barangay 267
bus 321,456,bus,Barangay 324
bus 321,456,bus,Barangay 323
bus 321,456,bus,Barangay 340
bus 321,456,bus,Barangay 338
bus 321,456,bus,Barangay 341
bus 321,456,bus,Barangay 352
bus 321,456,bus,Barangay 325
bus 321,456,bus,Barangay 339
bus 321,456,bus,Barangay 337
bus 321,456,bus,Barangay 331
bus 321,456,bus,Barangay 336
bus 321,456,bus,Barangay 353
bus 321,456,bus,Barangay 344
bus 321,456,bus,Barangay 346
bus 321,456,bus,Barangay 350
bus 321,456,bus,Barangay 349
bus 321,456,bus,Barangay 369
bus 321,456,bus,Barangay 354
bus 321,456,bus,Barangay 345
bus 321,456,bus,Barangay 358
bus 321,456,bus,Barangay 361
bus 321,456,bus,Barangay 347
bus 321,456,bus,Barangay 357
bus 321,456,bus,Barangay 360
bus 321,456,bus,Barangay 348
bus 321,456,bus,Barangay 356
bus 321,456,bus,Barangay 359
bus 321,456,bus,Barangay 365
bus 321,456,bus,Barangay 363
bus 321,456,bus,Barangay 220
bus 321,456,bus,Barangay 209
bus 321,456,bus,Barangay 366
bus 321,456,bus,Barangay 381
bus 321,456,bus,Barangay 210
bus 321,456,bus,Barangay 212
bus 321,456,bus,Barangay 211
bus 321,456,bus,Barangay 382
bus 321,456,bus,Barangay 207
bus 321,456,bus,Barangay 375
bus 321,456,bus,Barangay 208
bus 321,456,bus,Barangay 206
bus 321,456,bus,Barangay 373
bus 321,456,bus,Barangay 374
bus 321,456,bus,Barangay 364
bus 321,456,bus,Barangay 367
bus 321,456,bus,Barangay 379
bus 321,456,bus,Barangay 380
bus 321,456,bus,Barangay 376
bus 321,456,bus,Barangay 377
bus 321,456,bus,Barangay 378
bus 11,457,bus,Laguna
bus 11,457,bus,Muntinlupa
bus 11,457,bus,Taguig
bus 11,457,bus,Makati
bus 11,457,bus,Parañaque
bus 11,457,bus,Pasay
bus 30,458,bus,Laguna
bus 30,458,bus,Muntinlupa
bus 30,458,bus,Taguig
bus 30,458,bus,Makati
bus 30,458,bus,Parañaque
bus 30,458,bus,Pasay
bus 311,459,bus,Barangay 645
bus 311,459,bus,Barangay 644
bus 311,459,bus,Barangay 643
bus 311,459,bus,Barangay 642
bus 311,459,bus,Barangay 641
bus 311,459,bus,Barangay 638
bus 311,459,bus,Barangay 412
bus 311,459,bus,Barangay 416
bus 311,459,bus,Barangay 403
bus 311,459,bus,Barangay 402
bus 311,459,bus,Barangay 400
bus 311,459,bus,Barangay 401
bus 311,459,bus,Barangay 455
bus 311,459,bus,Barangay 398
bus 311,459,bus,Barangay 458
bus 311,459,bus,Barangay 459
bus 311,459,bus,Barangay 457
bus 311,459,bus,Barangay 460
bus 311,459,bus,Barangay 461
bus 311,459,bus,Barangay 456
bus 311,459,bus,Barangay 454
bus 311,459,bus,Barangay 479
bus 311,459,bus,Barangay 478
bus 311,459,bus,Barangay 476
bus 311,459,bus,Barangay 475
bus 311,459,bus,Barangay 472
bus 311,459,bus,Barangay 453
bus 311,459,bus,Barangay 452
bus 311,459,bus,Barangay 451
bus 311,459,bus,Barangay 450
bus 311,459,bus,Barangay 521
bus 311,459,bus,Barangay 522
bus 311,459,bus,Barangay 523
bus 311,459,bus,Barangay 473
bus 311,459,bus,Barangay 524
bus 311,459,bus,Barangay 503
bus 311,459,bus,Barangay 502
bus 311,459,bus,Barangay 526
bus 311,459,bus,Barangay 517
bus 311,459,bus,Barangay 504
bus 311,459,bus,Barangay 519
bus 311,459,bus,Barangay 513
bus 311,459,bus,Barangay 505
bus 311,459,bus,Barangay 530
bus 311,459,bus,Barangay 512
bus 311,459,bus,Barangay 532
bus 311,459,bus,Barangay 525
bus 311,459,bus,Barangay 527
bus 311,459,bus,Barangay 529
bus 311,459,bus,Barangay 531
bus 311,459,bus,Barangay 528
bus 311,459,bus,Quezon City
bus 311,459,bus,Barangay 666
bus 311,459,bus,Barangay 657
bus 311,459,bus,Barangay 658
bus 311,459,bus,Barangay 660
bus 311,459,bus,Barangay 659
bus 311,459,bus,Barangay 659-A
bus 311,459,bus,Barangay 384
bus 311,459,bus,Barangay 660-A
bus 311,459,bus,Barangay 664
bus 311,459,bus,Barangay 661
bus 311,459,bus,Barangay 663
bus 311,459,bus,Barangay 663-A
bus 311,459,bus,Barangay 646
bus 311,459,bus,Barangay 647
bus 311,459,bus,Barangay 648
bus 311,459,bus,Barangay 386
bus 311,459,bus,Barangay 385
bus 311,459,bus,Barangay 387
bus 311,459,bus,Barangay 388
bus 311,459,bus,Barangay 389
bus 311,459,bus,Barangay 393
bus 311,459,bus,Barangay 390
bus 311,459,bus,Barangay 394
bus 311,459,bus,Barangay 391
bus 311,459,bus,Barangay 392
bus 311,459,bus,Barangay 308
bus 311,459,bus,Barangay 310
bus 311,459,bus,Barangay 404
bus 311,459,bus,Barangay 395
bus 311,459,bus,Barangay 396
bus 311,459,bus,Barangay 399
bus 311,459,bus,Barangay 464
bus 311,459,bus,Barangay 462
bus 311,459,bus,Barangay 397
bus 311,459,bus,Barangay 468
bus 311,459,bus,Barangay 311
bus 311,459,bus,Barangay 469
bus 311,459,bus,Barangay 463
bus 311,459,bus,Barangay 467
bus 311,459,bus,Barangay 465
bus 311,459,bus,Barangay 470
bus 411,460,bus,Las Piñas
bus 411,460,bus,Muntinlupa
bus T223,461,bus,Quezon City
bus 3190,462,bus,Makati
bus 3190,462,bus,Mandaluyong
bus 3127,463,bus,Barangay 709
bus 3127,463,bus,Barangay 725
bus 3127,463,bus,Barangay 724
bus 3127,463,bus,Barangay 723
bus 3127,463,bus,Barangay 692
bus 3127,463,bus,Barangay 722
bus 3127,463,bus,Barangay 691
bus 3127,463,bus,Barangay 743
bus 3127,463,bus,Barangay 693
bus 3127,463,bus,Barangay 689
bus 3127,463,bus,Barangay 753
bus 3127,463,bus,Barangay 732
bus 3127,463,bus,Barangay 751
bus 3127,463,bus,Barangay 744
bus 3127,463,bus,Barangay 731
bus 3127,463,bus,Barangay 750
bus 3127,463,bus,Barangay 739
bus 3127,463,bus,Barangay 740
bus 3127,463,bus,Barangay 807
bus 3127,463,bus,Barangay 806
bus 3127,463,bus,Barangay 805
bus 3127,463,bus,Barangay 803
bus 3127,463,bus,Barangay 802
bus 3127,463,bus,Barangay 798
bus 3127,463,bus,Barangay 801
bus 3127,463,bus,Barangay 797
bus 3127,463,bus,Barangay 786
bus 3127,463,bus,Barangay 796
bus 3127,463,bus,Barangay 738
bus 3127,463,bus,Barangay 737
bus 3127,463,bus,Barangay 799
bus 3127,463,bus,Barangay 741
bus 3127,463,bus,Barangay 800
bus 3127,463,bus,Barangay 736
bus 3127,463,bus,Barangay 735
bus 3127,463,bus,Barangay 810
bus 3127,463,bus,Barangay 690
bus 3127,463,bus,Barangay 742
bus 3127,463,bus,Barangay 688
bus 3127,463,bus,Barangay 695
bus 3127,463,bus,Barangay 686
bus 3127,463,bus,Barangay 687
bus 3127,463,bus,Barangay 673
bus 3127,463,bus,Makati
bus 3127,463,bus,Barangay 783
bus 3127,463,bus,Barangay 881
bus 3127,463,bus,Barangay 874
bus 3127,463,bus,Barangay 767
bus 3127,463,bus,Barangay 775
bus 3127,463,bus,Barangay 804
bus 3127,463,bus,Barangay 770
bus 3127,463,bus,Barangay 778
bus 3127,463,bus,Barangay 748
bus 3127,463,bus,Barangay 769
bus 3127,463,bus,Barangay 747
bus 3127,463,bus,Barangay 768
bus 3127,463,bus,Barangay 771
bus 3127,463,bus,Barangay 772
bus 3127,463,bus,Barangay 773
bus 3127,463,bus,Barangay 779
bus 3127,463,bus,Barangay 776
bus 3127,463,bus,Barangay 785
bus 3127,463,bus,Barangay 774
bus 3127,463,bus,Barangay 782
bus 3127,463,bus,Barangay 777
bus 3127,463,bus,Barangay 780
bus 3127,463,bus,Barangay 795
bus 3127,463,bus,Barangay 794
bus 3127,463,bus,Barangay 784
bus 3127,463,bus,Barangay 787
bus 3127,463,bus,Barangay 788
bus 3127,463,bus,Barangay 790
bus 3127,463,bus,Barangay 781
bus 3127,463,bus,Barangay 791
bus 3127,463,bus,Barangay 789
bus 3127,463,bus,Barangay 792
bus 3127,463,bus,Barangay 878
bus 3127,463,bus,Barangay 793
bus 3127,463,bus,Barangay 877
bus 3127,463,bus,Barangay 869
bus 3127,463,bus,Barangay 875
bus 3127,463,bus,Barangay 880
bus 3127,463,bus,Barangay 866
bus 3127,463,bus,Mandaluyong
bus 3127,463,bus,Barangay 706
bus 3127,463,bus,Barangay 703
bus 3127,463,bus,Barangay 697
bus 3127,463,bus,Barangay 696
bus 3127,463,bus,Barangay 694
bus 3127,463,bus,Barangay 669
bus 3127,463,bus,Barangay 675
bus 3127,463,bus,Barangay 676
bus 3140,464,bus,Barangay 641
bus 3140,464,bus,Barangay 638
bus 3140,464,bus,Barangay 416
bus 3140,464,bus,Barangay 403
bus 3140,464,bus,Barangay 402
bus 3140,464,bus,Barangay 400
bus 3140,464,bus,Barangay 401
bus 3140,464,bus,Barangay 432
bus 3140,464,bus,Barangay 429
bus 3140,464,bus,Barangay 449
bus 3140,464,bus,Barangay 447
bus 3140,464,bus,Barangay 455
bus 3140,464,bus,Barangay 405
bus 3140,464,bus,Barangay 398
bus 3140,464,bus,Barangay 406
bus 3140,464,bus,Barangay 458
bus 3140,464,bus,Barangay 430
bus 3140,464,bus,Barangay 431
bus 3140,464,bus,Barangay 459
bus 3140,464,bus,Barangay 457
bus 3140,464,bus,Barangay 460
bus 3140,464,bus,Barangay 461
bus 3140,464,bus,Barangay 544
bus 3140,464,bus,Barangay 554
bus 3140,464,bus,Barangay 548
bus 3140,464,bus,Barangay 456
bus 3140,464,bus,Barangay 454
bus 3140,464,bus,Barangay 479
bus 3140,464,bus,Barangay 478
bus 3140,464,bus,Barangay 476
bus 3140,464,bus,Barangay 475
bus 3140,464,bus,Barangay 441
bus 3140,464,bus,Barangay 442
bus 3140,464,bus,Barangay 453
bus 3140,464,bus,Barangay 543
bus 3140,464,bus,Barangay 452
bus 3140,464,bus,Barangay 451
bus 3140,464,bus,Barangay 450
bus 3140,464,bus,Barangay 521
bus 3140,464,bus,Barangay 522
bus 3140,464,bus,Barangay 523
bus 3140,464,bus,Barangay 473
bus 3140,464,bus,Barangay 524
bus 3140,464,bus,Barangay 503
bus 3140,464,bus,Barangay 502
bus 3140,464,bus,Barangay 526
bus 3140,464,bus,Barangay 517
bus 3140,464,bus,Barangay 513
bus 3140,464,bus,Barangay 530
bus 3140,464,bus,Barangay 512
bus 3140,464,bus,Barangay 539
bus 3140,464,bus,Barangay 536
bus 3140,464,bus,Barangay 547
bus 3140,464,bus,Barangay 535
bus 3140,464,bus,Barangay 534
bus 3140,464,bus,Barangay 532
bus 3140,464,bus,Barangay 533
bus 3140,464,bus,Barangay 525
bus 3140,464,bus,Barangay 527
bus 3140,464,bus,Barangay 529
bus 3140,464,bus,Barangay 531
bus 3140,464,bus,Barangay 528
bus 3140,464,bus,Barangay 537
bus 3140,464,bus,Quezon City
bus 3140,464,bus,Barangay 384
bus 3140,464,bus,Barangay 306
bus 3140,464,bus,Barangay 647
bus 3140,464,bus,Barangay 385
bus 3140,464,bus,Barangay 387
bus 3140,464,bus,Barangay 383
bus 3140,464,bus,Barangay 388
bus 3140,464,bus,Barangay 389
bus 3140,464,bus,Barangay 393
bus 3140,464,bus,Barangay 390
bus 3140,464,bus,Barangay 394
bus 3140,464,bus,Barangay 391
bus 3140,464,bus,Barangay 392
bus 3140,464,bus,Barangay 307
bus 3140,464,bus,Barangay 308
bus 3140,464,bus,Barangay 404
bus 3140,464,bus,Barangay 395
bus 3140,464,bus,Barangay 396
bus 3140,464,bus,Barangay 399
bus 3140,464,bus,Barangay 464
bus 3140,464,bus,Barangay 462
bus 3140,464,bus,Barangay 397
bus 3140,464,bus,Barangay 468
bus 3140,464,bus,Barangay 469
bus 3140,464,bus,Barangay 470
bus 398,465,bus,Barangay 247
bus 398,465,bus,Barangay 242
bus 398,465,bus,Barangay 245
bus 398,465,bus,Barangay 248
bus 398,465,bus,Barangay 269
bus 398,465,bus,Barangay 293
bus 398,465,bus,Barangay 268
bus 398,465,bus,Barangay 34
bus 398,465,bus,Barangay 33
bus 398,465,bus,Barangay 39
bus 398,465,bus,Barangay 37
bus 398,465,bus,Barangay 36
bus 398,465,bus,Barangay 45
bus 398,465,bus,Barangay 5
bus 398,465,bus,Barangay 41
bus 398,465,bus,Barangay 3
bus 398,465,bus,Barangay 10
bus 398,465,bus,Barangay 7
bus 398,465,bus,Barangay 49
bus 398,465,bus,Barangay 9
bus 398,465,bus,Barangay 4
bus 398,465,bus,"Tutuban Mall (Claimed by Five Barangays of Tondo, Manila)"
bus 398,465,bus,Barangay 48
bus 398,465,bus,Barangay 8
bus 398,465,bus,Barangay 42
bus 398,465,bus,Barangay 44
bus 398,465,bus,Barangay 43
bus 398,465,bus,Barangay 46
bus 398,465,bus,Barangay 47
bus 398,465,bus,Barangay 123
bus 398,465,bus,Barangay 69
bus 398,465,bus,Barangay 73
bus 398,465,bus,Barangay 72
bus 398,465,bus,Barangay 71
bus 398,465,bus,Barangay 6
bus 398,465,bus,Barangay 64
bus 398,465,bus,Barangay 56
bus 398,465,bus,Barangay 57
bus 398,465,bus,Barangay 51
bus 398,465,bus,Barangay 62
bus 398,465,bus,Barangay 63
bus 398,465,bus,Barangay 58
bus 398,465,bus,Barangay 59
bus 398,465,bus,Barangay 243
bus 398,465,bus,Barangay 241
bus 398,465,bus,Barangay 70
bus 398,465,bus,Barangay 121
bus 398,465,bus,Barangay 68
bus 398,465,bus,Barangay 118
bus 398,465,bus,Barangay 120
bus 398,465,bus,Barangay 74
bus 398,465,bus,Barangay 119
bus 398,465,bus,Barangay 75
bus 398,465,bus,Barangay 52
bus 398,465,bus,Barangay 116
bus 398,465,bus,Barangay 110
bus 398,465,bus,Barangay 112
bus 398,465,bus,Barangay 107
bus 398,465,bus,Barangay 108
bus 398,465,bus,Barangay 105
bus 3139,466,bus,Barangay 633
bus 3139,466,bus,Barangay 632
bus 3139,466,bus,Barangay 634
bus 3139,466,bus,Barangay 418
bus 3139,466,bus,Barangay 631
bus 3139,466,bus,Barangay 427
bus 3139,466,bus,Barangay 428
bus 3139,466,bus,Barangay 425
bus 3139,466,bus,Barangay 424
bus 3139,466,bus,Barangay 417
bus 3139,466,bus,Barangay 421
bus 3139,466,bus,Barangay 423
bus 3139,466,bus,Barangay 422
bus 3139,466,bus,Barangay 437
bus 3139,466,bus,Barangay 446
bus 3139,466,bus,Barangay 445
bus 3139,466,bus,Barangay 551
bus 3139,466,bus,Barangay 576
bus 3139,466,bus,Barangay 573
bus 3139,466,bus,Barangay 420
bus 3139,466,bus,Barangay 409
bus 3139,466,bus,Barangay 411
bus 3139,466,bus,Barangay 419
bus 3139,466,bus,Barangay 436
bus 3139,466,bus,Barangay 434
bus 3139,466,bus,Barangay 439
bus 3139,466,bus,Barangay 432
bus 3139,466,bus,Barangay 438
bus 3139,466,bus,Barangay 429
bus 3139,466,bus,Barangay 448
bus 3139,466,bus,Barangay 440
bus 3139,466,bus,Barangay 449
bus 3139,466,bus,Barangay 443
bus 3139,466,bus,Barangay 447
bus 3139,466,bus,Barangay 455
bus 3139,466,bus,Barangay 461
bus 3139,466,bus,Barangay 444
bus 3139,466,bus,Barangay 546
bus 3139,466,bus,Barangay 550
bus 3139,466,bus,Barangay 544
bus 3139,466,bus,Barangay 545
bus 3139,466,bus,Barangay 553
bus 3139,466,bus,Barangay 542
bus 3139,466,bus,Barangay 554
bus 3139,466,bus,Barangay 548
bus 3139,466,bus,Barangay 456
bus 3139,466,bus,Barangay 454
bus 3139,466,bus,Barangay 479
bus 3139,466,bus,Barangay 478
bus 3139,466,bus,Barangay 476
bus 3139,466,bus,Barangay 481
bus 3139,466,bus,Barangay 475
bus 3139,466,bus,Barangay 480
bus 3139,466,bus,Barangay 477
bus 3139,466,bus,Barangay 472
bus 3139,466,bus,Barangay 441
bus 3139,466,bus,Barangay 442
bus 3139,466,bus,Barangay 453
bus 3139,466,bus,Barangay 543
bus 3139,466,bus,Barangay 452
bus 3139,466,bus,Barangay 451
bus 3139,466,bus,Barangay 450
bus 3139,466,bus,Barangay 521
bus 3139,466,bus,Barangay 522
bus 3139,466,bus,Barangay 473
bus 3139,466,bus,Barangay 503
bus 3139,466,bus,Barangay 504
bus 3139,466,bus,Barangay 505
bus 3139,466,bus,Barangay 474
bus 3139,466,bus,Barangay 488
bus 3139,466,bus,Barangay 507
bus 3139,466,bus,Barangay 487
bus 3139,466,bus,Barangay 486
bus 3139,466,bus,Barangay 509
bus 3139,466,bus,Barangay 485
bus 3139,466,bus,Barangay 511
bus 3139,466,bus,Barangay 499
bus 3139,466,bus,Barangay 500
bus 3139,466,bus,Barangay 470
bus 3139,466,bus,Barangay 471
bus 3139,466,bus,Barangay 323
bus 3139,466,bus,Barangay 340
bus 3139,466,bus,Barangay 342
bus 3139,466,bus,Barangay 490
bus 3139,466,bus,Barangay 489
bus 3139,466,bus,Barangay 338
bus 3139,466,bus,Barangay 343
bus 3139,466,bus,Barangay 491
bus 3139,466,bus,Barangay 341
bus 3139,466,bus,Barangay 352
bus 3139,466,bus,Barangay 337
bus 3139,466,bus,Barangay 331
bus 3139,466,bus,Barangay 336
bus 3139,466,bus,Barangay 353
bus 3139,466,bus,Barangay 344
bus 3139,466,bus,Barangay 346
bus 3139,466,bus,Barangay 482
bus 3139,466,bus,Barangay 483
bus 3139,466,bus,Barangay 484
bus 3139,466,bus,Barangay 350
bus 3139,466,bus,Barangay 351
bus 3139,466,bus,Barangay 354
bus 3139,466,bus,Barangay 345
bus 3139,466,bus,Barangay 358
bus 3139,466,bus,Barangay 347
bus 3106,467,bus,Barangay 655
bus 3106,467,bus,Barangay 654
bus 3106,467,bus,Barangay 291
bus 3106,467,bus,Barangay 289
bus 3106,467,bus,Barangay 287
bus 3106,467,bus,Barangay 659-A
bus 3106,467,bus,Barangay 306
bus 3106,467,bus,Barangay 303
bus 3106,467,bus,Barangay 290
bus 3106,467,bus,Barangay 288
bus 3106,467,bus,Barangay 297
bus 3106,467,bus,Barangay 302
bus 3106,467,bus,Barangay 300
bus 3106,467,bus,Barangay 296
bus 3106,467,bus,Barangay 307
bus 3106,467,bus,Barangay 298
bus 3106,467,bus,Barangay 309
bus 3106,467,bus,Barangay 301
bus 3106,467,bus,Barangay 305
bus 3106,467,bus,Barangay 304
bus 3106,467,bus,Barangay 275
bus 3106,467,bus,Barangay 274
bus 3106,467,bus,Barangay 12
bus 3106,467,bus,Barangay 11
bus 3106,467,bus,Barangay 16
bus 3106,467,bus,Barangay 14
bus 3106,467,bus,Barangay 656
bus 3106,467,bus,Barangay 286
bus 3106,467,bus,Barangay 282
bus 3106,467,bus,Barangay 283
bus 3106,467,bus,Barangay 284
bus 3106,467,bus,Barangay 285
bus 3106,467,bus,Barangay 273
bus 3106,467,bus,Barangay 272
bus 3106,467,bus,Barangay 281
bus 3106,467,bus,Barangay 276
bus 3106,467,bus,Barangay 270
bus 3106,467,bus,Barangay 271
bus 3106,467,bus,Barangay 269
bus 3106,467,bus,Barangay 1
bus 3106,467,bus,Barangay 13
bus 3102,468,bus,Barangay 384
bus 3102,468,bus,Barangay 306
bus 3102,468,bus,Barangay 303
bus 3102,468,bus,Barangay 387
bus 3102,468,bus,Barangay 383
bus 3102,468,bus,Barangay 393
bus 3102,468,bus,Barangay 394
bus 3102,468,bus,Barangay 391
bus 3102,468,bus,Barangay 392
bus 3102,468,bus,Barangay 297
bus 3102,468,bus,Barangay 302
bus 3102,468,bus,Barangay 300
bus 3102,468,bus,Barangay 296
bus 3102,468,bus,Barangay 295
bus 3102,468,bus,Barangay 299
bus 3102,468,bus,Barangay 292
bus 3102,468,bus,Barangay 294
bus 3102,468,bus,Barangay 307
bus 3102,468,bus,Barangay 308
bus 3102,468,bus,Barangay 309
bus 3102,468,bus,Barangay 301
bus 3102,468,bus,Barangay 305
bus 3102,468,bus,Barangay 304
bus 3102,468,bus,Barangay 310
bus 3102,468,bus,Barangay 313
bus 3102,468,bus,Barangay 314
bus 3102,468,bus,Barangay 395
bus 3102,468,bus,Barangay 464
bus 3102,468,bus,Barangay 311
bus 3102,468,bus,Barangay 260
bus 3102,468,bus,Barangay 266
bus 3102,468,bus,Barangay 240
bus 3102,468,bus,Barangay 247
bus 3102,468,bus,Barangay 259
bus 3102,468,bus,Barangay 242
bus 3102,468,bus,Barangay 245
bus 3102,468,bus,Barangay 262
bus 3102,468,bus,Barangay 238
bus 3102,468,bus,Barangay 275
bus 3102,468,bus,Barangay 274
bus 3102,468,bus,Barangay 12
bus 3102,468,bus,Barangay 11
bus 3102,468,bus,Barangay 16
bus 3102,468,bus,Barangay 14
bus 3102,468,bus,Barangay 272
bus 3102,468,bus,Barangay 276
bus 3102,468,bus,Barangay 270
bus 3102,468,bus,Barangay 271
bus 3102,468,bus,Barangay 269
bus 3102,468,bus,Barangay 293
bus 3102,468,bus,Barangay 268
bus 3102,468,bus,Barangay 1
bus 3102,468,bus,Barangay 15
bus 3102,468,bus,Barangay 13
bus 3102,468,bus,Barangay 32
bus 3102,468,bus,Barangay 25
bus 3102,468,bus,Barangay 26
bus 3102,468,bus,Barangay 2
bus 3102,468,bus,Barangay 3
bus 3102,468,bus,Barangay 10
bus 3102,468,bus,Barangay 7
bus 3102,468,bus,Barangay 49
bus 3102,468,bus,Barangay 9
bus 3102,468,bus,Barangay 4
bus 3102,468,bus,"Tutuban Mall (Claimed by Five Barangays of Tondo, Manila)"
bus 3102,468,bus,Barangay 48
bus 3102,468,bus,Barangay 8
bus 3102,468,bus,Barangay 312
bus 3102,468,bus,Barangay 335
bus 3102,468,bus,Barangay 329
bus 3102,468,bus,Barangay 330
bus 3102,468,bus,Barangay 263
bus 390,469,bus,Barangay 400
bus 390,469,bus,Barangay 398
bus 390,469,bus,Barangay 303
bus 390,469,bus,Barangay 393
bus 390,469,bus,Barangay 390
bus 390,469,bus,Barangay 394
bus 390,469,bus,Barangay 391
bus 390,469,bus,Barangay 392
bus 390,469,bus,Barangay 297
bus 390,469,bus,Barangay 302
bus 390,469,bus,Barangay 300
bus 390,469,bus,Barangay 296
bus 390,469,bus,Barangay 295
bus 390,469,bus,Barangay 299
bus 390,469,bus,Barangay 292
bus 390,469,bus,Barangay 294
bus 390,469,bus,Barangay 307
bus 390,469,bus,Barangay 308
bus 390,469,bus,Barangay 309
bus 390,469,bus,Barangay 301
bus 390,469,bus,Barangay 305
bus 390,469,bus,Barangay 304
bus 390,469,bus,Barangay 310
bus 390,469,bus,Barangay 313
bus 390,469,bus,Barangay 314
bus 390,469,bus,Barangay 404
bus 390,469,bus,Barangay 395
bus 390,469,bus,Barangay 396
bus 390,469,bus,Barangay 399
bus 390,469,bus,Barangay 464
bus 390,469,bus,Barangay 462
bus 390,469,bus,Barangay 397
bus 390,469,bus,Barangay 468
bus 390,469,bus,Barangay 311
bus 390,469,bus,Barangay 469
bus 390,469,bus,Barangay 260
bus 390,469,bus,Barangay 266
bus 390,469,bus,Barangay 240
bus 390,469,bus,Barangay 247
bus 390,469,bus,Barangay 259
bus 390,469,bus,Barangay 242
bus 390,469,bus,Barangay 245
bus 390,469,bus,Barangay 262
bus 390,469,bus,Barangay 238
bus 390,469,bus,Barangay 248
bus 390,469,bus,Barangay 293
bus 390,469,bus,"Tutuban Mall (Claimed by Five Barangays of Tondo, Manila)"
bus 390,469,bus,Barangay 48
bus 390,469,bus,Barangay 56
bus 390,469,bus,Barangay 51
bus 390,469,bus,Barangay 250
bus 390,469,bus,Barangay 257
bus 390,469,bus,Barangay 246
bus 390,469,bus,Barangay 244
bus 390,469,bus,Barangay 243
bus 390,469,bus,Barangay 254
bus 390,469,bus,Barangay 258
bus 390,469,bus,Barangay 241
bus 390,469,bus,Barangay 239
bus 390,469,bus,Barangay 253
bus 390,469,bus,Barangay 312
bus 390,469,bus,Barangay 335
bus 390,469,bus,Barangay 329
bus 390,469,bus,Barangay 330
bus 390,469,bus,Barangay 263
bus 390,469,bus,Barangay 463
bus 390,469,bus,Barangay 467
bus 390,469,bus,Barangay 465
bus 390,469,bus,Barangay 470
bus 390,469,bus,Barangay 264
bus 390,469,bus,Barangay 267
bus 390,469,bus,Barangay 255
bus 390,469,bus,Barangay 50
bus 390,469,bus,Barangay 53
bus 390,469,bus,Barangay 252
bus 390,469,bus,Barangay 251
bus 390,469,bus,Barangay 237
bus 390,469,bus,Barangay 235
bus 390,469,bus,Barangay 236
bus 355,470,bus,Barangay 247
bus 355,470,bus,Barangay 242
bus 355,470,bus,Barangay 245
bus 355,470,bus,Barangay 248
bus 355,470,bus,Barangay 18
bus 355,470,bus,Barangay 17
bus 355,470,bus,Barangay 16
bus 355,470,bus,Barangay 19
bus 355,470,bus,Barangay 15
bus 355,470,bus,Barangay 29
bus 355,470,bus,Barangay 32
bus 355,470,bus,Barangay 30
bus 355,470,bus,Barangay 28
bus 355,470,bus,Barangay 31
bus 355,470,bus,Barangay 38
bus 355,470,bus,Barangay 34
bus 355,470,bus,Barangay 33
bus 355,470,bus,Barangay 39
bus 355,470,bus,Barangay 35
bus 355,470,bus,Barangay 20
bus 355,470,bus,Barangay 37
bus 355,470,bus,Barangay 36
bus 355,470,bus,Barangay 45
bus 355,470,bus,Barangay 5
bus 355,470,bus,Barangay 41
bus 355,470,bus,Barangay 3
bus 355,470,bus,Barangay 7
bus 355,470,bus,Barangay 49
bus 355,470,bus,Barangay 9
bus 355,470,bus,Barangay 4
bus 355,470,bus,"Tutuban Mall (Claimed by Five Barangays of Tondo, Manila)"
bus 355,470,bus,Barangay 48
bus 355,470,bus,Barangay 8
bus 355,470,bus,Barangay 42
bus 355,470,bus,Barangay 44
bus 355,470,bus,Barangay 43
bus 355,470,bus,Barangay 46
bus 355,470,bus,Barangay 47
bus 355,470,bus,Barangay 123
bus 355,470,bus,Barangay 69
bus 355,470,bus,Barangay 73
bus 355,470,bus,Barangay 72
bus 355,470,bus,Barangay 71
bus 355,470,bus,Barangay 6
bus 355,470,bus,Barangay 64
bus 355,470,bus,Barangay 56
bus 355,470,bus,Barangay 57
bus 355,470,bus,Barangay 51
bus 355,470,bus,Barangay 62
bus 355,470,bus,Barangay 63
bus 355,470,bus,Barangay 58
bus 355,470,bus,Barangay 59
bus 355,470,bus,Barangay 246
bus 355,470,bus,Barangay 244
bus 355,470,bus,Barangay 243
bus 355,470,bus,Barangay 241
bus 355,470,bus,Barangay 239
bus 355,470,bus,Barangay 253
bus 355,470,bus,Barangay 70
bus 355,470,bus,Barangay 121
bus 355,470,bus,Barangay 68
bus 355,470,bus,Barangay 118
bus 355,470,bus,Barangay 74
bus 355,470,bus,Barangay 255
bus 355,470,bus,Barangay 331
bus 355,470,bus,Barangay 353
bus 355,470,bus,Barangay 355
bus 355,470,bus,Barangay 354
bus 355,470,bus,Barangay 361
bus 355,470,bus,Barangay 362
bus 355,470,bus,Barangay 347
bus 355,470,bus,Barangay 357
bus 355,470,bus,Barangay 360
bus 355,470,bus,Barangay 348
bus 355,470,bus,Barangay 356
bus 355,470,bus,Barangay 359
bus 355,470,bus,Barangay 365
bus 355,470,bus,Barangay 363
bus 355,470,bus,Barangay 220
bus 355,470,bus,Barangay 219
bus 355,470,bus,Barangay 209
bus 355,470,bus,Barangay 366
bus 355,470,bus,Barangay 381
bus 355,470,bus,Barangay 210
bus 355,470,bus,Barangay 212
bus 355,470,bus,Barangay 213
bus 355,470,bus,Barangay 217
bus 355,470,bus,Barangay 214
bus 355,470,bus,Barangay 215
bus 355,470,bus,Barangay 204
bus 355,470,bus,Barangay 203
bus 355,470,bus,Barangay 211
bus 355,470,bus,Barangay 382
bus 355,470,bus,Barangay 207
bus 355,470,bus,Barangay 206
bus 355,470,bus,Barangay 75
bus 355,470,bus,Barangay 50
bus 355,470,bus,Barangay 60
bus 355,470,bus,Barangay 52
bus 355,470,bus,Barangay 53
bus 355,470,bus,Barangay 61
bus 355,470,bus,Barangay 252
bus 355,470,bus,Barangay 251
bus 355,470,bus,Barangay 237
bus 355,470,bus,Barangay 235
bus 355,470,bus,Barangay 236
bus 355,470,bus,Barangay 256
bus 355,470,bus,Barangay 249
bus 355,470,bus,Barangay 234
bus 355,470,bus,Barangay 54
bus 355,470,bus,Barangay 233
bus 355,470,bus,Barangay 55
bus 355,470,bus,Barangay 156
bus 355,470,bus,Barangay 154
bus 355,470,bus,Barangay 225
bus 355,470,bus,Barangay 226
bus 355,470,bus,Barangay 229
bus 355,470,bus,Barangay 230
bus 355,470,bus,Barangay 232
bus 355,470,bus,Barangay 222
bus 355,470,bus,Barangay 159
bus 355,470,bus,Barangay 157
bus 355,470,bus,Barangay 223
bus 355,470,bus,Barangay 231
bus 355,470,bus,Barangay 160
bus 355,470,bus,Barangay 221
bus 355,470,bus,Barangay 224
bus 355,470,bus,Barangay 228
bus 355,470,bus,Barangay 227
bus 355,470,bus,Barangay 218
bus 355,470,bus,Barangay 216
bus 355,470,bus,Barangay 367
bus 343,471,bus,Barangay 345
bus 343,471,bus,Barangay 358
bus 343,471,bus,Barangay 361
bus 343,471,bus,Barangay 362
bus 343,471,bus,Barangay 347
bus 343,471,bus,Barangay 357
bus 343,471,bus,Barangay 360
bus 343,471,bus,Barangay 348
bus 343,471,bus,Barangay 356
bus 343,471,bus,Barangay 359
bus 343,471,bus,Barangay 365
bus 343,471,bus,Barangay 363
bus 343,471,bus,Barangay 220
bus 343,471,bus,Barangay 219
bus 343,471,bus,Barangay 209
bus 343,471,bus,Barangay 366
bus 343,471,bus,Barangay 381
bus 343,471,bus,Barangay 210
bus 343,471,bus,Barangay 212
bus 343,471,bus,Barangay 213
bus 343,471,bus,Barangay 217
bus 343,471,bus,Barangay 164
bus 343,471,bus,Barangay 214
bus 343,471,bus,Barangay 165
bus 343,471,bus,Barangay 215
bus 343,471,bus,Barangay 162
bus 343,471,bus,Barangay 204
bus 343,471,bus,Barangay 161
bus 343,471,bus,Barangay 203
bus 343,471,bus,Barangay 211
bus 343,471,bus,Barangay 223
bus 343,471,bus,Barangay 231
bus 343,471,bus,Barangay 221
bus 343,471,bus,Barangay 224
bus 343,471,bus,Barangay 228
bus 343,471,bus,Barangay 227
bus 343,471,bus,Barangay 152
bus 343,471,bus,Barangay 218
bus 343,471,bus,Barangay 163
bus 343,471,bus,Barangay 216
bus 343,471,bus,Barangay 153
bus 343,471,bus,Barangay 148
bus 343,471,bus,Barangay 167
bus 343,471,bus,Barangay 169
bus 343,471,bus,Barangay 166
bus 343,471,bus,Barangay 171
bus 343,471,bus,Barangay 168
bus 343,471,bus,Barangay 170
bus 343,471,bus,Barangay 174
bus 343,471,bus,Barangay 172
bus 343,471,bus,Barangay 176
bus 343,471,bus,Barangay 173
bus 343,471,bus,Barangay 175
bus 343,471,bus,Barangay 137
bus 343,471,bus,Barangay 180
bus 343,471,bus,Barangay 139
bus 343,471,bus,Barangay 367
bus 343,471,bus,Barangay 185
bus 343,471,bus,Barangay 179
bus 343,471,bus,Barangay 198
bus 343,471,bus,Barangay 132
bus 343,471,bus,Barangay 134
bus 343,471,bus,Barangay 129
bus 343,471,bus,Barangay 131
bus 343,471,bus,Barangay 124
bus 343,471,bus,Barangay 138
bus 343,471,bus,Barangay 144
bus 343,471,bus,Barangay 140
bus 343,471,bus,Barangay 136
bus 343,471,bus,Barangay 143
bus 343,471,bus,Barangay 141
bus 343,471,bus,Barangay 145
bus 343,471,bus,Barangay 142
bus 343,471,bus,Barangay 146
bus 343,471,bus,Barangay 135
bus 339,472,bus,Barangay 418
bus 339,472,bus,Barangay 428
bus 339,472,bus,Barangay 424
bus 339,472,bus,Barangay 417
bus 339,472,bus,Barangay 421
bus 339,472,bus,Barangay 423
bus 339,472,bus,Barangay 422
bus 339,472,bus,Barangay 437
bus 339,472,bus,Barangay 446
bus 339,472,bus,Barangay 445
bus 339,472,bus,Barangay 551
bus 339,472,bus,Barangay 571
bus 339,472,bus,Barangay 576
bus 339,472,bus,Barangay 572
bus 339,472,bus,Barangay 574
bus 339,472,bus,Barangay 575
bus 339,472,bus,Barangay 573
bus 339,472,bus,Barangay 567
bus 339,472,bus,Barangay 577
bus 339,472,bus,Barangay 565
bus 339,472,bus,Barangay 564
bus 339,472,bus,Barangay 568
bus 339,472,bus,Barangay 563
bus 339,472,bus,Barangay 562
bus 339,472,bus,Barangay 549
bus 339,472,bus,Barangay 560
bus 339,472,bus,Barangay 419
bus 339,472,bus,Barangay 436
bus 339,472,bus,Barangay 434
bus 339,472,bus,Barangay 439
bus 339,472,bus,Barangay 432
bus 339,472,bus,Barangay 438
bus 339,472,bus,Barangay 429
bus 339,472,bus,Barangay 448
bus 339,472,bus,Barangay 440
bus 339,472,bus,Barangay 449
bus 339,472,bus,Barangay 443
bus 339,472,bus,Barangay 447
bus 339,472,bus,Barangay 455
bus 339,472,bus,Barangay 461
bus 339,472,bus,Barangay 444
bus 339,472,bus,Barangay 546
bus 339,472,bus,Barangay 550
bus 339,472,bus,Barangay 544
bus 339,472,bus,Barangay 545
bus 339,472,bus,Barangay 552
bus 339,472,bus,Barangay 553
bus 339,472,bus,Barangay 542
bus 339,472,bus,Barangay 554
bus 339,472,bus,Barangay 548
bus 339,472,bus,Barangay 456
bus 339,472,bus,Barangay 454
bus 339,472,bus,Barangay 479
bus 339,472,bus,Barangay 478
bus 339,472,bus,Barangay 476
bus 339,472,bus,Barangay 481
bus 339,472,bus,Barangay 475
bus 339,472,bus,Barangay 480
bus 339,472,bus,Barangay 477
bus 339,472,bus,Barangay 472
bus 339,472,bus,Barangay 441
bus 339,472,bus,Barangay 442
bus 339,472,bus,Barangay 453
bus 339,472,bus,Barangay 543
bus 339,472,bus,Barangay 452
bus 339,472,bus,Barangay 451
bus 339,472,bus,Barangay 450
bus 339,472,bus,Barangay 521
bus 339,472,bus,Barangay 522
bus 339,472,bus,Barangay 473
bus 339,472,bus,Barangay 503
bus 339,472,bus,Barangay 504
bus 339,472,bus,Barangay 505
bus 339,472,bus,Barangay 474
bus 339,472,bus,Barangay 507
bus 339,472,bus,Barangay 561
bus 339,472,bus,Barangay 559
bus 339,472,bus,Barangay 558
bus 339,472,bus,Barangay 557
bus 339,472,bus,Barangay 539
bus 339,472,bus,Barangay 556
bus 339,472,bus,Barangay 555
bus 339,472,bus,Barangay 541
bus 339,472,bus,Barangay 536
bus 339,472,bus,Barangay 540
bus 339,472,bus,Barangay 547
bus 339,472,bus,Barangay 535
bus 339,472,bus,Barangay 534
bus 339,472,bus,Barangay 533
bus 339,472,bus,Barangay 538
bus 339,472,bus,Barangay 537
bus 339,472,bus,Quezon City
bus 338,473,bus,Barangay 634
bus 338,473,bus,Barangay 418
bus 338,473,bus,Barangay 428
bus 338,473,bus,Barangay 425
bus 338,473,bus,Barangay 424
bus 338,473,bus,Barangay 417
bus 338,473,bus,Barangay 421
bus 338,473,bus,Barangay 423
bus 338,473,bus,Barangay 422
bus 338,473,bus,Barangay 437
bus 338,473,bus,Barangay 446
bus 338,473,bus,Barangay 445
bus 338,473,bus,Barangay 551
bus 338,473,bus,Barangay 571
bus 338,473,bus,Barangay 576
bus 338,473,bus,Barangay 572
bus 338,473,bus,Barangay 574
bus 338,473,bus,Barangay 575
bus 338,473,bus,Barangay 573
bus 338,473,bus,Barangay 567
bus 338,473,bus,Barangay 577
bus 338,473,bus,Barangay 565
bus 338,473,bus,Barangay 564
bus 338,473,bus,Barangay 568
bus 338,473,bus,Barangay 563
bus 338,473,bus,Barangay 562
bus 338,473,bus,Barangay 549
bus 338,473,bus,Barangay 560
bus 338,473,bus,Barangay 641
bus 338,473,bus,Barangay 638
bus 338,473,bus,Barangay 640
bus 338,473,bus,Barangay 637
bus 338,473,bus,Barangay 412
bus 338,473,bus,Barangay 416
bus 338,473,bus,Barangay 413
bus 338,473,bus,Barangay 403
bus 338,473,bus,Barangay 402
bus 338,473,bus,Barangay 414
bus 338,473,bus,Barangay 415
bus 338,473,bus,Barangay 400
bus 338,473,bus,Barangay 407
bus 338,473,bus,Barangay 401
bus 338,473,bus,Barangay 410
bus 338,473,bus,Barangay 420
bus 338,473,bus,Barangay 409
bus 338,473,bus,Barangay 411
bus 338,473,bus,Barangay 419
bus 338,473,bus,Barangay 408
bus 338,473,bus,Barangay 433
bus 338,473,bus,Barangay 435
bus 338,473,bus,Barangay 436
bus 338,473,bus,Barangay 434
bus 338,473,bus,Barangay 439
bus 338,473,bus,Barangay 432
bus 338,473,bus,Barangay 438
bus 338,473,bus,Barangay 429
bus 338,473,bus,Barangay 448
bus 338,473,bus,Barangay 440
bus 338,473,bus,Barangay 443
bus 338,473,bus,Barangay 405
bus 338,473,bus,Barangay 398
bus 338,473,bus,Barangay 406
bus 338,473,bus,Barangay 458
bus 338,473,bus,Barangay 430
bus 338,473,bus,Barangay 431
bus 338,473,bus,Barangay 457
bus 338,473,bus,Barangay 460
bus 338,473,bus,Barangay 461
bus 338,473,bus,Barangay 444
bus 338,473,bus,Barangay 546
bus 338,473,bus,Barangay 550
bus 338,473,bus,Barangay 544
bus 338,473,bus,Barangay 545
bus 338,473,bus,Barangay 552
bus 338,473,bus,Barangay 553
bus 338,473,bus,Barangay 542
bus 338,473,bus,Barangay 554
bus 338,473,bus,Barangay 456
bus 338,473,bus,Barangay 561
bus 338,473,bus,Barangay 559
bus 338,473,bus,Barangay 558
bus 338,473,bus,Barangay 557
bus 338,473,bus,Barangay 539
bus 338,473,bus,Barangay 556
bus 338,473,bus,Barangay 555
bus 338,473,bus,Barangay 541
bus 338,473,bus,Barangay 536
bus 338,473,bus,Barangay 540
bus 338,473,bus,Barangay 547
bus 338,473,bus,Barangay 535
bus 338,473,bus,Barangay 534
bus 338,473,bus,Barangay 533
bus 338,473,bus,Barangay 538
bus 338,473,bus,Barangay 537
bus 338,473,bus,Quezon City
bus 338,473,bus,Barangay 389
bus 338,473,bus,Barangay 390
bus 338,473,bus,Barangay 404
bus 338,473,bus,Barangay 399
bus 340,474,bus,Barangay 634
bus 340,474,bus,Barangay 418
bus 340,474,bus,Barangay 428
bus 340,474,bus,Barangay 425
bus 340,474,bus,Barangay 424
bus 340,474,bus,Barangay 417
bus 340,474,bus,Barangay 421
bus 340,474,bus,Barangay 423
bus 340,474,bus,Barangay 422
bus 340,474,bus,Barangay 437
bus 340,474,bus,Barangay 446
bus 340,474,bus,Barangay 445
bus 340,474,bus,Barangay 551
bus 340,474,bus,Barangay 571
bus 340,474,bus,Barangay 576
bus 340,474,bus,Barangay 572
bus 340,474,bus,Barangay 574
bus 340,474,bus,Barangay 575
bus 340,474,bus,Barangay 573
bus 340,474,bus,Barangay 567
bus 340,474,bus,Barangay 577
bus 340,474,bus,Barangay 565
bus 340,474,bus,Barangay 564
bus 340,474,bus,Barangay 568
bus 340,474,bus,Barangay 563
bus 340,474,bus,Barangay 562
bus 340,474,bus,Barangay 549
bus 340,474,bus,Barangay 560
bus 340,474,bus,Barangay 641
bus 340,474,bus,Barangay 638
bus 340,474,bus,Barangay 640
bus 340,474,bus,Barangay 637
bus 340,474,bus,Barangay 412
bus 340,474,bus,Barangay 416
bus 340,474,bus,Barangay 413
bus 340,474,bus,Barangay 403
bus 340,474,bus,Barangay 402
bus 340,474,bus,Barangay 414
bus 340,474,bus,Barangay 415
bus 340,474,bus,Barangay 400
bus 340,474,bus,Barangay 407
bus 340,474,bus,Barangay 401
bus 340,474,bus,Barangay 410
bus 340,474,bus,Barangay 420
bus 340,474,bus,Barangay 409
bus 340,474,bus,Barangay 411
bus 340,474,bus,Barangay 419
bus 340,474,bus,Barangay 408
bus 340,474,bus,Barangay 433
bus 340,474,bus,Barangay 435
bus 340,474,bus,Barangay 436
bus 340,474,bus,Barangay 434
bus 340,474,bus,Barangay 439
bus 340,474,bus,Barangay 432
bus 340,474,bus,Barangay 438
bus 340,474,bus,Barangay 429
bus 340,474,bus,Barangay 448
bus 340,474,bus,Barangay 440
bus 340,474,bus,Barangay 443
bus 340,474,bus,Barangay 455
bus 340,474,bus,Barangay 405
bus 340,474,bus,Barangay 398
bus 340,474,bus,Barangay 406
bus 340,474,bus,Barangay 458
bus 340,474,bus,Barangay 430
bus 340,474,bus,Barangay 431
bus 340,474,bus,Barangay 459
bus 340,474,bus,Barangay 457
bus 340,474,bus,Barangay 460
bus 340,474,bus,Barangay 461
bus 340,474,bus,Barangay 444
bus 340,474,bus,Barangay 546
bus 340,474,bus,Barangay 550
bus 340,474,bus,Barangay 544
bus 340,474,bus,Barangay 545
bus 340,474,bus,Barangay 552
bus 340,474,bus,Barangay 553
bus 340,474,bus,Barangay 542
bus 340,474,bus,Barangay 554
bus 340,474,bus,Barangay 456
bus 340,474,bus,Barangay 454
bus 340,474,bus,Barangay 479
bus 340,474,bus,Barangay 561
bus 340,474,bus,Barangay 559
bus 340,474,bus,Barangay 558
bus 340,474,bus,Barangay 557
bus 340,474,bus,Barangay 539
bus 340,474,bus,Barangay 556
bus 340,474,bus,Barangay 555
bus 340,474,bus,Barangay 541
bus 340,474,bus,Barangay 536
bus 340,474,bus,Barangay 540
bus 340,474,bus,Barangay 547
bus 340,474,bus,Barangay 535
bus 340,474,bus,Barangay 534
bus 340,474,bus,Barangay 533
bus 340,474,bus,Barangay 538
bus 340,474,bus,Barangay 537
bus 340,474,bus,Quezon City
bus 340,474,bus,Barangay 384
bus 340,474,bus,Barangay 306
bus 340,474,bus,Barangay 647
bus 340,474,bus,Barangay 385
bus 340,474,bus,Barangay 387
bus 340,474,bus,Barangay 383
bus 340,474,bus,Barangay 388
bus 340,474,bus,Barangay 389
bus 340,474,bus,Barangay 393
bus 340,474,bus,Barangay 390
bus 340,474,bus,Barangay 394
bus 340,474,bus,Barangay 391
bus 340,474,bus,Barangay 392
bus 340,474,bus,Barangay 307
bus 340,474,bus,Barangay 308
bus 340,474,bus,Barangay 404
bus 340,474,bus,Barangay 395
bus 340,474,bus,Barangay 396
bus 340,474,bus,Barangay 399
bus 340,474,bus,Barangay 464
bus 340,474,bus,Barangay 462
bus 340,474,bus,Barangay 397
bus 340,474,bus,Barangay 468
bus 340,474,bus,Barangay 469
bus 340,474,bus,Barangay 470
bus PITX-BTGS,475,bus,Laguna
bus PITX-BTGS,475,bus,Muntinlupa
bus PITX-BTGS,475,bus,Taguig
bus PITX-BTGS,475,bus,Parañaque
bus PITX-BTGS,475,bus,Pasay
bus PITX-BTGS,476,bus,Laguna
bus PITX-BTGS,476,bus,Muntinlupa
bus PITX-BTGS,476,bus,Taguig
bus PITX-BTGS,476,bus,Parañaque
bus PITX-BTGS,476,bus,Pasay
bus PITX-BTGS,477,bus,Laguna
bus PITX-BTGS,477,bus,Muntinlupa
bus PITX-BTGS,477,bus,Taguig
bus PITX-BTGS,477,bus,Parañaque
bus PITX-BTGS,477,bus,Pasay
bus PITX-SCZL,478,bus,Laguna
bus PITX-SCZL,478,bus,Muntinlupa
bus PITX-SCZL,478,bus,Taguig
bus PITX-SCZL,478,bus,Makati
bus PITX-SCZL,478,bus,Parañaque
bus PITX-SCZL,478,bus,Pasay
bus 319,479,bus,Barangay 718
bus 319,479,bus,Barangay 717
bus 319,479,bus,Barangay 727
bus 319,479,bus,Barangay 716
bus 319,479,bus,Barangay 713
bus 319,479,bus,Barangay 708
bus 319,479,bus,Barangay 726
bus 319,479,bus,Barangay 712
bus 319,479,bus,Barangay 709
bus 319,479,bus,Barangay 729
bus 319,479,bus,Barangay 730
bus 319,479,bus,Barangay 728
bus 319,479,bus,Barangay 725
bus 319,479,bus,Barangay 714
bus 319,479,bus,Barangay 724
bus 319,479,bus,Barangay 723
bus 319,479,bus,Barangay 692
bus 319,479,bus,Barangay 722
bus 319,479,bus,Barangay 691
bus 319,479,bus,Barangay 693
bus 319,479,bus,Barangay 689
bus 319,479,bus,Barangay 690
bus 319,479,bus,Barangay 695
bus 319,479,bus,Parañaque
bus 319,479,bus,Pasay
bus 319,479,bus,Barangay 666
bus 319,479,bus,Barangay 657
bus 319,479,bus,Barangay 658
bus 319,479,bus,Barangay 654
bus 319,479,bus,Barangay 291
bus 319,479,bus,Barangay 287
bus 319,479,bus,Barangay 719
bus 319,479,bus,Barangay 720
bus 319,479,bus,Barangay 715
bus 319,479,bus,Barangay 711
bus 319,479,bus,Barangay 710
bus 319,479,bus,Barangay 707
bus 319,479,bus,Barangay 706
bus 319,479,bus,Barangay 702
bus 319,479,bus,Barangay 703
bus 319,479,bus,Barangay 697
bus 319,479,bus,Barangay 696
bus 319,479,bus,Barangay 694
bus 319,479,bus,Barangay 669
bus 319,479,bus,Barangay 675
bus 319,479,bus,Barangay 676
bus 319,479,bus,Barangay 670
bus 319,479,bus,Barangay 660
bus 319,479,bus,Barangay 659
bus 319,479,bus,Barangay 659-A
bus 319,479,bus,Barangay 384
bus 319,479,bus,Barangay 306
bus 319,479,bus,Barangay 303
bus 319,479,bus,Barangay 674
bus 319,479,bus,Barangay 660-A
bus 319,479,bus,Barangay 664
bus 319,479,bus,Barangay 290
bus 319,479,bus,Barangay 297
bus 319,479,bus,Barangay 302
bus 319,479,bus,Barangay 300
bus 319,479,bus,Barangay 299
bus 319,479,bus,Barangay 307
bus 319,479,bus,Barangay 298
bus 319,479,bus,Barangay 308
bus 319,479,bus,Barangay 309
bus 319,479,bus,Barangay 301
bus 319,479,bus,Barangay 305
bus 319,479,bus,Barangay 304
bus 319,479,bus,Barangay 310
bus 319,479,bus,Barangay 313
bus 319,479,bus,Barangay 314
bus 319,479,bus,Barangay 311
bus 319,479,bus,Barangay 262
bus 319,479,bus,Barangay 656
bus 319,479,bus,Barangay 312
bus 319,479,bus,Barangay 335
bus 319,479,bus,Barangay 329
bus 319,479,bus,Barangay 330
bus 319,479,bus,Barangay 263
bus 319,479,bus,Barangay 316
bus 319,479,bus,Barangay 332
bus 319,479,bus,Barangay 328
bus 319,479,bus,Barangay 261
bus 319,479,bus,Barangay 322
bus 319,479,bus,Barangay 315
bus 319,479,bus,Barangay 319
bus 319,479,bus,Barangay 318
bus 319,479,bus,Barangay 317
bus 319,479,bus,Barangay 264
bus 319,479,bus,Barangay 321
bus 319,479,bus,Barangay 333
bus 319,479,bus,Barangay 326
bus 319,479,bus,Barangay 265
bus 319,479,bus,Barangay 320
bus 319,479,bus,Barangay 334
bus 319,479,bus,Barangay 327
bus 319,479,bus,Barangay 267
bus 319,479,bus,Barangay 324
bus 319,479,bus,Barangay 323
bus 319,479,bus,Barangay 340
bus 319,479,bus,Barangay 338
bus 319,479,bus,Barangay 341
bus 319,479,bus,Barangay 325
bus 319,479,bus,Barangay 339
bus 319,479,bus,Barangay 337
bus 319,479,bus,Barangay 331
bus 319,479,bus,Barangay 336
bus 319,479,bus,Barangay 353
bus 319,479,bus,Barangay 344
bus 319,479,bus,Barangay 355
bus 319,479,bus,Barangay 346
bus 319,479,bus,Barangay 350
bus 319,479,bus,Barangay 349
bus 319,479,bus,Barangay 369
bus 319,479,bus,Barangay 371
bus 319,479,bus,Barangay 354
bus 319,479,bus,Barangay 345
bus 319,479,bus,Barangay 358
bus 319,479,bus,Barangay 361
bus 319,479,bus,Barangay 362
bus 319,479,bus,Barangay 347
bus 319,479,bus,Barangay 357
bus 319,479,bus,Barangay 360
bus 319,479,bus,Barangay 348
bus 319,479,bus,Barangay 356
bus 319,479,bus,Barangay 359
bus 319,479,bus,Barangay 365
bus 319,479,bus,Barangay 363
bus 319,479,bus,Barangay 220
bus 319,479,bus,Barangay 209
bus 319,479,bus,Barangay 366
bus 319,479,bus,Barangay 381
bus 319,479,bus,Barangay 210
bus 319,479,bus,Barangay 212
bus 319,479,bus,Barangay 211
bus 319,479,bus,Barangay 382
bus 319,479,bus,Barangay 207
bus 319,479,bus,Barangay 375
bus 319,479,bus,Barangay 208
bus 319,479,bus,Barangay 206
bus 319,479,bus,Barangay 373
bus 319,479,bus,Barangay 374
bus 319,479,bus,Barangay 364
bus 319,479,bus,Barangay 370
bus 319,479,bus,Barangay 367
bus 319,479,bus,Barangay 379
bus 319,479,bus,Barangay 380
bus 319,479,bus,Barangay 376
bus 319,479,bus,Barangay 377
bus 319,479,bus,Barangay 378
bus 319,479,bus,Barangay 372
bus 319,479,bus,Manila North Cemetery
bus 319,480,bus,Barangay 718
bus 319,480,bus,Barangay 717
bus 319,480,bus,Barangay 727
bus 319,480,bus,Barangay 716
bus 319,480,bus,Barangay 713
bus 319,480,bus,Barangay 708
bus 319,480,bus,Barangay 726
bus 319,480,bus,Barangay 712
bus 319,480,bus,Barangay 709
bus 319,480,bus,Barangay 729
bus 319,480,bus,Barangay 730
bus 319,480,bus,Barangay 728
bus 319,480,bus,Barangay 733
bus 319,480,bus,Barangay 725
bus 319,480,bus,Barangay 714
bus 319,480,bus,Barangay 724
bus 319,480,bus,Barangay 723
bus 319,480,bus,Barangay 692
bus 319,480,bus,Barangay 722
bus 319,480,bus,Barangay 691
bus 319,480,bus,Barangay 693
bus 319,480,bus,Barangay 689
bus 319,480,bus,Barangay 690
bus 319,480,bus,Barangay 688
bus 319,480,bus,Barangay 695
bus 319,480,bus,Barangay 673
bus 319,480,bus,Makati
bus 319,480,bus,Parañaque
bus 319,480,bus,Pasay
bus 319,480,bus,Barangay 666
bus 319,480,bus,Barangay 657
bus 319,480,bus,Barangay 658
bus 319,480,bus,Barangay 654
bus 319,480,bus,Barangay 291
bus 319,480,bus,Barangay 719
bus 319,480,bus,Barangay 720
bus 319,480,bus,Barangay 715
bus 319,480,bus,Barangay 711
bus 319,480,bus,Barangay 710
bus 319,480,bus,Barangay 707
bus 319,480,bus,Barangay 706
bus 319,480,bus,Barangay 702
bus 319,480,bus,Barangay 703
bus 319,480,bus,Barangay 697
bus 319,480,bus,Barangay 696
bus 319,480,bus,Barangay 694
bus 319,480,bus,Barangay 669
bus 319,480,bus,Barangay 675
bus 319,480,bus,Barangay 676
bus 319,480,bus,Barangay 670
bus 319,480,bus,Barangay 660
bus 319,480,bus,Barangay 659
bus 319,480,bus,Barangay 659-A
bus 319,480,bus,Barangay 384
bus 319,480,bus,Barangay 306
bus 319,480,bus,Barangay 303
bus 319,480,bus,Barangay 674
bus 319,480,bus,Barangay 660-A
bus 319,480,bus,Barangay 664
bus 319,480,bus,Barangay 661
bus 319,480,bus,Barangay 290
bus 319,480,bus,Barangay 302
bus 319,480,bus,Barangay 299
bus 319,480,bus,Barangay 307
bus 319,480,bus,Barangay 298
bus 319,480,bus,Barangay 308
bus 319,480,bus,Barangay 309
bus 319,480,bus,Barangay 301
bus 319,480,bus,Barangay 305
bus 319,480,bus,Barangay 304
bus 319,480,bus,Barangay 310
bus 319,480,bus,Barangay 313
bus 319,480,bus,Barangay 314
bus 319,480,bus,Barangay 311
bus 319,480,bus,Barangay 262
bus 319,480,bus,Barangay 656
bus 319,480,bus,Barangay 312
bus 319,480,bus,Barangay 335
bus 319,480,bus,Barangay 329
bus 319,480,bus,Barangay 330
bus 319,480,bus,Barangay 263
bus 319,480,bus,Barangay 316
bus 319,480,bus,Barangay 332
bus 319,480,bus,Barangay 328
bus 319,480,bus,Barangay 261
bus 319,480,bus,Barangay 322
bus 319,480,bus,Barangay 315
bus 319,480,bus,Barangay 319
bus 319,480,bus,Barangay 318
bus 319,480,bus,Barangay 317
bus 319,480,bus,Barangay 264
bus 319,480,bus,Barangay 321
bus 319,480,bus,Barangay 333
bus 319,480,bus,Barangay 326
bus 319,480,bus,Barangay 265
bus 319,480,bus,Barangay 320
bus 319,480,bus,Barangay 334
bus 319,480,bus,Barangay 327
bus 319,480,bus,Barangay 267
bus 319,480,bus,Barangay 324
bus 319,480,bus,Barangay 323
bus 319,480,bus,Barangay 340
bus 319,480,bus,Barangay 338
bus 319,480,bus,Barangay 341
bus 319,480,bus,Barangay 325
bus 319,480,bus,Barangay 339
bus 319,480,bus,Barangay 337
bus 319,480,bus,Barangay 331
bus 319,480,bus,Barangay 336
bus 319,480,bus,Barangay 353
bus 319,480,bus,Barangay 344
bus 319,480,bus,Barangay 355
bus 319,480,bus,Barangay 346
bus 319,480,bus,Barangay 350
bus 319,480,bus,Barangay 349
bus 319,480,bus,Barangay 354
bus 319,480,bus,Barangay 345
bus 319,480,bus,Barangay 358
bus 319,480,bus,Barangay 361
bus 319,480,bus,Barangay 362
bus 319,480,bus,Barangay 347
bus 319,480,bus,Barangay 357
bus 319,480,bus,Barangay 360
bus 319,480,bus,Barangay 348
bus 319,480,bus,Barangay 356
bus 319,480,bus,Barangay 359
bus 319,480,bus,Barangay 365
bus 319,480,bus,Barangay 363
bus 319,480,bus,Barangay 220
bus 319,480,bus,Barangay 209
bus 319,480,bus,Barangay 366
bus 319,480,bus,Barangay 381
bus 319,480,bus,Barangay 210
bus 319,480,bus,Barangay 212
bus 319,480,bus,Barangay 211
bus 319,480,bus,Barangay 382
bus 319,480,bus,Barangay 207
bus 319,480,bus,Barangay 375
bus 319,480,bus,Barangay 208
bus 319,480,bus,Barangay 206
bus 319,480,bus,Barangay 373
bus 319,480,bus,Barangay 374
bus 319,480,bus,Barangay 364
bus 319,480,bus,Barangay 367
bus 319,480,bus,Barangay 379
bus 319,480,bus,Barangay 380
bus 319,480,bus,Barangay 376
bus 319,480,bus,Barangay 377
bus 319,480,bus,Barangay 378
bus CUB-DAU,481,bus,Marikina
bus CUB-DAU,481,bus,Quezon City
bus CUB-DAU,481,bus,Caloocan
bus CUB-DAU,481,bus,Bulacan
bus CUB-DAU,481,bus,Valenzuela
bus CUB-DAU,482,bus,Marikina
bus CUB-DAU,482,bus,Quezon City
bus CUB-DAU,482,bus,Caloocan
bus CUB-DAU,482,bus,Bulacan
bus CUB-DAU,482,bus,Valenzuela
bus PITX–LPBT,483,bus,Laguna
bus PITX–LPBT,483,bus,Muntinlupa
bus PITX–LPBT,483,bus,Taguig
bus PITX–LPBT,483,bus,Makati
bus PITX–LPBT,483,bus,Parañaque
bus PITX–LPBT,483,bus,Pasay
bus PITX-LIPA,484,bus,Laguna
bus PITX-LIPA,484,bus,Muntinlupa
bus PITX-LIPA,484,bus,Taguig
bus PITX-LIPA,484,bus,Parañaque
bus PITX-LIPA,484,bus,Pasay
bus PITX-BTGS,485,bus,Laguna
bus PITX-BTGS,485,bus,Muntinlupa
bus PITX-BTGS,485,bus,Taguig
bus PITX-BTGS,485,bus,Makati
bus PITX-BTGS,485,bus,Parañaque
bus PITX-BTGS,485,bus,Pasay
bus PTX-BTP,486,bus,Laguna
bus PTX-BTP,486,bus,Muntinlupa
bus PTX-BTP,486,bus,Taguig
bus PTX-BTP,486,bus,Makati
bus PTX-BTP,486,bus,Parañaque
bus PTX-BTP,486,bus,Pasay
bus PITX-BTGS,487,bus,Laguna
bus PITX-BTGS,487,bus,Muntinlupa
bus PITX-BTGS,487,bus,Taguig
bus PITX-BTGS,487,bus,Parañaque
bus PITX-BTGS,487,bus,Pasay
bus PITX-BTGS,488,bus,Laguna
bus PITX-BTGS,488,bus,Muntinlupa
bus PITX-BTGS,488,bus,Taguig
bus PITX-BTGS,488,bus,Parañaque
bus PITX-BTGS,488,bus,Pasay
bus QC5,489,bus,Quezon City
bus QC5,490,bus,Quezon City
bus QC7,491,bus,Pasig
bus QC7,491,bus,Marikina
bus QC7,491,bus,Quezon City
bus QC7,492,bus,Pasig
bus QC7,492,bus,Marikina
bus QC7,492,bus,Quezon City
bus QC2,493,bus,Quezon City
bus QC2,494,bus,Quezon City
bus: Cogeo–Marikina,495,bus,Pasig
bus: Cogeo–Marikina,495,bus,Marikina
bus T2119,496,bus,Pasig
bus T2119,496,bus,Marikina
bus: Marikina–Paenaan,497,bus,Pasig
bus: Marikina–Paenaan,497,bus,Marikina
bus: Cogeo–Marikina,498,bus,Pasig
bus: Cogeo–Marikina,498,bus,Marikina
bus 3126,499,bus,Taguig
bus 3126,499,bus,Pateros
bus 3126,499,bus,Makati
bus 3126,499,bus,Pasig
bus 3126,499,bus,Parañaque
bus 3126,499,bus,Mandaluyong
bus 206,500,bus,Quezon City
bus 206,501,bus,Quezon City
bus PTX-SNL,502,bus,Laguna
bus PTX-SNL,502,bus,Muntinlupa
bus PTX-SNL,502,bus,Taguig
bus PTX-SNL,502,bus,Makati
bus PTX-SNL,502,bus,Parañaque
bus PTX-SNL,502,bus,Pasay
bus PTX-SNL,503,bus,Laguna
bus PTX-SNL,503,bus,Muntinlupa
bus PTX-SNL,503,bus,Taguig
bus PTX-SNL,503,bus,Parañaque
bus PTX-SNL,503,bus,Pasay
bus 59,504,bus,Laguna
bus 59,504,bus,Muntinlupa
bus 59,504,bus,Taguig
bus 59,504,bus,Makati
bus 59,504,bus,Parañaque
bus 59,504,bus,Pasay
bus PITX-DAET,505,bus,Laguna
bus PITX-DAET,505,bus,Muntinlupa
bus PITX-DAET,505,bus,Taguig
bus PITX-DAET,505,bus,Makati
bus PITX-DAET,505,bus,Parañaque
bus PITX-DAET,505,bus,Pasay
bus PITX-DAET,506,bus,Laguna
bus PITX-DAET,506,bus,Muntinlupa
bus PITX-DAET,506,bus,Taguig
bus PITX-DAET,506,bus,Parañaque
bus PITX-DAET,506,bus,Pasay
bus 15,507,bus,Laguna
bus 15,507,bus,Muntinlupa
bus 15,507,bus,Taguig
bus 15,507,bus,Makati
bus 15,507,bus,Pasig
bus 15,507,bus,Parañaque
bus 15,507,bus,Pasay
bus 15B,508,bus,Laguna
bus 15B,508,bus,Muntinlupa
bus 15B,508,bus,Taguig
bus 15B,508,bus,Makati
bus 15B,508,bus,Pasig
bus 15B,508,bus,Parañaque
bus 15B,508,bus,Pasay
bus 15C,509,bus,Laguna
bus 15C,509,bus,Muntinlupa
bus 15C,509,bus,Taguig
bus 15C,509,bus,Makati
bus 15C,509,bus,Pasig
bus 15C,509,bus,Parañaque
bus 15C,509,bus,Pasay
bus 15,510,bus,Laguna
bus 15,510,bus,Muntinlupa
bus 15,510,bus,Taguig
bus 15,510,bus,Makati
bus 15,510,bus,Parañaque
bus 15,510,bus,Pasay
bus: PITX–Dingalan,511,bus,Parañaque
bus: PITX–Dingalan,511,bus,Pasay
bus: PITX–Dingalan,511,bus,Caloocan
bus: PITX–Dingalan,511,bus,Barangay 667
bus: PITX–Dingalan,511,bus,Barangay 666
bus: PITX–Dingalan,511,bus,Barangay 657
bus: PITX–Dingalan,511,bus,Barangay 658
bus: PITX–Dingalan,511,bus,Barangay 655
bus: PITX–Dingalan,511,bus,Barangay 719
bus: PITX–Dingalan,511,bus,Barangay 720
bus: PITX–Dingalan,511,bus,Barangay 721
bus: PITX–Dingalan,511,bus,Barangay 701
bus: PITX–Dingalan,511,bus,Barangay 700
bus: PITX–Dingalan,511,bus,Barangay 699
bus: PITX–Dingalan,511,bus,Barangay 668
bus: PITX–Dingalan,511,bus,Barangay 649
bus: PITX–Dingalan,511,bus,Barangay 275
bus: PITX–Dingalan,511,bus,Barangay 18
bus: PITX–Dingalan,511,bus,Barangay 274
bus: PITX–Dingalan,511,bus,Barangay 12
bus: PITX–Dingalan,511,bus,Barangay 17
bus: PITX–Dingalan,511,bus,Barangay 11
bus: PITX–Dingalan,511,bus,Barangay 16
bus: PITX–Dingalan,511,bus,Barangay 19
bus: PITX–Dingalan,511,bus,Barangay 14
bus: PITX–Dingalan,511,bus,Barangay 653
bus: PITX–Dingalan,511,bus,Barangay 652
bus: PITX–Dingalan,511,bus,Barangay 651
bus: PITX–Dingalan,511,bus,Barangay 650
bus: PITX–Dingalan,511,bus,Barangay 656
bus: PITX–Dingalan,511,bus,Barangay 286
bus: PITX–Dingalan,511,bus,Barangay 283
bus: PITX–Dingalan,511,bus,Barangay 284
bus: PITX–Dingalan,511,bus,Barangay 285
bus: PITX–Dingalan,511,bus,Barangay 273
bus: PITX–Dingalan,511,bus,Barangay 272
bus: PITX–Dingalan,511,bus,Barangay 276
bus: PITX–Dingalan,511,bus,Barangay 15
bus: PITX–Dingalan,511,bus,Barangay 29
bus: PITX–Dingalan,511,bus,Barangay 32
bus: PITX–Dingalan,511,bus,Barangay 30
bus: PITX–Dingalan,511,bus,Barangay 28
bus: PITX–Dingalan,511,bus,Barangay 31
bus: PITX–Dingalan,511,bus,Barangay 38
bus: PITX–Dingalan,511,bus,Barangay 34
bus: PITX–Dingalan,511,bus,Barangay 33
bus: PITX–Dingalan,511,bus,Barangay 39
bus: PITX–Dingalan,511,bus,Barangay 35
bus: PITX–Dingalan,511,bus,Barangay 20
bus: PITX–Dingalan,511,bus,Barangay 37
bus: PITX–Dingalan,511,bus,Barangay 36
bus: PITX–Dingalan,511,bus,Barangay 41
bus: PITX–Dingalan,511,bus,Barangay 42
bus: PITX–Dingalan,511,bus,Barangay 44
bus: PITX–Dingalan,511,bus,Barangay 43
bus: PITX–Dingalan,511,bus,Barangay 46
bus: PITX–Dingalan,511,bus,Barangay 123
bus: PITX–Dingalan,511,bus,Barangay 73
bus: PITX–Dingalan,511,bus,Barangay 72
bus: PITX–Dingalan,511,bus,Barangay 121
bus: PITX–Dingalan,511,bus,Barangay 118
bus: PITX–Dingalan,511,bus,Barangay 120
bus: PITX–Dingalan,511,bus,Barangay 119
bus: PITX–Dingalan,511,bus,Barangay 116
bus: PITX–Dingalan,511,bus,Barangay 110
bus: PITX–Dingalan,511,bus,Barangay 112
bus: PITX–Dingalan,511,bus,Barangay 107
bus: PITX–Dingalan,511,bus,Barangay 108
bus: PITX–Dingalan,511,bus,Barangay 104
bus: PITX–Dingalan,511,bus,Barangay 103
bus: PITX–Dingalan,511,bus,Barangay 100
bus: PITX–Dingalan,511,bus,Barangay 102
bus: PITX–Dingalan,511,bus,Barangay 105
bus: PITX–Dingalan,511,bus,Barangay 96
bus: PITX–Dingalan,511,bus,Barangay 106
bus: PITX–Dingalan,511,bus,Barangay 99
bus: PITX–Dingalan,511,bus,Barangay 101
bus: PITX–Dingalan,511,bus,Barangay 98
bus: PITX–Dingalan,511,bus,Bulacan
bus: PITX–Dingalan,511,bus,Barangay 130
bus: PITX–Dingalan,511,bus,Barangay 129
bus: PITX–Dingalan,511,bus,Barangay 128
bus: PITX–Dingalan,511,bus,Navotas
bus: PITX–Dingalan,511,bus,Malabon
bus: PITX–Dingalan,511,bus,Valenzuela
bus 12,512,bus,Laguna
bus 12,512,bus,Muntinlupa
bus 12,512,bus,Taguig
bus 12,512,bus,Makati
bus 12,512,bus,Parañaque
bus 12,512,bus,Pasay
bus 12,513,bus,Laguna
bus 12,513,bus,Muntinlupa
bus 12,513,bus,Taguig
bus 12,513,bus,Makati
bus 12,513,bus,Parañaque
bus 12,513,bus,Pasay
bus PITX-PLAR,514,bus,Laguna
bus PITX-PLAR,514,bus,Muntinlupa
bus PITX-PLAR,514,bus,Taguig
bus PITX-PLAR,514,bus,Parañaque
bus PITX-PLAR,514,bus,Pasay
bus: PITX–Pilar (outbound),515,bus,Laguna
bus: PITX–Pilar (outbound),515,bus,Muntinlupa
bus: PITX–Pilar (outbound),515,bus,Taguig
bus: PITX–Pilar (outbound),515,bus,Parañaque
bus: PITX–Pilar (outbound),515,bus,Pasay
bus CBAO-BLKN,516,bus,Marikina
bus CBAO-BLKN,516,bus,Quezon City
bus CBAO-BLKN,516,bus,Caloocan
bus CBAO-BLKN,516,bus,Bulacan
bus CBAO-BLKN,516,bus,Valenzuela
bus CBAO-BLKN,517,bus,Marikina
bus CBAO-BLKN,517,bus,Quezon City
bus CBAO-BLKN,517,bus,Caloocan
bus CBAO-BLKN,517,bus,Bulacan
bus CBAO-BLKN,517,bus,Valenzuela
bus PITX-INFA,518,bus,Laguna
bus PITX-INFA,518,bus,Muntinlupa
bus PITX-INFA,518,bus,Taguig
bus PITX-INFA,518,bus,Makati
bus PITX-INFA,518,bus,Parañaque
bus PITX-INFA,518,bus,Pasay
bus PITX-INFA,519,bus,Laguna
bus PITX-INFA,519,bus,Muntinlupa
bus PITX-INFA,519,bus,Taguig
bus PITX-INFA,519,bus,Parañaque
bus PITX-INFA,519,bus,Pasay
bus PITX-SAQZ,520,bus,Laguna
bus PITX-SAQZ,520,bus,Muntinlupa
bus PITX-SAQZ,520,bus,Taguig
bus PITX-SAQZ,520,bus,Parañaque
bus PITX-SAQZ,520,bus,Pasay
bus PITX-SAQZ,521,bus,Laguna
bus PITX-SAQZ,521,bus,Muntinlupa
bus PITX-SAQZ,521,bus,Taguig
bus PITX-SAQZ,521,bus,Parañaque
bus PITX-SAQZ,521,bus,Pasay
bus 38,522,bus,Laguna
bus 38,522,bus,Muntinlupa
bus 38,522,bus,Taguig
bus 38,522,bus,Makati
bus 38,522,bus,Parañaque
bus 38,522,bus,Pasay
bus PITX-ORMC,523,bus,Laguna
bus PITX-ORMC,523,bus,Muntinlupa
bus PITX-ORMC,523,bus,Taguig
bus PITX-ORMC,523,bus,Parañaque
bus PITX-ORMC,523,bus,Pasay
bus PITX-TCLB,524,bus,Laguna
bus PITX-TCLB,524,bus,Muntinlupa
bus PITX-TCLB,524,bus,Taguig
bus PITX-TCLB,524,bus,Parañaque
bus PITX-TCLB,524,bus,Pasay
bus PITX-TCLB,525,bus,Laguna
bus PITX-TCLB,525,bus,Muntinlupa
bus PITX-TCLB,525,bus,Taguig
bus PITX-TCLB,525,bus,Parañaque
bus PITX-TCLB,525,bus,Pasay
bus PITX-PSCO,526,bus,Laguna
bus PITX-PSCO,526,bus,Muntinlupa
bus PITX-PSCO,526,bus,Taguig
bus PITX-PSCO,526,bus,Parañaque
bus PITX-PSCO,526,bus,Pasay
bus Raymond,527,bus,Laguna
bus Raymond,527,bus,Muntinlupa
bus Raymond,527,bus,Taguig
bus Raymond,527,bus,Makati
bus Raymond,527,bus,Parañaque
bus Raymond,527,bus,Pasay
bus PITX-GRCT,528,bus,Laguna
bus PITX-GRCT,528,bus,Muntinlupa
bus PITX-GRCT,528,bus,Taguig
bus PITX-GRCT,528,bus,Parañaque
bus PITX-GRCT,528,bus,Pasay
bus 422/T403,531,bus,Parañaque
bus 422/T403,531,bus,Pasay
bus MOA-SOF,532,bus,Pasay
bus MOA-SOF,533,bus,Pasay
bus W,534,bus,Taguig
bus W,534,bus,Makati
bus 446,535,bus,Taguig
bus 446,535,bus,Parañaque
bus 446,535,bus,Pasay
bus 446,536,bus,Taguig
bus 446,536,bus,Parañaque
bus 446,536,bus,Pasay
bus 102,537,bus,Quezon City
bus 102,537,bus,Caloocan
bus T2114,538,bus,Quezon City
bus T2114,538,bus,Caloocan
bus 2066,539,bus,Quezon City
bus 2066,540,bus,Quezon City
bus 369,541,bus,Makati
bus 369,541,bus,Parañaque
bus 369,541,bus,Pasay
bus 369,542,bus,Makati
bus 369,542,bus,Parañaque
bus 369,542,bus,Pasay
bus 310,543,bus,Barangay 645
bus 310,543,bus,Barangay 400
bus 310,543,bus,Barangay 401
bus 310,543,bus,Barangay 455
bus 310,543,bus,Barangay 398
bus 310,543,bus,Barangay 458
bus 310,543,bus,Barangay 459
bus 310,543,bus,Barangay 457
bus 310,543,bus,Barangay 460
bus 310,543,bus,Barangay 461
bus 310,543,bus,Barangay 456
bus 310,543,bus,Barangay 454
bus 310,543,bus,Barangay 479
bus 310,543,bus,Barangay 478
bus 310,543,bus,Barangay 476
bus 310,543,bus,Barangay 475
bus 310,543,bus,Barangay 472
bus 310,543,bus,Barangay 453
bus 310,543,bus,Barangay 452
bus 310,543,bus,Barangay 451
bus 310,543,bus,Barangay 450
bus 310,543,bus,Barangay 521
bus 310,543,bus,Barangay 522
bus 310,543,bus,Barangay 523
bus 310,543,bus,Barangay 473
bus 310,543,bus,Barangay 524
bus 310,543,bus,Barangay 503
bus 310,543,bus,Barangay 502
bus 310,543,bus,Barangay 526
bus 310,543,bus,Barangay 517
bus 310,543,bus,Barangay 504
bus 310,543,bus,Barangay 519
bus 310,543,bus,Barangay 513
bus 310,543,bus,Barangay 505
bus 310,543,bus,Barangay 530
bus 310,543,bus,Barangay 512
bus 310,543,bus,Barangay 525
bus 310,543,bus,Barangay 527
bus 310,543,bus,Barangay 529
bus 310,543,bus,Barangay 531
bus 310,543,bus,Barangay 528
bus 310,543,bus,Quezon City
bus 310,543,bus,Barangay 666
bus 310,543,bus,Barangay 657
bus 310,543,bus,Barangay 658
bus 310,543,bus,Barangay 654
bus 310,543,bus,Barangay 660
bus 310,543,bus,Barangay 659
bus 310,543,bus,Barangay 659-A
bus 310,543,bus,Barangay 384
bus 310,543,bus,Barangay 306
bus 310,543,bus,Barangay 303
bus 310,543,bus,Barangay 661
bus 310,543,bus,Barangay 663
bus 310,543,bus,Barangay 663-A
bus 310,543,bus,Barangay 646
bus 310,543,bus,Barangay 647
bus 310,543,bus,Barangay 648
bus 310,543,bus,Barangay 386
bus 310,543,bus,Barangay 385
bus 310,543,bus,Barangay 387
bus 310,543,bus,Barangay 383
bus 310,543,bus,Barangay 388
bus 310,543,bus,Barangay 393
bus 310,543,bus,Barangay 394
bus 310,543,bus,Barangay 391
bus 310,543,bus,Barangay 392
bus 310,543,bus,Barangay 307
bus 310,543,bus,Barangay 308
bus 310,543,bus,Barangay 309
bus 310,543,bus,Barangay 310
bus 310,543,bus,Barangay 404
bus 310,543,bus,Barangay 395
bus 310,543,bus,Barangay 396
bus 310,543,bus,Barangay 399
bus 310,543,bus,Barangay 464
bus 310,543,bus,Barangay 462
bus 310,543,bus,Barangay 397
bus 310,543,bus,Barangay 468
bus 310,543,bus,Barangay 311
bus 310,543,bus,Barangay 469
bus 310,543,bus,Barangay 312
bus 310,543,bus,Barangay 463
bus 310,543,bus,Barangay 467
bus 310,543,bus,Barangay 465
bus 310,543,bus,Barangay 315
bus 310,543,bus,Barangay 466
bus 310,543,bus,Barangay 470
bus 310,544,bus,Barangay 400
bus 310,544,bus,Barangay 401
bus 310,544,bus,Barangay 455
bus 310,544,bus,Barangay 398
bus 310,544,bus,Barangay 458
bus 310,544,bus,Barangay 459
bus 310,544,bus,Barangay 457
bus 310,544,bus,Barangay 460
bus 310,544,bus,Barangay 461
bus 310,544,bus,Barangay 456
bus 310,544,bus,Barangay 454
bus 310,544,bus,Barangay 479
bus 310,544,bus,Barangay 478
bus 310,544,bus,Barangay 476
bus 310,544,bus,Barangay 475
bus 310,544,bus,Barangay 472
bus 310,544,bus,Barangay 453
bus 310,544,bus,Barangay 452
bus 310,544,bus,Barangay 451
bus 310,544,bus,Barangay 450
bus 310,544,bus,Barangay 521
bus 310,544,bus,Barangay 522
bus 310,544,bus,Barangay 523
bus 310,544,bus,Barangay 473
bus 310,544,bus,Barangay 524
bus 310,544,bus,Barangay 503
bus 310,544,bus,Barangay 502
bus 310,544,bus,Barangay 526
bus 310,544,bus,Barangay 517
bus 310,544,bus,Barangay 504
bus 310,544,bus,Barangay 519
bus 310,544,bus,Barangay 513
bus 310,544,bus,Barangay 505
bus 310,544,bus,Barangay 530
bus 310,544,bus,Barangay 512
bus 310,544,bus,Barangay 532
bus 310,544,bus,Barangay 525
bus 310,544,bus,Barangay 527
bus 310,544,bus,Barangay 529
bus 310,544,bus,Barangay 531
bus 310,544,bus,Barangay 528
bus 310,544,bus,Quezon City
bus 310,544,bus,Barangay 666
bus 310,544,bus,Barangay 657
bus 310,544,bus,Barangay 658
bus 310,544,bus,Barangay 654
bus 310,544,bus,Barangay 291
bus 310,544,bus,Barangay 659
bus 310,544,bus,Barangay 659-A
bus 310,544,bus,Barangay 384
bus 310,544,bus,Barangay 306
bus 310,544,bus,Barangay 303
bus 310,544,bus,Barangay 647
bus 310,544,bus,Barangay 385
bus 310,544,bus,Barangay 387
bus 310,544,bus,Barangay 383
bus 310,544,bus,Barangay 388
bus 310,544,bus,Barangay 393
bus 310,544,bus,Barangay 394
bus 310,544,bus,Barangay 391
bus 310,544,bus,Barangay 392
bus 310,544,bus,Barangay 307
bus 310,544,bus,Barangay 308
bus 310,544,bus,Barangay 309
bus 310,544,bus,Barangay 310
bus 310,544,bus,Barangay 404
bus 310,544,bus,Barangay 395
bus 310,544,bus,Barangay 396
bus 310,544,bus,Barangay 399
bus 310,544,bus,Barangay 464
bus 310,544,bus,Barangay 462
bus 310,544,bus,Barangay 397
bus 310,544,bus,Barangay 468
bus 310,544,bus,Barangay 311
bus 310,544,bus,Barangay 469
bus 310,544,bus,Barangay 656
bus 310,544,bus,Barangay 312
bus 310,544,bus,Barangay 463
bus 310,544,bus,Barangay 467
bus 310,544,bus,Barangay 465
bus 310,544,bus,Barangay 315
bus 310,544,bus,Barangay 466
bus 310,544,bus,Barangay 470
bus 3147,545,bus,Pasay
bus 3147,545,bus,Caloocan
bus 3147,545,bus,Barangay 667
bus 3147,545,bus,Barangay 666
bus 3147,545,bus,Barangay 657
bus 3147,545,bus,Barangay 658
bus 3147,545,bus,Barangay 654
bus 3147,545,bus,Barangay 291
bus 3147,545,bus,Barangay 719
bus 3147,545,bus,Barangay 720
bus 3147,545,bus,Barangay 721
bus 3147,545,bus,Barangay 701
bus 3147,545,bus,Barangay 704
bus 3147,545,bus,Barangay 705
bus 3147,545,bus,Barangay 702
bus 3147,545,bus,Barangay 698
bus 3147,545,bus,Barangay 697
bus 3147,545,bus,Barangay 669
bus 3147,545,bus,Barangay 700
bus 3147,545,bus,Barangay 699
bus 3147,545,bus,Barangay 668
bus 3147,545,bus,Barangay 670
bus 3147,545,bus,Barangay 660
bus 3147,545,bus,Barangay 659
bus 3147,545,bus,Barangay 659-A
bus 3147,545,bus,Barangay 384
bus 3147,545,bus,Barangay 306
bus 3147,545,bus,Barangay 303
bus 3147,545,bus,Barangay 660-A
bus 3147,545,bus,Barangay 290
bus 3147,545,bus,Barangay 302
bus 3147,545,bus,Barangay 299
bus 3147,545,bus,Barangay 307
bus 3147,545,bus,Barangay 298
bus 3147,545,bus,Barangay 308
bus 3147,545,bus,Barangay 309
bus 3147,545,bus,Barangay 301
bus 3147,545,bus,Barangay 305
bus 3147,545,bus,Barangay 304
bus 3147,545,bus,Barangay 310
bus 3147,545,bus,Barangay 313
bus 3147,545,bus,Barangay 314
bus 3147,545,bus,Barangay 311
bus 3147,545,bus,Barangay 262
bus 3147,545,bus,Barangay 656
bus 3147,545,bus,Barangay 312
bus 3147,545,bus,Barangay 335
bus 3147,545,bus,Barangay 329
bus 3147,545,bus,Barangay 330
bus 3147,545,bus,Barangay 263
bus 3147,545,bus,Barangay 316
bus 3147,545,bus,Barangay 332
bus 3147,545,bus,Barangay 328
bus 3147,545,bus,Barangay 261
bus 3147,545,bus,Barangay 322
bus 3147,545,bus,Barangay 315
bus 3147,545,bus,Barangay 319
bus 3147,545,bus,Barangay 318
bus 3147,545,bus,Barangay 317
bus 3147,545,bus,Barangay 264
bus 3147,545,bus,Barangay 321
bus 3147,545,bus,Barangay 333
bus 3147,545,bus,Barangay 326
bus 3147,545,bus,Barangay 265
bus 3147,545,bus,Barangay 320
bus 3147,545,bus,Barangay 334
bus 3147,545,bus,Barangay 327
bus 3147,545,bus,Barangay 267
bus 3147,545,bus,Barangay 324
bus 3147,545,bus,Barangay 323
bus 3147,545,bus,Barangay 340
bus 3147,545,bus,Barangay 338
bus 3147,545,bus,Barangay 341
bus 3147,545,bus,Barangay 325
bus 3147,545,bus,Barangay 339
bus 3147,545,bus,Barangay 337
bus 3147,545,bus,Barangay 331
bus 3147,545,bus,Barangay 336
bus 3147,545,bus,Barangay 353
bus 3147,545,bus,Barangay 344
bus 3147,545,bus,Barangay 355
bus 3147,545,bus,Barangay 346
bus 3147,545,bus,Barangay 350
bus 3147,545,bus,Barangay 349
bus 3147,545,bus,Barangay 354
bus 3147,545,bus,Barangay 345
bus 3147,545,bus,Barangay 358
bus 3147,545,bus,Barangay 361
bus 3147,545,bus,Barangay 362
bus 3147,545,bus,Barangay 347
bus 3147,545,bus,Barangay 357
bus 3147,545,bus,Barangay 360
bus 3147,545,bus,Barangay 348
bus 3147,545,bus,Barangay 356
bus 3147,545,bus,Barangay 359
bus 3147,545,bus,Barangay 365
bus 3147,545,bus,Barangay 363
bus 3147,545,bus,Barangay 220
bus 3147,545,bus,Barangay 209
bus 3147,545,bus,Barangay 366
bus 3147,545,bus,Barangay 381
bus 3147,545,bus,Barangay 210
bus 3147,545,bus,Barangay 212
bus 3147,545,bus,Barangay 203
bus 3147,545,bus,Barangay 211
bus 3147,545,bus,Barangay 382
bus 3147,545,bus,Barangay 207
bus 3147,545,bus,Barangay 375
bus 3147,545,bus,Barangay 208
bus 3147,545,bus,Barangay 206
bus 3147,545,bus,Barangay 373
bus 3147,545,bus,Barangay 374
bus 3147,545,bus,Barangay 201
bus 3147,545,bus,Barangay 202-A
bus 3147,545,bus,Barangay 364
bus 3147,545,bus,Barangay 367
bus 3147,545,bus,Barangay 379
bus 3147,545,bus,Barangay 380
bus 3147,545,bus,Barangay 376
bus 3147,545,bus,Barangay 377
bus 3147,545,bus,Barangay 378
bus 3147,545,bus,Barangay 205
bus 3147,545,bus,Barangay 202
bus 3147,545,bus,Barangay 197
bus 3147,545,bus,Barangay 195
bus 3147,545,bus,Barangay 193
bus 3147,545,bus,Barangay 196
bus 3147,545,bus,Barangay 194
bus 3147,545,bus,Barangay 188
bus 3147,545,bus,Barangay 187
bus 3147,545,bus,Barangay 189
bus 3147,545,bus,Barangay 191
bus 3147,545,bus,Barangay 190
bus 3147,545,bus,Barangay 192
bus 3147,545,bus,Manila North Cemetery
bus 3147,545,bus,Malabon
bus 3147,545,bus,Barangay 199
bus 3147,546,bus,Pasay
bus 3147,546,bus,Caloocan
bus 3147,546,bus,Barangay 667
bus 3147,546,bus,Barangay 666
bus 3147,546,bus,Barangay 657
bus 3147,546,bus,Barangay 658
bus 3147,546,bus,Barangay 654
bus 3147,546,bus,Barangay 291
bus 3147,546,bus,Barangay 287
bus 3147,546,bus,Barangay 719
bus 3147,546,bus,Barangay 720
bus 3147,546,bus,Barangay 721
bus 3147,546,bus,Barangay 701
bus 3147,546,bus,Barangay 704
bus 3147,546,bus,Barangay 702
bus 3147,546,bus,Barangay 698
bus 3147,546,bus,Barangay 669
bus 3147,546,bus,Barangay 700
bus 3147,546,bus,Barangay 699
bus 3147,546,bus,Barangay 668
bus 3147,546,bus,Barangay 670
bus 3147,546,bus,Barangay 660
bus 3147,546,bus,Barangay 659
bus 3147,546,bus,Barangay 659-A
bus 3147,546,bus,Barangay 384
bus 3147,546,bus,Barangay 306
bus 3147,546,bus,Barangay 303
bus 3147,546,bus,Barangay 660-A
bus 3147,546,bus,Barangay 290
bus 3147,546,bus,Barangay 297
bus 3147,546,bus,Barangay 302
bus 3147,546,bus,Barangay 300
bus 3147,546,bus,Barangay 299
bus 3147,546,bus,Barangay 307
bus 3147,546,bus,Barangay 298
bus 3147,546,bus,Barangay 308
bus 3147,546,bus,Barangay 309
bus 3147,546,bus,Barangay 301
bus 3147,546,bus,Barangay 305
bus 3147,546,bus,Barangay 304
bus 3147,546,bus,Barangay 310
bus 3147,546,bus,Barangay 313
bus 3147,546,bus,Barangay 314
bus 3147,546,bus,Barangay 311
bus 3147,546,bus,Barangay 262
bus 3147,546,bus,Barangay 656
bus 3147,546,bus,Barangay 312
bus 3147,546,bus,Barangay 335
bus 3147,546,bus,Barangay 329
bus 3147,546,bus,Barangay 330
bus 3147,546,bus,Barangay 263
bus 3147,546,bus,Barangay 316
bus 3147,546,bus,Barangay 332
bus 3147,546,bus,Barangay 328
bus 3147,546,bus,Barangay 261
bus 3147,546,bus,Barangay 322
bus 3147,546,bus,Barangay 315
bus 3147,546,bus,Barangay 319
bus 3147,546,bus,Barangay 318
bus 3147,546,bus,Barangay 317
bus 3147,546,bus,Barangay 264
bus 3147,546,bus,Barangay 321
bus 3147,546,bus,Barangay 333
bus 3147,546,bus,Barangay 326
bus 3147,546,bus,Barangay 265
bus 3147,546,bus,Barangay 320
bus 3147,546,bus,Barangay 334
bus 3147,546,bus,Barangay 327
bus 3147,546,bus,Barangay 267
bus 3147,546,bus,Barangay 324
bus 3147,546,bus,Barangay 323
bus 3147,546,bus,Barangay 340
bus 3147,546,bus,Barangay 338
bus 3147,546,bus,Barangay 341
bus 3147,546,bus,Barangay 325
bus 3147,546,bus,Barangay 339
bus 3147,546,bus,Barangay 337
bus 3147,546,bus,Barangay 331
bus 3147,546,bus,Barangay 336
bus 3147,546,bus,Barangay 353
bus 3147,546,bus,Barangay 344
bus 3147,546,bus,Barangay 355
bus 3147,546,bus,Barangay 346
bus 3147,546,bus,Barangay 350
bus 3147,546,bus,Barangay 349
bus 3147,546,bus,Barangay 354
bus 3147,546,bus,Barangay 345
bus 3147,546,bus,Barangay 358
bus 3147,546,bus,Barangay 361
bus 3147,546,bus,Barangay 362
bus 3147,546,bus,Barangay 347
bus 3147,546,bus,Barangay 357
bus 3147,546,bus,Barangay 360
bus 3147,546,bus,Barangay 348
bus 3147,546,bus,Barangay 356
bus 3147,546,bus,Barangay 359
bus 3147,546,bus,Barangay 365
bus 3147,546,bus,Barangay 363
bus 3147,546,bus,Barangay 220
bus 3147,546,bus,Barangay 209
bus 3147,546,bus,Barangay 366
bus 3147,546,bus,Barangay 381
bus 3147,546,bus,Barangay 210
bus 3147,546,bus,Barangay 212
bus 3147,546,bus,Barangay 203
bus 3147,546,bus,Barangay 211
bus 3147,546,bus,Barangay 382
bus 3147,546,bus,Barangay 207
bus 3147,546,bus,Barangay 375
bus 3147,546,bus,Barangay 208
bus 3147,546,bus,Barangay 206
bus 3147,546,bus,Barangay 373
bus 3147,546,bus,Barangay 374
bus 3147,546,bus,Barangay 201
bus 3147,546,bus,Barangay 202-A
bus 3147,546,bus,Barangay 364
bus 3147,546,bus,Barangay 367
bus 3147,546,bus,Barangay 380
bus 3147,546,bus,Barangay 377
bus 3147,546,bus,Barangay 378
bus 3147,546,bus,Barangay 205
bus 3147,546,bus,Barangay 202
bus 3147,546,bus,Barangay 197
bus 3147,546,bus,Barangay 195
bus 3147,546,bus,Barangay 193
bus 3147,546,bus,Barangay 196
bus 3147,546,bus,Barangay 194
bus 3147,546,bus,Barangay 188
bus 3147,546,bus,Barangay 187
bus 3147,546,bus,Barangay 189
bus 3147,546,bus,Barangay 191
bus 3147,546,bus,Barangay 190
bus 3147,546,bus,Barangay 192
bus 3147,546,bus,Manila North Cemetery
bus 3147,546,bus,Barangay 199
bus 3150,547,bus,Barangay 718
bus 3150,547,bus,Barangay 717
bus 3150,547,bus,Barangay 727
bus 3150,547,bus,Barangay 716
bus 3150,547,bus,Barangay 713
bus 3150,547,bus,Barangay 708
bus 3150,547,bus,Barangay 726
bus 3150,547,bus,Barangay 712
bus 3150,547,bus,Barangay 709
bus 3150,547,bus,Barangay 729
bus 3150,547,bus,Barangay 730
bus 3150,547,bus,Barangay 728
bus 3150,547,bus,Barangay 725
bus 3150,547,bus,Barangay 714
bus 3150,547,bus,Barangay 724
bus 3150,547,bus,Barangay 723
bus 3150,547,bus,Barangay 692
bus 3150,547,bus,Barangay 722
bus 3150,547,bus,Barangay 691
bus 3150,547,bus,Barangay 693
bus 3150,547,bus,Barangay 689
bus 3150,547,bus,Barangay 690
bus 3150,547,bus,Barangay 695
bus 3150,547,bus,Pasay
bus 3150,547,bus,Caloocan
bus 3150,547,bus,Barangay 666
bus 3150,547,bus,Barangay 657
bus 3150,547,bus,Barangay 658
bus 3150,547,bus,Barangay 654
bus 3150,547,bus,Barangay 291
bus 3150,547,bus,Barangay 287
bus 3150,547,bus,Barangay 719
bus 3150,547,bus,Barangay 720
bus 3150,547,bus,Barangay 715
bus 3150,547,bus,Barangay 711
bus 3150,547,bus,Barangay 710
bus 3150,547,bus,Barangay 707
bus 3150,547,bus,Barangay 706
bus 3150,547,bus,Barangay 702
bus 3150,547,bus,Barangay 703
bus 3150,547,bus,Barangay 697
bus 3150,547,bus,Barangay 696
bus 3150,547,bus,Barangay 694
bus 3150,547,bus,Barangay 669
bus 3150,547,bus,Barangay 675
bus 3150,547,bus,Barangay 676
bus 3150,547,bus,Barangay 670
bus 3150,547,bus,Barangay 660
bus 3150,547,bus,Barangay 659
bus 3150,547,bus,Barangay 659-A
bus 3150,547,bus,Barangay 384
bus 3150,547,bus,Barangay 306
bus 3150,547,bus,Barangay 303
bus 3150,547,bus,Barangay 674
bus 3150,547,bus,Barangay 660-A
bus 3150,547,bus,Barangay 664
bus 3150,547,bus,Barangay 290
bus 3150,547,bus,Barangay 297
bus 3150,547,bus,Barangay 302
bus 3150,547,bus,Barangay 300
bus 3150,547,bus,Barangay 299
bus 3150,547,bus,Barangay 307
bus 3150,547,bus,Barangay 298
bus 3150,547,bus,Barangay 308
bus 3150,547,bus,Barangay 309
bus 3150,547,bus,Barangay 301
bus 3150,547,bus,Barangay 305
bus 3150,547,bus,Barangay 304
bus 3150,547,bus,Barangay 310
bus 3150,547,bus,Barangay 313
bus 3150,547,bus,Barangay 314
bus 3150,547,bus,Barangay 311
bus 3150,547,bus,Barangay 262
bus 3150,547,bus,Barangay 656
bus 3150,547,bus,Barangay 312
bus 3150,547,bus,Barangay 335
bus 3150,547,bus,Barangay 329
bus 3150,547,bus,Barangay 330
bus 3150,547,bus,Barangay 263
bus 3150,547,bus,Barangay 316
bus 3150,547,bus,Barangay 332
bus 3150,547,bus,Barangay 328
bus 3150,547,bus,Barangay 261
bus 3150,547,bus,Barangay 322
bus 3150,547,bus,Barangay 315
bus 3150,547,bus,Barangay 319
bus 3150,547,bus,Barangay 318
bus 3150,547,bus,Barangay 317
bus 3150,547,bus,Barangay 264
bus 3150,547,bus,Barangay 321
bus 3150,547,bus,Barangay 333
bus 3150,547,bus,Barangay 326
bus 3150,547,bus,Barangay 265
bus 3150,547,bus,Barangay 320
bus 3150,547,bus,Barangay 334
bus 3150,547,bus,Barangay 327
bus 3150,547,bus,Barangay 267
bus 3150,547,bus,Barangay 324
bus 3150,547,bus,Barangay 323
bus 3150,547,bus,Barangay 340
bus 3150,547,bus,Barangay 338
bus 3150,547,bus,Barangay 341
bus 3150,547,bus,Barangay 325
bus 3150,547,bus,Barangay 339
bus 3150,547,bus,Barangay 337
bus 3150,547,bus,Barangay 331
bus 3150,547,bus,Barangay 336
bus 3150,547,bus,Barangay 353
bus 3150,547,bus,Barangay 344
bus 3150,547,bus,Barangay 355
bus 3150,547,bus,Barangay 346
bus 3150,547,bus,Barangay 350
bus 3150,547,bus,Barangay 349
bus 3150,547,bus,Barangay 354
bus 3150,547,bus,Barangay 345
bus 3150,547,bus,Barangay 358
bus 3150,547,bus,Barangay 361
bus 3150,547,bus,Barangay 362
bus 3150,547,bus,Barangay 347
bus 3150,547,bus,Barangay 357
bus 3150,547,bus,Barangay 360
bus 3150,547,bus,Barangay 348
bus 3150,547,bus,Barangay 356
bus 3150,547,bus,Barangay 359
bus 3150,547,bus,Barangay 365
bus 3150,547,bus,Barangay 363
bus 3150,547,bus,Barangay 220
bus 3150,547,bus,Barangay 209
bus 3150,547,bus,Barangay 366
bus 3150,547,bus,Barangay 381
bus 3150,547,bus,Barangay 210
bus 3150,547,bus,Barangay 212
bus 3150,547,bus,Barangay 203
bus 3150,547,bus,Barangay 211
bus 3150,547,bus,Barangay 382
bus 3150,547,bus,Barangay 207
bus 3150,547,bus,Barangay 375
bus 3150,547,bus,Barangay 208
bus 3150,547,bus,Barangay 206
bus 3150,547,bus,Barangay 373
bus 3150,547,bus,Barangay 374
bus 3150,547,bus,Barangay 201
bus 3150,547,bus,Barangay 202-A
bus 3150,547,bus,Barangay 364
bus 3150,547,bus,Barangay 367
bus 3150,547,bus,Barangay 380
bus 3150,547,bus,Barangay 377
bus 3150,547,bus,Barangay 378
bus 3150,547,bus,Barangay 205
bus 3150,547,bus,Barangay 202
bus 3150,547,bus,Barangay 197
bus 3150,547,bus,Barangay 195
bus 3150,547,bus,Barangay 193
bus 3150,547,bus,Barangay 196
bus 3150,547,bus,Barangay 194
bus 3150,547,bus,Barangay 188
bus 3150,547,bus,Barangay 187
bus 3150,547,bus,Barangay 189
bus 3150,547,bus,Barangay 191
bus 3150,547,bus,Barangay 190
bus 3150,547,bus,Barangay 192
bus 3150,547,bus,Manila North Cemetery
bus 3150,547,bus,Barangay 199
bus 3150,548,bus,Barangay 718
bus 3150,548,bus,Barangay 717
bus 3150,548,bus,Barangay 727
bus 3150,548,bus,Barangay 716
bus 3150,548,bus,Barangay 713
bus 3150,548,bus,Barangay 708
bus 3150,548,bus,Barangay 726
bus 3150,548,bus,Barangay 712
bus 3150,548,bus,Barangay 709
bus 3150,548,bus,Barangay 729
bus 3150,548,bus,Barangay 730
bus 3150,548,bus,Barangay 728
bus 3150,548,bus,Barangay 733
bus 3150,548,bus,Barangay 725
bus 3150,548,bus,Barangay 714
bus 3150,548,bus,Barangay 724
bus 3150,548,bus,Barangay 723
bus 3150,548,bus,Barangay 692
bus 3150,548,bus,Barangay 722
bus 3150,548,bus,Barangay 691
bus 3150,548,bus,Barangay 693
bus 3150,548,bus,Barangay 689
bus 3150,548,bus,Barangay 690
bus 3150,548,bus,Barangay 688
bus 3150,548,bus,Barangay 695
bus 3150,548,bus,Barangay 673
bus 3150,548,bus,Makati
bus 3150,548,bus,Pasay
bus 3150,548,bus,Caloocan
bus 3150,548,bus,Barangay 666
bus 3150,548,bus,Barangay 657
bus 3150,548,bus,Barangay 658
bus 3150,548,bus,Barangay 654
bus 3150,548,bus,Barangay 291
bus 3150,548,bus,Barangay 719
bus 3150,548,bus,Barangay 720
bus 3150,548,bus,Barangay 715
bus 3150,548,bus,Barangay 711
bus 3150,548,bus,Barangay 710
bus 3150,548,bus,Barangay 707
bus 3150,548,bus,Barangay 706
bus 3150,548,bus,Barangay 702
bus 3150,548,bus,Barangay 703
bus 3150,548,bus,Barangay 697
bus 3150,548,bus,Barangay 696
bus 3150,548,bus,Barangay 694
bus 3150,548,bus,Barangay 669
bus 3150,548,bus,Barangay 675
bus 3150,548,bus,Barangay 676
bus 3150,548,bus,Barangay 670
bus 3150,548,bus,Barangay 660
bus 3150,548,bus,Barangay 659
bus 3150,548,bus,Barangay 659-A
bus 3150,548,bus,Barangay 384
bus 3150,548,bus,Barangay 306
bus 3150,548,bus,Barangay 303
bus 3150,548,bus,Barangay 674
bus 3150,548,bus,Barangay 660-A
bus 3150,548,bus,Barangay 664
bus 3150,548,bus,Barangay 661
bus 3150,548,bus,Barangay 290
bus 3150,548,bus,Barangay 302
bus 3150,548,bus,Barangay 299
bus 3150,548,bus,Barangay 307
bus 3150,548,bus,Barangay 298
bus 3150,548,bus,Barangay 308
bus 3150,548,bus,Barangay 309
bus 3150,548,bus,Barangay 301
bus 3150,548,bus,Barangay 305
bus 3150,548,bus,Barangay 304
bus 3150,548,bus,Barangay 310
bus 3150,548,bus,Barangay 313
bus 3150,548,bus,Barangay 314
bus 3150,548,bus,Barangay 311
bus 3150,548,bus,Barangay 262
bus 3150,548,bus,Barangay 656
bus 3150,548,bus,Barangay 312
bus 3150,548,bus,Barangay 335
bus 3150,548,bus,Barangay 329
bus 3150,548,bus,Barangay 330
bus 3150,548,bus,Barangay 263
bus 3150,548,bus,Barangay 316
bus 3150,548,bus,Barangay 332
bus 3150,548,bus,Barangay 328
bus 3150,548,bus,Barangay 261
bus 3150,548,bus,Barangay 322
bus 3150,548,bus,Barangay 315
bus 3150,548,bus,Barangay 319
bus 3150,548,bus,Barangay 318
bus 3150,548,bus,Barangay 317
bus 3150,548,bus,Barangay 264
bus 3150,548,bus,Barangay 321
bus 3150,548,bus,Barangay 333
bus 3150,548,bus,Barangay 326
bus 3150,548,bus,Barangay 265
bus 3150,548,bus,Barangay 320
bus 3150,548,bus,Barangay 334
bus 3150,548,bus,Barangay 327
bus 3150,548,bus,Barangay 267
bus 3150,548,bus,Barangay 324
bus 3150,548,bus,Barangay 323
bus 3150,548,bus,Barangay 340
bus 3150,548,bus,Barangay 338
bus 3150,548,bus,Barangay 341
bus 3150,548,bus,Barangay 325
bus 3150,548,bus,Barangay 339
bus 3150,548,bus,Barangay 337
bus 3150,548,bus,Barangay 331
bus 3150,548,bus,Barangay 336
bus 3150,548,bus,Barangay 353
bus 3150,548,bus,Barangay 344
bus 3150,548,bus,Barangay 355
bus 3150,548,bus,Barangay 346
bus 3150,548,bus,Barangay 350
bus 3150,548,bus,Barangay 349
bus 3150,548,bus,Barangay 354
bus 3150,548,bus,Barangay 345
bus 3150,548,bus,Barangay 358
bus 3150,548,bus,Barangay 361
bus 3150,548,bus,Barangay 362
bus 3150,548,bus,Barangay 347
bus 3150,548,bus,Barangay 357
bus 3150,548,bus,Barangay 360
bus 3150,548,bus,Barangay 348
bus 3150,548,bus,Barangay 356
bus 3150,548,bus,Barangay 359
bus 3150,548,bus,Barangay 365
bus 3150,548,bus,Barangay 363
bus 3150,548,bus,Barangay 220
bus 3150,548,bus,Barangay 209
bus 3150,548,bus,Barangay 366
bus 3150,548,bus,Barangay 381
bus 3150,548,bus,Barangay 210
bus 3150,548,bus,Barangay 212
bus 3150,548,bus,Barangay 203
bus 3150,548,bus,Barangay 211
bus 3150,548,bus,Barangay 382
bus 3150,548,bus,Barangay 207
bus 3150,548,bus,Barangay 375
bus 3150,548,bus,Barangay 208
bus 3150,548,bus,Barangay 206
bus 3150,548,bus,Barangay 373
bus 3150,548,bus,Barangay 374
bus 3150,548,bus,Barangay 201
bus 3150,548,bus,Barangay 202-A
bus 3150,548,bus,Barangay 364
bus 3150,548,bus,Barangay 367
bus 3150,548,bus,Barangay 379
bus 3150,548,bus,Barangay 380
bus 3150,548,bus,Barangay 376
bus 3150,548,bus,Barangay 377
bus 3150,548,bus,Barangay 378
bus 3150,548,bus,Barangay 205
bus 3150,548,bus,Barangay 202
bus 3150,548,bus,Barangay 197
bus 3150,548,bus,Barangay 195
bus 3150,548,bus,Barangay 193
bus 3150,548,bus,Barangay 196
bus 3150,548,bus,Barangay 194
bus 3150,548,bus,Barangay 188
bus 3150,548,bus,Barangay 187
bus 3150,548,bus,Barangay 189
bus 3150,548,bus,Barangay 191
bus 3150,548,bus,Barangay 190
bus 3150,548,bus,Barangay 192
bus 3150,548,bus,Manila North Cemetery
bus 3150,548,bus,Barangay 199
bus 396,549,bus,Barangay 636
bus 396,549,bus,Barangay 635
bus 396,549,bus,Barangay 633
bus 396,549,bus,Barangay 632
bus 396,549,bus,Barangay 634
bus 396,549,bus,Barangay 418
bus 396,549,bus,Barangay 630
bus 396,549,bus,Barangay 591
bus 396,549,bus,Barangay 592
bus 396,549,bus,Barangay 588
bus 396,549,bus,Barangay 597
bus 396,549,bus,Barangay 587
bus 396,549,bus,Barangay 593
bus 396,549,bus,Barangay 596
bus 396,549,bus,Barangay 587-A
bus 396,549,bus,Barangay 628
bus 396,549,bus,Barangay 631
bus 396,549,bus,Barangay 626
bus 396,549,bus,Barangay 629
bus 396,549,bus,Barangay 627
bus 396,549,bus,Barangay 426
bus 396,549,bus,Barangay 579
bus 396,549,bus,Barangay 427
bus 396,549,bus,Barangay 578
bus 396,549,bus,Barangay 428
bus 396,549,bus,Barangay 425
bus 396,549,bus,Barangay 424
bus 396,549,bus,Barangay 417
bus 396,549,bus,Barangay 421
bus 396,549,bus,Barangay 423
bus 396,549,bus,Barangay 422
bus 396,549,bus,Barangay 580
bus 396,549,bus,Barangay 570
bus 396,549,bus,Barangay 569
bus 396,549,bus,Barangay 571
bus 396,549,bus,Barangay 576
bus 396,549,bus,Barangay 641
bus 396,549,bus,Barangay 638
bus 396,549,bus,Barangay 640
bus 396,549,bus,Barangay 637
bus 396,549,bus,Barangay 412
bus 396,549,bus,Barangay 416
bus 396,549,bus,Barangay 413
bus 396,549,bus,Barangay 403
bus 396,549,bus,Barangay 402
bus 396,549,bus,Barangay 414
bus 396,549,bus,Barangay 415
bus 396,549,bus,Barangay 400
bus 396,549,bus,Barangay 407
bus 396,549,bus,Barangay 401
bus 396,549,bus,Barangay 410
bus 396,549,bus,Barangay 420
bus 396,549,bus,Barangay 409
bus 396,549,bus,Barangay 411
bus 396,549,bus,Barangay 419
bus 396,549,bus,Barangay 408
bus 396,549,bus,Barangay 433
bus 396,549,bus,Barangay 435
bus 396,549,bus,Barangay 405
bus 396,549,bus,San Juan
bus 396,549,bus,Barangay 595
bus 396,549,bus,Barangay 594
bus 396,549,bus,Barangay 585
bus 396,549,bus,Barangay 586
bus 396,549,bus,Barangay 581
bus 396,549,bus,Quezon City
bus 396,549,bus,Barangay 303
bus 396,549,bus,Barangay 388
bus 396,549,bus,Barangay 389
bus 396,549,bus,Barangay 393
bus 396,549,bus,Barangay 390
bus 396,549,bus,Barangay 394
bus 396,549,bus,Barangay 391
bus 396,549,bus,Barangay 392
bus 396,549,bus,Barangay 297
bus 396,549,bus,Barangay 302
bus 396,549,bus,Barangay 300
bus 396,549,bus,Barangay 296
bus 396,549,bus,Barangay 295
bus 396,549,bus,Barangay 299
bus 396,549,bus,Barangay 292
bus 396,549,bus,Barangay 294
bus 396,549,bus,Barangay 307
bus 396,549,bus,Barangay 308
bus 396,549,bus,Barangay 309
bus 396,549,bus,Barangay 301
bus 396,549,bus,Barangay 305
bus 396,549,bus,Barangay 304
bus 396,549,bus,Barangay 310
bus 396,549,bus,Barangay 313
bus 396,549,bus,Barangay 314
bus 396,549,bus,Barangay 404
bus 396,549,bus,Barangay 395
bus 396,549,bus,Barangay 396
bus 396,549,bus,Barangay 399
bus 396,549,bus,Barangay 464
bus 396,549,bus,Barangay 462
bus 396,549,bus,Barangay 311
bus 396,549,bus,Barangay 260
bus 396,549,bus,Barangay 266
bus 396,549,bus,Barangay 240
bus 396,549,bus,Barangay 247
bus 396,549,bus,Barangay 259
bus 396,549,bus,Barangay 242
bus 396,549,bus,Barangay 245
bus 396,549,bus,Barangay 262
bus 396,549,bus,Barangay 238
bus 396,549,bus,Barangay 248
bus 396,549,bus,Barangay 293
bus 396,549,bus,Barangay 268
bus 396,549,bus,Barangay 10
bus 396,549,bus,Barangay 49
bus 396,549,bus,"Tutuban Mall (Claimed by Five Barangays of Tondo, Manila)"
bus 396,549,bus,Barangay 48
bus 396,549,bus,Barangay 8
bus 396,549,bus,Barangay 56
bus 396,549,bus,Barangay 51
bus 396,549,bus,Barangay 250
bus 396,549,bus,Barangay 246
bus 396,549,bus,Barangay 244
bus 396,549,bus,Barangay 243
bus 396,549,bus,Barangay 241
bus 396,549,bus,Barangay 312
bus 396,549,bus,Barangay 335
bus 396,549,bus,Barangay 329
bus 396,549,bus,Barangay 330
bus 396,549,bus,Barangay 263
bus 396,550,bus,Barangay 636
bus 396,550,bus,Barangay 635
bus 396,550,bus,Barangay 633
bus 396,550,bus,Barangay 632
bus 396,550,bus,Barangay 634
bus 396,550,bus,Barangay 418
bus 396,550,bus,Barangay 630
bus 396,550,bus,Barangay 591
bus 396,550,bus,Barangay 592
bus 396,550,bus,Barangay 588
bus 396,550,bus,Barangay 597
bus 396,550,bus,Barangay 587
bus 396,550,bus,Barangay 593
bus 396,550,bus,Barangay 596
bus 396,550,bus,Barangay 587-A
bus 396,550,bus,Barangay 628
bus 396,550,bus,Barangay 631
bus 396,550,bus,Barangay 626
bus 396,550,bus,Barangay 629
bus 396,550,bus,Barangay 627
bus 396,550,bus,Barangay 426
bus 396,550,bus,Barangay 579
bus 396,550,bus,Barangay 427
bus 396,550,bus,Barangay 578
bus 396,550,bus,Barangay 428
bus 396,550,bus,Barangay 425
bus 396,550,bus,Barangay 424
bus 396,550,bus,Barangay 417
bus 396,550,bus,Barangay 421
bus 396,550,bus,Barangay 423
bus 396,550,bus,Barangay 422
bus 396,550,bus,Barangay 580
bus 396,550,bus,Barangay 570
bus 396,550,bus,Barangay 569
bus 396,550,bus,Barangay 571
bus 396,550,bus,Barangay 576
bus 396,550,bus,Barangay 641
bus 396,550,bus,Barangay 638
bus 396,550,bus,Barangay 639
bus 396,550,bus,Barangay 640
bus 396,550,bus,Barangay 637
bus 396,550,bus,Barangay 412
bus 396,550,bus,Barangay 416
bus 396,550,bus,Barangay 413
bus 396,550,bus,Barangay 403
bus 396,550,bus,Barangay 402
bus 396,550,bus,Barangay 414
bus 396,550,bus,Barangay 415
bus 396,550,bus,Barangay 400
bus 396,550,bus,Barangay 407
bus 396,550,bus,Barangay 401
bus 396,550,bus,Barangay 410
bus 396,550,bus,Barangay 420
bus 396,550,bus,Barangay 409
bus 396,550,bus,Barangay 411
bus 396,550,bus,Barangay 419
bus 396,550,bus,Barangay 408
bus 396,550,bus,Barangay 433
bus 396,550,bus,Barangay 435
bus 396,550,bus,Barangay 405
bus 396,550,bus,San Juan
bus 396,550,bus,Barangay 595
bus 396,550,bus,Barangay 594
bus 396,550,bus,Barangay 585
bus 396,550,bus,Barangay 586
bus 396,550,bus,Barangay 581
bus 396,550,bus,Quezon City
bus 396,550,bus,Barangay 303
bus 396,550,bus,Barangay 388
bus 396,550,bus,Barangay 389
bus 396,550,bus,Barangay 393
bus 396,550,bus,Barangay 390
bus 396,550,bus,Barangay 394
bus 396,550,bus,Barangay 391
bus 396,550,bus,Barangay 392
bus 396,550,bus,Barangay 297
bus 396,550,bus,Barangay 302
bus 396,550,bus,Barangay 300
bus 396,550,bus,Barangay 296
bus 396,550,bus,Barangay 295
bus 396,550,bus,Barangay 299
bus 396,550,bus,Barangay 292
bus 396,550,bus,Barangay 294
bus 396,550,bus,Barangay 307
bus 396,550,bus,Barangay 308
bus 396,550,bus,Barangay 309
bus 396,550,bus,Barangay 301
bus 396,550,bus,Barangay 305
bus 396,550,bus,Barangay 304
bus 396,550,bus,Barangay 310
bus 396,550,bus,Barangay 313
bus 396,550,bus,Barangay 314
bus 396,550,bus,Barangay 404
bus 396,550,bus,Barangay 395
bus 396,550,bus,Barangay 396
bus 396,550,bus,Barangay 464
bus 396,550,bus,Barangay 462
bus 396,550,bus,Barangay 311
bus 396,550,bus,Barangay 260
bus 396,550,bus,Barangay 266
bus 396,550,bus,Barangay 240
bus 396,550,bus,Barangay 247
bus 396,550,bus,Barangay 259
bus 396,550,bus,Barangay 242
bus 396,550,bus,Barangay 245
bus 396,550,bus,Barangay 262
bus 396,550,bus,Barangay 238
bus 396,550,bus,Barangay 248
bus 396,550,bus,Barangay 293
bus 396,550,bus,Barangay 49
bus 396,550,bus,"Tutuban Mall (Claimed by Five Barangays of Tondo, Manila)"
bus 396,550,bus,Barangay 48
bus 396,550,bus,Barangay 8
bus 396,550,bus,Barangay 56
bus 396,550,bus,Barangay 51
bus 396,550,bus,Barangay 250
bus 396,550,bus,Barangay 246
bus 396,550,bus,Barangay 244
bus 396,550,bus,Barangay 243
bus 396,550,bus,Barangay 254
bus 396,550,bus,Barangay 241
bus 396,550,bus,Barangay 312
bus 396,550,bus,Barangay 329
bus 396,550,bus,Barangay 330
bus 396,550,bus,Barangay 263
bus 371,551,bus,Barangay 727
bus 371,551,bus,Barangay 729
bus 371,551,bus,Barangay 730
bus 371,551,bus,Barangay 728
bus 371,551,bus,Pasay
bus 371,551,bus,Barangay 719
bus 371,551,bus,Barangay 720
bus 371,552,bus,Barangay 718
bus 371,552,bus,Barangay 717
bus 371,552,bus,Barangay 727
bus 371,552,bus,Barangay 708
bus 371,552,bus,Barangay 726
bus 371,552,bus,Barangay 709
bus 371,552,bus,Barangay 729
bus 371,552,bus,Barangay 730
bus 371,552,bus,Barangay 728
bus 371,552,bus,Barangay 733
bus 371,552,bus,Barangay 725
bus 371,552,bus,Pasay
bus 371,552,bus,Barangay 719
bus 371,552,bus,Barangay 720
bus T452,553,bus,Muntinlupa
bus T452,553,bus,Taguig
bus T452,553,bus,Parañaque
bus T452,553,bus,Pasay
bus T452,554,bus,Muntinlupa
bus T452,554,bus,Taguig
bus T452,554,bus,Parañaque
bus T452,554,bus,Pasay
bus T3216,555,bus,Quezon City
bus T3216,555,bus,Caloocan
bus T3216,556,bus,Quezon City
bus T3216,556,bus,Caloocan
bus 372,557,bus,Barangay 636
bus 372,557,bus,Barangay 635
bus 372,557,bus,Barangay 633
bus 372,557,bus,Barangay 632
bus 372,557,bus,Barangay 634
bus 372,557,bus,Barangay 418
bus 372,557,bus,Barangay 630
bus 372,557,bus,Barangay 591
bus 372,557,bus,Barangay 592
bus 372,557,bus,Barangay 588
bus 372,557,bus,Barangay 597
bus 372,557,bus,Barangay 587
bus 372,557,bus,Barangay 593
bus 372,557,bus,Barangay 596
bus 372,557,bus,Barangay 587-A
bus 372,557,bus,Barangay 628
bus 372,557,bus,Barangay 631
bus 372,557,bus,Barangay 626
bus 372,557,bus,Barangay 629
bus 372,557,bus,Barangay 627
bus 372,557,bus,Barangay 426
bus 372,557,bus,Barangay 579
bus 372,557,bus,Barangay 427
bus 372,557,bus,Barangay 578
bus 372,557,bus,Barangay 428
bus 372,557,bus,Barangay 425
bus 372,557,bus,Barangay 424
bus 372,557,bus,Barangay 417
bus 372,557,bus,Barangay 421
bus 372,557,bus,Barangay 423
bus 372,557,bus,Barangay 422
bus 372,557,bus,Barangay 580
bus 372,557,bus,Barangay 570
bus 372,557,bus,Barangay 569
bus 372,557,bus,Barangay 571
bus 372,557,bus,Barangay 576
bus 372,557,bus,Barangay 641
bus 372,557,bus,Barangay 638
bus 372,557,bus,Barangay 639
bus 372,557,bus,Barangay 640
bus 372,557,bus,Barangay 637
bus 372,557,bus,Barangay 412
bus 372,557,bus,Barangay 416
bus 372,557,bus,Barangay 413
bus 372,557,bus,Barangay 403
bus 372,557,bus,Barangay 402
bus 372,557,bus,Barangay 414
bus 372,557,bus,Barangay 415
bus 372,557,bus,Barangay 400
bus 372,557,bus,Barangay 407
bus 372,557,bus,Barangay 401
bus 372,557,bus,Barangay 410
bus 372,557,bus,Barangay 420
bus 372,557,bus,Barangay 409
bus 372,557,bus,Barangay 411
bus 372,557,bus,Barangay 419
bus 372,557,bus,Barangay 408
bus 372,557,bus,Barangay 433
bus 372,557,bus,Barangay 435
bus 372,557,bus,Barangay 405
bus 372,557,bus,San Juan
bus 372,557,bus,Barangay 595
bus 372,557,bus,Barangay 594
bus 372,557,bus,Barangay 585
bus 372,557,bus,Barangay 586
bus 372,557,bus,Barangay 581
bus 372,557,bus,Quezon City
bus 372,557,bus,Barangay 303
bus 372,557,bus,Barangay 388
bus 372,557,bus,Barangay 389
bus 372,557,bus,Barangay 393
bus 372,557,bus,Barangay 390
bus 372,557,bus,Barangay 394
bus 372,557,bus,Barangay 391
bus 372,557,bus,Barangay 392
bus 372,557,bus,Barangay 297
bus 372,557,bus,Barangay 302
bus 372,557,bus,Barangay 300
bus 372,557,bus,Barangay 296
bus 372,557,bus,Barangay 295
bus 372,557,bus,Barangay 299
bus 372,557,bus,Barangay 292
bus 372,557,bus,Barangay 294
bus 372,557,bus,Barangay 307
bus 372,557,bus,Barangay 308
bus 372,557,bus,Barangay 309
bus 372,557,bus,Barangay 301
bus 372,557,bus,Barangay 305
bus 372,557,bus,Barangay 304
bus 372,557,bus,Barangay 310
bus 372,557,bus,Barangay 313
bus 372,557,bus,Barangay 314
bus 372,557,bus,Barangay 404
bus 372,557,bus,Barangay 395
bus 372,557,bus,Barangay 396
bus 372,557,bus,Barangay 464
bus 372,557,bus,Barangay 462
bus 372,557,bus,Barangay 311
bus 372,557,bus,Barangay 260
bus 372,557,bus,Barangay 266
bus 372,557,bus,Barangay 240
bus 372,557,bus,Barangay 247
bus 372,557,bus,Barangay 259
bus 372,557,bus,Barangay 242
bus 372,557,bus,Barangay 245
bus 372,557,bus,Barangay 238
bus 372,557,bus,Barangay 275
bus 372,557,bus,Barangay 274
bus 372,557,bus,Barangay 12
bus 372,557,bus,Barangay 11
bus 372,557,bus,Barangay 16
bus 372,557,bus,Barangay 14
bus 372,557,bus,Barangay 273
bus 372,557,bus,Barangay 272
bus 372,557,bus,Barangay 276
bus 372,557,bus,Barangay 270
bus 372,557,bus,Barangay 271
bus 372,557,bus,Barangay 269
bus 372,557,bus,Barangay 293
bus 372,557,bus,Barangay 268
bus 372,557,bus,Barangay 1
bus 372,557,bus,Barangay 15
bus 372,557,bus,Barangay 13
bus 372,557,bus,Barangay 32
bus 372,557,bus,Barangay 25
bus 372,557,bus,Barangay 26
bus 372,557,bus,Barangay 2
bus 372,557,bus,Barangay 3
bus 372,557,bus,Barangay 10
bus 372,557,bus,Barangay 7
bus 372,557,bus,Barangay 49
bus 372,557,bus,Barangay 9
bus 372,557,bus,Barangay 4
bus 372,557,bus,"Tutuban Mall (Claimed by Five Barangays of Tondo, Manila)"
bus 372,557,bus,Barangay 48
bus 372,557,bus,Barangay 8
bus 372,557,bus,Barangay 312
bus 372,557,bus,Barangay 329
bus 372,557,bus,Barangay 330
bus 372,557,bus,Barangay 263
bus 372,558,bus,Barangay 636
bus 372,558,bus,Barangay 635
bus 372,558,bus,Barangay 633
bus 372,558,bus,Barangay 632
bus 372,558,bus,Barangay 634
bus 372,558,bus,Barangay 418
bus 372,558,bus,Barangay 630
bus 372,558,bus,Barangay 591
bus 372,558,bus,Barangay 592
bus 372,558,bus,Barangay 588
bus 372,558,bus,Barangay 597
bus 372,558,bus,Barangay 587
bus 372,558,bus,Barangay 593
bus 372,558,bus,Barangay 596
bus 372,558,bus,Barangay 587-A
bus 372,558,bus,Barangay 628
bus 372,558,bus,Barangay 631
bus 372,558,bus,Barangay 626
bus 372,558,bus,Barangay 629
bus 372,558,bus,Barangay 627
bus 372,558,bus,Barangay 426
bus 372,558,bus,Barangay 579
bus 372,558,bus,Barangay 427
bus 372,558,bus,Barangay 578
bus 372,558,bus,Barangay 428
bus 372,558,bus,Barangay 425
bus 372,558,bus,Barangay 424
bus 372,558,bus,Barangay 417
bus 372,558,bus,Barangay 421
bus 372,558,bus,Barangay 423
bus 372,558,bus,Barangay 422
bus 372,558,bus,Barangay 580
bus 372,558,bus,Barangay 570
bus 372,558,bus,Barangay 569
bus 372,558,bus,Barangay 571
bus 372,558,bus,Barangay 576
bus 372,558,bus,Barangay 641
bus 372,558,bus,Barangay 638
bus 372,558,bus,Barangay 640
bus 372,558,bus,Barangay 637
bus 372,558,bus,Barangay 412
bus 372,558,bus,Barangay 416
bus 372,558,bus,Barangay 413
bus 372,558,bus,Barangay 403
bus 372,558,bus,Barangay 402
bus 372,558,bus,Barangay 414
bus 372,558,bus,Barangay 415
bus 372,558,bus,Barangay 400
bus 372,558,bus,Barangay 407
bus 372,558,bus,Barangay 401
bus 372,558,bus,Barangay 410
bus 372,558,bus,Barangay 420
bus 372,558,bus,Barangay 409
bus 372,558,bus,Barangay 411
bus 372,558,bus,Barangay 419
bus 372,558,bus,Barangay 408
bus 372,558,bus,Barangay 433
bus 372,558,bus,Barangay 435
bus 372,558,bus,Barangay 405
bus 372,558,bus,San Juan
bus 372,558,bus,Barangay 595
bus 372,558,bus,Barangay 594
bus 372,558,bus,Barangay 585
bus 372,558,bus,Barangay 586
bus 372,558,bus,Barangay 581
bus 372,558,bus,Quezon City
bus 372,558,bus,Barangay 303
bus 372,558,bus,Barangay 388
bus 372,558,bus,Barangay 389
bus 372,558,bus,Barangay 393
bus 372,558,bus,Barangay 390
bus 372,558,bus,Barangay 394
bus 372,558,bus,Barangay 391
bus 372,558,bus,Barangay 392
bus 372,558,bus,Barangay 297
bus 372,558,bus,Barangay 302
bus 372,558,bus,Barangay 300
bus 372,558,bus,Barangay 296
bus 372,558,bus,Barangay 295
bus 372,558,bus,Barangay 299
bus 372,558,bus,Barangay 292
bus 372,558,bus,Barangay 294
bus 372,558,bus,Barangay 307
bus 372,558,bus,Barangay 308
bus 372,558,bus,Barangay 309
bus 372,558,bus,Barangay 301
bus 372,558,bus,Barangay 305
bus 372,558,bus,Barangay 304
bus 372,558,bus,Barangay 310
bus 372,558,bus,Barangay 313
bus 372,558,bus,Barangay 314
bus 372,558,bus,Barangay 404
bus 372,558,bus,Barangay 395
bus 372,558,bus,Barangay 396
bus 372,558,bus,Barangay 399
bus 372,558,bus,Barangay 464
bus 372,558,bus,Barangay 462
bus 372,558,bus,Barangay 311
bus 372,558,bus,Barangay 260
bus 372,558,bus,Barangay 266
bus 372,558,bus,Barangay 240
bus 372,558,bus,Barangay 247
bus 372,558,bus,Barangay 259
bus 372,558,bus,Barangay 242
bus 372,558,bus,Barangay 245
bus 372,558,bus,Barangay 262
bus 372,558,bus,Barangay 238
bus 372,558,bus,Barangay 275
bus 372,558,bus,Barangay 274
bus 372,558,bus,Barangay 12
bus 372,558,bus,Barangay 11
bus 372,558,bus,Barangay 16
bus 372,558,bus,Barangay 14
bus 372,558,bus,Barangay 272
bus 372,558,bus,Barangay 276
bus 372,558,bus,Barangay 270
bus 372,558,bus,Barangay 271
bus 372,558,bus,Barangay 269
bus 372,558,bus,Barangay 293
bus 372,558,bus,Barangay 268
bus 372,558,bus,Barangay 1
bus 372,558,bus,Barangay 15
bus 372,558,bus,Barangay 13
bus 372,558,bus,Barangay 32
bus 372,558,bus,Barangay 25
bus 372,558,bus,Barangay 26
bus 372,558,bus,Barangay 2
bus 372,558,bus,Barangay 3
bus 372,558,bus,Barangay 10
bus 372,558,bus,Barangay 7
bus 372,558,bus,Barangay 49
bus 372,558,bus,Barangay 9
bus 372,558,bus,Barangay 4
bus 372,558,bus,"Tutuban Mall (Claimed by Five Barangays of Tondo, Manila)"
bus 372,558,bus,Barangay 48
bus 372,558,bus,Barangay 8
bus 372,558,bus,Barangay 312
bus 372,558,bus,Barangay 335
bus 372,558,bus,Barangay 329
bus 372,558,bus,Barangay 330
bus 372,558,bus,Barangay 263
bus T450,559,bus,Parañaque
bus T450,559,bus,Pasay
bus T450,560,bus,Makati
bus T450,560,bus,Parañaque
bus T450,560,bus,Pasay
bus 348,561,bus,Taguig
bus 348,561,bus,Makati
bus 348,561,bus,Pasay
bus 348,562,bus,Taguig
bus 348,562,bus,Makati
bus 348,562,bus,Pasay
bus T3215,563,bus,Makati
bus T3215,563,bus,Parañaque
bus T3215,563,bus,Pasay
bus T3215,564,bus,Parañaque
bus T3215,564,bus,Pasay
bus 430,565,bus,Parañaque
bus 430,565,bus,Pasay
bus 430,566,bus,Makati
bus 430,566,bus,Parañaque
bus 430,566,bus,Pasay
bus 160,567,bus,Barangay 495
bus 160,567,bus,Barangay 492
bus 160,567,bus,Quezon City
bus 160,567,bus,Caloocan
bus 160,567,bus,Barangay 350
bus 160,567,bus,Barangay 351
bus 160,567,bus,Barangay 368
bus 160,567,bus,Barangay 497
bus 160,567,bus,Barangay 349
bus 160,567,bus,Barangay 369
bus 160,567,bus,Barangay 371
bus 160,567,bus,Barangay 348
bus 160,567,bus,Barangay 365
bus 160,567,bus,Barangay 363
bus 160,567,bus,Barangay 366
bus 160,567,bus,Barangay 381
bus 160,567,bus,Barangay 364
bus 160,567,bus,Barangay 370
bus 160,567,bus,Barangay 367
bus 160,567,bus,Barangay 493
bus 160,567,bus,Barangay 379
bus 160,567,bus,Barangay 380
bus 160,567,bus,Barangay 376
bus 160,567,bus,Barangay 377
bus 160,567,bus,Barangay 372
bus 160,567,bus,Manila North Cemetery
bus 160,568,bus,Barangay 495
bus 160,568,bus,Barangay 492
bus 160,568,bus,Quezon City
bus 160,568,bus,Caloocan
bus 160,568,bus,Barangay 350
bus 160,568,bus,Barangay 351
bus 160,568,bus,Barangay 368
bus 160,568,bus,Barangay 497
bus 160,568,bus,Barangay 349
bus 160,568,bus,Barangay 369
bus 160,568,bus,Barangay 371
bus 160,568,bus,Barangay 348
bus 160,568,bus,Barangay 365
bus 160,568,bus,Barangay 363
bus 160,568,bus,Barangay 366
bus 160,568,bus,Barangay 381
bus 160,568,bus,Barangay 382
bus 160,568,bus,Barangay 364
bus 160,568,bus,Barangay 370
bus 160,568,bus,Barangay 367
bus 160,568,bus,Barangay 493
bus 160,568,bus,Barangay 379
bus 160,568,bus,Barangay 380
bus 160,568,bus,Barangay 376
bus 160,568,bus,Barangay 377
bus 160,568,bus,Barangay 372
bus 160,568,bus,Manila North Cemetery
bus T2115,569,bus,Taguig
bus T2115,569,bus,Pateros
bus T2115,569,bus,Pasig
bus T2115,569,bus,Rizal
bus T2115,570,bus,Taguig
bus T2115,570,bus,Pateros
bus T2115,570,bus,Pasig
bus T2115,570,bus,Rizal
bus CBAO-BLWG,571,bus,Marikina
bus CBAO-BLWG,571,bus,Quezon City
bus CBAO-BLWG,571,bus,Caloocan
bus CBAO-BLWG,571,bus,Bulacan
bus CBAO-BLWG,571,bus,Valenzuela
bus CBAO-SMBL,572,bus,Marikina
bus CBAO-SMBL,572,bus,Quezon City
bus CBAO-SMBL,572,bus,Caloocan
bus CBAO-SMBL,572,bus,Bulacan
bus CBAO-SMBL,572,bus,Valenzuela
bus CBAO-BLWG,573,bus,Marikina
bus CBAO-BLWG,573,bus,Quezon City
bus CBAO-BLWG,573,bus,Caloocan
bus CBAO-BLWG,573,bus,Bulacan
bus CBAO-BLWG,573,bus,Valenzuela
bus CBAO-SMBL,574,bus,Marikina
bus CBAO-SMBL,574,bus,Quezon City
bus CBAO-SMBL,574,bus,Caloocan
bus CBAO-SMBL,574,bus,Bulacan
bus CBAO-SMBL,574,bus,Valenzuela
bus T409,575,bus,Las Piñas
bus T409,575,bus,Muntinlupa
share_taxi: UV Express: Novaliches → Monumento,576,share_taxi,Quezon City
share_taxi: UV Express: Novaliches → Monumento,576,share_taxi,Caloocan
share_taxi: UV Express: Novaliches → Monumento,576,share_taxi,Malabon
share_taxi: UV Express: Novaliches → Monumento,576,share_taxi,Valenzuela
share_taxi: UV Express: Monumento → Novaliches,577,share_taxi,Quezon City
share_taxi: UV Express: Monumento → Novaliches,577,share_taxi,Caloocan
share_taxi: UV Express: Monumento → Novaliches,577,share_taxi,Malabon
share_taxi: UV Express: Monumento → Novaliches,577,share_taxi,Valenzuela
bus 25,578,bus,Barangay 718
bus 25,578,bus,Barangay 717
bus 25,578,bus,Barangay 727
bus 25,578,bus,Barangay 716
bus 25,578,bus,Barangay 713
bus 25,578,bus,Barangay 708
bus 25,578,bus,Barangay 726
bus 25,578,bus,Barangay 712
bus 25,578,bus,Barangay 709
bus 25,578,bus,Barangay 729
bus 25,578,bus,Barangay 730
bus 25,578,bus,Barangay 755
bus 25,578,bus,Barangay 756
bus 25,578,bus,Barangay 728
bus 25,578,bus,Barangay 762
bus 25,578,bus,Barangay 761
bus 25,578,bus,Barangay 746
bus 25,578,bus,Barangay 733
bus 25,578,bus,Barangay 725
bus 25,578,bus,Barangay 714
bus 25,578,bus,Barangay 724
bus 25,578,bus,Barangay 723
bus 25,578,bus,Barangay 692
bus 25,578,bus,Barangay 722
bus 25,578,bus,Barangay 691
bus 25,578,bus,Barangay 693
bus 25,578,bus,Barangay 689
bus 25,578,bus,Barangay 752
bus 25,578,bus,Barangay 690
bus 25,578,bus,Barangay 695
bus 25,578,bus,Laguna
bus 25,578,bus,Muntinlupa
bus 25,578,bus,Taguig
bus 25,578,bus,Makati
bus 25,578,bus,Parañaque
bus 25,578,bus,Pasay
bus 25,578,bus,Barangay 763
bus 25,578,bus,Barangay 757
bus 25,578,bus,Barangay 758
bus 25,578,bus,Barangay 760
bus 25,578,bus,Barangay 759
bus 25,578,bus,Barangay 764
bus 25,578,bus,Barangay 749
bus 25,578,bus,Barangay 748
bus 25,578,bus,Barangay 769
bus 25,578,bus,Barangay 666
bus 25,578,bus,Barangay 657
bus 25,578,bus,Barangay 658
bus 25,578,bus,Barangay 654
bus 25,578,bus,Barangay 291
bus 25,578,bus,Barangay 287
bus 25,578,bus,Barangay 719
bus 25,578,bus,Barangay 720
bus 25,578,bus,Barangay 715
bus 25,578,bus,Barangay 711
bus 25,578,bus,Barangay 710
bus 25,578,bus,Barangay 707
bus 25,578,bus,Barangay 706
bus 25,578,bus,Barangay 702
bus 25,578,bus,Barangay 703
bus 25,578,bus,Barangay 697
bus 25,578,bus,Barangay 696
bus 25,578,bus,Barangay 694
bus 25,578,bus,Barangay 669
bus 25,578,bus,Barangay 675
bus 25,578,bus,Barangay 676
bus 25,578,bus,Barangay 670
bus 25,578,bus,Barangay 660
bus 25,578,bus,Barangay 659
bus 25,578,bus,Barangay 659-A
bus 25,578,bus,Barangay 384
bus 25,578,bus,Barangay 306
bus 25,578,bus,Barangay 303
bus 25,578,bus,Barangay 674
bus 25,578,bus,Barangay 660-A
bus 25,578,bus,Barangay 664
bus 25,578,bus,Barangay 656
bus 53,579,bus,Barangay 718
bus 53,579,bus,Barangay 717
bus 53,579,bus,Barangay 727
bus 53,579,bus,Barangay 716
bus 53,579,bus,Barangay 713
bus 53,579,bus,Barangay 708
bus 53,579,bus,Barangay 726
bus 53,579,bus,Barangay 712
bus 53,579,bus,Barangay 709
bus 53,579,bus,Barangay 729
bus 53,579,bus,Barangay 730
bus 53,579,bus,Barangay 755
bus 53,579,bus,Barangay 756
bus 53,579,bus,Barangay 728
bus 53,579,bus,Barangay 762
bus 53,579,bus,Barangay 761
bus 53,579,bus,Barangay 746
bus 53,579,bus,Barangay 733
bus 53,579,bus,Barangay 725
bus 53,579,bus,Barangay 714
bus 53,579,bus,Barangay 724
bus 53,579,bus,Barangay 723
bus 53,579,bus,Barangay 692
bus 53,579,bus,Barangay 722
bus 53,579,bus,Barangay 691
bus 53,579,bus,Barangay 693
bus 53,579,bus,Barangay 689
bus 53,579,bus,Barangay 752
bus 53,579,bus,Barangay 690
bus 53,579,bus,Barangay 695
bus 53,579,bus,Laguna
bus 53,579,bus,Muntinlupa
bus 53,579,bus,Taguig
bus 53,579,bus,Makati
bus 53,579,bus,Parañaque
bus 53,579,bus,Pasay
bus 53,579,bus,Barangay 763
bus 53,579,bus,Barangay 757
bus 53,579,bus,Barangay 758
bus 53,579,bus,Barangay 760
bus 53,579,bus,Barangay 759
bus 53,579,bus,Barangay 764
bus 53,579,bus,Barangay 749
bus 53,579,bus,Barangay 748
bus 53,579,bus,Barangay 769
bus 53,579,bus,Barangay 400
bus 53,579,bus,Barangay 401
bus 53,579,bus,Barangay 455
bus 53,579,bus,Barangay 398
bus 53,579,bus,Barangay 458
bus 53,579,bus,Barangay 459
bus 53,579,bus,Barangay 457
bus 53,579,bus,Barangay 460
bus 53,579,bus,Barangay 461
bus 53,579,bus,Barangay 456
bus 53,579,bus,Barangay 454
bus 53,579,bus,Barangay 479
bus 53,579,bus,Barangay 478
bus 53,579,bus,Barangay 476
bus 53,579,bus,Barangay 475
bus 53,579,bus,Barangay 472
bus 53,579,bus,Barangay 453
bus 53,579,bus,Barangay 452
bus 53,579,bus,Barangay 451
bus 53,579,bus,Barangay 450
bus 53,579,bus,Barangay 521
bus 53,579,bus,Barangay 522
bus 53,579,bus,Barangay 523
bus 53,579,bus,Barangay 473
bus 53,579,bus,Barangay 524
bus 53,579,bus,Barangay 503
bus 53,579,bus,Barangay 502
bus 53,579,bus,Barangay 526
bus 53,579,bus,Barangay 517
bus 53,579,bus,Barangay 504
bus 53,579,bus,Barangay 519
bus 53,579,bus,Barangay 513
bus 53,579,bus,Barangay 505
bus 53,579,bus,Barangay 530
bus 53,579,bus,Barangay 512
bus 53,579,bus,Barangay 525
bus 53,579,bus,Barangay 527
bus 53,579,bus,Barangay 529
bus 53,579,bus,Barangay 531
bus 53,579,bus,Barangay 528
bus 53,579,bus,Quezon City
bus 53,579,bus,Barangay 666
bus 53,579,bus,Barangay 657
bus 53,579,bus,Barangay 658
bus 53,579,bus,Barangay 654
bus 53,579,bus,Barangay 291
bus 53,579,bus,Barangay 287
bus 53,579,bus,Barangay 719
bus 53,579,bus,Barangay 720
bus 53,579,bus,Barangay 715
bus 53,579,bus,Barangay 711
bus 53,579,bus,Barangay 710
bus 53,579,bus,Barangay 707
bus 53,579,bus,Barangay 706
bus 53,579,bus,Barangay 702
bus 53,579,bus,Barangay 703
bus 53,579,bus,Barangay 697
bus 53,579,bus,Barangay 696
bus 53,579,bus,Barangay 694
bus 53,579,bus,Barangay 669
bus 53,579,bus,Barangay 675
bus 53,579,bus,Barangay 676
bus 53,579,bus,Barangay 670
bus 53,579,bus,Barangay 660
bus 53,579,bus,Barangay 659
bus 53,579,bus,Barangay 659-A
bus 53,579,bus,Barangay 384
bus 53,579,bus,Barangay 306
bus 53,579,bus,Barangay 303
bus 53,579,bus,Barangay 674
bus 53,579,bus,Barangay 660-A
bus 53,579,bus,Barangay 664
bus 53,579,bus,Barangay 647
bus 53,579,bus,Barangay 385
bus 53,579,bus,Barangay 387
bus 53,579,bus,Barangay 383
bus 53,579,bus,Barangay 388
bus 53,579,bus,Barangay 393
bus 53,579,bus,Barangay 394
bus 53,579,bus,Barangay 391
bus 53,579,bus,Barangay 392
bus 53,579,bus,Barangay 307
bus 53,579,bus,Barangay 308
bus 53,579,bus,Barangay 309
bus 53,579,bus,Barangay 310
bus 53,579,bus,Barangay 404
bus 53,579,bus,Barangay 395
bus 53,579,bus,Barangay 396
bus 53,579,bus,Barangay 399
bus 53,579,bus,Barangay 464
bus 53,579,bus,Barangay 462
bus 53,579,bus,Barangay 397
bus 53,579,bus,Barangay 468
bus 53,579,bus,Barangay 311
bus 53,579,bus,Barangay 469
bus 53,579,bus,Barangay 656
bus 53,579,bus,Barangay 312
bus 53,579,bus,Barangay 463
bus 53,579,bus,Barangay 467
bus 53,579,bus,Barangay 465
bus 53,579,bus,Barangay 315
bus 53,579,bus,Barangay 466
bus 53,579,bus,Barangay 470
bus 53,580,bus,Barangay 712
bus 53,580,bus,Barangay 709
bus 53,580,bus,Barangay 746
bus 53,580,bus,Barangay 745
bus 53,580,bus,Barangay 725
bus 53,580,bus,Barangay 714
bus 53,580,bus,Barangay 724
bus 53,580,bus,Barangay 723
bus 53,580,bus,Barangay 692
bus 53,580,bus,Barangay 722
bus 53,580,bus,Barangay 691
bus 53,580,bus,Barangay 743
bus 53,580,bus,Barangay 693
bus 53,580,bus,Barangay 689
bus 53,580,bus,Barangay 752
bus 53,580,bus,Barangay 754
bus 53,580,bus,Barangay 753
bus 53,580,bus,Barangay 732
bus 53,580,bus,Barangay 751
bus 53,580,bus,Barangay 744
bus 53,580,bus,Barangay 731
bus 53,580,bus,Barangay 750
bus 53,580,bus,Barangay 739
bus 53,580,bus,Barangay 740
bus 53,580,bus,Barangay 807
bus 53,580,bus,Barangay 806
bus 53,580,bus,Barangay 805
bus 53,580,bus,Barangay 803
bus 53,580,bus,Barangay 802
bus 53,580,bus,Barangay 798
bus 53,580,bus,Barangay 797
bus 53,580,bus,Barangay 796
bus 53,580,bus,Barangay 738
bus 53,580,bus,Barangay 737
bus 53,580,bus,Barangay 799
bus 53,580,bus,Barangay 741
bus 53,580,bus,Barangay 800
bus 53,580,bus,Barangay 736
bus 53,580,bus,Barangay 735
bus 53,580,bus,Barangay 810
bus 53,580,bus,Barangay 734
bus 53,580,bus,Barangay 808
bus 53,580,bus,Barangay 690
bus 53,580,bus,Barangay 742
bus 53,580,bus,Barangay 688
bus 53,580,bus,Barangay 695
bus 53,580,bus,Barangay 686
bus 53,580,bus,Barangay 687
bus 53,580,bus,Barangay 684
bus 53,580,bus,Barangay 679
bus 53,580,bus,Barangay 811
bus 53,580,bus,Barangay 683
bus 53,580,bus,Barangay 685
bus 53,580,bus,Barangay 681
bus 53,580,bus,Barangay 682
bus 53,580,bus,Barangay 815
bus 53,580,bus,Barangay 825
bus 53,580,bus,Laguna
bus 53,580,bus,Muntinlupa
bus 53,580,bus,Taguig
bus 53,580,bus,Makati
bus 53,580,bus,Parañaque
bus 53,580,bus,Pasay
bus 53,580,bus,Barangay 763
bus 53,580,bus,Barangay 767
bus 53,580,bus,Barangay 757
bus 53,580,bus,Barangay 758
bus 53,580,bus,Barangay 760
bus 53,580,bus,Barangay 759
bus 53,580,bus,Barangay 764
bus 53,580,bus,Barangay 749
bus 53,580,bus,Barangay 748
bus 53,580,bus,Barangay 769
bus 53,580,bus,Barangay 747
bus 53,580,bus,Barangay 768
bus 53,580,bus,Barangay 795
bus 53,580,bus,Barangay 794
bus 53,580,bus,Barangay 809
bus 53,580,bus,Barangay 813
bus 53,580,bus,Barangay 400
bus 53,580,bus,Barangay 401
bus 53,580,bus,Barangay 455
bus 53,580,bus,Barangay 398
bus 53,580,bus,Barangay 458
bus 53,580,bus,Barangay 459
bus 53,580,bus,Barangay 457
bus 53,580,bus,Barangay 460
bus 53,580,bus,Barangay 461
bus 53,580,bus,Barangay 456
bus 53,580,bus,Barangay 454
bus 53,580,bus,Barangay 479
bus 53,580,bus,Barangay 478
bus 53,580,bus,Barangay 476
bus 53,580,bus,Barangay 475
bus 53,580,bus,Barangay 472
bus 53,580,bus,Barangay 453
bus 53,580,bus,Barangay 452
bus 53,580,bus,Barangay 451
bus 53,580,bus,Barangay 450
bus 53,580,bus,Barangay 521
bus 53,580,bus,Barangay 522
bus 53,580,bus,Barangay 523
bus 53,580,bus,Barangay 473
bus 53,580,bus,Barangay 524
bus 53,580,bus,Barangay 503
bus 53,580,bus,Barangay 502
bus 53,580,bus,Barangay 526
bus 53,580,bus,Barangay 517
bus 53,580,bus,Barangay 504
bus 53,580,bus,Barangay 519
bus 53,580,bus,Barangay 513
bus 53,580,bus,Barangay 505
bus 53,580,bus,Barangay 530
bus 53,580,bus,Barangay 512
bus 53,580,bus,Barangay 532
bus 53,580,bus,Barangay 525
bus 53,580,bus,Barangay 527
bus 53,580,bus,Barangay 529
bus 53,580,bus,Barangay 531
bus 53,580,bus,Barangay 528
bus 53,580,bus,Quezon City
bus 53,580,bus,Barangay 666
bus 53,580,bus,Barangay 657
bus 53,580,bus,Barangay 658
bus 53,580,bus,Barangay 654
bus 53,580,bus,Barangay 291
bus 53,580,bus,Barangay 707
bus 53,580,bus,Barangay 706
bus 53,580,bus,Barangay 702
bus 53,580,bus,Barangay 703
bus 53,580,bus,Barangay 697
bus 53,580,bus,Barangay 696
bus 53,580,bus,Barangay 694
bus 53,580,bus,Barangay 669
bus 53,580,bus,Barangay 675
bus 53,580,bus,Barangay 676
bus 53,580,bus,Barangay 670
bus 53,580,bus,Barangay 660
bus 53,580,bus,Barangay 659
bus 53,580,bus,Barangay 659-A
bus 53,580,bus,Barangay 384
bus 53,580,bus,Barangay 306
bus 53,580,bus,Barangay 303
bus 53,580,bus,Barangay 674
bus 53,580,bus,Barangay 660-A
bus 53,580,bus,Barangay 664
bus 53,580,bus,Barangay 661
bus 53,580,bus,Barangay 647
bus 53,580,bus,Barangay 385
bus 53,580,bus,Barangay 387
bus 53,580,bus,Barangay 383
bus 53,580,bus,Barangay 388
bus 53,580,bus,Barangay 393
bus 53,580,bus,Barangay 394
bus 53,580,bus,Barangay 391
bus 53,580,bus,Barangay 392
bus 53,580,bus,Barangay 307
bus 53,580,bus,Barangay 308
bus 53,580,bus,Barangay 309
bus 53,580,bus,Barangay 310
bus 53,580,bus,Barangay 404
bus 53,580,bus,Barangay 395
bus 53,580,bus,Barangay 396
bus 53,580,bus,Barangay 399
bus 53,580,bus,Barangay 464
bus 53,580,bus,Barangay 462
bus 53,580,bus,Barangay 397
bus 53,580,bus,Barangay 468
bus 53,580,bus,Barangay 311
bus 53,580,bus,Barangay 469
bus 53,580,bus,Barangay 656
bus 53,580,bus,Barangay 312
bus 53,580,bus,Barangay 463
bus 53,580,bus,Barangay 467
bus 53,580,bus,Barangay 465
bus 53,580,bus,Barangay 315
bus 53,580,bus,Barangay 466
bus 53,580,bus,Barangay 470
bus 51,581,bus,Marikina
bus 51,581,bus,Quezon City
bus 51,581,bus,Caloocan
bus 51,581,bus,Valenzuela
bus 51,582,bus,Marikina
bus 51,582,bus,Quezon City
bus 51,582,bus,Caloocan
bus 51,582,bus,Valenzuela
bus 50,583,bus,Muntinlupa
bus 50,583,bus,Taguig
bus 50,583,bus,Makati
bus 50,583,bus,Pasig
bus 50,583,bus,Parañaque
bus 50,583,bus,Pasay
bus 50,583,bus,Marikina
bus 50,583,bus,Quezon City
bus 50,583,bus,Caloocan
bus 50,583,bus,Valenzuela
bus 50,584,bus,Muntinlupa
bus 50,584,bus,Taguig
bus 50,584,bus,Makati
bus 50,584,bus,Pasig
bus 50,584,bus,Parañaque
bus 50,584,bus,Pasay
bus 50,584,bus,Marikina
bus 50,584,bus,Quezon City
bus 50,584,bus,Caloocan
bus 50,584,bus,Valenzuela
bus 49,585,bus,Barangay 718
bus 49,585,bus,Barangay 717
bus 49,585,bus,Barangay 727
bus 49,585,bus,Barangay 716
bus 49,585,bus,Barangay 713
bus 49,585,bus,Barangay 708
bus 49,585,bus,Barangay 726
bus 49,585,bus,Barangay 712
bus 49,585,bus,Barangay 709
bus 49,585,bus,Barangay 729
bus 49,585,bus,Barangay 730
bus 49,585,bus,Barangay 728
bus 49,585,bus,Barangay 725
bus 49,585,bus,Barangay 714
bus 49,585,bus,Barangay 724
bus 49,585,bus,Barangay 723
bus 49,585,bus,Barangay 692
bus 49,585,bus,Barangay 722
bus 49,585,bus,Barangay 691
bus 49,585,bus,Barangay 693
bus 49,585,bus,Barangay 689
bus 49,585,bus,Barangay 690
bus 49,585,bus,Barangay 695
bus 49,585,bus,Parañaque
bus 49,585,bus,Pasay
bus 49,585,bus,Barangay 400
bus 49,585,bus,Barangay 401
bus 49,585,bus,Barangay 455
bus 49,585,bus,Barangay 398
bus 49,585,bus,Barangay 458
bus 49,585,bus,Barangay 459
bus 49,585,bus,Barangay 457
bus 49,585,bus,Barangay 460
bus 49,585,bus,Barangay 461
bus 49,585,bus,Barangay 456
bus 49,585,bus,Barangay 454
bus 49,585,bus,Barangay 479
bus 49,585,bus,Barangay 478
bus 49,585,bus,Barangay 476
bus 49,585,bus,Barangay 475
bus 49,585,bus,Barangay 472
bus 49,585,bus,Barangay 453
bus 49,585,bus,Barangay 452
bus 49,585,bus,Barangay 451
bus 49,585,bus,Barangay 450
bus 49,585,bus,Barangay 521
bus 49,585,bus,Barangay 522
bus 49,585,bus,Barangay 523
bus 49,585,bus,Barangay 473
bus 49,585,bus,Barangay 524
bus 49,585,bus,Barangay 503
bus 49,585,bus,Barangay 502
bus 49,585,bus,Barangay 526
bus 49,585,bus,Barangay 517
bus 49,585,bus,Barangay 504
bus 49,585,bus,Barangay 519
bus 49,585,bus,Barangay 513
bus 49,585,bus,Barangay 505
bus 49,585,bus,Barangay 530
bus 49,585,bus,Barangay 512
bus 49,585,bus,Barangay 525
bus 49,585,bus,Barangay 527
bus 49,585,bus,Barangay 529
bus 49,585,bus,Barangay 531
bus 49,585,bus,Barangay 528
bus 49,585,bus,Quezon City
bus 49,585,bus,Caloocan
bus 49,585,bus,Barangay 666
bus 49,585,bus,Barangay 657
bus 49,585,bus,Barangay 658
bus 49,585,bus,Barangay 654
bus 49,585,bus,Barangay 291
bus 49,585,bus,Barangay 287
bus 49,585,bus,Barangay 719
bus 49,585,bus,Barangay 720
bus 49,585,bus,Barangay 715
bus 49,585,bus,Barangay 711
bus 49,585,bus,Barangay 710
bus 49,585,bus,Barangay 707
bus 49,585,bus,Barangay 706
bus 49,585,bus,Barangay 702
bus 49,585,bus,Barangay 703
bus 49,585,bus,Barangay 697
bus 49,585,bus,Barangay 696
bus 49,585,bus,Barangay 694
bus 49,585,bus,Barangay 669
bus 49,585,bus,Barangay 675
bus 49,585,bus,Barangay 676
bus 49,585,bus,Barangay 670
bus 49,585,bus,Barangay 660
bus 49,585,bus,Barangay 659
bus 49,585,bus,Barangay 659-A
bus 49,585,bus,Barangay 384
bus 49,585,bus,Barangay 306
bus 49,585,bus,Barangay 303
bus 49,585,bus,Barangay 674
bus 49,585,bus,Barangay 660-A
bus 49,585,bus,Barangay 664
bus 49,585,bus,Barangay 647
bus 49,585,bus,Barangay 385
bus 49,585,bus,Barangay 387
bus 49,585,bus,Barangay 383
bus 49,585,bus,Barangay 388
bus 49,585,bus,Barangay 393
bus 49,585,bus,Barangay 394
bus 49,585,bus,Barangay 391
bus 49,585,bus,Barangay 392
bus 49,585,bus,Barangay 307
bus 49,585,bus,Barangay 308
bus 49,585,bus,Barangay 309
bus 49,585,bus,Barangay 310
bus 49,585,bus,Barangay 404
bus 49,585,bus,Barangay 395
bus 49,585,bus,Barangay 396
bus 49,585,bus,Barangay 399
bus 49,585,bus,Barangay 464
bus 49,585,bus,Barangay 462
bus 49,585,bus,Barangay 397
bus 49,585,bus,Barangay 468
bus 49,585,bus,Barangay 311
bus 49,585,bus,Barangay 469
bus 49,585,bus,Barangay 656
bus 49,585,bus,Barangay 312
bus 49,585,bus,Barangay 463
bus 49,585,bus,Barangay 467
bus 49,585,bus,Barangay 465
bus 49,585,bus,Barangay 315
bus 49,585,bus,Barangay 466
bus 49,585,bus,Barangay 470
bus 49,586,bus,Barangay 718
bus 49,586,bus,Barangay 717
bus 49,586,bus,Barangay 727
bus 49,586,bus,Barangay 716
bus 49,586,bus,Barangay 713
bus 49,586,bus,Barangay 708
bus 49,586,bus,Barangay 726
bus 49,586,bus,Barangay 712
bus 49,586,bus,Barangay 709
bus 49,586,bus,Barangay 729
bus 49,586,bus,Barangay 730
bus 49,586,bus,Barangay 728
bus 49,586,bus,Barangay 733
bus 49,586,bus,Barangay 725
bus 49,586,bus,Barangay 714
bus 49,586,bus,Barangay 724
bus 49,586,bus,Barangay 723
bus 49,586,bus,Barangay 692
bus 49,586,bus,Barangay 722
bus 49,586,bus,Barangay 691
bus 49,586,bus,Barangay 693
bus 49,586,bus,Barangay 689
bus 49,586,bus,Barangay 690
bus 49,586,bus,Barangay 695
bus 49,586,bus,Parañaque
bus 49,586,bus,Pasay
bus 49,586,bus,Barangay 400
bus 49,586,bus,Barangay 401
bus 49,586,bus,Barangay 455
bus 49,586,bus,Barangay 398
bus 49,586,bus,Barangay 458
bus 49,586,bus,Barangay 459
bus 49,586,bus,Barangay 457
bus 49,586,bus,Barangay 460
bus 49,586,bus,Barangay 461
bus 49,586,bus,Barangay 456
bus 49,586,bus,Barangay 454
bus 49,586,bus,Barangay 479
bus 49,586,bus,Barangay 478
bus 49,586,bus,Barangay 476
bus 49,586,bus,Barangay 475
bus 49,586,bus,Barangay 472
bus 49,586,bus,Barangay 453
bus 49,586,bus,Barangay 452
bus 49,586,bus,Barangay 451
bus 49,586,bus,Barangay 450
bus 49,586,bus,Barangay 521
bus 49,586,bus,Barangay 522
bus 49,586,bus,Barangay 523
bus 49,586,bus,Barangay 473
bus 49,586,bus,Barangay 524
bus 49,586,bus,Barangay 503
bus 49,586,bus,Barangay 502
bus 49,586,bus,Barangay 526
bus 49,586,bus,Barangay 517
bus 49,586,bus,Barangay 504
bus 49,586,bus,Barangay 519
bus 49,586,bus,Barangay 513
bus 49,586,bus,Barangay 505
bus 49,586,bus,Barangay 530
bus 49,586,bus,Barangay 512
bus 49,586,bus,Barangay 532
bus 49,586,bus,Barangay 525
bus 49,586,bus,Barangay 527
bus 49,586,bus,Barangay 529
bus 49,586,bus,Barangay 531
bus 49,586,bus,Barangay 528
bus 49,586,bus,Quezon City
bus 49,586,bus,Caloocan
bus 49,586,bus,Barangay 666
bus 49,586,bus,Barangay 657
bus 49,586,bus,Barangay 658
bus 49,586,bus,Barangay 654
bus 49,586,bus,Barangay 291
bus 49,586,bus,Barangay 719
bus 49,586,bus,Barangay 720
bus 49,586,bus,Barangay 715
bus 49,586,bus,Barangay 711
bus 49,586,bus,Barangay 710
bus 49,586,bus,Barangay 707
bus 49,586,bus,Barangay 706
bus 49,586,bus,Barangay 702
bus 49,586,bus,Barangay 703
bus 49,586,bus,Barangay 697
bus 49,586,bus,Barangay 696
bus 49,586,bus,Barangay 694
bus 49,586,bus,Barangay 669
bus 49,586,bus,Barangay 675
bus 49,586,bus,Barangay 676
bus 49,586,bus,Barangay 670
bus 49,586,bus,Barangay 660
bus 49,586,bus,Barangay 659
bus 49,586,bus,Barangay 659-A
bus 49,586,bus,Barangay 384
bus 49,586,bus,Barangay 306
bus 49,586,bus,Barangay 303
bus 49,586,bus,Barangay 674
bus 49,586,bus,Barangay 660-A
bus 49,586,bus,Barangay 664
bus 49,586,bus,Barangay 661
bus 49,586,bus,Barangay 647
bus 49,586,bus,Barangay 385
bus 49,586,bus,Barangay 387
bus 49,586,bus,Barangay 383
bus 49,586,bus,Barangay 388
bus 49,586,bus,Barangay 393
bus 49,586,bus,Barangay 394
bus 49,586,bus,Barangay 391
bus 49,586,bus,Barangay 392
bus 49,586,bus,Barangay 307
bus 49,586,bus,Barangay 308
bus 49,586,bus,Barangay 309
bus 49,586,bus,Barangay 310
bus 49,586,bus,Barangay 404
bus 49,586,bus,Barangay 395
bus 49,586,bus,Barangay 396
bus 49,586,bus,Barangay 399
bus 49,586,bus,Barangay 464
bus 49,586,bus,Barangay 462
bus 49,586,bus,Barangay 397
bus 49,586,bus,Barangay 468
bus 49,586,bus,Barangay 311
bus 49,586,bus,Barangay 469
bus 49,586,bus,Barangay 656
bus 49,586,bus,Barangay 312
bus 49,586,bus,Barangay 463
bus 49,586,bus,Barangay 467
bus 49,586,bus,Barangay 465
bus 49,586,bus,Barangay 315
bus 49,586,bus,Barangay 466
bus 49,586,bus,Barangay 470
bus 48,587,bus,Barangay 718
bus 48,587,bus,Barangay 717
bus 48,587,bus,Barangay 727
bus 48,587,bus,Barangay 716
bus 48,587,bus,Barangay 713
bus 48,587,bus,Barangay 708
bus 48,587,bus,Barangay 726
bus 48,587,bus,Barangay 712
bus 48,587,bus,Barangay 709
bus 48,587,bus,Barangay 729
bus 48,587,bus,Barangay 730
bus 48,587,bus,Barangay 728
bus 48,587,bus,Barangay 733
bus 48,587,bus,Barangay 725
bus 48,587,bus,Barangay 714
bus 48,587,bus,Barangay 724
bus 48,587,bus,Barangay 723
bus 48,587,bus,Barangay 692
bus 48,587,bus,Barangay 722
bus 48,587,bus,Barangay 691
bus 48,587,bus,Barangay 693
bus 48,587,bus,Barangay 689
bus 48,587,bus,Barangay 690
bus 48,587,bus,Barangay 695
bus 48,587,bus,Laguna
bus 48,587,bus,Muntinlupa
bus 48,587,bus,Taguig
bus 48,587,bus,Makati
bus 48,587,bus,Parañaque
bus 48,587,bus,Pasay
bus 48,587,bus,Barangay 666
bus 48,587,bus,Barangay 657
bus 48,587,bus,Barangay 658
bus 48,587,bus,Barangay 654
bus 48,587,bus,Barangay 291
bus 48,587,bus,Barangay 287
bus 48,587,bus,Barangay 719
bus 48,587,bus,Barangay 720
bus 48,587,bus,Barangay 715
bus 48,587,bus,Barangay 711
bus 48,587,bus,Barangay 710
bus 48,587,bus,Barangay 707
bus 48,587,bus,Barangay 706
bus 48,587,bus,Barangay 702
bus 48,587,bus,Barangay 703
bus 48,587,bus,Barangay 697
bus 48,587,bus,Barangay 696
bus 48,587,bus,Barangay 694
bus 48,587,bus,Barangay 669
bus 48,587,bus,Barangay 675
bus 48,587,bus,Barangay 676
bus 48,587,bus,Barangay 670
bus 48,587,bus,Barangay 660
bus 48,587,bus,Barangay 659
bus 48,587,bus,Barangay 659-A
bus 48,587,bus,Barangay 384
bus 48,587,bus,Barangay 306
bus 48,587,bus,Barangay 303
bus 48,587,bus,Barangay 674
bus 48,587,bus,Barangay 660-A
bus 48,587,bus,Barangay 664
bus 48,587,bus,Barangay 661
bus 48,587,bus,Barangay 656
bus 47,588,bus,Makati
bus 47,588,bus,Parañaque
bus 47,588,bus,Pasay
bus 47,589,bus,Makati
bus 47,589,bus,Parañaque
bus 47,589,bus,Pasay
bus 46,590,bus,Laguna
bus 46,590,bus,Muntinlupa
bus 46,590,bus,Taguig
bus 46,590,bus,Makati
bus 46,590,bus,Parañaque
bus 46,590,bus,Pasay
bus 46,591,bus,Laguna
bus 46,591,bus,Muntinlupa
bus 46,591,bus,Taguig
bus 46,591,bus,Makati
bus 46,591,bus,Parañaque
bus 46,591,bus,Pasay
bus 42,592,bus,Barangay 718
bus 42,592,bus,Barangay 717
bus 42,592,bus,Barangay 727
bus 42,592,bus,Barangay 716
bus 42,592,bus,Barangay 713
bus 42,592,bus,Barangay 708
bus 42,592,bus,Barangay 726
bus 42,592,bus,Barangay 712
bus 42,592,bus,Barangay 709
bus 42,592,bus,Barangay 729
bus 42,592,bus,Barangay 730
bus 42,592,bus,Barangay 728
bus 42,592,bus,Barangay 725
bus 42,592,bus,Barangay 714
bus 42,592,bus,Barangay 724
bus 42,592,bus,Barangay 723
bus 42,592,bus,Barangay 692
bus 42,592,bus,Barangay 722
bus 42,592,bus,Barangay 691
bus 42,592,bus,Barangay 693
bus 42,592,bus,Barangay 689
bus 42,592,bus,Barangay 690
bus 42,592,bus,Barangay 695
bus 42,592,bus,Makati
bus 42,592,bus,Pasay
bus 42,592,bus,Caloocan
bus 42,592,bus,Barangay 666
bus 42,592,bus,Barangay 657
bus 42,592,bus,Barangay 658
bus 42,592,bus,Barangay 654
bus 42,592,bus,Barangay 291
bus 42,592,bus,Barangay 287
bus 42,592,bus,Barangay 719
bus 42,592,bus,Barangay 720
bus 42,592,bus,Barangay 715
bus 42,592,bus,Barangay 711
bus 42,592,bus,Barangay 710
bus 42,592,bus,Barangay 707
bus 42,592,bus,Barangay 706
bus 42,592,bus,Barangay 702
bus 42,592,bus,Barangay 703
bus 42,592,bus,Barangay 697
bus 42,592,bus,Barangay 696
bus 42,592,bus,Barangay 694
bus 42,592,bus,Barangay 669
bus 42,592,bus,Barangay 675
bus 42,592,bus,Barangay 676
bus 42,592,bus,Barangay 670
bus 42,592,bus,Barangay 660
bus 42,592,bus,Barangay 659
bus 42,592,bus,Barangay 659-A
bus 42,592,bus,Barangay 384
bus 42,592,bus,Barangay 306
bus 42,592,bus,Barangay 303
bus 42,592,bus,Barangay 674
bus 42,592,bus,Barangay 660-A
bus 42,592,bus,Barangay 664
bus 42,592,bus,Barangay 290
bus 42,592,bus,Barangay 297
bus 42,592,bus,Barangay 302
bus 42,592,bus,Barangay 300
bus 42,592,bus,Barangay 299
bus 42,592,bus,Barangay 307
bus 42,592,bus,Barangay 298
bus 42,592,bus,Barangay 308
bus 42,592,bus,Barangay 309
bus 42,592,bus,Barangay 301
bus 42,592,bus,Barangay 305
bus 42,592,bus,Barangay 304
bus 42,592,bus,Barangay 310
bus 42,592,bus,Barangay 313
bus 42,592,bus,Barangay 314
bus 42,592,bus,Barangay 311
bus 42,592,bus,Barangay 262
bus 42,592,bus,Barangay 656
bus 42,592,bus,Barangay 312
bus 42,592,bus,Barangay 335
bus 42,592,bus,Barangay 329
bus 42,592,bus,Barangay 330
bus 42,592,bus,Barangay 263
bus 42,592,bus,Barangay 316
bus 42,592,bus,Barangay 332
bus 42,592,bus,Barangay 328
bus 42,592,bus,Barangay 261
bus 42,592,bus,Barangay 322
bus 42,592,bus,Barangay 315
bus 42,592,bus,Barangay 319
bus 42,592,bus,Barangay 318
bus 42,592,bus,Barangay 317
bus 42,592,bus,Barangay 264
bus 42,592,bus,Barangay 321
bus 42,592,bus,Barangay 333
bus 42,592,bus,Barangay 326
bus 42,592,bus,Barangay 265
bus 42,592,bus,Barangay 320
bus 42,592,bus,Barangay 334
bus 42,592,bus,Barangay 327
bus 42,592,bus,Barangay 267
bus 42,592,bus,Barangay 324
bus 42,592,bus,Barangay 323
bus 42,592,bus,Barangay 340
bus 42,592,bus,Barangay 338
bus 42,592,bus,Barangay 341
bus 42,592,bus,Barangay 325
bus 42,592,bus,Barangay 339
bus 42,592,bus,Barangay 337
bus 42,592,bus,Barangay 331
bus 42,592,bus,Barangay 336
bus 42,592,bus,Barangay 353
bus 42,592,bus,Barangay 344
bus 42,592,bus,Barangay 355
bus 42,592,bus,Barangay 346
bus 42,592,bus,Barangay 350
bus 42,592,bus,Barangay 349
bus 42,592,bus,Barangay 354
bus 42,592,bus,Barangay 345
bus 42,592,bus,Barangay 358
bus 42,592,bus,Barangay 361
bus 42,592,bus,Barangay 362
bus 42,592,bus,Barangay 347
bus 42,592,bus,Barangay 357
bus 42,592,bus,Barangay 360
bus 42,592,bus,Barangay 348
bus 42,592,bus,Barangay 356
bus 42,592,bus,Barangay 359
bus 42,592,bus,Barangay 365
bus 42,592,bus,Barangay 363
bus 42,592,bus,Barangay 220
bus 42,592,bus,Barangay 209
bus 42,592,bus,Barangay 366
bus 42,592,bus,Barangay 381
bus 42,592,bus,Barangay 210
bus 42,592,bus,Barangay 212
bus 42,592,bus,Barangay 203
bus 42,592,bus,Barangay 211
bus 42,592,bus,Barangay 382
bus 42,592,bus,Barangay 207
bus 42,592,bus,Barangay 375
bus 42,592,bus,Barangay 208
bus 42,592,bus,Barangay 206
bus 42,592,bus,Barangay 373
bus 42,592,bus,Barangay 374
bus 42,592,bus,Barangay 201
bus 42,592,bus,Barangay 202-A
bus 42,592,bus,Barangay 364
bus 42,592,bus,Barangay 367
bus 42,592,bus,Barangay 380
bus 42,592,bus,Barangay 377
bus 42,592,bus,Barangay 378
bus 42,592,bus,Barangay 205
bus 42,592,bus,Barangay 202
bus 42,592,bus,Barangay 197
bus 42,592,bus,Barangay 195
bus 42,592,bus,Barangay 193
bus 42,592,bus,Barangay 196
bus 42,592,bus,Barangay 194
bus 42,592,bus,Barangay 188
bus 42,592,bus,Barangay 187
bus 42,592,bus,Barangay 189
bus 42,592,bus,Barangay 191
bus 42,592,bus,Barangay 190
bus 42,592,bus,Barangay 192
bus 42,592,bus,Manila North Cemetery
bus 42,592,bus,Malabon
bus 42,592,bus,Barangay 199
bus 42,592,bus,Valenzuela
bus 42,593,bus,Barangay 718
bus 42,593,bus,Barangay 717
bus 42,593,bus,Barangay 727
bus 42,593,bus,Barangay 716
bus 42,593,bus,Barangay 713
bus 42,593,bus,Barangay 708
bus 42,593,bus,Barangay 726
bus 42,593,bus,Barangay 712
bus 42,593,bus,Barangay 709
bus 42,593,bus,Barangay 729
bus 42,593,bus,Barangay 730
bus 42,593,bus,Barangay 728
bus 42,593,bus,Barangay 733
bus 42,593,bus,Barangay 725
bus 42,593,bus,Barangay 714
bus 42,593,bus,Barangay 724
bus 42,593,bus,Barangay 723
bus 42,593,bus,Barangay 692
bus 42,593,bus,Barangay 722
bus 42,593,bus,Barangay 691
bus 42,593,bus,Barangay 693
bus 42,593,bus,Barangay 689
bus 42,593,bus,Barangay 690
bus 42,593,bus,Barangay 695
bus 42,593,bus,Makati
bus 42,593,bus,Pasay
bus 42,593,bus,Caloocan
bus 42,593,bus,Barangay 666
bus 42,593,bus,Barangay 657
bus 42,593,bus,Barangay 658
bus 42,593,bus,Barangay 654
bus 42,593,bus,Barangay 291
bus 42,593,bus,Barangay 719
bus 42,593,bus,Barangay 720
bus 42,593,bus,Barangay 715
bus 42,593,bus,Barangay 711
bus 42,593,bus,Barangay 710
bus 42,593,bus,Barangay 707
bus 42,593,bus,Barangay 706
bus 42,593,bus,Barangay 702
bus 42,593,bus,Barangay 703
bus 42,593,bus,Barangay 697
bus 42,593,bus,Barangay 696
bus 42,593,bus,Barangay 694
bus 42,593,bus,Barangay 669
bus 42,593,bus,Barangay 675
bus 42,593,bus,Barangay 676
bus 42,593,bus,Barangay 670
bus 42,593,bus,Barangay 660
bus 42,593,bus,Barangay 659
bus 42,593,bus,Barangay 659-A
bus 42,593,bus,Barangay 384
bus 42,593,bus,Barangay 306
bus 42,593,bus,Barangay 303
bus 42,593,bus,Barangay 674
bus 42,593,bus,Barangay 660-A
bus 42,593,bus,Barangay 664
bus 42,593,bus,Barangay 661
bus 42,593,bus,Barangay 290
bus 42,593,bus,Barangay 302
bus 42,593,bus,Barangay 299
bus 42,593,bus,Barangay 307
bus 42,593,bus,Barangay 298
bus 42,593,bus,Barangay 308
bus 42,593,bus,Barangay 309
bus 42,593,bus,Barangay 301
bus 42,593,bus,Barangay 305
bus 42,593,bus,Barangay 304
bus 42,593,bus,Barangay 310
bus 42,593,bus,Barangay 313
bus 42,593,bus,Barangay 314
bus 42,593,bus,Barangay 311
bus 42,593,bus,Barangay 262
bus 42,593,bus,Barangay 656
bus 42,593,bus,Barangay 312
bus 42,593,bus,Barangay 335
bus 42,593,bus,Barangay 329
bus 42,593,bus,Barangay 330
bus 42,593,bus,Barangay 263
bus 42,593,bus,Barangay 316
bus 42,593,bus,Barangay 332
bus 42,593,bus,Barangay 328
bus 42,593,bus,Barangay 261
bus 42,593,bus,Barangay 322
bus 42,593,bus,Barangay 315
bus 42,593,bus,Barangay 319
bus 42,593,bus,Barangay 318
bus 42,593,bus,Barangay 317
bus 42,593,bus,Barangay 264
bus 42,593,bus,Barangay 321
bus 42,593,bus,Barangay 333
bus 42,593,bus,Barangay 326
bus 42,593,bus,Barangay 265
bus 42,593,bus,Barangay 320
bus 42,593,bus,Barangay 334
bus 42,593,bus,Barangay 327
bus 42,593,bus,Barangay 267
bus 42,593,bus,Barangay 324
bus 42,593,bus,Barangay 323
bus 42,593,bus,Barangay 340
bus 42,593,bus,Barangay 338
bus 42,593,bus,Barangay 341
bus 42,593,bus,Barangay 325
bus 42,593,bus,Barangay 339
bus 42,593,bus,Barangay 337
bus 42,593,bus,Barangay 331
bus 42,593,bus,Barangay 336
bus 42,593,bus,Barangay 353
bus 42,593,bus,Barangay 344
bus 42,593,bus,Barangay 355
bus 42,593,bus,Barangay 346
bus 42,593,bus,Barangay 350
bus 42,593,bus,Barangay 349
bus 42,593,bus,Barangay 354
bus 42,593,bus,Barangay 345
bus 42,593,bus,Barangay 358
bus 42,593,bus,Barangay 361
bus 42,593,bus,Barangay 362
bus 42,593,bus,Barangay 347
bus 42,593,bus,Barangay 357
bus 42,593,bus,Barangay 360
bus 42,593,bus,Barangay 348
bus 42,593,bus,Barangay 356
bus 42,593,bus,Barangay 359
bus 42,593,bus,Barangay 365
bus 42,593,bus,Barangay 363
bus 42,593,bus,Barangay 220
bus 42,593,bus,Barangay 209
bus 42,593,bus,Barangay 366
bus 42,593,bus,Barangay 381
bus 42,593,bus,Barangay 210
bus 42,593,bus,Barangay 212
bus 42,593,bus,Barangay 203
bus 42,593,bus,Barangay 211
bus 42,593,bus,Barangay 382
bus 42,593,bus,Barangay 207
bus 42,593,bus,Barangay 375
bus 42,593,bus,Barangay 208
bus 42,593,bus,Barangay 206
bus 42,593,bus,Barangay 373
bus 42,593,bus,Barangay 374
bus 42,593,bus,Barangay 201
bus 42,593,bus,Barangay 202-A
bus 42,593,bus,Barangay 364
bus 42,593,bus,Barangay 367
bus 42,593,bus,Barangay 379
bus 42,593,bus,Barangay 380
bus 42,593,bus,Barangay 376
bus 42,593,bus,Barangay 377
bus 42,593,bus,Barangay 378
bus 42,593,bus,Barangay 205
bus 42,593,bus,Barangay 202
bus 42,593,bus,Barangay 197
bus 42,593,bus,Barangay 195
bus 42,593,bus,Barangay 193
bus 42,593,bus,Barangay 196
bus 42,593,bus,Barangay 194
bus 42,593,bus,Barangay 188
bus 42,593,bus,Barangay 187
bus 42,593,bus,Barangay 189
bus 42,593,bus,Barangay 191
bus 42,593,bus,Barangay 190
bus 42,593,bus,Barangay 192
bus 42,593,bus,Manila North Cemetery
bus 42,593,bus,Malabon
bus 42,593,bus,Barangay 199
bus 42,593,bus,Valenzuela
bus 41,594,bus,Taguig
bus 41,594,bus,Makati
bus 41,594,bus,Parañaque
bus 41,594,bus,Pasay
bus 41,595,bus,Taguig
bus 41,595,bus,Makati
bus 41,595,bus,Pasig
bus 41,595,bus,Parañaque
bus 41,595,bus,Pasay
bus 40,596,bus,Barangay 718
bus 40,596,bus,Barangay 717
bus 40,596,bus,Barangay 727
bus 40,596,bus,Barangay 716
bus 40,596,bus,Barangay 713
bus 40,596,bus,Barangay 708
bus 40,596,bus,Barangay 726
bus 40,596,bus,Barangay 712
bus 40,596,bus,Barangay 709
bus 40,596,bus,Barangay 729
bus 40,596,bus,Barangay 730
bus 40,596,bus,Barangay 728
bus 40,596,bus,Barangay 733
bus 40,596,bus,Barangay 725
bus 40,596,bus,Barangay 714
bus 40,596,bus,Barangay 724
bus 40,596,bus,Barangay 723
bus 40,596,bus,Barangay 692
bus 40,596,bus,Barangay 722
bus 40,596,bus,Barangay 691
bus 40,596,bus,Barangay 693
bus 40,596,bus,Barangay 689
bus 40,596,bus,Barangay 690
bus 40,596,bus,Barangay 695
bus 40,596,bus,Muntinlupa
bus 40,596,bus,Taguig
bus 40,596,bus,Makati
bus 40,596,bus,Parañaque
bus 40,596,bus,Pasay
bus 40,596,bus,Barangay 481
bus 40,596,bus,Barangay 480
bus 40,596,bus,Barangay 477
bus 40,596,bus,Barangay 488
bus 40,596,bus,Barangay 487
bus 40,596,bus,Barangay 486
bus 40,596,bus,Barangay 485
bus 40,596,bus,Barangay 511
bus 40,596,bus,Barangay 499
bus 40,596,bus,Barangay 501
bus 40,596,bus,Barangay 500
bus 40,596,bus,Barangay 494
bus 40,596,bus,Barangay 495
bus 40,596,bus,Barangay 492
bus 40,596,bus,Quezon City
bus 40,596,bus,Caloocan
bus 40,596,bus,Barangay 666
bus 40,596,bus,Barangay 657
bus 40,596,bus,Barangay 658
bus 40,596,bus,Barangay 654
bus 40,596,bus,Barangay 291
bus 40,596,bus,Barangay 719
bus 40,596,bus,Barangay 720
bus 40,596,bus,Barangay 715
bus 40,596,bus,Barangay 711
bus 40,596,bus,Barangay 710
bus 40,596,bus,Barangay 707
bus 40,596,bus,Barangay 706
bus 40,596,bus,Barangay 702
bus 40,596,bus,Barangay 703
bus 40,596,bus,Barangay 697
bus 40,596,bus,Barangay 696
bus 40,596,bus,Barangay 694
bus 40,596,bus,Barangay 669
bus 40,596,bus,Barangay 675
bus 40,596,bus,Barangay 676
bus 40,596,bus,Barangay 670
bus 40,596,bus,Barangay 660
bus 40,596,bus,Barangay 659
bus 40,596,bus,Barangay 659-A
bus 40,596,bus,Barangay 384
bus 40,596,bus,Barangay 306
bus 40,596,bus,Barangay 303
bus 40,596,bus,Barangay 674
bus 40,596,bus,Barangay 660-A
bus 40,596,bus,Barangay 664
bus 40,596,bus,Barangay 661
bus 40,596,bus,Barangay 647
bus 40,596,bus,Barangay 385
bus 40,596,bus,Barangay 387
bus 40,596,bus,Barangay 383
bus 40,596,bus,Barangay 388
bus 40,596,bus,Barangay 393
bus 40,596,bus,Barangay 394
bus 40,596,bus,Barangay 391
bus 40,596,bus,Barangay 392
bus 40,596,bus,Barangay 307
bus 40,596,bus,Barangay 308
bus 40,596,bus,Barangay 309
bus 40,596,bus,Barangay 310
bus 40,596,bus,Barangay 395
bus 40,596,bus,Barangay 396
bus 40,596,bus,Barangay 464
bus 40,596,bus,Barangay 462
bus 40,596,bus,Barangay 468
bus 40,596,bus,Barangay 311
bus 40,596,bus,Barangay 469
bus 40,596,bus,Barangay 656
bus 40,596,bus,Barangay 312
bus 40,596,bus,Barangay 322
bus 40,596,bus,Barangay 463
bus 40,596,bus,Barangay 467
bus 40,596,bus,Barangay 465
bus 40,596,bus,Barangay 315
bus 40,596,bus,Barangay 466
bus 40,596,bus,Barangay 319
bus 40,596,bus,Barangay 318
bus 40,596,bus,Barangay 470
bus 40,596,bus,Barangay 471
bus 40,596,bus,Barangay 317
bus 40,596,bus,Barangay 320
bus 40,596,bus,Barangay 324
bus 40,596,bus,Barangay 323
bus 40,596,bus,Barangay 340
bus 40,596,bus,Barangay 342
bus 40,596,bus,Barangay 490
bus 40,596,bus,Barangay 489
bus 40,596,bus,Barangay 338
bus 40,596,bus,Barangay 343
bus 40,596,bus,Barangay 491
bus 40,596,bus,Barangay 341
bus 40,596,bus,Barangay 352
bus 40,596,bus,Barangay 339
bus 40,596,bus,Barangay 482
bus 40,596,bus,Barangay 483
bus 40,596,bus,Barangay 484
bus 40,596,bus,Barangay 350
bus 40,596,bus,Barangay 351
bus 40,596,bus,Barangay 368
bus 40,596,bus,Barangay 497
bus 40,596,bus,Barangay 349
bus 40,596,bus,Barangay 369
bus 40,596,bus,Barangay 371
bus 40,596,bus,Barangay 365
bus 40,596,bus,Barangay 363
bus 40,596,bus,Barangay 366
bus 40,596,bus,Barangay 381
bus 40,596,bus,Barangay 210
bus 40,596,bus,Barangay 203
bus 40,596,bus,Barangay 211
bus 40,596,bus,Barangay 382
bus 40,596,bus,Barangay 207
bus 40,596,bus,Barangay 375
bus 40,596,bus,Barangay 208
bus 40,596,bus,Barangay 206
bus 40,596,bus,Barangay 373
bus 40,596,bus,Barangay 374
bus 40,596,bus,Barangay 201
bus 40,596,bus,Barangay 202-A
bus 40,596,bus,Barangay 364
bus 40,596,bus,Barangay 370
bus 40,596,bus,Barangay 367
bus 40,596,bus,Barangay 493
bus 40,596,bus,Barangay 379
bus 40,596,bus,Barangay 380
bus 40,596,bus,Barangay 376
bus 40,596,bus,Barangay 377
bus 40,596,bus,Barangay 378
bus 40,596,bus,Barangay 372
bus 40,596,bus,Barangay 205
bus 40,596,bus,Barangay 202
bus 40,596,bus,Barangay 197
bus 40,596,bus,Barangay 195
bus 40,596,bus,Barangay 193
bus 40,596,bus,Barangay 196
bus 40,596,bus,Barangay 194
bus 40,596,bus,Barangay 188
bus 40,596,bus,Barangay 187
bus 40,596,bus,Barangay 189
bus 40,596,bus,Barangay 191
bus 40,596,bus,Barangay 190
bus 40,596,bus,Barangay 192
bus 40,596,bus,Manila North Cemetery
bus 40,596,bus,Barangay 199
bus 40,597,bus,Barangay 718
bus 40,597,bus,Barangay 717
bus 40,597,bus,Barangay 727
bus 40,597,bus,Barangay 716
bus 40,597,bus,Barangay 713
bus 40,597,bus,Barangay 708
bus 40,597,bus,Barangay 726
bus 40,597,bus,Barangay 712
bus 40,597,bus,Barangay 709
bus 40,597,bus,Barangay 729
bus 40,597,bus,Barangay 730
bus 40,597,bus,Barangay 728
bus 40,597,bus,Barangay 725
bus 40,597,bus,Barangay 714
bus 40,597,bus,Barangay 724
bus 40,597,bus,Barangay 723
bus 40,597,bus,Barangay 692
bus 40,597,bus,Barangay 722
bus 40,597,bus,Barangay 691
bus 40,597,bus,Barangay 693
bus 40,597,bus,Barangay 689
bus 40,597,bus,Barangay 690
bus 40,597,bus,Barangay 695
bus 40,597,bus,Muntinlupa
bus 40,597,bus,Taguig
bus 40,597,bus,Makati
bus 40,597,bus,Parañaque
bus 40,597,bus,Pasay
bus 40,597,bus,Barangay 400
bus 40,597,bus,Barangay 401
bus 40,597,bus,Barangay 455
bus 40,597,bus,Barangay 398
bus 40,597,bus,Barangay 458
bus 40,597,bus,Barangay 459
bus 40,597,bus,Barangay 457
bus 40,597,bus,Barangay 460
bus 40,597,bus,Barangay 461
bus 40,597,bus,Barangay 456
bus 40,597,bus,Barangay 454
bus 40,597,bus,Barangay 479
bus 40,597,bus,Barangay 478
bus 40,597,bus,Barangay 476
bus 40,597,bus,Barangay 481
bus 40,597,bus,Barangay 480
bus 40,597,bus,Barangay 477
bus 40,597,bus,Barangay 453
bus 40,597,bus,Barangay 452
bus 40,597,bus,Barangay 488
bus 40,597,bus,Barangay 487
bus 40,597,bus,Barangay 486
bus 40,597,bus,Barangay 485
bus 40,597,bus,Barangay 511
bus 40,597,bus,Barangay 499
bus 40,597,bus,Barangay 501
bus 40,597,bus,Barangay 500
bus 40,597,bus,Barangay 494
bus 40,597,bus,Barangay 495
bus 40,597,bus,Barangay 492
bus 40,597,bus,Quezon City
bus 40,597,bus,Caloocan
bus 40,597,bus,Barangay 666
bus 40,597,bus,Barangay 657
bus 40,597,bus,Barangay 658
bus 40,597,bus,Barangay 654
bus 40,597,bus,Barangay 291
bus 40,597,bus,Barangay 287
bus 40,597,bus,Barangay 719
bus 40,597,bus,Barangay 720
bus 40,597,bus,Barangay 715
bus 40,597,bus,Barangay 711
bus 40,597,bus,Barangay 710
bus 40,597,bus,Barangay 707
bus 40,597,bus,Barangay 706
bus 40,597,bus,Barangay 702
bus 40,597,bus,Barangay 703
bus 40,597,bus,Barangay 697
bus 40,597,bus,Barangay 696
bus 40,597,bus,Barangay 694
bus 40,597,bus,Barangay 669
bus 40,597,bus,Barangay 675
bus 40,597,bus,Barangay 676
bus 40,597,bus,Barangay 670
bus 40,597,bus,Barangay 660
bus 40,597,bus,Barangay 659
bus 40,597,bus,Barangay 659-A
bus 40,597,bus,Barangay 384
bus 40,597,bus,Barangay 306
bus 40,597,bus,Barangay 303
bus 40,597,bus,Barangay 674
bus 40,597,bus,Barangay 660-A
bus 40,597,bus,Barangay 664
bus 40,597,bus,Barangay 647
bus 40,597,bus,Barangay 385
bus 40,597,bus,Barangay 387
bus 40,597,bus,Barangay 383
bus 40,597,bus,Barangay 388
bus 40,597,bus,Barangay 393
bus 40,597,bus,Barangay 394
bus 40,597,bus,Barangay 391
bus 40,597,bus,Barangay 392
bus 40,597,bus,Barangay 307
bus 40,597,bus,Barangay 308
bus 40,597,bus,Barangay 309
bus 40,597,bus,Barangay 310
bus 40,597,bus,Barangay 404
bus 40,597,bus,Barangay 395
bus 40,597,bus,Barangay 396
bus 40,597,bus,Barangay 399
bus 40,597,bus,Barangay 464
bus 40,597,bus,Barangay 462
bus 40,597,bus,Barangay 397
bus 40,597,bus,Barangay 468
bus 40,597,bus,Barangay 311
bus 40,597,bus,Barangay 469
bus 40,597,bus,Barangay 656
bus 40,597,bus,Barangay 312
bus 40,597,bus,Barangay 463
bus 40,597,bus,Barangay 467
bus 40,597,bus,Barangay 465
bus 40,597,bus,Barangay 315
bus 40,597,bus,Barangay 466
bus 40,597,bus,Barangay 470
bus 40,597,bus,Barangay 471
bus 40,597,bus,Barangay 323
bus 40,597,bus,Barangay 340
bus 40,597,bus,Barangay 342
bus 40,597,bus,Barangay 490
bus 40,597,bus,Barangay 489
bus 40,597,bus,Barangay 338
bus 40,597,bus,Barangay 343
bus 40,597,bus,Barangay 491
bus 40,597,bus,Barangay 341
bus 40,597,bus,Barangay 352
bus 40,597,bus,Barangay 482
bus 40,597,bus,Barangay 483
bus 40,597,bus,Barangay 484
bus 40,597,bus,Barangay 350
bus 40,597,bus,Barangay 351
bus 40,597,bus,Barangay 368
bus 40,597,bus,Barangay 497
bus 40,597,bus,Barangay 349
bus 40,597,bus,Barangay 369
bus 40,597,bus,Barangay 371
bus 40,597,bus,Barangay 365
bus 40,597,bus,Barangay 363
bus 40,597,bus,Barangay 366
bus 40,597,bus,Barangay 381
bus 40,597,bus,Barangay 210
bus 40,597,bus,Barangay 203
bus 40,597,bus,Barangay 211
bus 40,597,bus,Barangay 382
bus 40,597,bus,Barangay 207
bus 40,597,bus,Barangay 375
bus 40,597,bus,Barangay 208
bus 40,597,bus,Barangay 206
bus 40,597,bus,Barangay 373
bus 40,597,bus,Barangay 374
bus 40,597,bus,Barangay 201
bus 40,597,bus,Barangay 202-A
bus 40,597,bus,Barangay 364
bus 40,597,bus,Barangay 370
bus 40,597,bus,Barangay 367
bus 40,597,bus,Barangay 493
bus 40,597,bus,Barangay 379
bus 40,597,bus,Barangay 380
bus 40,597,bus,Barangay 376
bus 40,597,bus,Barangay 377
bus 40,597,bus,Barangay 378
bus 40,597,bus,Barangay 372
bus 40,597,bus,Barangay 205
bus 40,597,bus,Barangay 202
bus 40,597,bus,Barangay 197
bus 40,597,bus,Barangay 195
bus 40,597,bus,Barangay 193
bus 40,597,bus,Barangay 196
bus 40,597,bus,Barangay 194
bus 40,597,bus,Barangay 188
bus 40,597,bus,Barangay 187
bus 40,597,bus,Barangay 189
bus 40,597,bus,Barangay 191
bus 40,597,bus,Barangay 190
bus 40,597,bus,Barangay 192
bus 40,597,bus,Manila North Cemetery
bus 40,597,bus,Barangay 199
bus 39,598,bus,Laguna
bus 39,598,bus,Muntinlupa
bus 39,598,bus,Taguig
bus 39,598,bus,Makati
bus 39,598,bus,Pasig
bus 39,598,bus,Parañaque
bus 39,598,bus,Pasay
bus 39,599,bus,Laguna
bus 39,599,bus,Muntinlupa
bus 39,599,bus,Taguig
bus 39,599,bus,Makati
bus 39,599,bus,Parañaque
bus 39,599,bus,Pasay
bus 37,600,bus,Quezon City
bus 37,600,bus,Caloocan
bus 37,600,bus,Malabon
bus 37,600,bus,Valenzuela
bus 37,601,bus,Quezon City
bus 37,601,bus,Caloocan
bus 37,601,bus,Malabon
bus 37,601,bus,Valenzuela
bus 36,602,bus,Muntinlupa
bus 36,602,bus,Taguig
bus 36,602,bus,Makati
bus 36,602,bus,Parañaque
bus 36,602,bus,Pasay
bus 36,603,bus,Muntinlupa
bus 36,603,bus,Taguig
bus 36,603,bus,Makati
bus 36,603,bus,Pasig
bus 36,603,bus,Parañaque
bus 36,603,bus,Pasay
bus 35,604,bus,Caloocan
bus 35,604,bus,Malabon
bus 35,604,bus,Valenzuela
bus 35,605,bus,Caloocan
bus 35,605,bus,Malabon
bus 35,605,bus,Valenzuela
bus 48,606,bus,Barangay 718
bus 48,606,bus,Barangay 717
bus 48,606,bus,Barangay 727
bus 48,606,bus,Barangay 716
bus 48,606,bus,Barangay 713
bus 48,606,bus,Barangay 708
bus 48,606,bus,Barangay 726
bus 48,606,bus,Barangay 712
bus 48,606,bus,Barangay 709
bus 48,606,bus,Barangay 729
bus 48,606,bus,Barangay 730
bus 48,606,bus,Barangay 728
bus 48,606,bus,Barangay 725
bus 48,606,bus,Barangay 714
bus 48,606,bus,Barangay 724
bus 48,606,bus,Barangay 723
bus 48,606,bus,Barangay 692
bus 48,606,bus,Barangay 722
bus 48,606,bus,Barangay 691
bus 48,606,bus,Barangay 693
bus 48,606,bus,Barangay 689
bus 48,606,bus,Barangay 690
bus 48,606,bus,Barangay 695
bus 48,606,bus,Laguna
bus 48,606,bus,Muntinlupa
bus 48,606,bus,Taguig
bus 48,606,bus,Makati
bus 48,606,bus,Parañaque
bus 48,606,bus,Pasay
bus 48,606,bus,Barangay 666
bus 48,606,bus,Barangay 657
bus 48,606,bus,Barangay 658
bus 48,606,bus,Barangay 654
bus 48,606,bus,Barangay 291
bus 48,606,bus,Barangay 287
bus 48,606,bus,Barangay 719
bus 48,606,bus,Barangay 720
bus 48,606,bus,Barangay 715
bus 48,606,bus,Barangay 711
bus 48,606,bus,Barangay 710
bus 48,606,bus,Barangay 707
bus 48,606,bus,Barangay 706
bus 48,606,bus,Barangay 702
bus 48,606,bus,Barangay 703
bus 48,606,bus,Barangay 697
bus 48,606,bus,Barangay 696
bus 48,606,bus,Barangay 694
bus 48,606,bus,Barangay 669
bus 48,606,bus,Barangay 675
bus 48,606,bus,Barangay 676
bus 48,606,bus,Barangay 670
bus 48,606,bus,Barangay 660
bus 48,606,bus,Barangay 659
bus 48,606,bus,Barangay 659-A
bus 48,606,bus,Barangay 384
bus 48,606,bus,Barangay 306
bus 48,606,bus,Barangay 303
bus 48,606,bus,Barangay 674
bus 48,606,bus,Barangay 660-A
bus 48,606,bus,Barangay 664
bus 48,606,bus,Barangay 656
bus 25,607,bus,Barangay 712
bus 25,607,bus,Barangay 709
bus 25,607,bus,Barangay 746
bus 25,607,bus,Barangay 745
bus 25,607,bus,Barangay 725
bus 25,607,bus,Barangay 714
bus 25,607,bus,Barangay 724
bus 25,607,bus,Barangay 723
bus 25,607,bus,Barangay 692
bus 25,607,bus,Barangay 722
bus 25,607,bus,Barangay 691
bus 25,607,bus,Barangay 743
bus 25,607,bus,Barangay 693
bus 25,607,bus,Barangay 689
bus 25,607,bus,Barangay 752
bus 25,607,bus,Barangay 754
bus 25,607,bus,Barangay 753
bus 25,607,bus,Barangay 732
bus 25,607,bus,Barangay 751
bus 25,607,bus,Barangay 744
bus 25,607,bus,Barangay 731
bus 25,607,bus,Barangay 750
bus 25,607,bus,Barangay 739
bus 25,607,bus,Barangay 740
bus 25,607,bus,Barangay 807
bus 25,607,bus,Barangay 806
bus 25,607,bus,Barangay 805
bus 25,607,bus,Barangay 803
bus 25,607,bus,Barangay 802
bus 25,607,bus,Barangay 798
bus 25,607,bus,Barangay 797
bus 25,607,bus,Barangay 796
bus 25,607,bus,Barangay 738
bus 25,607,bus,Barangay 737
bus 25,607,bus,Barangay 799
bus 25,607,bus,Barangay 741
bus 25,607,bus,Barangay 800
bus 25,607,bus,Barangay 736
bus 25,607,bus,Barangay 735
bus 25,607,bus,Barangay 810
bus 25,607,bus,Barangay 734
bus 25,607,bus,Barangay 808
bus 25,607,bus,Barangay 690
bus 25,607,bus,Barangay 742
bus 25,607,bus,Barangay 688
bus 25,607,bus,Barangay 695
bus 25,607,bus,Barangay 686
bus 25,607,bus,Barangay 687
bus 25,607,bus,Barangay 684
bus 25,607,bus,Barangay 679
bus 25,607,bus,Barangay 811
bus 25,607,bus,Barangay 683
bus 25,607,bus,Barangay 685
bus 25,607,bus,Barangay 681
bus 25,607,bus,Barangay 682
bus 25,607,bus,Barangay 815
bus 25,607,bus,Barangay 825
bus 25,607,bus,Laguna
bus 25,607,bus,Muntinlupa
bus 25,607,bus,Taguig
bus 25,607,bus,Makati
bus 25,607,bus,Parañaque
bus 25,607,bus,Pasay
bus 25,607,bus,Barangay 763
bus 25,607,bus,Barangay 767
bus 25,607,bus,Barangay 757
bus 25,607,bus,Barangay 758
bus 25,607,bus,Barangay 760
bus 25,607,bus,Barangay 759
bus 25,607,bus,Barangay 764
bus 25,607,bus,Barangay 749
bus 25,607,bus,Barangay 748
bus 25,607,bus,Barangay 769
bus 25,607,bus,Barangay 747
bus 25,607,bus,Barangay 768
bus 25,607,bus,Barangay 795
bus 25,607,bus,Barangay 794
bus 25,607,bus,Barangay 809
bus 25,607,bus,Barangay 813
bus 25,607,bus,Barangay 666
bus 25,607,bus,Barangay 657
bus 25,607,bus,Barangay 658
bus 25,607,bus,Barangay 654
bus 25,607,bus,Barangay 291
bus 25,607,bus,Barangay 287
bus 25,607,bus,Barangay 707
bus 25,607,bus,Barangay 706
bus 25,607,bus,Barangay 702
bus 25,607,bus,Barangay 703
bus 25,607,bus,Barangay 697
bus 25,607,bus,Barangay 696
bus 25,607,bus,Barangay 694
bus 25,607,bus,Barangay 669
bus 25,607,bus,Barangay 675
bus 25,607,bus,Barangay 676
bus 25,607,bus,Barangay 670
bus 25,607,bus,Barangay 660
bus 25,607,bus,Barangay 659
bus 25,607,bus,Barangay 659-A
bus 25,607,bus,Barangay 384
bus 25,607,bus,Barangay 306
bus 25,607,bus,Barangay 303
bus 25,607,bus,Barangay 674
bus 25,607,bus,Barangay 660-A
bus 25,607,bus,Barangay 664
bus 25,607,bus,Barangay 661
bus 25,607,bus,Barangay 656
bus 24,608,bus,Barangay 718
bus 24,608,bus,Barangay 717
bus 24,608,bus,Barangay 727
bus 24,608,bus,Barangay 716
bus 24,608,bus,Barangay 713
bus 24,608,bus,Barangay 708
bus 24,608,bus,Barangay 726
bus 24,608,bus,Barangay 712
bus 24,608,bus,Barangay 709
bus 24,608,bus,Barangay 729
bus 24,608,bus,Barangay 730
bus 24,608,bus,Barangay 728
bus 24,608,bus,Barangay 725
bus 24,608,bus,Barangay 714
bus 24,608,bus,Barangay 724
bus 24,608,bus,Barangay 723
bus 24,608,bus,Barangay 692
bus 24,608,bus,Barangay 722
bus 24,608,bus,Barangay 691
bus 24,608,bus,Barangay 693
bus 24,608,bus,Barangay 689
bus 24,608,bus,Barangay 690
bus 24,608,bus,Barangay 695
bus 24,608,bus,Muntinlupa
bus 24,608,bus,Taguig
bus 24,608,bus,Makati
bus 24,608,bus,Parañaque
bus 24,608,bus,Pasay
bus 24,608,bus,Barangay 666
bus 24,608,bus,Barangay 657
bus 24,608,bus,Barangay 658
bus 24,608,bus,Barangay 654
bus 24,608,bus,Barangay 291
bus 24,608,bus,Barangay 287
bus 24,608,bus,Barangay 719
bus 24,608,bus,Barangay 720
bus 24,608,bus,Barangay 715
bus 24,608,bus,Barangay 711
bus 24,608,bus,Barangay 710
bus 24,608,bus,Barangay 707
bus 24,608,bus,Barangay 706
bus 24,608,bus,Barangay 702
bus 24,608,bus,Barangay 703
bus 24,608,bus,Barangay 697
bus 24,608,bus,Barangay 696
bus 24,608,bus,Barangay 694
bus 24,608,bus,Barangay 669
bus 24,608,bus,Barangay 675
bus 24,608,bus,Barangay 676
bus 24,608,bus,Barangay 670
bus 24,608,bus,Barangay 660
bus 24,608,bus,Barangay 659
bus 24,608,bus,Barangay 659-A
bus 24,608,bus,Barangay 384
bus 24,608,bus,Barangay 306
bus 24,608,bus,Barangay 303
bus 24,608,bus,Barangay 674
bus 24,608,bus,Barangay 660-A
bus 24,608,bus,Barangay 664
bus 24,608,bus,Barangay 656
bus 24,609,bus,Barangay 718
bus 24,609,bus,Barangay 717
bus 24,609,bus,Barangay 727
bus 24,609,bus,Barangay 716
bus 24,609,bus,Barangay 713
bus 24,609,bus,Barangay 708
bus 24,609,bus,Barangay 726
bus 24,609,bus,Barangay 712
bus 24,609,bus,Barangay 709
bus 24,609,bus,Barangay 729
bus 24,609,bus,Barangay 730
bus 24,609,bus,Barangay 728
bus 24,609,bus,Barangay 733
bus 24,609,bus,Barangay 725
bus 24,609,bus,Barangay 714
bus 24,609,bus,Barangay 724
bus 24,609,bus,Barangay 723
bus 24,609,bus,Barangay 692
bus 24,609,bus,Barangay 722
bus 24,609,bus,Barangay 691
bus 24,609,bus,Barangay 693
bus 24,609,bus,Barangay 689
bus 24,609,bus,Barangay 690
bus 24,609,bus,Barangay 695
bus 24,609,bus,Muntinlupa
bus 24,609,bus,Taguig
bus 24,609,bus,Makati
bus 24,609,bus,Parañaque
bus 24,609,bus,Pasay
bus 24,609,bus,Barangay 666
bus 24,609,bus,Barangay 657
bus 24,609,bus,Barangay 658
bus 24,609,bus,Barangay 654
bus 24,609,bus,Barangay 291
bus 24,609,bus,Barangay 287
bus 24,609,bus,Barangay 719
bus 24,609,bus,Barangay 720
bus 24,609,bus,Barangay 715
bus 24,609,bus,Barangay 711
bus 24,609,bus,Barangay 710
bus 24,609,bus,Barangay 707
bus 24,609,bus,Barangay 706
bus 24,609,bus,Barangay 702
bus 24,609,bus,Barangay 703
bus 24,609,bus,Barangay 697
bus 24,609,bus,Barangay 696
bus 24,609,bus,Barangay 694
bus 24,609,bus,Barangay 669
bus 24,609,bus,Barangay 675
bus 24,609,bus,Barangay 676
bus 24,609,bus,Barangay 670
bus 24,609,bus,Barangay 660
bus 24,609,bus,Barangay 659
bus 24,609,bus,Barangay 659-A
bus 24,609,bus,Barangay 384
bus 24,609,bus,Barangay 306
bus 24,609,bus,Barangay 303
bus 24,609,bus,Barangay 674
bus 24,609,bus,Barangay 660-A
bus 24,609,bus,Barangay 664
bus 24,609,bus,Barangay 661
bus 24,609,bus,Barangay 656
bus 19,610,bus,Barangay 488
bus 19,610,bus,Barangay 487
bus 19,610,bus,Barangay 486
bus 19,610,bus,Barangay 485
bus 19,610,bus,Barangay 511
bus 19,610,bus,Barangay 499
bus 19,610,bus,Barangay 501
bus 19,610,bus,Barangay 500
bus 19,610,bus,Barangay 494
bus 19,610,bus,Barangay 495
bus 19,610,bus,Barangay 492
bus 19,610,bus,Quezon City
bus 19,610,bus,Caloocan
bus 19,610,bus,Barangay 299
bus 19,610,bus,Barangay 294
bus 19,610,bus,Barangay 308
bus 19,610,bus,Barangay 309
bus 19,610,bus,Barangay 301
bus 19,610,bus,Barangay 305
bus 19,610,bus,Barangay 304
bus 19,610,bus,Barangay 310
bus 19,610,bus,Barangay 313
bus 19,610,bus,Barangay 314
bus 19,610,bus,Barangay 395
bus 19,610,bus,Barangay 464
bus 19,610,bus,Barangay 311
bus 19,610,bus,Barangay 260
bus 19,610,bus,Barangay 312
bus 19,610,bus,Barangay 335
bus 19,610,bus,Barangay 329
bus 19,610,bus,Barangay 330
bus 19,610,bus,Barangay 263
bus 19,610,bus,Barangay 316
bus 19,610,bus,Barangay 332
bus 19,610,bus,Barangay 328
bus 19,610,bus,Barangay 261
bus 19,610,bus,Barangay 322
bus 19,610,bus,Barangay 315
bus 19,610,bus,Barangay 319
bus 19,610,bus,Barangay 318
bus 19,610,bus,Barangay 470
bus 19,610,bus,Barangay 471
bus 19,610,bus,Barangay 317
bus 19,610,bus,Barangay 321
bus 19,610,bus,Barangay 333
bus 19,610,bus,Barangay 326
bus 19,610,bus,Barangay 265
bus 19,610,bus,Barangay 320
bus 19,610,bus,Barangay 334
bus 19,610,bus,Barangay 327
bus 19,610,bus,Barangay 324
bus 19,610,bus,Barangay 323
bus 19,610,bus,Barangay 340
bus 19,610,bus,Barangay 342
bus 19,610,bus,Barangay 490
bus 19,610,bus,Barangay 489
bus 19,610,bus,Barangay 338
bus 19,610,bus,Barangay 343
bus 19,610,bus,Barangay 491
bus 19,610,bus,Barangay 341
bus 19,610,bus,Barangay 352
bus 19,610,bus,Barangay 325
bus 19,610,bus,Barangay 339
bus 19,610,bus,Barangay 337
bus 19,610,bus,Barangay 331
bus 19,610,bus,Barangay 336
bus 19,610,bus,Barangay 353
bus 19,610,bus,Barangay 344
bus 19,610,bus,Barangay 482
bus 19,610,bus,Barangay 483
bus 19,610,bus,Barangay 484
bus 19,610,bus,Barangay 350
bus 19,610,bus,Barangay 351
bus 19,610,bus,Barangay 368
bus 19,610,bus,Barangay 497
bus 19,610,bus,Barangay 349
bus 19,610,bus,Barangay 369
bus 19,610,bus,Barangay 371
bus 19,610,bus,Barangay 364
bus 19,610,bus,Barangay 370
bus 19,610,bus,Barangay 367
bus 19,610,bus,Barangay 493
bus 19,610,bus,Barangay 379
bus 19,610,bus,Barangay 376
bus 19,610,bus,Barangay 372
bus 19,610,bus,Manila North Cemetery
bus 19,610,bus,Bulacan
bus 19,610,bus,Malabon
bus 19,610,bus,Valenzuela
bus 19,611,bus,Barangay 488
bus 19,611,bus,Barangay 487
bus 19,611,bus,Barangay 486
bus 19,611,bus,Barangay 485
bus 19,611,bus,Barangay 511
bus 19,611,bus,Barangay 499
bus 19,611,bus,Barangay 501
bus 19,611,bus,Barangay 500
bus 19,611,bus,Barangay 494
bus 19,611,bus,Barangay 495
bus 19,611,bus,Barangay 492
bus 19,611,bus,Quezon City
bus 19,611,bus,Caloocan
bus 19,611,bus,Barangay 299
bus 19,611,bus,Barangay 294
bus 19,611,bus,Barangay 308
bus 19,611,bus,Barangay 309
bus 19,611,bus,Barangay 301
bus 19,611,bus,Barangay 305
bus 19,611,bus,Barangay 304
bus 19,611,bus,Barangay 310
bus 19,611,bus,Barangay 313
bus 19,611,bus,Barangay 314
bus 19,611,bus,Barangay 464
bus 19,611,bus,Barangay 462
bus 19,611,bus,Barangay 468
bus 19,611,bus,Barangay 311
bus 19,611,bus,Barangay 469
bus 19,611,bus,Barangay 260
bus 19,611,bus,Barangay 262
bus 19,611,bus,Barangay 312
bus 19,611,bus,Barangay 335
bus 19,611,bus,Barangay 329
bus 19,611,bus,Barangay 330
bus 19,611,bus,Barangay 263
bus 19,611,bus,Barangay 316
bus 19,611,bus,Barangay 332
bus 19,611,bus,Barangay 328
bus 19,611,bus,Barangay 261
bus 19,611,bus,Barangay 322
bus 19,611,bus,Barangay 463
bus 19,611,bus,Barangay 467
bus 19,611,bus,Barangay 465
bus 19,611,bus,Barangay 315
bus 19,611,bus,Barangay 466
bus 19,611,bus,Barangay 319
bus 19,611,bus,Barangay 318
bus 19,611,bus,Barangay 470
bus 19,611,bus,Barangay 471
bus 19,611,bus,Barangay 317
bus 19,611,bus,Barangay 264
bus 19,611,bus,Barangay 321
bus 19,611,bus,Barangay 333
bus 19,611,bus,Barangay 326
bus 19,611,bus,Barangay 320
bus 19,611,bus,Barangay 324
bus 19,611,bus,Barangay 323
bus 19,611,bus,Barangay 340
bus 19,611,bus,Barangay 342
bus 19,611,bus,Barangay 490
bus 19,611,bus,Barangay 489
bus 19,611,bus,Barangay 338
bus 19,611,bus,Barangay 343
bus 19,611,bus,Barangay 491
bus 19,611,bus,Barangay 341
bus 19,611,bus,Barangay 352
bus 19,611,bus,Barangay 339
bus 19,611,bus,Barangay 337
bus 19,611,bus,Barangay 336
bus 19,611,bus,Barangay 344
bus 19,611,bus,Barangay 346
bus 19,611,bus,Barangay 482
bus 19,611,bus,Barangay 483
bus 19,611,bus,Barangay 484
bus 19,611,bus,Barangay 350
bus 19,611,bus,Barangay 351
bus 19,611,bus,Barangay 368
bus 19,611,bus,Barangay 497
bus 19,611,bus,Barangay 349
bus 19,611,bus,Barangay 369
bus 19,611,bus,Barangay 371
bus 19,611,bus,Barangay 365
bus 19,611,bus,Barangay 363
bus 19,611,bus,Barangay 381
bus 19,611,bus,Barangay 364
bus 19,611,bus,Barangay 370
bus 19,611,bus,Barangay 367
bus 19,611,bus,Barangay 493
bus 19,611,bus,Barangay 379
bus 19,611,bus,Barangay 380
bus 19,611,bus,Barangay 376
bus 19,611,bus,Barangay 377
bus 19,611,bus,Barangay 372
bus 19,611,bus,Manila North Cemetery
bus 19,611,bus,Bulacan
bus 19,611,bus,Malabon
bus 19,611,bus,Valenzuela
bus 16,612,bus,Taguig
bus 16,612,bus,Makati
bus 16,612,bus,Pasig
bus 16,612,bus,Pasay
bus 16,612,bus,Quezon City
bus 16,613,bus,Taguig
bus 16,613,bus,Makati
bus 16,613,bus,Pasig
bus 16,613,bus,Pasay
bus 16,613,bus,Quezon City
bus 9,614,bus,Quezon City
bus 9,614,bus,Caloocan
bus 9,614,bus,Bulacan
bus 9,614,bus,Malabon
bus 9,614,bus,Valenzuela
bus 8,615,bus,Quezon City
bus 8,615,bus,Caloocan
bus 8,615,bus,Barangay 296
bus 8,615,bus,Barangay 292
bus 8,615,bus,Barangay 294
bus 8,615,bus,Barangay 260
bus 8,615,bus,Barangay 266
bus 8,615,bus,Barangay 240
bus 8,615,bus,Barangay 247
bus 8,615,bus,Barangay 259
bus 8,615,bus,Barangay 242
bus 8,615,bus,Barangay 245
bus 8,615,bus,Barangay 262
bus 8,615,bus,Barangay 238
bus 8,615,bus,Barangay 248
bus 8,615,bus,Barangay 275
bus 8,615,bus,Barangay 274
bus 8,615,bus,Barangay 12
bus 8,615,bus,Barangay 11
bus 8,615,bus,Barangay 16
bus 8,615,bus,Barangay 14
bus 8,615,bus,Barangay 273
bus 8,615,bus,Barangay 272
bus 8,615,bus,Barangay 276
bus 8,615,bus,Barangay 270
bus 8,615,bus,Barangay 271
bus 8,615,bus,Barangay 269
bus 8,615,bus,Barangay 293
bus 8,615,bus,Barangay 268
bus 8,615,bus,Barangay 1
bus 8,615,bus,Barangay 15
bus 8,615,bus,Barangay 13
bus 8,615,bus,Barangay 32
bus 8,615,bus,Barangay 25
bus 8,615,bus,Barangay 26
bus 8,615,bus,Barangay 2
bus 8,615,bus,Barangay 3
bus 8,615,bus,Barangay 10
bus 8,615,bus,Barangay 7
bus 8,615,bus,Barangay 49
bus 8,615,bus,Barangay 9
bus 8,615,bus,Barangay 4
bus 8,615,bus,"Tutuban Mall (Claimed by Five Barangays of Tondo, Manila)"
bus 8,615,bus,Barangay 48
bus 8,615,bus,Barangay 8
bus 8,615,bus,Barangay 250
bus 8,615,bus,Barangay 257
bus 8,615,bus,Barangay 246
bus 8,615,bus,Barangay 244
bus 8,615,bus,Barangay 243
bus 8,615,bus,Barangay 254
bus 8,615,bus,Barangay 258
bus 8,615,bus,Barangay 241
bus 8,615,bus,Barangay 239
bus 8,615,bus,Barangay 253
bus 8,615,bus,Barangay 263
bus 8,615,bus,Barangay 264
bus 8,615,bus,Barangay 267
bus 8,615,bus,Barangay 255
bus 8,615,bus,Barangay 331
bus 8,615,bus,Barangay 353
bus 8,615,bus,Barangay 355
bus 8,615,bus,Barangay 354
bus 8,615,bus,Barangay 361
bus 8,615,bus,Barangay 362
bus 8,615,bus,Barangay 360
bus 8,615,bus,Barangay 359
bus 8,615,bus,Barangay 220
bus 8,615,bus,Barangay 219
bus 8,615,bus,Barangay 209
bus 8,615,bus,Barangay 210
bus 8,615,bus,Barangay 212
bus 8,615,bus,Barangay 213
bus 8,615,bus,Barangay 217
bus 8,615,bus,Barangay 214
bus 8,615,bus,Barangay 215
bus 8,615,bus,Barangay 204
bus 8,615,bus,Barangay 203
bus 8,615,bus,Barangay 211
bus 8,615,bus,Barangay 207
bus 8,615,bus,Barangay 208
bus 8,615,bus,Barangay 206
bus 8,615,bus,Barangay 373
bus 8,615,bus,Barangay 374
bus 8,615,bus,Barangay 201
bus 8,615,bus,Barangay 202-A
bus 8,615,bus,Barangay 252
bus 8,615,bus,Barangay 251
bus 8,615,bus,Barangay 237
bus 8,615,bus,Barangay 235
bus 8,615,bus,Barangay 236
bus 8,615,bus,Barangay 256
bus 8,615,bus,Barangay 249
bus 8,615,bus,Barangay 234
bus 8,615,bus,Barangay 233
bus 8,615,bus,Barangay 225
bus 8,615,bus,Barangay 226
bus 8,615,bus,Barangay 229
bus 8,615,bus,Barangay 230
bus 8,615,bus,Barangay 232
bus 8,615,bus,Barangay 222
bus 8,615,bus,Barangay 223
bus 8,615,bus,Barangay 231
bus 8,615,bus,Barangay 221
bus 8,615,bus,Barangay 224
bus 8,615,bus,Barangay 228
bus 8,615,bus,Barangay 227
bus 8,615,bus,Barangay 218
bus 8,615,bus,Barangay 216
bus 8,615,bus,Barangay 205
bus 8,615,bus,Barangay 198
bus 8,615,bus,Barangay 202
bus 8,615,bus,Barangay 197
bus 8,615,bus,Barangay 195
bus 8,615,bus,Barangay 193
bus 8,615,bus,Barangay 196
bus 8,615,bus,Barangay 194
bus 8,615,bus,Barangay 188
bus 8,615,bus,Barangay 187
bus 8,615,bus,Barangay 189
bus 8,615,bus,Barangay 191
bus 8,615,bus,Barangay 190
bus 8,615,bus,Barangay 192
bus 8,615,bus,Manila North Cemetery
bus 8,615,bus,Bulacan
bus 8,615,bus,Malabon
bus 8,615,bus,Barangay 199
bus 8,615,bus,Valenzuela
bus T209,616,bus,Pasig
bus T209,616,bus,Marikina
bus T209,616,bus,Quezon City
bus 217,617,bus,Pateros
bus 217,617,bus,Makati
bus 217,617,bus,Pasig
bus 217,617,bus,Mandaluyong
bus 3144,618,bus,Barangay 693
bus 3144,618,bus,Barangay 689
bus 3144,618,bus,Barangay 786
bus 3144,618,bus,Barangay 800
bus 3144,618,bus,Barangay 810
bus 3144,618,bus,Barangay 734
bus 3144,618,bus,Barangay 808
bus 3144,618,bus,Barangay 690
bus 3144,618,bus,Barangay 688
bus 3144,618,bus,Barangay 695
bus 3144,618,bus,Barangay 686
bus 3144,618,bus,Barangay 687
bus 3144,618,bus,Barangay 684
bus 3144,618,bus,Barangay 673
bus 3144,618,bus,Barangay 679
bus 3144,618,bus,Barangay 671
bus 3144,618,bus,Barangay 811
bus 3144,618,bus,Barangay 683
bus 3144,618,bus,Barangay 685
bus 3144,618,bus,Barangay 681
bus 3144,618,bus,Barangay 682
bus 3144,618,bus,Barangay 680
bus 3144,618,bus,Barangay 824
bus 3144,618,bus,Barangay 678
bus 3144,618,bus,Barangay 814
bus 3144,618,bus,Barangay 815
bus 3144,618,bus,Barangay 820
bus 3144,618,bus,Barangay 825
bus 3144,618,bus,Barangay 818
bus 3144,618,bus,Barangay 871
bus 3144,618,bus,Barangay 874
bus 3144,618,bus,Barangay 777
bus 3144,618,bus,Barangay 795
bus 3144,618,bus,Barangay 794
bus 3144,618,bus,Barangay 784
bus 3144,618,bus,Barangay 809
bus 3144,618,bus,Barangay 787
bus 3144,618,bus,Barangay 813
bus 3144,618,bus,Barangay 812
bus 3144,618,bus,Barangay 788
bus 3144,618,bus,Barangay 817
bus 3144,618,bus,Barangay 816
bus 3144,618,bus,Barangay 790
bus 3144,618,bus,Barangay 781
bus 3144,618,bus,Barangay 791
bus 3144,618,bus,Barangay 789
bus 3144,618,bus,Barangay 792
bus 3144,618,bus,Barangay 878
bus 3144,618,bus,Barangay 793
bus 3144,618,bus,Barangay 877
bus 3144,618,bus,Barangay 819
bus 3144,618,bus,Barangay 869
bus 3144,618,bus,Barangay 875
bus 3144,618,bus,Barangay 883
bus 3144,618,bus,Barangay 873
bus 3144,618,bus,Barangay 884
bus 3144,618,bus,Barangay 876
bus 3144,618,bus,Barangay 879
bus 3144,618,bus,Barangay 885
bus 3144,618,bus,Barangay 886
bus 3144,618,bus,Barangay 887
bus 3144,618,bus,Barangay 889
bus 3144,618,bus,Barangay 880
bus 3144,618,bus,Barangay 818-A
bus 3144,618,bus,Barangay 870
bus 3144,618,bus,Barangay 866
bus 3144,618,bus,Barangay 905
bus 3144,618,bus,Barangay 900
bus 3144,618,bus,Mandaluyong
bus 3144,618,bus,Barangay 888
bus 3144,618,bus,Barangay 890
bus 3144,618,bus,Barangay 891
bus 3144,618,bus,Barangay 892
bus 3144,618,bus,Barangay 896
bus 3144,618,bus,Barangay 897
bus 3144,618,bus,Barangay 894
bus 3144,618,bus,Barangay 895
bus 3144,618,bus,Barangay 625
bus 3144,618,bus,Barangay 623
bus 3144,618,bus,Barangay 620
bus 3144,618,bus,Barangay 893
bus 3144,618,bus,Barangay 618
bus 3144,618,bus,Barangay 609
bus 3144,618,bus,Barangay 608
bus 3144,618,bus,Barangay 677
bus 3144,618,bus,Barangay 697
bus 3144,618,bus,Barangay 696
bus 3144,618,bus,Barangay 694
bus 3144,618,bus,Barangay 669
bus 3144,618,bus,Barangay 675
bus 3144,618,bus,Barangay 676
bus 295,619,bus,Quezon City
bus T2112,620,bus,Quezon City
bus T2112,621,bus,Quezon City
bus T2127,622,bus,Quezon City
bus T2128,623,bus,Quezon City
bus T2127,624,bus,Quezon City
bus T2127,625,bus,Quezon City
bus T2116,626,bus,Quezon City
bus T2116,627,bus,Quezon City
bus 295,628,bus,Quezon City
bus T280,629,bus,Quezon City
bus 203,630,bus,Marikina
bus 203,630,bus,Quezon City
bus T259,631,bus,Quezon City
bus T259,632,bus,Quezon City
bus 222,633,bus,Quezon City
bus 222,634,bus,Quezon City
bus 220,635,bus,Quezon City
bus 220,636,bus,Quezon City
bus 110,637,bus,Quezon City
bus 2117,638,bus,Makati
bus 2117,638,bus,Pasig
bus 2117,638,bus,Mandaluyong
bus 2117,638,bus,Barangay 893
bus 2117,638,bus,Barangay 618
bus 2117,638,bus,Barangay 608
bus 2117,638,bus,Barangay 617
bus 2117,638,bus,Barangay 610
bus 2117,638,bus,Barangay 614
bus 2117,638,bus,Barangay 607
bus 2117,638,bus,Barangay 613
bus 2117,638,bus,Barangay 616
bus 2117,638,bus,Barangay 604
bus 2117,638,bus,Barangay 612
bus 2117,638,bus,Barangay 606
bus 2117,638,bus,Barangay 615
bus 2117,638,bus,Barangay 636
bus 2117,638,bus,Barangay 635
bus 2117,638,bus,Barangay 633
bus 2117,638,bus,Barangay 632
bus 2117,638,bus,Barangay 634
bus 2117,638,bus,Barangay 418
bus 2117,638,bus,Barangay 611
bus 2117,638,bus,Barangay 605
bus 2117,638,bus,Barangay 621
bus 2117,638,bus,Barangay 602
bus 2117,638,bus,Barangay 603
bus 2117,638,bus,Barangay 630
bus 2117,638,bus,Barangay 601
bus 2117,638,bus,Barangay 590
bus 2117,638,bus,Barangay 600
bus 2117,638,bus,Barangay 589
bus 2117,638,bus,Barangay 591
bus 2117,638,bus,Barangay 599
bus 2117,638,bus,Barangay 598
bus 2117,638,bus,Barangay 592
bus 2117,638,bus,Barangay 588
bus 2117,638,bus,Barangay 597
bus 2117,638,bus,Barangay 587
bus 2117,638,bus,Barangay 593
bus 2117,638,bus,Barangay 596
bus 2117,638,bus,Barangay 587-A
bus 2117,638,bus,Barangay 628
bus 2117,638,bus,Barangay 631
bus 2117,638,bus,Barangay 626
bus 2117,638,bus,Barangay 629
bus 2117,638,bus,Barangay 627
bus 2117,638,bus,Barangay 426
bus 2117,638,bus,Barangay 579
bus 2117,638,bus,Barangay 427
bus 2117,638,bus,Barangay 578
bus 2117,638,bus,Barangay 428
bus 2117,638,bus,Barangay 425
bus 2117,638,bus,Barangay 424
bus 2117,638,bus,Barangay 417
bus 2117,638,bus,Barangay 421
bus 2117,638,bus,Barangay 423
bus 2117,638,bus,Barangay 422
bus 2117,638,bus,Barangay 580
bus 2117,638,bus,Barangay 570
bus 2117,638,bus,Barangay 569
bus 2117,638,bus,Barangay 571
bus 2117,638,bus,Barangay 576
bus 2117,638,bus,Barangay 645
bus 2117,638,bus,Barangay 644
bus 2117,638,bus,Barangay 643
bus 2117,638,bus,Barangay 642
bus 2117,638,bus,Barangay 641
bus 2117,638,bus,Barangay 638
bus 2117,638,bus,Barangay 640
bus 2117,638,bus,Barangay 637
bus 2117,638,bus,Barangay 412
bus 2117,638,bus,Barangay 416
bus 2117,638,bus,Barangay 413
bus 2117,638,bus,Barangay 403
bus 2117,638,bus,Barangay 402
bus 2117,638,bus,Barangay 414
bus 2117,638,bus,Barangay 415
bus 2117,638,bus,Barangay 400
bus 2117,638,bus,Barangay 407
bus 2117,638,bus,Barangay 401
bus 2117,638,bus,Barangay 410
bus 2117,638,bus,Barangay 420
bus 2117,638,bus,Barangay 409
bus 2117,638,bus,Barangay 411
bus 2117,638,bus,Barangay 419
bus 2117,638,bus,Barangay 408
bus 2117,638,bus,Barangay 433
bus 2117,638,bus,Barangay 435
bus 2117,638,bus,Barangay 405
bus 2117,638,bus,San Juan
bus 2117,638,bus,Barangay 595
bus 2117,638,bus,Barangay 594
bus 2117,638,bus,Barangay 585
bus 2117,638,bus,Barangay 586
bus 2117,638,bus,Barangay 581
bus 2117,638,bus,Quezon City
bus 2117,638,bus,Barangay 384
bus 2117,638,bus,Barangay 306
bus 2117,638,bus,Barangay 646
bus 2117,638,bus,Barangay 647
bus 2117,638,bus,Barangay 648
bus 2117,638,bus,Barangay 386
bus 2117,638,bus,Barangay 385
bus 2117,638,bus,Barangay 387
bus 2117,638,bus,Barangay 383
bus 2117,638,bus,Barangay 388
bus 2117,638,bus,Barangay 389
bus 2117,638,bus,Barangay 393
bus 2117,638,bus,Barangay 390
bus 2117,638,bus,Barangay 394
bus 2117,638,bus,Barangay 391
bus 2117,638,bus,Barangay 307
bus 2117,638,bus,Barangay 404
bus 2125,639,bus,Barangay 621
bus 2125,639,bus,Barangay 630
bus 2125,639,bus,Barangay 590
bus 2125,639,bus,Barangay 589
bus 2125,639,bus,Barangay 591
bus 2125,639,bus,Barangay 592
bus 2125,639,bus,Barangay 588
bus 2125,639,bus,Barangay 597
bus 2125,639,bus,Barangay 587
bus 2125,639,bus,Barangay 593
bus 2125,639,bus,Barangay 596
bus 2125,639,bus,Barangay 587-A
bus 2125,639,bus,Barangay 628
bus 2125,639,bus,Barangay 629
bus 2125,639,bus,Barangay 579
bus 2125,639,bus,Barangay 578
bus 2125,639,bus,San Juan
bus 2125,639,bus,Barangay 595
bus 2125,639,bus,Barangay 594
bus 2125,639,bus,Barangay 585
bus 2125,639,bus,Barangay 586
bus 2125,639,bus,Barangay 581
bus 2125,639,bus,Marikina
bus 2125,639,bus,Quezon City
bus 2125,640,bus,Barangay 621
bus 2125,640,bus,Barangay 603
bus 2125,640,bus,Barangay 630
bus 2125,640,bus,Barangay 590
bus 2125,640,bus,Barangay 600
bus 2125,640,bus,Barangay 589
bus 2125,640,bus,Barangay 591
bus 2125,640,bus,Barangay 599
bus 2125,640,bus,Barangay 598
bus 2125,640,bus,Barangay 592
bus 2125,640,bus,Barangay 588
bus 2125,640,bus,Barangay 597
bus 2125,640,bus,Barangay 587
bus 2125,640,bus,Barangay 593
bus 2125,640,bus,Barangay 596
bus 2125,640,bus,Barangay 587-A
bus 2125,640,bus,Barangay 628
bus 2125,640,bus,Barangay 629
bus 2125,640,bus,San Juan
bus 2125,640,bus,Barangay 595
bus 2125,640,bus,Barangay 594
bus 2125,640,bus,Barangay 585
bus 2125,640,bus,Barangay 586
bus 2125,640,bus,Barangay 581
bus 2125,640,bus,Marikina
bus 2125,640,bus,Quezon City
bus 2116,641,bus,Barangay 619
bus 2116,641,bus,Barangay 614
bus 2116,641,bus,Barangay 616
bus 2116,641,bus,Barangay 612
bus 2116,641,bus,Barangay 615
bus 2116,641,bus,Barangay 611
bus 2116,641,bus,Barangay 605
bus 2116,641,bus,Barangay 621
bus 2116,641,bus,Barangay 603
bus 2116,641,bus,Barangay 630
bus 2116,641,bus,Barangay 601
bus 2116,641,bus,Barangay 590
bus 2116,641,bus,Barangay 600
bus 2116,641,bus,Barangay 589
bus 2116,641,bus,Barangay 591
bus 2116,641,bus,Barangay 599
bus 2116,641,bus,Barangay 598
bus 2116,641,bus,Barangay 592
bus 2116,641,bus,Barangay 588
bus 2116,641,bus,Barangay 597
bus 2116,641,bus,Barangay 587
bus 2116,641,bus,Barangay 593
bus 2116,641,bus,Barangay 596
bus 2116,641,bus,Barangay 587-A
bus 2116,641,bus,Barangay 628
bus 2116,641,bus,Barangay 629
bus 2116,641,bus,San Juan
bus 2116,641,bus,Barangay 595
bus 2116,641,bus,Barangay 594
bus 2116,641,bus,Barangay 585
bus 2116,641,bus,Barangay 586
bus 2116,641,bus,Barangay 581
bus 2116,641,bus,Marikina
bus 2116,641,bus,Quezon City
bus 2116,642,bus,Barangay 621
bus 2116,642,bus,Barangay 603
bus 2116,642,bus,Barangay 630
bus 2116,642,bus,Barangay 590
bus 2116,642,bus,Barangay 600
bus 2116,642,bus,Barangay 589
bus 2116,642,bus,Barangay 591
bus 2116,642,bus,Barangay 599
bus 2116,642,bus,Barangay 598
bus 2116,642,bus,Barangay 592
bus 2116,642,bus,Barangay 588
bus 2116,642,bus,Barangay 597
bus 2116,642,bus,Barangay 587
bus 2116,642,bus,Barangay 593
bus 2116,642,bus,Barangay 596
bus 2116,642,bus,Barangay 587-A
bus 2116,642,bus,Barangay 628
bus 2116,642,bus,Barangay 629
bus 2116,642,bus,San Juan
bus 2116,642,bus,Barangay 595
bus 2116,642,bus,Barangay 594
bus 2116,642,bus,Barangay 585
bus 2116,642,bus,Barangay 586
bus 2116,642,bus,Barangay 581
bus 2116,642,bus,Marikina
bus 2116,642,bus,Quezon City
bus 2120,643,bus,Quezon City
bus 2120,644,bus,Quezon City
bus 3167,645,bus,Parañaque
bus 3167,645,bus,Pasay
bus 3167,646,bus,Parañaque
bus 3167,646,bus,Pasay
bus 3176,647,bus,Makati
bus 3176,647,bus,Pasay
bus 3176,648,bus,Makati
bus 3176,648,bus,Pasay
bus: Evangelista–Libertad,649,bus,Makati
bus: Evangelista–Libertad,649,bus,Pasay
bus: Evangelista–Libertad,650,bus,Makati
bus: Evangelista–Libertad,650,bus,Pasay
bus PTX–LPB,651,bus,Laguna
bus PTX–LPB,651,bus,Muntinlupa
bus PTX–LPB,651,bus,Taguig
bus PTX–LPB,651,bus,Makati
bus PTX–LPB,651,bus,Parañaque
bus PTX–LPB,651,bus,Pasay
bus PITX-LPBT,652,bus,Laguna
bus PITX-LPBT,652,bus,Muntinlupa
bus PITX-LPBT,652,bus,Taguig
bus PITX-LPBT,652,bus,Makati
bus PITX-LPBT,652,bus,Parañaque
bus PITX-LPBT,652,bus,Pasay
bus PITX-DVOC,653,bus,Laguna
bus PITX-DVOC,653,bus,Muntinlupa
bus PITX-DVOC,653,bus,Taguig
bus PITX-DVOC,653,bus,Parañaque
bus PITX-DVOC,653,bus,Pasay
bus PITX-DVOC,654,bus,Laguna
bus PITX-DVOC,654,bus,Muntinlupa
bus PITX-DVOC,654,bus,Taguig
bus PITX-DVOC,654,bus,Parañaque
bus PITX-DVOC,654,bus,Pasay
bus 66,655,bus,Taguig
bus 66,655,bus,Pasig
bus 66,655,bus,Parañaque
bus 66,655,bus,Pasay
bus 66,656,bus,Taguig
bus 66,656,bus,Pasig
bus 66,656,bus,Parañaque
bus 66,656,bus,Pasay
bus 59,657,bus,Laguna
bus 59,657,bus,Muntinlupa
bus 59,657,bus,Taguig
bus 59,657,bus,Makati
bus 59,657,bus,Pasig
bus 59,657,bus,Parañaque
bus 59,657,bus,Pasay
bus 59,657,bus,Marikina
bus 59,657,bus,Quezon City
bus 59,658,bus,Laguna
bus 59,658,bus,Muntinlupa
bus 59,658,bus,Taguig
bus 59,658,bus,Makati
bus 59,658,bus,Pasig
bus 59,658,bus,Parañaque
bus 59,658,bus,Pasay
bus 59,658,bus,Marikina
bus 59,658,bus,Quezon City
bus 55,659,bus,Las Piñas
bus 55,659,bus,Parañaque
bus 55,660,bus,Las Piñas
bus 55,660,bus,Parañaque
bus PITX-LCNA,661,bus,Laguna
bus PITX-LCNA,661,bus,Muntinlupa
bus PITX-LCNA,661,bus,Taguig
bus PITX-LCNA,661,bus,Makati
bus PITX-LCNA,661,bus,Parañaque
bus PITX-LCNA,661,bus,Pasay
bus PITX-LCNA,662,bus,Laguna
bus PITX-LCNA,662,bus,Muntinlupa
bus PITX-LCNA,662,bus,Taguig
bus PITX-LCNA,662,bus,Makati
bus PITX-LCNA,662,bus,Parañaque
bus PITX-LCNA,662,bus,Pasay
bus T437,663,bus,Las Piñas
bus T437,663,bus,Muntinlupa
bus T437,663,bus,Parañaque
bus T437,663,bus,Pasay
bus T437,664,bus,Las Piñas
bus T437,664,bus,Muntinlupa
bus T437,664,bus,Parañaque
bus T437,664,bus,Pasay
bus 342,665,bus,Quezon City
bus 112,666,bus,Quezon City
bus 112,666,bus,Caloocan
bus 112,666,bus,Bulacan
bus 112,666,bus,Malabon
bus 112,666,bus,Valenzuela
bus 112,667,bus,Quezon City
bus 112,667,bus,Caloocan
bus 112,667,bus,Bulacan
bus 112,667,bus,Malabon
bus 112,667,bus,Valenzuela
bus 3162,668,bus,Caloocan
bus 3162,668,bus,Barangay 292
bus 3162,668,bus,Barangay 240
bus 3162,668,bus,Barangay 247
bus 3162,668,bus,Barangay 259
bus 3162,668,bus,Barangay 242
bus 3162,668,bus,Barangay 245
bus 3162,668,bus,Barangay 271
bus 3162,668,bus,Barangay 269
bus 3162,668,bus,Barangay 293
bus 3162,668,bus,Barangay 268
bus 3162,668,bus,Barangay 5
bus 3162,668,bus,Barangay 2
bus 3162,668,bus,Barangay 3
bus 3162,668,bus,Barangay 10
bus 3162,668,bus,Barangay 7
bus 3162,668,bus,Barangay 49
bus 3162,668,bus,Barangay 9
bus 3162,668,bus,Barangay 4
bus 3162,668,bus,"Tutuban Mall (Claimed by Five Barangays of Tondo, Manila)"
bus 3162,668,bus,Barangay 48
bus 3162,668,bus,Barangay 8
bus 3162,668,bus,Barangay 47
bus 3162,668,bus,Barangay 71
bus 3162,668,bus,Barangay 6
bus 3162,668,bus,Barangay 64
bus 3162,668,bus,Barangay 56
bus 3162,668,bus,Barangay 57
bus 3162,668,bus,Barangay 51
bus 3162,668,bus,Barangay 62
bus 3162,668,bus,Barangay 63
bus 3162,668,bus,Barangay 58
bus 3162,668,bus,Barangay 59
bus 3162,668,bus,Barangay 65
bus 3162,668,bus,Barangay 217
bus 3162,668,bus,Barangay 164
bus 3162,668,bus,Barangay 214
bus 3162,668,bus,Barangay 165
bus 3162,668,bus,Barangay 162
bus 3162,668,bus,Barangay 204
bus 3162,668,bus,Barangay 161
bus 3162,668,bus,Barangay 203
bus 3162,668,bus,Barangay 75
bus 3162,668,bus,Barangay 50
bus 3162,668,bus,Barangay 60
bus 3162,668,bus,Barangay 52
bus 3162,668,bus,Barangay 78
bus 3162,668,bus,Barangay 76
bus 3162,668,bus,Barangay 53
bus 3162,668,bus,Barangay 88
bus 3162,668,bus,Barangay 77
bus 3162,668,bus,Barangay 61
bus 3162,668,bus,Barangay 54
bus 3162,668,bus,Barangay 90
bus 3162,668,bus,Barangay 89
bus 3162,668,bus,Barangay 55
bus 3162,668,bus,Barangay 86
bus 3162,668,bus,Barangay 87
bus 3162,668,bus,Barangay 156
bus 3162,668,bus,Barangay 91
bus 3162,668,bus,Barangay 151
bus 3162,668,bus,Barangay 154
bus 3162,668,bus,Barangay 159
bus 3162,668,bus,Barangay 157
bus 3162,668,bus,Barangay 160
bus 3162,668,bus,Barangay 155
bus 3162,668,bus,Barangay 152
bus 3162,668,bus,Barangay 218
bus 3162,668,bus,Barangay 163
bus 3162,668,bus,Barangay 149
bus 3162,668,bus,Barangay 158
bus 3162,668,bus,Barangay 150
bus 3162,668,bus,Barangay 153
bus 3162,668,bus,Barangay 147
bus 3162,668,bus,Barangay 148
bus 3162,668,bus,Barangay 167
bus 3162,668,bus,Barangay 169
bus 3162,668,bus,Barangay 166
bus 3162,668,bus,Barangay 168
bus 3162,668,bus,Barangay 174
bus 3162,668,bus,Barangay 176
bus 3162,668,bus,Barangay 173
bus 3162,668,bus,Barangay 175
bus 3162,668,bus,Barangay 180
bus 3162,668,bus,Barangay 185
bus 3162,668,bus,Barangay 179
bus 3162,668,bus,Barangay 181
bus 3162,668,bus,Barangay 198
bus 3162,668,bus,Barangay 186
bus 3162,668,bus,Barangay 183
bus 3162,668,bus,Barangay 200
bus 3162,668,bus,Barangay 178
bus 3162,668,bus,Barangay 184
bus 3162,668,bus,Barangay 194
bus 3162,668,bus,Barangay 182
bus 3162,668,bus,Barangay 177
bus 3162,668,bus,Malabon
bus 3162,668,bus,Barangay 199
bus 3162,668,bus,Valenzuela
bus 3162,669,bus,Caloocan
bus 3162,669,bus,Barangay 296
bus 3162,669,bus,Barangay 292
bus 3162,669,bus,Barangay 294
bus 3162,669,bus,Barangay 260
bus 3162,669,bus,Barangay 266
bus 3162,669,bus,Barangay 240
bus 3162,669,bus,Barangay 247
bus 3162,669,bus,Barangay 259
bus 3162,669,bus,Barangay 242
bus 3162,669,bus,Barangay 245
bus 3162,669,bus,Barangay 262
bus 3162,669,bus,Barangay 238
bus 3162,669,bus,Barangay 248
bus 3162,669,bus,Barangay 269
bus 3162,669,bus,Barangay 293
bus 3162,669,bus,Barangay 268
bus 3162,669,bus,Barangay 10
bus 3162,669,bus,Barangay 7
bus 3162,669,bus,Barangay 49
bus 3162,669,bus,Barangay 9
bus 3162,669,bus,"Tutuban Mall (Claimed by Five Barangays of Tondo, Manila)"
bus 3162,669,bus,Barangay 48
bus 3162,669,bus,Barangay 8
bus 3162,669,bus,Barangay 56
bus 3162,669,bus,Barangay 51
bus 3162,669,bus,Barangay 58
bus 3162,669,bus,Barangay 250
bus 3162,669,bus,Barangay 246
bus 3162,669,bus,Barangay 244
bus 3162,669,bus,Barangay 243
bus 3162,669,bus,Barangay 254
bus 3162,669,bus,Barangay 241
bus 3162,669,bus,Barangay 239
bus 3162,669,bus,Barangay 263
bus 3162,669,bus,Barangay 217
bus 3162,669,bus,Barangay 164
bus 3162,669,bus,Barangay 214
bus 3162,669,bus,Barangay 165
bus 3162,669,bus,Barangay 162
bus 3162,669,bus,Barangay 204
bus 3162,669,bus,Barangay 161
bus 3162,669,bus,Barangay 203
bus 3162,669,bus,Barangay 50
bus 3162,669,bus,Barangay 60
bus 3162,669,bus,Barangay 52
bus 3162,669,bus,Barangay 53
bus 3162,669,bus,Barangay 61
bus 3162,669,bus,Barangay 237
bus 3162,669,bus,Barangay 235
bus 3162,669,bus,Barangay 236
bus 3162,669,bus,Barangay 234
bus 3162,669,bus,Barangay 54
bus 3162,669,bus,Barangay 233
bus 3162,669,bus,Barangay 55
bus 3162,669,bus,Barangay 156
bus 3162,669,bus,Barangay 91
bus 3162,669,bus,Barangay 151
bus 3162,669,bus,Barangay 154
bus 3162,669,bus,Barangay 230
bus 3162,669,bus,Barangay 232
bus 3162,669,bus,Barangay 222
bus 3162,669,bus,Barangay 159
bus 3162,669,bus,Barangay 157
bus 3162,669,bus,Barangay 231
bus 3162,669,bus,Barangay 160
bus 3162,669,bus,Barangay 221
bus 3162,669,bus,Barangay 155
bus 3162,669,bus,Barangay 228
bus 3162,669,bus,Barangay 227
bus 3162,669,bus,Barangay 152
bus 3162,669,bus,Barangay 218
bus 3162,669,bus,Barangay 163
bus 3162,669,bus,Barangay 149
bus 3162,669,bus,Barangay 158
bus 3162,669,bus,Barangay 150
bus 3162,669,bus,Barangay 153
bus 3162,669,bus,Barangay 147
bus 3162,669,bus,Barangay 148
bus 3162,669,bus,Barangay 167
bus 3162,669,bus,Barangay 169
bus 3162,669,bus,Barangay 166
bus 3162,669,bus,Barangay 168
bus 3162,669,bus,Barangay 174
bus 3162,669,bus,Barangay 176
bus 3162,669,bus,Barangay 173
bus 3162,669,bus,Barangay 175
bus 3162,669,bus,Barangay 180
bus 3162,669,bus,Barangay 185
bus 3162,669,bus,Barangay 179
bus 3162,669,bus,Barangay 181
bus 3162,669,bus,Barangay 198
bus 3162,669,bus,Barangay 186
bus 3162,669,bus,Barangay 183
bus 3162,669,bus,Barangay 200
bus 3162,669,bus,Barangay 178
bus 3162,669,bus,Barangay 184
bus 3162,669,bus,Barangay 194
bus 3162,669,bus,Barangay 182
bus 3162,669,bus,Barangay 177
bus 3162,669,bus,Malabon
bus 3162,669,bus,Barangay 199
bus 3162,669,bus,Valenzuela
bus 423,670,bus,Las Piñas
bus 423,670,bus,Muntinlupa
bus 423,670,bus,Parañaque
bus 423,670,bus,Pasay
bus 423,671,bus,Las Piñas
bus 423,671,bus,Muntinlupa
bus 423,671,bus,Parañaque
bus 423,671,bus,Pasay
bus T430,672,bus,Las Piñas
bus T430,672,bus,Muntinlupa
bus T430,672,bus,Parañaque
bus T430,672,bus,Pasay
bus T430,673,bus,Las Piñas
bus T430,673,bus,Muntinlupa
bus T430,673,bus,Parañaque
bus T430,673,bus,Pasay
bus T431,674,bus,Las Piñas
bus T431,674,bus,Muntinlupa
bus T431,674,bus,Parañaque
bus T431,674,bus,Pasay
bus T431,674,bus,Cavite
bus T431,675,bus,Las Piñas
bus T431,675,bus,Muntinlupa
bus T431,675,bus,Parañaque
bus T431,675,bus,Pasay
bus T431,675,bus,Cavite
bus 2115,676,bus,Barangay 636
bus 2115,676,bus,Barangay 635
bus 2115,676,bus,Barangay 633
bus 2115,676,bus,Barangay 632
bus 2115,676,bus,Barangay 634
bus 2115,676,bus,Barangay 418
bus 2115,676,bus,Barangay 630
bus 2115,676,bus,Barangay 591
bus 2115,676,bus,Barangay 592
bus 2115,676,bus,Barangay 588
bus 2115,676,bus,Barangay 597
bus 2115,676,bus,Barangay 587
bus 2115,676,bus,Barangay 593
bus 2115,676,bus,Barangay 596
bus 2115,676,bus,Barangay 587-A
bus 2115,676,bus,Barangay 628
bus 2115,676,bus,Barangay 631
bus 2115,676,bus,Barangay 626
bus 2115,676,bus,Barangay 629
bus 2115,676,bus,Barangay 627
bus 2115,676,bus,Barangay 426
bus 2115,676,bus,Barangay 579
bus 2115,676,bus,Barangay 427
bus 2115,676,bus,Barangay 578
bus 2115,676,bus,Barangay 428
bus 2115,676,bus,Barangay 425
bus 2115,676,bus,Barangay 424
bus 2115,676,bus,Barangay 417
bus 2115,676,bus,Barangay 421
bus 2115,676,bus,Barangay 423
bus 2115,676,bus,Barangay 422
bus 2115,676,bus,Barangay 580
bus 2115,676,bus,Barangay 570
bus 2115,676,bus,Barangay 569
bus 2115,676,bus,Barangay 571
bus 2115,676,bus,Barangay 576
bus 2115,676,bus,Barangay 641
bus 2115,676,bus,Barangay 638
bus 2115,676,bus,Barangay 639
bus 2115,676,bus,Barangay 640
bus 2115,676,bus,Barangay 637
bus 2115,676,bus,Barangay 412
bus 2115,676,bus,Barangay 416
bus 2115,676,bus,Barangay 413
bus 2115,676,bus,Barangay 403
bus 2115,676,bus,Barangay 402
bus 2115,676,bus,Barangay 414
bus 2115,676,bus,Barangay 415
bus 2115,676,bus,Barangay 400
bus 2115,676,bus,Barangay 407
bus 2115,676,bus,Barangay 401
bus 2115,676,bus,Barangay 410
bus 2115,676,bus,Barangay 420
bus 2115,676,bus,Barangay 409
bus 2115,676,bus,Barangay 411
bus 2115,676,bus,Barangay 419
bus 2115,676,bus,Barangay 408
bus 2115,676,bus,Barangay 433
bus 2115,676,bus,Barangay 435
bus 2115,676,bus,Barangay 405
bus 2115,676,bus,San Juan
bus 2115,676,bus,Barangay 595
bus 2115,676,bus,Barangay 594
bus 2115,676,bus,Barangay 585
bus 2115,676,bus,Barangay 586
bus 2115,676,bus,Barangay 581
bus 2115,676,bus,Marikina
bus 2115,676,bus,Quezon City
bus 2115,676,bus,Barangay 303
bus 2115,676,bus,Barangay 388
bus 2115,676,bus,Barangay 389
bus 2115,676,bus,Barangay 393
bus 2115,676,bus,Barangay 390
bus 2115,676,bus,Barangay 394
bus 2115,676,bus,Barangay 391
bus 2115,676,bus,Barangay 392
bus 2115,676,bus,Barangay 302
bus 2115,676,bus,Barangay 300
bus 2115,676,bus,Barangay 299
bus 2115,676,bus,Barangay 294
bus 2115,676,bus,Barangay 307
bus 2115,676,bus,Barangay 308
bus 2115,676,bus,Barangay 309
bus 2115,676,bus,Barangay 301
bus 2115,676,bus,Barangay 305
bus 2115,676,bus,Barangay 304
bus 2115,676,bus,Barangay 310
bus 2115,676,bus,Barangay 313
bus 2115,676,bus,Barangay 314
bus 2115,676,bus,Barangay 404
bus 2115,676,bus,Barangay 395
bus 2115,676,bus,Barangay 396
bus 2115,676,bus,Barangay 464
bus 2115,676,bus,Barangay 462
bus 2115,676,bus,Barangay 311
bus 2115,676,bus,Barangay 260
bus 2115,676,bus,Barangay 262
bus 2115,676,bus,Barangay 312
bus 2115,676,bus,Barangay 335
bus 2115,676,bus,Barangay 329
bus 2115,676,bus,Barangay 330
bus 2115,676,bus,Barangay 263
bus 2115,676,bus,Barangay 316
bus 2115,676,bus,Barangay 332
bus 2115,676,bus,Barangay 328
bus 2115,676,bus,Barangay 261
bus 2115,676,bus,Barangay 315
bus 2115,677,bus,Barangay 636
bus 2115,677,bus,Barangay 635
bus 2115,677,bus,Barangay 633
bus 2115,677,bus,Barangay 632
bus 2115,677,bus,Barangay 634
bus 2115,677,bus,Barangay 418
bus 2115,677,bus,Barangay 630
bus 2115,677,bus,Barangay 591
bus 2115,677,bus,Barangay 592
bus 2115,677,bus,Barangay 588
bus 2115,677,bus,Barangay 597
bus 2115,677,bus,Barangay 587
bus 2115,677,bus,Barangay 593
bus 2115,677,bus,Barangay 596
bus 2115,677,bus,Barangay 587-A
bus 2115,677,bus,Barangay 628
bus 2115,677,bus,Barangay 631
bus 2115,677,bus,Barangay 626
bus 2115,677,bus,Barangay 629
bus 2115,677,bus,Barangay 627
bus 2115,677,bus,Barangay 426
bus 2115,677,bus,Barangay 579
bus 2115,677,bus,Barangay 427
bus 2115,677,bus,Barangay 578
bus 2115,677,bus,Barangay 428
bus 2115,677,bus,Barangay 425
bus 2115,677,bus,Barangay 424
bus 2115,677,bus,Barangay 417
bus 2115,677,bus,Barangay 421
bus 2115,677,bus,Barangay 423
bus 2115,677,bus,Barangay 422
bus 2115,677,bus,Barangay 580
bus 2115,677,bus,Barangay 570
bus 2115,677,bus,Barangay 569
bus 2115,677,bus,Barangay 571
bus 2115,677,bus,Barangay 576
bus 2115,677,bus,Barangay 641
bus 2115,677,bus,Barangay 638
bus 2115,677,bus,Barangay 640
bus 2115,677,bus,Barangay 637
bus 2115,677,bus,Barangay 412
bus 2115,677,bus,Barangay 416
bus 2115,677,bus,Barangay 413
bus 2115,677,bus,Barangay 403
bus 2115,677,bus,Barangay 402
bus 2115,677,bus,Barangay 414
bus 2115,677,bus,Barangay 415
bus 2115,677,bus,Barangay 400
bus 2115,677,bus,Barangay 407
bus 2115,677,bus,Barangay 401
bus 2115,677,bus,Barangay 410
bus 2115,677,bus,Barangay 420
bus 2115,677,bus,Barangay 409
bus 2115,677,bus,Barangay 411
bus 2115,677,bus,Barangay 419
bus 2115,677,bus,Barangay 408
bus 2115,677,bus,Barangay 433
bus 2115,677,bus,Barangay 435
bus 2115,677,bus,Barangay 405
bus 2115,677,bus,San Juan
bus 2115,677,bus,Barangay 595
bus 2115,677,bus,Barangay 594
bus 2115,677,bus,Barangay 585
bus 2115,677,bus,Barangay 586
bus 2115,677,bus,Barangay 581
bus 2115,677,bus,Marikina
bus 2115,677,bus,Quezon City
bus 2115,677,bus,Barangay 303
bus 2115,677,bus,Barangay 388
bus 2115,677,bus,Barangay 389
bus 2115,677,bus,Barangay 393
bus 2115,677,bus,Barangay 390
bus 2115,677,bus,Barangay 394
bus 2115,677,bus,Barangay 391
bus 2115,677,bus,Barangay 392
bus 2115,677,bus,Barangay 307
bus 2115,677,bus,Barangay 308
bus 2115,677,bus,Barangay 309
bus 2115,677,bus,Barangay 301
bus 2115,677,bus,Barangay 305
bus 2115,677,bus,Barangay 304
bus 2115,677,bus,Barangay 310
bus 2115,677,bus,Barangay 313
bus 2115,677,bus,Barangay 314
bus 2115,677,bus,Barangay 404
bus 2115,677,bus,Barangay 395
bus 2115,677,bus,Barangay 396
bus 2115,677,bus,Barangay 399
bus 2115,677,bus,Barangay 464
bus 2115,677,bus,Barangay 462
bus 2115,677,bus,Barangay 311
bus 2115,677,bus,Barangay 312
bus 2115,677,bus,Barangay 335
bus 2115,677,bus,Barangay 329
bus 2115,677,bus,Barangay 316
bus 2115,677,bus,Barangay 315
bus 212,678,bus,Pasig
bus 212,678,bus,Marikina
bus 212,678,bus,Quezon City
bus 212,679,bus,Pasig
bus 212,679,bus,Marikina
bus 212,679,bus,Quezon City
bus 201,680,bus,Muntinlupa
bus 201,680,bus,Taguig
bus 201,680,bus,Pateros
bus 201,680,bus,Makati
bus 201,680,bus,Pasig
bus 201,681,bus,Muntinlupa
bus 201,681,bus,Taguig
bus 201,681,bus,Pateros
bus 201,681,bus,Makati
bus 201,681,bus,Pasig
bus T434,682,bus,Las Piñas
bus T434,682,bus,Parañaque
bus T434,682,bus,Pasay
bus T434,682,bus,Cavite
bus T434,683,bus,Las Piñas
bus T434,683,bus,Parañaque
bus T434,683,bus,Pasay
bus T434,683,bus,Cavite
bus 328,684,bus,Makati
bus 328,684,bus,Mandaluyong
bus 328,684,bus,Barangay 892
bus 328,684,bus,Barangay 895
bus 328,684,bus,Barangay 620
bus 328,684,bus,Barangay 893
bus 328,684,bus,Barangay 618
bus 328,684,bus,Barangay 609
bus 328,684,bus,Barangay 608
bus 328,684,bus,Barangay 617
bus 328,684,bus,Barangay 607
bus 328,684,bus,Barangay 604
bus 328,684,bus,Barangay 602
bus 328,684,bus,San Juan
bus PSAY-BGIO,685,bus,Barangay 756
bus PSAY-BGIO,685,bus,Barangay 761
bus PSAY-BGIO,685,bus,Barangay 746
bus PSAY-BGIO,685,bus,Barangay 745
bus PSAY-BGIO,685,bus,Barangay 752
bus PSAY-BGIO,685,bus,Barangay 754
bus PSAY-BGIO,685,bus,Barangay 753
bus PSAY-BGIO,685,bus,Barangay 732
bus PSAY-BGIO,685,bus,Barangay 751
bus PSAY-BGIO,685,bus,Barangay 731
bus PSAY-BGIO,685,bus,Barangay 750
bus PSAY-BGIO,685,bus,Barangay 739
bus PSAY-BGIO,685,bus,Barangay 740
bus PSAY-BGIO,685,bus,Barangay 807
bus PSAY-BGIO,685,bus,Barangay 806
bus PSAY-BGIO,685,bus,Barangay 805
bus PSAY-BGIO,685,bus,Barangay 803
bus PSAY-BGIO,685,bus,Barangay 802
bus PSAY-BGIO,685,bus,Barangay 798
bus PSAY-BGIO,685,bus,Barangay 797
bus PSAY-BGIO,685,bus,Barangay 796
bus PSAY-BGIO,685,bus,Barangay 738
bus PSAY-BGIO,685,bus,Barangay 737
bus PSAY-BGIO,685,bus,Barangay 799
bus PSAY-BGIO,685,bus,Barangay 741
bus PSAY-BGIO,685,bus,Barangay 800
bus PSAY-BGIO,685,bus,Barangay 736
bus PSAY-BGIO,685,bus,Barangay 735
bus PSAY-BGIO,685,bus,Barangay 810
bus PSAY-BGIO,685,bus,Barangay 734
bus PSAY-BGIO,685,bus,Barangay 808
bus PSAY-BGIO,685,bus,Barangay 742
bus PSAY-BGIO,685,bus,Barangay 686
bus PSAY-BGIO,685,bus,Barangay 684
bus PSAY-BGIO,685,bus,Barangay 679
bus PSAY-BGIO,685,bus,Barangay 811
bus PSAY-BGIO,685,bus,Barangay 683
bus PSAY-BGIO,685,bus,Barangay 685
bus PSAY-BGIO,685,bus,Barangay 681
bus PSAY-BGIO,685,bus,Barangay 682
bus PSAY-BGIO,685,bus,Barangay 680
bus PSAY-BGIO,685,bus,Barangay 824
bus PSAY-BGIO,685,bus,Barangay 821
bus PSAY-BGIO,685,bus,Barangay 678
bus PSAY-BGIO,685,bus,Barangay 822
bus PSAY-BGIO,685,bus,Barangay 814
bus PSAY-BGIO,685,bus,Barangay 815
bus PSAY-BGIO,685,bus,Barangay 820
bus PSAY-BGIO,685,bus,Barangay 825
bus PSAY-BGIO,685,bus,Barangay 818
bus PSAY-BGIO,685,bus,Barangay 871
bus PSAY-BGIO,685,bus,Barangay 872
bus PSAY-BGIO,685,bus,Barangay 823
bus PSAY-BGIO,685,bus,Barangay 853
bus PSAY-BGIO,685,bus,Barangay 852
bus PSAY-BGIO,685,bus,Barangay 849
bus PSAY-BGIO,685,bus,Barangay 851
bus PSAY-BGIO,685,bus,Barangay 855
bus PSAY-BGIO,685,bus,Barangay 850
bus PSAY-BGIO,685,bus,Barangay 857
bus PSAY-BGIO,685,bus,Barangay 841
bus PSAY-BGIO,685,bus,Barangay 842
bus PSAY-BGIO,685,bus,Barangay 856
bus PSAY-BGIO,685,bus,Barangay 858
bus PSAY-BGIO,685,bus,Barangay 844
bus PSAY-BGIO,685,bus,Makati
bus PSAY-BGIO,685,bus,Pasay
bus PSAY-BGIO,685,bus,Barangay 763
bus PSAY-BGIO,685,bus,Barangay 757
bus PSAY-BGIO,685,bus,Barangay 758
bus PSAY-BGIO,685,bus,Barangay 760
bus PSAY-BGIO,685,bus,Barangay 759
bus PSAY-BGIO,685,bus,Barangay 764
bus PSAY-BGIO,685,bus,Barangay 749
bus PSAY-BGIO,685,bus,Barangay 748
bus PSAY-BGIO,685,bus,Barangay 769
bus PSAY-BGIO,685,bus,Barangay 747
bus PSAY-BGIO,685,bus,Barangay 768
bus PSAY-BGIO,685,bus,Barangay 795
bus PSAY-BGIO,685,bus,Barangay 809
bus PSAY-BGIO,685,bus,Barangay 813
bus PSAY-BGIO,685,bus,Barangay 812
bus PSAY-BGIO,685,bus,Barangay 817
bus PSAY-BGIO,685,bus,Barangay 816
bus PSAY-BGIO,685,bus,Barangay 819
bus PSAY-BGIO,685,bus,Barangay 818-A
bus PSAY-BGIO,685,bus,Barangay 870
bus PSAY-BGIO,685,bus,Barangay 866
bus PSAY-BGIO,685,bus,Barangay 867
bus PSAY-BGIO,685,bus,Barangay 868
bus PSAY-BGIO,685,bus,Barangay 905
bus PSAY-BGIO,685,bus,Barangay 903
bus PSAY-BGIO,685,bus,Barangay 902
bus PSAY-BGIO,685,bus,Barangay 864
bus PSAY-BGIO,685,bus,Mandaluyong
bus PSAY-BGIO,685,bus,Barangay 888
bus PSAY-BGIO,685,bus,Barangay 890
bus PSAY-BGIO,685,bus,Barangay 891
bus PSAY-BGIO,685,bus,Barangay 901
bus PSAY-BGIO,685,bus,Barangay 899
bus PSAY-BGIO,685,bus,Barangay 892
bus PSAY-BGIO,685,bus,Barangay 896
bus PSAY-BGIO,685,bus,Barangay 897
bus PSAY-BGIO,685,bus,Barangay 898
bus PSAY-BGIO,685,bus,Barangay 894
bus PSAY-BGIO,685,bus,Barangay 895
bus PSAY-BGIO,685,bus,Barangay 625
bus PSAY-BGIO,685,bus,Barangay 623
bus PSAY-BGIO,685,bus,Barangay 620
bus PSAY-BGIO,685,bus,Barangay 624
bus PSAY-BGIO,685,bus,Barangay 893
bus PSAY-BGIO,685,bus,Barangay 859
bus PSAY-BGIO,685,bus,Barangay 862
bus PSAY-BGIO,685,bus,Barangay 865
bus PSAY-BGIO,685,bus,Barangay 860
bus PSAY-BGIO,685,bus,Barangay 863
bus PSAY-BGIO,685,bus,Barangay 861
bus PSAY-BGIO,685,bus,Barangay 835
bus PSAY-BGIO,685,bus,Barangay 622
bus PSAY-BGIO,685,bus,Barangay 839
bus PSAY-BGIO,685,bus,Barangay 618
bus PSAY-BGIO,685,bus,Barangay 840
bus PSAY-BGIO,685,bus,Barangay 609
bus PSAY-BGIO,685,bus,Barangay 608
bus PSAY-BGIO,685,bus,Barangay 619
bus PSAY-BGIO,685,bus,Barangay 837
bus PSAY-BGIO,685,bus,Barangay 617
bus PSAY-BGIO,685,bus,Barangay 838
bus PSAY-BGIO,685,bus,Barangay 610
bus PSAY-BGIO,685,bus,Barangay 614
bus PSAY-BGIO,685,bus,Barangay 607
bus PSAY-BGIO,685,bus,Barangay 616
bus PSAY-BGIO,685,bus,Barangay 604
bus PSAY-BGIO,685,bus,Barangay 612
bus PSAY-BGIO,685,bus,Barangay 606
bus PSAY-BGIO,685,bus,Barangay 602
bus PSAY-BGIO,685,bus,Barangay 601
bus PSAY-BGIO,685,bus,Barangay 600
bus PSAY-BGIO,685,bus,Barangay 599
bus PSAY-BGIO,685,bus,Barangay 598
bus PSAY-BGIO,685,bus,Barangay 597
bus PSAY-BGIO,685,bus,Barangay 596
bus PSAY-BGIO,685,bus,San Juan
bus PSAY-BGIO,685,bus,Barangay 595
bus PSAY-BGIO,685,bus,Barangay 594
bus PSAY-BGIO,685,bus,Barangay 586
bus PSAY-BGIO,685,bus,Quezon City
bus PSAY-BGIO,685,bus,Caloocan
bus PSAY-BGIO,685,bus,Bulacan
bus PSAY-BGIO,685,bus,Malabon
bus PSAY-BGIO,685,bus,Valenzuela
bus PSAY-BGIO,686,bus,Barangay 761
bus PSAY-BGIO,686,bus,Barangay 746
bus PSAY-BGIO,686,bus,Barangay 745
bus PSAY-BGIO,686,bus,Barangay 752
bus PSAY-BGIO,686,bus,Barangay 754
bus PSAY-BGIO,686,bus,Barangay 753
bus PSAY-BGIO,686,bus,Barangay 732
bus PSAY-BGIO,686,bus,Barangay 751
bus PSAY-BGIO,686,bus,Barangay 731
bus PSAY-BGIO,686,bus,Barangay 750
bus PSAY-BGIO,686,bus,Barangay 739
bus PSAY-BGIO,686,bus,Barangay 740
bus PSAY-BGIO,686,bus,Barangay 807
bus PSAY-BGIO,686,bus,Barangay 806
bus PSAY-BGIO,686,bus,Barangay 805
bus PSAY-BGIO,686,bus,Barangay 803
bus PSAY-BGIO,686,bus,Barangay 802
bus PSAY-BGIO,686,bus,Barangay 798
bus PSAY-BGIO,686,bus,Barangay 797
bus PSAY-BGIO,686,bus,Barangay 796
bus PSAY-BGIO,686,bus,Barangay 738
bus PSAY-BGIO,686,bus,Barangay 737
bus PSAY-BGIO,686,bus,Barangay 799
bus PSAY-BGIO,686,bus,Barangay 741
bus PSAY-BGIO,686,bus,Barangay 800
bus PSAY-BGIO,686,bus,Barangay 736
bus PSAY-BGIO,686,bus,Barangay 735
bus PSAY-BGIO,686,bus,Barangay 810
bus PSAY-BGIO,686,bus,Barangay 734
bus PSAY-BGIO,686,bus,Barangay 808
bus PSAY-BGIO,686,bus,Barangay 742
bus PSAY-BGIO,686,bus,Barangay 686
bus PSAY-BGIO,686,bus,Barangay 684
bus PSAY-BGIO,686,bus,Barangay 679
bus PSAY-BGIO,686,bus,Barangay 811
bus PSAY-BGIO,686,bus,Barangay 683
bus PSAY-BGIO,686,bus,Barangay 685
bus PSAY-BGIO,686,bus,Barangay 681
bus PSAY-BGIO,686,bus,Barangay 682
bus PSAY-BGIO,686,bus,Barangay 680
bus PSAY-BGIO,686,bus,Barangay 824
bus PSAY-BGIO,686,bus,Barangay 821
bus PSAY-BGIO,686,bus,Barangay 678
bus PSAY-BGIO,686,bus,Barangay 822
bus PSAY-BGIO,686,bus,Barangay 814
bus PSAY-BGIO,686,bus,Barangay 815
bus PSAY-BGIO,686,bus,Barangay 820
bus PSAY-BGIO,686,bus,Barangay 825
bus PSAY-BGIO,686,bus,Barangay 818
bus PSAY-BGIO,686,bus,Barangay 871
bus PSAY-BGIO,686,bus,Barangay 872
bus PSAY-BGIO,686,bus,Barangay 823
bus PSAY-BGIO,686,bus,Barangay 853
bus PSAY-BGIO,686,bus,Barangay 852
bus PSAY-BGIO,686,bus,Barangay 849
bus PSAY-BGIO,686,bus,Barangay 851
bus PSAY-BGIO,686,bus,Barangay 855
bus PSAY-BGIO,686,bus,Barangay 850
bus PSAY-BGIO,686,bus,Barangay 857
bus PSAY-BGIO,686,bus,Barangay 841
bus PSAY-BGIO,686,bus,Barangay 842
bus PSAY-BGIO,686,bus,Barangay 856
bus PSAY-BGIO,686,bus,Barangay 858
bus PSAY-BGIO,686,bus,Barangay 844
bus PSAY-BGIO,686,bus,Makati
bus PSAY-BGIO,686,bus,Pasay
bus PSAY-BGIO,686,bus,Barangay 763
bus PSAY-BGIO,686,bus,Barangay 757
bus PSAY-BGIO,686,bus,Barangay 758
bus PSAY-BGIO,686,bus,Barangay 760
bus PSAY-BGIO,686,bus,Barangay 759
bus PSAY-BGIO,686,bus,Barangay 764
bus PSAY-BGIO,686,bus,Barangay 749
bus PSAY-BGIO,686,bus,Barangay 748
bus PSAY-BGIO,686,bus,Barangay 769
bus PSAY-BGIO,686,bus,Barangay 747
bus PSAY-BGIO,686,bus,Barangay 768
bus PSAY-BGIO,686,bus,Barangay 795
bus PSAY-BGIO,686,bus,Barangay 794
bus PSAY-BGIO,686,bus,Barangay 809
bus PSAY-BGIO,686,bus,Barangay 813
bus PSAY-BGIO,686,bus,Barangay 812
bus PSAY-BGIO,686,bus,Barangay 817
bus PSAY-BGIO,686,bus,Barangay 816
bus PSAY-BGIO,686,bus,Barangay 819
bus PSAY-BGIO,686,bus,Barangay 818-A
bus PSAY-BGIO,686,bus,Barangay 870
bus PSAY-BGIO,686,bus,Barangay 866
bus PSAY-BGIO,686,bus,Barangay 867
bus PSAY-BGIO,686,bus,Barangay 868
bus PSAY-BGIO,686,bus,Barangay 905
bus PSAY-BGIO,686,bus,Barangay 903
bus PSAY-BGIO,686,bus,Barangay 902
bus PSAY-BGIO,686,bus,Barangay 864
bus PSAY-BGIO,686,bus,Mandaluyong
bus PSAY-BGIO,686,bus,Barangay 888
bus PSAY-BGIO,686,bus,Barangay 890
bus PSAY-BGIO,686,bus,Barangay 891
bus PSAY-BGIO,686,bus,Barangay 901
bus PSAY-BGIO,686,bus,Barangay 899
bus PSAY-BGIO,686,bus,Barangay 892
bus PSAY-BGIO,686,bus,Barangay 896
bus PSAY-BGIO,686,bus,Barangay 897
bus PSAY-BGIO,686,bus,Barangay 898
bus PSAY-BGIO,686,bus,Barangay 894
bus PSAY-BGIO,686,bus,Barangay 895
bus PSAY-BGIO,686,bus,Barangay 625
bus PSAY-BGIO,686,bus,Barangay 623
bus PSAY-BGIO,686,bus,Barangay 620
bus PSAY-BGIO,686,bus,Barangay 624
bus PSAY-BGIO,686,bus,Barangay 893
bus PSAY-BGIO,686,bus,Barangay 859
bus PSAY-BGIO,686,bus,Barangay 862
bus PSAY-BGIO,686,bus,Barangay 865
bus PSAY-BGIO,686,bus,Barangay 860
bus PSAY-BGIO,686,bus,Barangay 863
bus PSAY-BGIO,686,bus,Barangay 861
bus PSAY-BGIO,686,bus,Barangay 835
bus PSAY-BGIO,686,bus,Barangay 622
bus PSAY-BGIO,686,bus,Barangay 839
bus PSAY-BGIO,686,bus,Barangay 618
bus PSAY-BGIO,686,bus,Barangay 840
bus PSAY-BGIO,686,bus,Barangay 609
bus PSAY-BGIO,686,bus,Barangay 608
bus PSAY-BGIO,686,bus,Barangay 619
bus PSAY-BGIO,686,bus,Barangay 837
bus PSAY-BGIO,686,bus,Barangay 617
bus PSAY-BGIO,686,bus,Barangay 838
bus PSAY-BGIO,686,bus,Barangay 614
bus PSAY-BGIO,686,bus,Barangay 607
bus PSAY-BGIO,686,bus,Barangay 616
bus PSAY-BGIO,686,bus,Barangay 604
bus PSAY-BGIO,686,bus,Barangay 612
bus PSAY-BGIO,686,bus,Barangay 606
bus PSAY-BGIO,686,bus,Barangay 602
bus PSAY-BGIO,686,bus,Barangay 601
bus PSAY-BGIO,686,bus,Barangay 600
bus PSAY-BGIO,686,bus,Barangay 599
bus PSAY-BGIO,686,bus,Barangay 598
bus PSAY-BGIO,686,bus,Barangay 597
bus PSAY-BGIO,686,bus,Barangay 596
bus PSAY-BGIO,686,bus,San Juan
bus PSAY-BGIO,686,bus,Barangay 595
bus PSAY-BGIO,686,bus,Barangay 594
bus PSAY-BGIO,686,bus,Barangay 586
bus PSAY-BGIO,686,bus,Quezon City
bus PSAY-BGIO,686,bus,Caloocan
bus PSAY-BGIO,686,bus,Bulacan
bus PSAY-BGIO,686,bus,Malabon
bus PSAY-BGIO,686,bus,Valenzuela
bus CBAO-BGIO,687,bus,Quezon City
bus CBAO-BGIO,687,bus,Caloocan
bus CBAO-BGIO,687,bus,Bulacan
bus CBAO-BGIO,687,bus,Malabon
bus CBAO-BGIO,687,bus,Valenzuela
bus PITX-OLON,688,bus,Barangay 718
bus PITX-OLON,688,bus,Barangay 717
bus PITX-OLON,688,bus,Barangay 716
bus PITX-OLON,688,bus,Barangay 713
bus PITX-OLON,688,bus,Barangay 708
bus PITX-OLON,688,bus,Barangay 712
bus PITX-OLON,688,bus,Barangay 709
bus PITX-OLON,688,bus,Barangay 725
bus PITX-OLON,688,bus,Barangay 714
bus PITX-OLON,688,bus,Barangay 724
bus PITX-OLON,688,bus,Barangay 723
bus PITX-OLON,688,bus,Barangay 692
bus PITX-OLON,688,bus,Barangay 722
bus PITX-OLON,688,bus,Barangay 691
bus PITX-OLON,688,bus,Barangay 743
bus PITX-OLON,688,bus,Barangay 693
bus PITX-OLON,688,bus,Barangay 689
bus PITX-OLON,688,bus,Barangay 744
bus PITX-OLON,688,bus,Barangay 731
bus PITX-OLON,688,bus,Barangay 740
bus PITX-OLON,688,bus,Barangay 738
bus PITX-OLON,688,bus,Barangay 737
bus PITX-OLON,688,bus,Barangay 741
bus PITX-OLON,688,bus,Barangay 800
bus PITX-OLON,688,bus,Barangay 736
bus PITX-OLON,688,bus,Barangay 735
bus PITX-OLON,688,bus,Barangay 810
bus PITX-OLON,688,bus,Barangay 734
bus PITX-OLON,688,bus,Barangay 808
bus PITX-OLON,688,bus,Barangay 690
bus PITX-OLON,688,bus,Barangay 742
bus PITX-OLON,688,bus,Barangay 688
bus PITX-OLON,688,bus,Barangay 695
bus PITX-OLON,688,bus,Barangay 686
bus PITX-OLON,688,bus,Barangay 687
bus PITX-OLON,688,bus,Barangay 684
bus PITX-OLON,688,bus,Barangay 679
bus PITX-OLON,688,bus,Barangay 811
bus PITX-OLON,688,bus,Barangay 683
bus PITX-OLON,688,bus,Barangay 685
bus PITX-OLON,688,bus,Barangay 681
bus PITX-OLON,688,bus,Barangay 682
bus PITX-OLON,688,bus,Barangay 680
bus PITX-OLON,688,bus,Barangay 824
bus PITX-OLON,688,bus,Barangay 821
bus PITX-OLON,688,bus,Barangay 822
bus PITX-OLON,688,bus,Barangay 814
bus PITX-OLON,688,bus,Barangay 815
bus PITX-OLON,688,bus,Barangay 820
bus PITX-OLON,688,bus,Barangay 825
bus PITX-OLON,688,bus,Barangay 818
bus PITX-OLON,688,bus,Barangay 871
bus PITX-OLON,688,bus,Barangay 872
bus PITX-OLON,688,bus,Barangay 823
bus PITX-OLON,688,bus,Barangay 853
bus PITX-OLON,688,bus,Barangay 852
bus PITX-OLON,688,bus,Barangay 849
bus PITX-OLON,688,bus,Barangay 851
bus PITX-OLON,688,bus,Barangay 855
bus PITX-OLON,688,bus,Barangay 850
bus PITX-OLON,688,bus,Barangay 857
bus PITX-OLON,688,bus,Barangay 841
bus PITX-OLON,688,bus,Barangay 842
bus PITX-OLON,688,bus,Barangay 856
bus PITX-OLON,688,bus,Barangay 858
bus PITX-OLON,688,bus,Barangay 844
bus PITX-OLON,688,bus,Parañaque
bus PITX-OLON,688,bus,Pasay
bus PITX-OLON,688,bus,Barangay 809
bus PITX-OLON,688,bus,Barangay 813
bus PITX-OLON,688,bus,Barangay 812
bus PITX-OLON,688,bus,Barangay 817
bus PITX-OLON,688,bus,Barangay 816
bus PITX-OLON,688,bus,Barangay 819
bus PITX-OLON,688,bus,Barangay 818-A
bus PITX-OLON,688,bus,Barangay 870
bus PITX-OLON,688,bus,Barangay 866
bus PITX-OLON,688,bus,Barangay 867
bus PITX-OLON,688,bus,Barangay 868
bus PITX-OLON,688,bus,Barangay 864
bus PITX-OLON,688,bus,Barangay 859
bus PITX-OLON,688,bus,Barangay 862
bus PITX-OLON,688,bus,Barangay 863
bus PITX-OLON,688,bus,Barangay 848
bus PITX-OLON,688,bus,Barangay 834
bus PITX-OLON,688,bus,Barangay 833
bus PITX-OLON,688,bus,Barangay 845
bus PITX-OLON,688,bus,Barangay 846
bus PITX-OLON,688,bus,Barangay 847
bus PITX-OLON,688,bus,Barangay 832
bus PITX-OLON,688,bus,Barangay 636
bus PITX-OLON,688,bus,Barangay 635
bus PITX-OLON,688,bus,Barangay 633
bus PITX-OLON,688,bus,Barangay 632
bus PITX-OLON,688,bus,Barangay 634
bus PITX-OLON,688,bus,Barangay 418
bus PITX-OLON,688,bus,Barangay 630
bus PITX-OLON,688,bus,Barangay 592
bus PITX-OLON,688,bus,Barangay 593
bus PITX-OLON,688,bus,Barangay 628
bus PITX-OLON,688,bus,Barangay 631
bus PITX-OLON,688,bus,Barangay 626
bus PITX-OLON,688,bus,Barangay 629
bus PITX-OLON,688,bus,Barangay 627
bus PITX-OLON,688,bus,Barangay 426
bus PITX-OLON,688,bus,Barangay 579
bus PITX-OLON,688,bus,Barangay 427
bus PITX-OLON,688,bus,Barangay 578
bus PITX-OLON,688,bus,Barangay 428
bus PITX-OLON,688,bus,Barangay 425
bus PITX-OLON,688,bus,Barangay 424
bus PITX-OLON,688,bus,Barangay 417
bus PITX-OLON,688,bus,Barangay 421
bus PITX-OLON,688,bus,Barangay 423
bus PITX-OLON,688,bus,Barangay 422
bus PITX-OLON,688,bus,Barangay 437
bus PITX-OLON,688,bus,Barangay 446
bus PITX-OLON,688,bus,Barangay 445
bus PITX-OLON,688,bus,Barangay 551
bus PITX-OLON,688,bus,Barangay 580
bus PITX-OLON,688,bus,Barangay 570
bus PITX-OLON,688,bus,Barangay 569
bus PITX-OLON,688,bus,Barangay 571
bus PITX-OLON,688,bus,Barangay 576
bus PITX-OLON,688,bus,Barangay 572
bus PITX-OLON,688,bus,Barangay 574
bus PITX-OLON,688,bus,Barangay 575
bus PITX-OLON,688,bus,Barangay 573
bus PITX-OLON,688,bus,Barangay 567
bus PITX-OLON,688,bus,Barangay 577
bus PITX-OLON,688,bus,Barangay 549
bus PITX-OLON,688,bus,Barangay 826
bus PITX-OLON,688,bus,Barangay 843
bus PITX-OLON,688,bus,Barangay 831
bus PITX-OLON,688,bus,Barangay 829
bus PITX-OLON,688,bus,Barangay 830
bus PITX-OLON,688,bus,Barangay 640
bus PITX-OLON,688,bus,Barangay 637
bus PITX-OLON,688,bus,Barangay 410
bus PITX-OLON,688,bus,Barangay 420
bus PITX-OLON,688,bus,Barangay 409
bus PITX-OLON,688,bus,Barangay 411
bus PITX-OLON,688,bus,Barangay 419
bus PITX-OLON,688,bus,Barangay 436
bus PITX-OLON,688,bus,Barangay 439
bus PITX-OLON,688,bus,Barangay 438
bus PITX-OLON,688,bus,Barangay 448
bus PITX-OLON,688,bus,Barangay 440
bus PITX-OLON,688,bus,Barangay 449
bus PITX-OLON,688,bus,Barangay 443
bus PITX-OLON,688,bus,Barangay 447
bus PITX-OLON,688,bus,Barangay 444
bus PITX-OLON,688,bus,Barangay 546
bus PITX-OLON,688,bus,Barangay 550
bus PITX-OLON,688,bus,Barangay 544
bus PITX-OLON,688,bus,Barangay 545
bus PITX-OLON,688,bus,Barangay 552
bus PITX-OLON,688,bus,Barangay 553
bus PITX-OLON,688,bus,Barangay 542
bus PITX-OLON,688,bus,Barangay 554
bus PITX-OLON,688,bus,Barangay 548
bus PITX-OLON,688,bus,Barangay 476
bus PITX-OLON,688,bus,Barangay 475
bus PITX-OLON,688,bus,Barangay 477
bus PITX-OLON,688,bus,Barangay 472
bus PITX-OLON,688,bus,Barangay 441
bus PITX-OLON,688,bus,Barangay 442
bus PITX-OLON,688,bus,Barangay 453
bus PITX-OLON,688,bus,Barangay 543
bus PITX-OLON,688,bus,Barangay 452
bus PITX-OLON,688,bus,Barangay 451
bus PITX-OLON,688,bus,Barangay 450
bus PITX-OLON,688,bus,Barangay 521
bus PITX-OLON,688,bus,Barangay 522
bus PITX-OLON,688,bus,Barangay 523
bus PITX-OLON,688,bus,Barangay 473
bus PITX-OLON,688,bus,Barangay 524
bus PITX-OLON,688,bus,Barangay 503
bus PITX-OLON,688,bus,Barangay 502
bus PITX-OLON,688,bus,Barangay 517
bus PITX-OLON,688,bus,Barangay 504
bus PITX-OLON,688,bus,Barangay 519
bus PITX-OLON,688,bus,Barangay 520
bus PITX-OLON,688,bus,Barangay 505
bus PITX-OLON,688,bus,Barangay 474
bus PITX-OLON,688,bus,Barangay 488
bus PITX-OLON,688,bus,Barangay 507
bus PITX-OLON,688,bus,Barangay 487
bus PITX-OLON,688,bus,Barangay 486
bus PITX-OLON,688,bus,Barangay 506
bus PITX-OLON,688,bus,Barangay 509
bus PITX-OLON,688,bus,Barangay 485
bus PITX-OLON,688,bus,Barangay 508
bus PITX-OLON,688,bus,Barangay 511
bus PITX-OLON,688,bus,Barangay 514
bus PITX-OLON,688,bus,Barangay 510
bus PITX-OLON,688,bus,Barangay 499
bus PITX-OLON,688,bus,Barangay 518
bus PITX-OLON,688,bus,Barangay 501
bus PITX-OLON,688,bus,Barangay 500
bus PITX-OLON,688,bus,Barangay 498
bus PITX-OLON,688,bus,Barangay 494
bus PITX-OLON,688,bus,Barangay 495
bus PITX-OLON,688,bus,Barangay 492
bus PITX-OLON,688,bus,Barangay 539
bus PITX-OLON,688,bus,Barangay 547
bus PITX-OLON,688,bus,Barangay 535
bus PITX-OLON,688,bus,Barangay 525
bus PITX-OLON,688,bus,Barangay 581
bus PITX-OLON,688,bus,Caloocan
bus PITX-OLON,688,bus,Barangay 719
bus PITX-OLON,688,bus,Barangay 720
bus PITX-OLON,688,bus,Barangay 721
bus PITX-OLON,688,bus,Barangay 715
bus PITX-OLON,688,bus,Barangay 701
bus PITX-OLON,688,bus,Barangay 711
bus PITX-OLON,688,bus,Barangay 710
bus PITX-OLON,688,bus,Barangay 704
bus PITX-OLON,688,bus,Barangay 707
bus PITX-OLON,688,bus,Barangay 705
bus PITX-OLON,688,bus,Barangay 706
bus PITX-OLON,688,bus,Barangay 702
bus PITX-OLON,688,bus,Barangay 703
bus PITX-OLON,688,bus,Barangay 696
bus PITX-OLON,688,bus,Barangay 491
bus PITX-OLON,688,bus,Barangay 352
bus PITX-OLON,688,bus,Barangay 482
bus PITX-OLON,688,bus,Barangay 483
bus PITX-OLON,688,bus,Barangay 484
bus PITX-OLON,688,bus,Barangay 350
bus PITX-OLON,688,bus,Barangay 351
bus PITX-OLON,688,bus,Barangay 368
bus PITX-OLON,688,bus,Barangay 497
bus PITX-OLON,688,bus,Barangay 349
bus PITX-OLON,688,bus,Barangay 369
bus PITX-OLON,688,bus,Barangay 371
bus PITX-OLON,688,bus,Barangay 345
bus PITX-OLON,688,bus,Barangay 358
bus PITX-OLON,688,bus,Barangay 361
bus PITX-OLON,688,bus,Barangay 362
bus PITX-OLON,688,bus,Barangay 347
bus PITX-OLON,688,bus,Barangay 357
bus PITX-OLON,688,bus,Barangay 360
bus PITX-OLON,688,bus,Barangay 348
bus PITX-OLON,688,bus,Barangay 356
bus PITX-OLON,688,bus,Barangay 359
bus PITX-OLON,688,bus,Barangay 365
bus PITX-OLON,688,bus,Barangay 363
bus PITX-OLON,688,bus,Barangay 220
bus PITX-OLON,688,bus,Barangay 219
bus PITX-OLON,688,bus,Barangay 209
bus PITX-OLON,688,bus,Barangay 366
bus PITX-OLON,688,bus,Barangay 381
bus PITX-OLON,688,bus,Barangay 210
bus PITX-OLON,688,bus,Barangay 212
bus PITX-OLON,688,bus,Barangay 213
bus PITX-OLON,688,bus,Barangay 217
bus PITX-OLON,688,bus,Barangay 164
bus PITX-OLON,688,bus,Barangay 214
bus PITX-OLON,688,bus,Barangay 165
bus PITX-OLON,688,bus,Barangay 215
bus PITX-OLON,688,bus,Barangay 162
bus PITX-OLON,688,bus,Barangay 204
bus PITX-OLON,688,bus,Barangay 161
bus PITX-OLON,688,bus,Barangay 203
bus PITX-OLON,688,bus,Barangay 211
bus PITX-OLON,688,bus,Barangay 201
bus PITX-OLON,688,bus,Barangay 223
bus PITX-OLON,688,bus,Barangay 231
bus PITX-OLON,688,bus,Barangay 221
bus PITX-OLON,688,bus,Barangay 224
bus PITX-OLON,688,bus,Barangay 228
bus PITX-OLON,688,bus,Barangay 227
bus PITX-OLON,688,bus,Barangay 152
bus PITX-OLON,688,bus,Barangay 218
bus PITX-OLON,688,bus,Barangay 163
bus PITX-OLON,688,bus,Barangay 216
bus PITX-OLON,688,bus,Barangay 153
bus PITX-OLON,688,bus,Barangay 167
bus PITX-OLON,688,bus,Barangay 166
bus PITX-OLON,688,bus,Barangay 174
bus PITX-OLON,688,bus,Barangay 173
bus PITX-OLON,688,bus,Barangay 364
bus PITX-OLON,688,bus,Barangay 370
bus PITX-OLON,688,bus,Barangay 367
bus PITX-OLON,688,bus,Barangay 493
bus PITX-OLON,688,bus,Barangay 372
bus PITX-OLON,688,bus,Barangay 185
bus PITX-OLON,688,bus,Barangay 179
bus PITX-OLON,688,bus,Barangay 205
bus PITX-OLON,688,bus,Barangay 181
bus PITX-OLON,688,bus,Barangay 198
bus PITX-OLON,688,bus,Barangay 186
bus PITX-OLON,688,bus,Barangay 183
bus PITX-OLON,688,bus,Barangay 200
bus PITX-OLON,688,bus,Barangay 178
bus PITX-OLON,688,bus,Barangay 184
bus PITX-OLON,688,bus,Barangay 202
bus PITX-OLON,688,bus,Barangay 195
bus PITX-OLON,688,bus,Barangay 193
bus PITX-OLON,688,bus,Barangay 194
bus PITX-OLON,688,bus,Barangay 188
bus PITX-OLON,688,bus,Barangay 189
bus PITX-OLON,688,bus,Barangay 190
bus PITX-OLON,688,bus,Barangay 192
bus PITX-OLON,688,bus,Bulacan
bus PITX-OLON,688,bus,Barangay 177
bus PITX-OLON,688,bus,Malabon
bus PITX-OLON,688,bus,Barangay 199
bus PITX-OLON,688,bus,Valenzuela
bus PSAY-BGIO,689,bus,Barangay 756
bus PSAY-BGIO,689,bus,Barangay 761
bus PSAY-BGIO,689,bus,Barangay 746
bus PSAY-BGIO,689,bus,Barangay 745
bus PSAY-BGIO,689,bus,Barangay 752
bus PSAY-BGIO,689,bus,Barangay 754
bus PSAY-BGIO,689,bus,Barangay 753
bus PSAY-BGIO,689,bus,Barangay 732
bus PSAY-BGIO,689,bus,Barangay 751
bus PSAY-BGIO,689,bus,Barangay 731
bus PSAY-BGIO,689,bus,Barangay 750
bus PSAY-BGIO,689,bus,Barangay 739
bus PSAY-BGIO,689,bus,Barangay 740
bus PSAY-BGIO,689,bus,Barangay 807
bus PSAY-BGIO,689,bus,Barangay 806
bus PSAY-BGIO,689,bus,Barangay 805
bus PSAY-BGIO,689,bus,Barangay 803
bus PSAY-BGIO,689,bus,Barangay 802
bus PSAY-BGIO,689,bus,Barangay 798
bus PSAY-BGIO,689,bus,Barangay 797
bus PSAY-BGIO,689,bus,Barangay 796
bus PSAY-BGIO,689,bus,Barangay 738
bus PSAY-BGIO,689,bus,Barangay 737
bus PSAY-BGIO,689,bus,Barangay 799
bus PSAY-BGIO,689,bus,Barangay 741
bus PSAY-BGIO,689,bus,Barangay 800
bus PSAY-BGIO,689,bus,Barangay 736
bus PSAY-BGIO,689,bus,Barangay 735
bus PSAY-BGIO,689,bus,Barangay 810
bus PSAY-BGIO,689,bus,Barangay 734
bus PSAY-BGIO,689,bus,Barangay 808
bus PSAY-BGIO,689,bus,Barangay 742
bus PSAY-BGIO,689,bus,Barangay 686
bus PSAY-BGIO,689,bus,Barangay 684
bus PSAY-BGIO,689,bus,Barangay 679
bus PSAY-BGIO,689,bus,Barangay 811
bus PSAY-BGIO,689,bus,Barangay 683
bus PSAY-BGIO,689,bus,Barangay 685
bus PSAY-BGIO,689,bus,Barangay 681
bus PSAY-BGIO,689,bus,Barangay 682
bus PSAY-BGIO,689,bus,Barangay 680
bus PSAY-BGIO,689,bus,Barangay 824
bus PSAY-BGIO,689,bus,Barangay 821
bus PSAY-BGIO,689,bus,Barangay 678
bus PSAY-BGIO,689,bus,Barangay 822
bus PSAY-BGIO,689,bus,Barangay 814
bus PSAY-BGIO,689,bus,Barangay 815
bus PSAY-BGIO,689,bus,Barangay 820
bus PSAY-BGIO,689,bus,Barangay 825
bus PSAY-BGIO,689,bus,Barangay 818
bus PSAY-BGIO,689,bus,Barangay 871
bus PSAY-BGIO,689,bus,Barangay 872
bus PSAY-BGIO,689,bus,Barangay 823
bus PSAY-BGIO,689,bus,Barangay 853
bus PSAY-BGIO,689,bus,Barangay 852
bus PSAY-BGIO,689,bus,Barangay 849
bus PSAY-BGIO,689,bus,Barangay 851
bus PSAY-BGIO,689,bus,Barangay 855
bus PSAY-BGIO,689,bus,Barangay 850
bus PSAY-BGIO,689,bus,Barangay 857
bus PSAY-BGIO,689,bus,Barangay 841
bus PSAY-BGIO,689,bus,Barangay 842
bus PSAY-BGIO,689,bus,Barangay 856
bus PSAY-BGIO,689,bus,Barangay 858
bus PSAY-BGIO,689,bus,Barangay 844
bus PSAY-BGIO,689,bus,Makati
bus PSAY-BGIO,689,bus,Pasay
bus PSAY-BGIO,689,bus,Barangay 763
bus PSAY-BGIO,689,bus,Barangay 757
bus PSAY-BGIO,689,bus,Barangay 758
bus PSAY-BGIO,689,bus,Barangay 760
bus PSAY-BGIO,689,bus,Barangay 759
bus PSAY-BGIO,689,bus,Barangay 764
bus PSAY-BGIO,689,bus,Barangay 749
bus PSAY-BGIO,689,bus,Barangay 748
bus PSAY-BGIO,689,bus,Barangay 769
bus PSAY-BGIO,689,bus,Barangay 747
bus PSAY-BGIO,689,bus,Barangay 768
bus PSAY-BGIO,689,bus,Barangay 795
bus PSAY-BGIO,689,bus,Barangay 809
bus PSAY-BGIO,689,bus,Barangay 813
bus PSAY-BGIO,689,bus,Barangay 812
bus PSAY-BGIO,689,bus,Barangay 817
bus PSAY-BGIO,689,bus,Barangay 816
bus PSAY-BGIO,689,bus,Barangay 819
bus PSAY-BGIO,689,bus,Barangay 818-A
bus PSAY-BGIO,689,bus,Barangay 870
bus PSAY-BGIO,689,bus,Barangay 866
bus PSAY-BGIO,689,bus,Barangay 867
bus PSAY-BGIO,689,bus,Barangay 868
bus PSAY-BGIO,689,bus,Barangay 905
bus PSAY-BGIO,689,bus,Barangay 903
bus PSAY-BGIO,689,bus,Barangay 902
bus PSAY-BGIO,689,bus,Barangay 864
bus PSAY-BGIO,689,bus,Mandaluyong
bus PSAY-BGIO,689,bus,Barangay 888
bus PSAY-BGIO,689,bus,Barangay 890
bus PSAY-BGIO,689,bus,Barangay 891
bus PSAY-BGIO,689,bus,Barangay 901
bus PSAY-BGIO,689,bus,Barangay 899
bus PSAY-BGIO,689,bus,Barangay 892
bus PSAY-BGIO,689,bus,Barangay 896
bus PSAY-BGIO,689,bus,Barangay 897
bus PSAY-BGIO,689,bus,Barangay 898
bus PSAY-BGIO,689,bus,Barangay 894
bus PSAY-BGIO,689,bus,Barangay 895
bus PSAY-BGIO,689,bus,Barangay 625
bus PSAY-BGIO,689,bus,Barangay 623
bus PSAY-BGIO,689,bus,Barangay 620
bus PSAY-BGIO,689,bus,Barangay 624
bus PSAY-BGIO,689,bus,Barangay 893
bus PSAY-BGIO,689,bus,Barangay 859
bus PSAY-BGIO,689,bus,Barangay 862
bus PSAY-BGIO,689,bus,Barangay 865
bus PSAY-BGIO,689,bus,Barangay 860
bus PSAY-BGIO,689,bus,Barangay 863
bus PSAY-BGIO,689,bus,Barangay 861
bus PSAY-BGIO,689,bus,Barangay 835
bus PSAY-BGIO,689,bus,Barangay 622
bus PSAY-BGIO,689,bus,Barangay 839
bus PSAY-BGIO,689,bus,Barangay 618
bus PSAY-BGIO,689,bus,Barangay 840
bus PSAY-BGIO,689,bus,Barangay 609
bus PSAY-BGIO,689,bus,Barangay 608
bus PSAY-BGIO,689,bus,Barangay 619
bus PSAY-BGIO,689,bus,Barangay 837
bus PSAY-BGIO,689,bus,Barangay 617
bus PSAY-BGIO,689,bus,Barangay 838
bus PSAY-BGIO,689,bus,Barangay 610
bus PSAY-BGIO,689,bus,Barangay 614
bus PSAY-BGIO,689,bus,Barangay 607
bus PSAY-BGIO,689,bus,Barangay 616
bus PSAY-BGIO,689,bus,Barangay 604
bus PSAY-BGIO,689,bus,Barangay 612
bus PSAY-BGIO,689,bus,Barangay 606
bus PSAY-BGIO,689,bus,Barangay 602
bus PSAY-BGIO,689,bus,Barangay 601
bus PSAY-BGIO,689,bus,Barangay 600
bus PSAY-BGIO,689,bus,Barangay 599
bus PSAY-BGIO,689,bus,Barangay 598
bus PSAY-BGIO,689,bus,Barangay 597
bus PSAY-BGIO,689,bus,Barangay 596
bus PSAY-BGIO,689,bus,San Juan
bus PSAY-BGIO,689,bus,Barangay 595
bus PSAY-BGIO,689,bus,Barangay 594
bus PSAY-BGIO,689,bus,Barangay 586
bus PSAY-BGIO,689,bus,Quezon City
bus PSAY-BGIO,689,bus,Caloocan
bus PSAY-BGIO,689,bus,Bulacan
bus PSAY-BGIO,689,bus,Malabon
bus PSAY-BGIO,689,bus,Valenzuela
bus PSAY-BGIO,690,bus,Barangay 761
bus PSAY-BGIO,690,bus,Barangay 746
bus PSAY-BGIO,690,bus,Barangay 745
bus PSAY-BGIO,690,bus,Barangay 752
bus PSAY-BGIO,690,bus,Barangay 754
bus PSAY-BGIO,690,bus,Barangay 753
bus PSAY-BGIO,690,bus,Barangay 732
bus PSAY-BGIO,690,bus,Barangay 751
bus PSAY-BGIO,690,bus,Barangay 731
bus PSAY-BGIO,690,bus,Barangay 750
bus PSAY-BGIO,690,bus,Barangay 739
bus PSAY-BGIO,690,bus,Barangay 740
bus PSAY-BGIO,690,bus,Barangay 807
bus PSAY-BGIO,690,bus,Barangay 806
bus PSAY-BGIO,690,bus,Barangay 805
bus PSAY-BGIO,690,bus,Barangay 803
bus PSAY-BGIO,690,bus,Barangay 802
bus PSAY-BGIO,690,bus,Barangay 798
bus PSAY-BGIO,690,bus,Barangay 797
bus PSAY-BGIO,690,bus,Barangay 796
bus PSAY-BGIO,690,bus,Barangay 738
bus PSAY-BGIO,690,bus,Barangay 737
bus PSAY-BGIO,690,bus,Barangay 799
bus PSAY-BGIO,690,bus,Barangay 741
bus PSAY-BGIO,690,bus,Barangay 800
bus PSAY-BGIO,690,bus,Barangay 736
bus PSAY-BGIO,690,bus,Barangay 735
bus PSAY-BGIO,690,bus,Barangay 810
bus PSAY-BGIO,690,bus,Barangay 734
bus PSAY-BGIO,690,bus,Barangay 808
bus PSAY-BGIO,690,bus,Barangay 742
bus PSAY-BGIO,690,bus,Barangay 686
bus PSAY-BGIO,690,bus,Barangay 684
bus PSAY-BGIO,690,bus,Barangay 679
bus PSAY-BGIO,690,bus,Barangay 811
bus PSAY-BGIO,690,bus,Barangay 683
bus PSAY-BGIO,690,bus,Barangay 685
bus PSAY-BGIO,690,bus,Barangay 681
bus PSAY-BGIO,690,bus,Barangay 682
bus PSAY-BGIO,690,bus,Barangay 680
bus PSAY-BGIO,690,bus,Barangay 824
bus PSAY-BGIO,690,bus,Barangay 821
bus PSAY-BGIO,690,bus,Barangay 678
bus PSAY-BGIO,690,bus,Barangay 822
bus PSAY-BGIO,690,bus,Barangay 814
bus PSAY-BGIO,690,bus,Barangay 815
bus PSAY-BGIO,690,bus,Barangay 820
bus PSAY-BGIO,690,bus,Barangay 825
bus PSAY-BGIO,690,bus,Barangay 818
bus PSAY-BGIO,690,bus,Barangay 871
bus PSAY-BGIO,690,bus,Barangay 872
bus PSAY-BGIO,690,bus,Barangay 823
bus PSAY-BGIO,690,bus,Barangay 853
bus PSAY-BGIO,690,bus,Barangay 852
bus PSAY-BGIO,690,bus,Barangay 849
bus PSAY-BGIO,690,bus,Barangay 851
bus PSAY-BGIO,690,bus,Barangay 855
bus PSAY-BGIO,690,bus,Barangay 850
bus PSAY-BGIO,690,bus,Barangay 857
bus PSAY-BGIO,690,bus,Barangay 841
bus PSAY-BGIO,690,bus,Barangay 842
bus PSAY-BGIO,690,bus,Barangay 856
bus PSAY-BGIO,690,bus,Barangay 858
bus PSAY-BGIO,690,bus,Barangay 844
bus PSAY-BGIO,690,bus,Makati
bus PSAY-BGIO,690,bus,Pasay
bus PSAY-BGIO,690,bus,Barangay 763
bus PSAY-BGIO,690,bus,Barangay 757
bus PSAY-BGIO,690,bus,Barangay 758
bus PSAY-BGIO,690,bus,Barangay 760
bus PSAY-BGIO,690,bus,Barangay 759
bus PSAY-BGIO,690,bus,Barangay 764
bus PSAY-BGIO,690,bus,Barangay 749
bus PSAY-BGIO,690,bus,Barangay 748
bus PSAY-BGIO,690,bus,Barangay 769
bus PSAY-BGIO,690,bus,Barangay 747
bus PSAY-BGIO,690,bus,Barangay 768
bus PSAY-BGIO,690,bus,Barangay 795
bus PSAY-BGIO,690,bus,Barangay 794
bus PSAY-BGIO,690,bus,Barangay 809
bus PSAY-BGIO,690,bus,Barangay 813
bus PSAY-BGIO,690,bus,Barangay 812
bus PSAY-BGIO,690,bus,Barangay 817
bus PSAY-BGIO,690,bus,Barangay 816
bus PSAY-BGIO,690,bus,Barangay 819
bus PSAY-BGIO,690,bus,Barangay 818-A
bus PSAY-BGIO,690,bus,Barangay 870
bus PSAY-BGIO,690,bus,Barangay 866
bus PSAY-BGIO,690,bus,Barangay 867
bus PSAY-BGIO,690,bus,Barangay 868
bus PSAY-BGIO,690,bus,Barangay 905
bus PSAY-BGIO,690,bus,Barangay 903
bus PSAY-BGIO,690,bus,Barangay 902
bus PSAY-BGIO,690,bus,Barangay 864
bus PSAY-BGIO,690,bus,Mandaluyong
bus PSAY-BGIO,690,bus,Barangay 888
bus PSAY-BGIO,690,bus,Barangay 890
bus PSAY-BGIO,690,bus,Barangay 891
bus PSAY-BGIO,690,bus,Barangay 901
bus PSAY-BGIO,690,bus,Barangay 899
bus PSAY-BGIO,690,bus,Barangay 892
bus PSAY-BGIO,690,bus,Barangay 896
bus PSAY-BGIO,690,bus,Barangay 897
bus PSAY-BGIO,690,bus,Barangay 898
bus PSAY-BGIO,690,bus,Barangay 894
bus PSAY-BGIO,690,bus,Barangay 895
bus PSAY-BGIO,690,bus,Barangay 625
bus PSAY-BGIO,690,bus,Barangay 623
bus PSAY-BGIO,690,bus,Barangay 620
bus PSAY-BGIO,690,bus,Barangay 624
bus PSAY-BGIO,690,bus,Barangay 893
bus PSAY-BGIO,690,bus,Barangay 859
bus PSAY-BGIO,690,bus,Barangay 862
bus PSAY-BGIO,690,bus,Barangay 865
bus PSAY-BGIO,690,bus,Barangay 860
bus PSAY-BGIO,690,bus,Barangay 863
bus PSAY-BGIO,690,bus,Barangay 861
bus PSAY-BGIO,690,bus,Barangay 835
bus PSAY-BGIO,690,bus,Barangay 622
bus PSAY-BGIO,690,bus,Barangay 839
bus PSAY-BGIO,690,bus,Barangay 618
bus PSAY-BGIO,690,bus,Barangay 840
bus PSAY-BGIO,690,bus,Barangay 609
bus PSAY-BGIO,690,bus,Barangay 608
bus PSAY-BGIO,690,bus,Barangay 619
bus PSAY-BGIO,690,bus,Barangay 837
bus PSAY-BGIO,690,bus,Barangay 617
bus PSAY-BGIO,690,bus,Barangay 838
bus PSAY-BGIO,690,bus,Barangay 614
bus PSAY-BGIO,690,bus,Barangay 607
bus PSAY-BGIO,690,bus,Barangay 616
bus PSAY-BGIO,690,bus,Barangay 604
bus PSAY-BGIO,690,bus,Barangay 612
bus PSAY-BGIO,690,bus,Barangay 606
bus PSAY-BGIO,690,bus,Barangay 602
bus PSAY-BGIO,690,bus,Barangay 601
bus PSAY-BGIO,690,bus,Barangay 600
bus PSAY-BGIO,690,bus,Barangay 599
bus PSAY-BGIO,690,bus,Barangay 598
bus PSAY-BGIO,690,bus,Barangay 597
bus PSAY-BGIO,690,bus,Barangay 596
bus PSAY-BGIO,690,bus,San Juan
bus PSAY-BGIO,690,bus,Barangay 595
bus PSAY-BGIO,690,bus,Barangay 594
bus PSAY-BGIO,690,bus,Barangay 586
bus PSAY-BGIO,690,bus,Quezon City
bus PSAY-BGIO,690,bus,Caloocan
bus PSAY-BGIO,690,bus,Bulacan
bus PSAY-BGIO,690,bus,Malabon
bus PSAY-BGIO,690,bus,Valenzuela
bus CBAO-BGIO,691,bus,Quezon City
bus CBAO-BGIO,691,bus,Caloocan
bus CBAO-BGIO,691,bus,Bulacan
bus CBAO-BGIO,691,bus,Malabon
bus CBAO-BGIO,691,bus,Valenzuela
bus CBAO-BGIO,692,bus,Quezon City
bus CBAO-BGIO,692,bus,Caloocan
bus CBAO-BGIO,692,bus,Bulacan
bus CBAO-BGIO,692,bus,Malabon
bus CBAO-BGIO,692,bus,Valenzuela
bus CBAO-BGIO,693,bus,Quezon City
bus CBAO-BGIO,693,bus,Caloocan
bus CBAO-BGIO,693,bus,Bulacan
bus CBAO-BGIO,693,bus,Malabon
bus CBAO-BGIO,693,bus,Valenzuela
bus CBTSMPC,694,bus,Las Piñas
bus CBTSMPC,694,bus,Parañaque
"bus: Cubao–Lucena City via C5, Turbina (outbound)",695,bus,Laguna
"bus: Cubao–Lucena City via C5, Turbina (outbound)",695,bus,Muntinlupa
"bus: Cubao–Lucena City via C5, Turbina (outbound)",695,bus,Taguig
"bus: Cubao–Lucena City via C5, Turbina (outbound)",695,bus,Makati
"bus: Cubao–Lucena City via C5, Turbina (outbound)",695,bus,Pasig
"bus: Cubao–Lucena City via C5, Turbina (outbound)",695,bus,Parañaque
"bus: Cubao–Lucena City via C5, Turbina (outbound)",695,bus,Pasay
"bus: Cubao–Lucena City via C5, Turbina (outbound)",695,bus,Marikina
"bus: Cubao–Lucena City via C5, Turbina (outbound)",695,bus,Quezon City
bus TZ,696,bus,Las Piñas
bus CZ,697,bus,Las Piñas
bus CZ,698,bus,Las Piñas
bus PNR-2,699,bus,Barangay 746
bus PNR-2,699,bus,Barangay 745
bus PNR-2,699,bus,Barangay 752
bus PNR-2,699,bus,Barangay 754
bus PNR-2,699,bus,Barangay 753
bus PNR-2,699,bus,Barangay 732
bus PNR-2,699,bus,Barangay 751
bus PNR-2,699,bus,Barangay 731
bus PNR-2,699,bus,Barangay 750
bus PNR-2,699,bus,Barangay 739
bus PNR-2,699,bus,Barangay 740
bus PNR-2,699,bus,Barangay 807
bus PNR-2,699,bus,Barangay 806
bus PNR-2,699,bus,Barangay 805
bus PNR-2,699,bus,Barangay 803
bus PNR-2,699,bus,Barangay 802
bus PNR-2,699,bus,Barangay 798
bus PNR-2,699,bus,Barangay 797
bus PNR-2,699,bus,Barangay 796
bus PNR-2,699,bus,Barangay 738
bus PNR-2,699,bus,Barangay 737
bus PNR-2,699,bus,Barangay 799
bus PNR-2,699,bus,Barangay 741
bus PNR-2,699,bus,Barangay 800
bus PNR-2,699,bus,Barangay 736
bus PNR-2,699,bus,Barangay 735
bus PNR-2,699,bus,Barangay 810
bus PNR-2,699,bus,Barangay 734
bus PNR-2,699,bus,Barangay 808
bus PNR-2,699,bus,Barangay 742
bus PNR-2,699,bus,Barangay 686
bus PNR-2,699,bus,Barangay 684
bus PNR-2,699,bus,Barangay 679
bus PNR-2,699,bus,Barangay 811
bus PNR-2,699,bus,Barangay 683
bus PNR-2,699,bus,Barangay 685
bus PNR-2,699,bus,Barangay 681
bus PNR-2,699,bus,Barangay 682
bus PNR-2,699,bus,Barangay 680
bus PNR-2,699,bus,Barangay 824
bus PNR-2,699,bus,Barangay 821
bus PNR-2,699,bus,Barangay 822
bus PNR-2,699,bus,Barangay 814
bus PNR-2,699,bus,Barangay 815
bus PNR-2,699,bus,Barangay 820
bus PNR-2,699,bus,Barangay 825
bus PNR-2,699,bus,Barangay 818
bus PNR-2,699,bus,Barangay 871
bus PNR-2,699,bus,Barangay 872
bus PNR-2,699,bus,Barangay 823
bus PNR-2,699,bus,Barangay 853
bus PNR-2,699,bus,Barangay 852
bus PNR-2,699,bus,Barangay 849
bus PNR-2,699,bus,Barangay 851
bus PNR-2,699,bus,Barangay 855
bus PNR-2,699,bus,Barangay 850
bus PNR-2,699,bus,Barangay 857
bus PNR-2,699,bus,Barangay 841
bus PNR-2,699,bus,Barangay 842
bus PNR-2,699,bus,Barangay 856
bus PNR-2,699,bus,Barangay 858
bus PNR-2,699,bus,Barangay 844
bus PNR-2,699,bus,Muntinlupa
bus PNR-2,699,bus,Taguig
bus PNR-2,699,bus,Makati
bus PNR-2,699,bus,Parañaque
bus PNR-2,699,bus,Pasay
bus PNR-2,699,bus,Barangay 763
bus PNR-2,699,bus,Barangay 767
bus PNR-2,699,bus,Barangay 757
bus PNR-2,699,bus,Barangay 758
bus PNR-2,699,bus,Barangay 760
bus PNR-2,699,bus,Barangay 759
bus PNR-2,699,bus,Barangay 764
bus PNR-2,699,bus,Barangay 749
bus PNR-2,699,bus,Barangay 748
bus PNR-2,699,bus,Barangay 769
bus PNR-2,699,bus,Barangay 747
bus PNR-2,699,bus,Barangay 768
bus PNR-2,699,bus,Barangay 795
bus PNR-2,699,bus,Barangay 794
bus PNR-2,699,bus,Barangay 809
bus PNR-2,699,bus,Barangay 813
bus PNR-2,699,bus,Barangay 812
bus PNR-2,699,bus,Barangay 817
bus PNR-2,699,bus,Barangay 816
bus PNR-2,699,bus,Barangay 819
bus PNR-2,699,bus,Barangay 818-A
bus PNR-2,699,bus,Barangay 870
bus PNR-2,699,bus,Barangay 866
bus PNR-2,699,bus,Barangay 867
bus PNR-2,699,bus,Barangay 868
bus PNR-2,699,bus,Barangay 864
bus PNR-2,699,bus,Barangay 859
bus PNR-2,699,bus,Barangay 862
bus PNR-2,699,bus,Barangay 863
bus PNR-2,699,bus,Barangay 848
bus PNR-2,699,bus,Barangay 834
bus PNR-2,699,bus,Barangay 833
bus PNR-2,699,bus,Barangay 845
bus PNR-2,699,bus,Barangay 846
bus PNR-2,699,bus,Barangay 847
bus PNR-2,699,bus,Barangay 832
bus PNR-2,699,bus,Barangay 636
bus PNR-2,699,bus,Barangay 635
bus PNR-2,699,bus,Barangay 633
bus PNR-2,699,bus,Barangay 632
bus PNR-2,699,bus,Barangay 634
bus PNR-2,699,bus,Barangay 418
bus PNR-2,699,bus,Barangay 628
bus PNR-2,699,bus,Barangay 631
bus PNR-2,699,bus,Barangay 424
bus PNR-2,699,bus,Barangay 417
bus PNR-2,699,bus,Barangay 641
bus PNR-2,699,bus,Barangay 638
bus PNR-2,699,bus,Barangay 826
bus PNR-2,699,bus,Barangay 843
bus PNR-2,699,bus,Barangay 831
bus PNR-2,699,bus,Barangay 829
bus PNR-2,699,bus,Barangay 830
bus PNR-2,699,bus,Barangay 640
bus PNR-2,699,bus,Barangay 637
bus PNR-2,699,bus,Barangay 412
bus PNR-2,699,bus,Barangay 416
bus PNR-2,699,bus,Barangay 413
bus PNR-2,699,bus,Barangay 403
bus PNR-2,699,bus,Barangay 402
bus PNR-2,699,bus,Barangay 414
bus PNR-2,699,bus,Barangay 415
bus PNR-2,699,bus,Barangay 400
bus PNR-2,699,bus,Barangay 407
bus PNR-2,699,bus,Barangay 401
bus PNR-2,699,bus,Barangay 410
bus PNR-2,699,bus,Barangay 420
bus PNR-2,699,bus,Barangay 409
bus PNR-2,699,bus,Barangay 411
bus PNR-2,699,bus,Barangay 419
bus PNR-2,699,bus,Barangay 408
bus PNR-2,699,bus,Barangay 433
bus PNR-2,699,bus,Barangay 435
bus PNR-2,699,bus,Barangay 405
bus PNR-2,699,bus,Barangay 303
bus PNR-2,699,bus,Barangay 388
bus PNR-2,699,bus,Barangay 389
bus PNR-2,699,bus,Barangay 393
bus PNR-2,699,bus,Barangay 390
bus PNR-2,699,bus,Barangay 394
bus PNR-2,699,bus,Barangay 391
bus PNR-2,699,bus,Barangay 392
bus PNR-2,699,bus,Barangay 297
bus PNR-2,699,bus,Barangay 302
bus PNR-2,699,bus,Barangay 300
bus PNR-2,699,bus,Barangay 296
bus PNR-2,699,bus,Barangay 295
bus PNR-2,699,bus,Barangay 299
bus PNR-2,699,bus,Barangay 292
bus PNR-2,699,bus,Barangay 294
bus PNR-2,699,bus,Barangay 307
bus PNR-2,699,bus,Barangay 308
bus PNR-2,699,bus,Barangay 309
bus PNR-2,699,bus,Barangay 301
bus PNR-2,699,bus,Barangay 305
bus PNR-2,699,bus,Barangay 304
bus PNR-2,699,bus,Barangay 310
bus PNR-2,699,bus,Barangay 313
bus PNR-2,699,bus,Barangay 314
bus PNR-2,699,bus,Barangay 404
bus PNR-2,699,bus,Barangay 395
bus PNR-2,699,bus,Barangay 396
bus PNR-2,699,bus,Barangay 399
bus PNR-2,699,bus,Barangay 464
bus PNR-2,699,bus,Barangay 462
bus PNR-2,699,bus,Barangay 311
bus PNR-2,699,bus,Barangay 260
bus PNR-2,699,bus,Barangay 266
bus PNR-2,699,bus,Barangay 240
bus PNR-2,699,bus,Barangay 247
bus PNR-2,699,bus,Barangay 259
bus PNR-2,699,bus,Barangay 242
bus PNR-2,699,bus,Barangay 245
bus PNR-2,699,bus,Barangay 262
bus PNR-2,699,bus,Barangay 238
bus PNR-2,699,bus,Barangay 248
bus PNR-2,699,bus,Barangay 293
bus PNR-2,699,bus,"Tutuban Mall (Claimed by Five Barangays of Tondo, Manila)"
bus PNR-2,699,bus,Barangay 48
bus PNR-2,699,bus,Barangay 8
bus PNR-2,699,bus,Barangay 56
bus PNR-2,699,bus,Barangay 51
bus PNR-2,699,bus,Barangay 58
bus PNR-2,699,bus,Barangay 250
bus PNR-2,699,bus,Barangay 257
bus PNR-2,699,bus,Barangay 246
bus PNR-2,699,bus,Barangay 244
bus PNR-2,699,bus,Barangay 243
bus PNR-2,699,bus,Barangay 254
bus PNR-2,699,bus,Barangay 258
bus PNR-2,699,bus,Barangay 241
bus PNR-2,699,bus,Barangay 239
bus PNR-2,699,bus,Barangay 312
bus PNR-2,699,bus,Barangay 335
bus PNR-2,699,bus,Barangay 329
bus PNR-2,699,bus,Barangay 330
bus PNR-2,699,bus,Barangay 263
bus PNR-2,699,bus,Barangay 264
bus PNR-2,699,bus,Barangay 50
bus PNR-2,699,bus,Barangay 52
bus PNR-1,700,bus,Barangay 756
bus PNR-1,700,bus,Barangay 761
bus PNR-1,700,bus,Barangay 746
bus PNR-1,700,bus,Barangay 745
bus PNR-1,700,bus,Barangay 752
bus PNR-1,700,bus,Barangay 754
bus PNR-1,700,bus,Barangay 753
bus PNR-1,700,bus,Barangay 732
bus PNR-1,700,bus,Barangay 751
bus PNR-1,700,bus,Barangay 731
bus PNR-1,700,bus,Barangay 750
bus PNR-1,700,bus,Barangay 739
bus PNR-1,700,bus,Barangay 740
bus PNR-1,700,bus,Barangay 807
bus PNR-1,700,bus,Barangay 806
bus PNR-1,700,bus,Barangay 805
bus PNR-1,700,bus,Barangay 803
bus PNR-1,700,bus,Barangay 802
bus PNR-1,700,bus,Barangay 798
bus PNR-1,700,bus,Barangay 797
bus PNR-1,700,bus,Barangay 796
bus PNR-1,700,bus,Barangay 738
bus PNR-1,700,bus,Barangay 737
bus PNR-1,700,bus,Barangay 799
bus PNR-1,700,bus,Barangay 741
bus PNR-1,700,bus,Barangay 800
bus PNR-1,700,bus,Barangay 736
bus PNR-1,700,bus,Barangay 735
bus PNR-1,700,bus,Barangay 810
bus PNR-1,700,bus,Barangay 734
bus PNR-1,700,bus,Barangay 808
bus PNR-1,700,bus,Barangay 742
bus PNR-1,700,bus,Barangay 686
bus PNR-1,700,bus,Barangay 684
bus PNR-1,700,bus,Barangay 679
bus PNR-1,700,bus,Barangay 811
bus PNR-1,700,bus,Barangay 683
bus PNR-1,700,bus,Barangay 685
bus PNR-1,700,bus,Barangay 681
bus PNR-1,700,bus,Barangay 682
bus PNR-1,700,bus,Barangay 680
bus PNR-1,700,bus,Barangay 824
bus PNR-1,700,bus,Barangay 821
bus PNR-1,700,bus,Barangay 678
bus PNR-1,700,bus,Barangay 822
bus PNR-1,700,bus,Barangay 814
bus PNR-1,700,bus,Barangay 815
bus PNR-1,700,bus,Barangay 820
bus PNR-1,700,bus,Barangay 825
bus PNR-1,700,bus,Barangay 818
bus PNR-1,700,bus,Barangay 871
bus PNR-1,700,bus,Barangay 872
bus PNR-1,700,bus,Barangay 823
bus PNR-1,700,bus,Barangay 853
bus PNR-1,700,bus,Barangay 852
bus PNR-1,700,bus,Barangay 849
bus PNR-1,700,bus,Barangay 851
bus PNR-1,700,bus,Barangay 855
bus PNR-1,700,bus,Barangay 850
bus PNR-1,700,bus,Barangay 857
bus PNR-1,700,bus,Barangay 841
bus PNR-1,700,bus,Barangay 842
bus PNR-1,700,bus,Barangay 856
bus PNR-1,700,bus,Barangay 858
bus PNR-1,700,bus,Barangay 844
bus PNR-1,700,bus,Taguig
bus PNR-1,700,bus,Makati
bus PNR-1,700,bus,Parañaque
bus PNR-1,700,bus,Pasay
bus PNR-1,700,bus,Barangay 763
bus PNR-1,700,bus,Barangay 757
bus PNR-1,700,bus,Barangay 758
bus PNR-1,700,bus,Barangay 760
bus PNR-1,700,bus,Barangay 759
bus PNR-1,700,bus,Barangay 764
bus PNR-1,700,bus,Barangay 749
bus PNR-1,700,bus,Barangay 748
bus PNR-1,700,bus,Barangay 769
bus PNR-1,700,bus,Barangay 747
bus PNR-1,700,bus,Barangay 768
bus PNR-1,700,bus,Barangay 795
bus PNR-1,700,bus,Barangay 809
bus PNR-1,700,bus,Barangay 813
bus PNR-1,700,bus,Barangay 812
bus PNR-1,700,bus,Barangay 817
bus PNR-1,700,bus,Barangay 816
bus PNR-1,700,bus,Barangay 819
bus PNR-1,700,bus,Barangay 818-A
bus PNR-1,700,bus,Barangay 870
bus PNR-1,700,bus,Barangay 867
bus PNR-1,700,bus,Barangay 868
bus PNR-1,700,bus,Barangay 864
bus PNR-1,700,bus,Barangay 859
bus PNR-1,700,bus,Barangay 862
bus PNR-1,700,bus,Barangay 863
bus PNR-1,700,bus,Barangay 848
bus PNR-1,700,bus,Barangay 834
bus PNR-1,700,bus,Barangay 833
bus PNR-1,700,bus,Barangay 845
bus PNR-1,700,bus,Barangay 846
bus PNR-1,700,bus,Barangay 847
bus PNR-1,700,bus,Barangay 832
bus PNR-1,700,bus,Barangay 636
bus PNR-1,700,bus,Barangay 635
bus PNR-1,700,bus,Barangay 633
bus PNR-1,700,bus,Barangay 632
bus PNR-1,700,bus,Barangay 634
bus PNR-1,700,bus,Barangay 418
bus PNR-1,700,bus,Barangay 628
bus PNR-1,700,bus,Barangay 631
bus PNR-1,700,bus,Barangay 424
bus PNR-1,700,bus,Barangay 417
bus PNR-1,700,bus,Barangay 423
bus PNR-1,700,bus,Barangay 437
bus PNR-1,700,bus,Barangay 827
bus PNR-1,700,bus,Barangay 826
bus PNR-1,700,bus,Barangay 843
bus PNR-1,700,bus,Barangay 831
bus PNR-1,700,bus,Barangay 829
bus PNR-1,700,bus,Barangay 830
bus PNR-1,700,bus,Barangay 640
bus PNR-1,700,bus,Barangay 637
bus PNR-1,700,bus,Barangay 413
bus PNR-1,700,bus,Barangay 414
bus PNR-1,700,bus,Barangay 407
bus PNR-1,700,bus,Barangay 410
bus PNR-1,700,bus,Barangay 420
bus PNR-1,700,bus,Barangay 409
bus PNR-1,700,bus,Barangay 411
bus PNR-1,700,bus,Barangay 419
bus PNR-1,700,bus,Barangay 408
bus PNR-1,700,bus,Barangay 433
bus PNR-1,700,bus,Barangay 435
bus PNR-1,700,bus,Barangay 436
bus PNR-1,700,bus,Barangay 434
bus PNR-1,700,bus,Barangay 439
bus PNR-1,700,bus,Barangay 432
bus PNR-1,700,bus,Barangay 438
bus PNR-1,700,bus,Barangay 429
bus PNR-1,700,bus,Barangay 448
bus PNR-1,700,bus,Barangay 449
bus PNR-1,700,bus,Barangay 447
bus PNR-1,700,bus,Barangay 455
bus PNR-1,700,bus,Barangay 405
bus PNR-1,700,bus,Barangay 406
bus PNR-1,700,bus,Barangay 458
bus PNR-1,700,bus,Barangay 430
bus PNR-1,700,bus,Barangay 431
bus PNR-1,700,bus,Barangay 459
bus PNR-1,700,bus,Barangay 457
bus PNR-1,700,bus,Barangay 460
bus PNR-1,700,bus,Barangay 461
bus PNR-1,700,bus,Barangay 456
bus PNR-1,700,bus,Barangay 454
bus PNR-1,700,bus,Barangay 479
bus PNR-1,700,bus,Barangay 478
bus PNR-1,700,bus,Barangay 476
bus PNR-1,700,bus,Barangay 481
bus PNR-1,700,bus,Barangay 480
bus PNR-1,700,bus,Barangay 477
bus PNR-1,700,bus,Barangay 453
bus PNR-1,700,bus,Barangay 452
bus PNR-1,700,bus,Barangay 488
bus PNR-1,700,bus,Barangay 486
bus PNR-1,700,bus,Barangay 266
bus PNR-1,700,bus,Barangay 240
bus PNR-1,700,bus,Barangay 247
bus PNR-1,700,bus,Barangay 259
bus PNR-1,700,bus,Barangay 242
bus PNR-1,700,bus,Barangay 245
bus PNR-1,700,bus,Barangay 262
bus PNR-1,700,bus,Barangay 238
bus PNR-1,700,bus,Barangay 248
bus PNR-1,700,bus,Barangay 49
bus PNR-1,700,bus,"Tutuban Mall (Claimed by Five Barangays of Tondo, Manila)"
bus PNR-1,700,bus,Barangay 48
bus PNR-1,700,bus,Barangay 8
bus PNR-1,700,bus,Barangay 56
bus PNR-1,700,bus,Barangay 51
bus PNR-1,700,bus,Barangay 58
bus PNR-1,700,bus,Barangay 250
bus PNR-1,700,bus,Barangay 257
bus PNR-1,700,bus,Barangay 246
bus PNR-1,700,bus,Barangay 244
bus PNR-1,700,bus,Barangay 243
bus PNR-1,700,bus,Barangay 254
bus PNR-1,700,bus,Barangay 258
bus PNR-1,700,bus,Barangay 241
bus PNR-1,700,bus,Barangay 239
bus PNR-1,700,bus,Barangay 253
bus PNR-1,700,bus,Barangay 470
bus PNR-1,700,bus,Barangay 471
bus PNR-1,700,bus,Barangay 264
bus PNR-1,700,bus,Barangay 267
bus PNR-1,700,bus,Barangay 323
bus PNR-1,700,bus,Barangay 340
bus PNR-1,700,bus,Barangay 342
bus PNR-1,700,bus,Barangay 490
bus PNR-1,700,bus,Barangay 489
bus PNR-1,700,bus,Barangay 338
bus PNR-1,700,bus,Barangay 343
bus PNR-1,700,bus,Barangay 491
bus PNR-1,700,bus,Barangay 341
bus PNR-1,700,bus,Barangay 352
bus PNR-1,700,bus,Barangay 339
bus PNR-1,700,bus,Barangay 255
bus PNR-1,700,bus,Barangay 337
bus PNR-1,700,bus,Barangay 331
bus PNR-1,700,bus,Barangay 336
bus PNR-1,700,bus,Barangay 353
bus PNR-1,700,bus,Barangay 344
bus PNR-1,700,bus,Barangay 355
bus PNR-1,700,bus,Barangay 346
bus PNR-1,700,bus,Barangay 482
bus PNR-1,700,bus,Barangay 350
bus PNR-1,700,bus,Barangay 351
bus PNR-1,700,bus,Barangay 354
bus PNR-1,700,bus,Barangay 345
bus PNR-1,700,bus,Barangay 358
bus PNR-1,700,bus,Barangay 361
bus PNR-1,700,bus,Barangay 50
bus PNR-1,700,bus,Barangay 52
bus PNR-1,700,bus,Barangay 252
bus PNR-1,700,bus,Barangay 251
bus PNR-1,700,bus,Barangay 237
bus PNR-1,700,bus,Barangay 235
bus PNR-1,700,bus,Barangay 236
bus PNR-1,700,bus,Barangay 256
bus PNR-1,700,bus,Barangay 249
bus PNR-1,700,bus,Barangay 234
bus PNR-1,700,bus,Barangay 233
bus PNR-1,700,bus,Barangay 225
bus PNR-1,700,bus,Barangay 226
bus PNR-1,700,bus,Barangay 229
bus PNR-1,700,bus,Barangay 230
bus PNR-1,700,bus,Barangay 232
bus PNR-1,700,bus,Barangay 222
bus 247,701,bus,Pasig
bus 247,701,bus,Marikina
bus 247,701,bus,Quezon City
bus: Cogeo–Cubao,702,bus,Pasig
bus: Cogeo–Cubao,702,bus,Marikina
bus: Cogeo–Cubao,702,bus,Quezon City
bus: PITX–San Carlos City,703,bus,Parañaque
bus: PITX–San Carlos City,703,bus,Pasay
bus: PITX–San Carlos City,703,bus,Caloocan
bus: PITX–San Carlos City,703,bus,Barangay 667
bus: PITX–San Carlos City,703,bus,Barangay 666
bus: PITX–San Carlos City,703,bus,Barangay 657
bus: PITX–San Carlos City,703,bus,Barangay 658
bus: PITX–San Carlos City,703,bus,Barangay 655
bus: PITX–San Carlos City,703,bus,Barangay 719
bus: PITX–San Carlos City,703,bus,Barangay 720
bus: PITX–San Carlos City,703,bus,Barangay 721
bus: PITX–San Carlos City,703,bus,Barangay 701
bus: PITX–San Carlos City,703,bus,Barangay 700
bus: PITX–San Carlos City,703,bus,Barangay 699
bus: PITX–San Carlos City,703,bus,Barangay 668
bus: PITX–San Carlos City,703,bus,Barangay 649
bus: PITX–San Carlos City,703,bus,Barangay 275
bus: PITX–San Carlos City,703,bus,Barangay 18
bus: PITX–San Carlos City,703,bus,Barangay 274
bus: PITX–San Carlos City,703,bus,Barangay 12
bus: PITX–San Carlos City,703,bus,Barangay 17
bus: PITX–San Carlos City,703,bus,Barangay 11
bus: PITX–San Carlos City,703,bus,Barangay 16
bus: PITX–San Carlos City,703,bus,Barangay 19
bus: PITX–San Carlos City,703,bus,Barangay 14
bus: PITX–San Carlos City,703,bus,Barangay 653
bus: PITX–San Carlos City,703,bus,Barangay 652
bus: PITX–San Carlos City,703,bus,Barangay 651
bus: PITX–San Carlos City,703,bus,Barangay 650
bus: PITX–San Carlos City,703,bus,Barangay 656
bus: PITX–San Carlos City,703,bus,Barangay 286
bus: PITX–San Carlos City,703,bus,Barangay 283
bus: PITX–San Carlos City,703,bus,Barangay 284
bus: PITX–San Carlos City,703,bus,Barangay 285
bus: PITX–San Carlos City,703,bus,Barangay 273
bus: PITX–San Carlos City,703,bus,Barangay 272
bus: PITX–San Carlos City,703,bus,Barangay 276
bus: PITX–San Carlos City,703,bus,Barangay 15
bus: PITX–San Carlos City,703,bus,Barangay 29
bus: PITX–San Carlos City,703,bus,Barangay 32
bus: PITX–San Carlos City,703,bus,Barangay 30
bus: PITX–San Carlos City,703,bus,Barangay 28
bus: PITX–San Carlos City,703,bus,Barangay 31
bus: PITX–San Carlos City,703,bus,Barangay 38
bus: PITX–San Carlos City,703,bus,Barangay 34
bus: PITX–San Carlos City,703,bus,Barangay 33
bus: PITX–San Carlos City,703,bus,Barangay 39
bus: PITX–San Carlos City,703,bus,Barangay 35
bus: PITX–San Carlos City,703,bus,Barangay 20
bus: PITX–San Carlos City,703,bus,Barangay 37
bus: PITX–San Carlos City,703,bus,Barangay 36
bus: PITX–San Carlos City,703,bus,Barangay 41
bus: PITX–San Carlos City,703,bus,Barangay 42
bus: PITX–San Carlos City,703,bus,Barangay 44
bus: PITX–San Carlos City,703,bus,Barangay 43
bus: PITX–San Carlos City,703,bus,Barangay 46
bus: PITX–San Carlos City,703,bus,Barangay 123
bus: PITX–San Carlos City,703,bus,Barangay 73
bus: PITX–San Carlos City,703,bus,Barangay 72
bus: PITX–San Carlos City,703,bus,Barangay 121
bus: PITX–San Carlos City,703,bus,Barangay 118
bus: PITX–San Carlos City,703,bus,Barangay 120
bus: PITX–San Carlos City,703,bus,Barangay 119
bus: PITX–San Carlos City,703,bus,Barangay 116
bus: PITX–San Carlos City,703,bus,Barangay 110
bus: PITX–San Carlos City,703,bus,Barangay 112
bus: PITX–San Carlos City,703,bus,Barangay 107
bus: PITX–San Carlos City,703,bus,Barangay 108
bus: PITX–San Carlos City,703,bus,Barangay 104
bus: PITX–San Carlos City,703,bus,Barangay 103
bus: PITX–San Carlos City,703,bus,Barangay 100
bus: PITX–San Carlos City,703,bus,Barangay 102
bus: PITX–San Carlos City,703,bus,Barangay 105
bus: PITX–San Carlos City,703,bus,Barangay 96
bus: PITX–San Carlos City,703,bus,Barangay 106
bus: PITX–San Carlos City,703,bus,Barangay 99
bus: PITX–San Carlos City,703,bus,Barangay 101
bus: PITX–San Carlos City,703,bus,Barangay 98
bus: PITX–San Carlos City,703,bus,Bulacan
bus: PITX–San Carlos City,703,bus,Barangay 130
bus: PITX–San Carlos City,703,bus,Barangay 129
bus: PITX–San Carlos City,703,bus,Barangay 128
bus: PITX–San Carlos City,703,bus,Navotas
bus: PITX–San Carlos City,703,bus,Malabon
bus: PITX–San Carlos City,703,bus,Valenzuela
bus: PITX–San Carlos City via TPLEX,704,bus,Parañaque
bus: PITX–San Carlos City via TPLEX,704,bus,Pasay
bus: PITX–San Carlos City via TPLEX,704,bus,Caloocan
bus: PITX–San Carlos City via TPLEX,704,bus,Barangay 667
bus: PITX–San Carlos City via TPLEX,704,bus,Barangay 666
bus: PITX–San Carlos City via TPLEX,704,bus,Barangay 657
bus: PITX–San Carlos City via TPLEX,704,bus,Barangay 658
bus: PITX–San Carlos City via TPLEX,704,bus,Barangay 655
bus: PITX–San Carlos City via TPLEX,704,bus,Barangay 719
bus: PITX–San Carlos City via TPLEX,704,bus,Barangay 720
bus: PITX–San Carlos City via TPLEX,704,bus,Barangay 721
bus: PITX–San Carlos City via TPLEX,704,bus,Barangay 701
bus: PITX–San Carlos City via TPLEX,704,bus,Barangay 700
bus: PITX–San Carlos City via TPLEX,704,bus,Barangay 699
bus: PITX–San Carlos City via TPLEX,704,bus,Barangay 668
bus: PITX–San Carlos City via TPLEX,704,bus,Barangay 649
bus: PITX–San Carlos City via TPLEX,704,bus,Barangay 275
bus: PITX–San Carlos City via TPLEX,704,bus,Barangay 18
bus: PITX–San Carlos City via TPLEX,704,bus,Barangay 274
bus: PITX–San Carlos City via TPLEX,704,bus,Barangay 12
bus: PITX–San Carlos City via TPLEX,704,bus,Barangay 17
bus: PITX–San Carlos City via TPLEX,704,bus,Barangay 11
bus: PITX–San Carlos City via TPLEX,704,bus,Barangay 16
bus: PITX–San Carlos City via TPLEX,704,bus,Barangay 19
bus: PITX–San Carlos City via TPLEX,704,bus,Barangay 14
bus: PITX–San Carlos City via TPLEX,704,bus,Barangay 653
bus: PITX–San Carlos City via TPLEX,704,bus,Barangay 652
bus: PITX–San Carlos City via TPLEX,704,bus,Barangay 651
bus: PITX–San Carlos City via TPLEX,704,bus,Barangay 650
bus: PITX–San Carlos City via TPLEX,704,bus,Barangay 656
bus: PITX–San Carlos City via TPLEX,704,bus,Barangay 286
bus: PITX–San Carlos City via TPLEX,704,bus,Barangay 283
bus: PITX–San Carlos City via TPLEX,704,bus,Barangay 284
bus: PITX–San Carlos City via TPLEX,704,bus,Barangay 285
bus: PITX–San Carlos City via TPLEX,704,bus,Barangay 273
bus: PITX–San Carlos City via TPLEX,704,bus,Barangay 272
bus: PITX–San Carlos City via TPLEX,704,bus,Barangay 276
bus: PITX–San Carlos City via TPLEX,704,bus,Barangay 15
bus: PITX–San Carlos City via TPLEX,704,bus,Barangay 29
bus: PITX–San Carlos City via TPLEX,704,bus,Barangay 32
bus: PITX–San Carlos City via TPLEX,704,bus,Barangay 30
bus: PITX–San Carlos City via TPLEX,704,bus,Barangay 28
bus: PITX–San Carlos City via TPLEX,704,bus,Barangay 31
bus: PITX–San Carlos City via TPLEX,704,bus,Barangay 38
bus: PITX–San Carlos City via TPLEX,704,bus,Barangay 34
bus: PITX–San Carlos City via TPLEX,704,bus,Barangay 33
bus: PITX–San Carlos City via TPLEX,704,bus,Barangay 39
bus: PITX–San Carlos City via TPLEX,704,bus,Barangay 35
bus: PITX–San Carlos City via TPLEX,704,bus,Barangay 20
bus: PITX–San Carlos City via TPLEX,704,bus,Barangay 37
bus: PITX–San Carlos City via TPLEX,704,bus,Barangay 36
bus: PITX–San Carlos City via TPLEX,704,bus,Barangay 41
bus: PITX–San Carlos City via TPLEX,704,bus,Barangay 42
bus: PITX–San Carlos City via TPLEX,704,bus,Barangay 44
bus: PITX–San Carlos City via TPLEX,704,bus,Barangay 43
bus: PITX–San Carlos City via TPLEX,704,bus,Barangay 46
bus: PITX–San Carlos City via TPLEX,704,bus,Barangay 123
bus: PITX–San Carlos City via TPLEX,704,bus,Barangay 73
bus: PITX–San Carlos City via TPLEX,704,bus,Barangay 72
bus: PITX–San Carlos City via TPLEX,704,bus,Barangay 121
bus: PITX–San Carlos City via TPLEX,704,bus,Barangay 118
bus: PITX–San Carlos City via TPLEX,704,bus,Barangay 120
bus: PITX–San Carlos City via TPLEX,704,bus,Barangay 119
bus: PITX–San Carlos City via TPLEX,704,bus,Barangay 116
bus: PITX–San Carlos City via TPLEX,704,bus,Barangay 110
bus: PITX–San Carlos City via TPLEX,704,bus,Barangay 112
bus: PITX–San Carlos City via TPLEX,704,bus,Barangay 107
bus: PITX–San Carlos City via TPLEX,704,bus,Barangay 108
bus: PITX–San Carlos City via TPLEX,704,bus,Barangay 104
bus: PITX–San Carlos City via TPLEX,704,bus,Barangay 103
bus: PITX–San Carlos City via TPLEX,704,bus,Barangay 100
bus: PITX–San Carlos City via TPLEX,704,bus,Barangay 102
bus: PITX–San Carlos City via TPLEX,704,bus,Barangay 105
bus: PITX–San Carlos City via TPLEX,704,bus,Barangay 96
bus: PITX–San Carlos City via TPLEX,704,bus,Barangay 106
bus: PITX–San Carlos City via TPLEX,704,bus,Barangay 99
bus: PITX–San Carlos City via TPLEX,704,bus,Barangay 101
bus: PITX–San Carlos City via TPLEX,704,bus,Barangay 98
bus: PITX–San Carlos City via TPLEX,704,bus,Bulacan
bus: PITX–San Carlos City via TPLEX,704,bus,Barangay 130
bus: PITX–San Carlos City via TPLEX,704,bus,Barangay 129
bus: PITX–San Carlos City via TPLEX,704,bus,Barangay 128
bus: PITX–San Carlos City via TPLEX,704,bus,Navotas
bus: PITX–San Carlos City via TPLEX,704,bus,Malabon
bus: PITX–San Carlos City via TPLEX,704,bus,Valenzuela
bus: PITX–Tuguerarao,705,bus,Parañaque
bus: PITX–Tuguerarao,705,bus,Pasay
bus: PITX–Tuguerarao,705,bus,Caloocan
bus: PITX–Tuguerarao,705,bus,Barangay 667
bus: PITX–Tuguerarao,705,bus,Barangay 666
bus: PITX–Tuguerarao,705,bus,Barangay 657
bus: PITX–Tuguerarao,705,bus,Barangay 658
bus: PITX–Tuguerarao,705,bus,Barangay 655
bus: PITX–Tuguerarao,705,bus,Barangay 719
bus: PITX–Tuguerarao,705,bus,Barangay 720
bus: PITX–Tuguerarao,705,bus,Barangay 721
bus: PITX–Tuguerarao,705,bus,Barangay 701
bus: PITX–Tuguerarao,705,bus,Barangay 700
bus: PITX–Tuguerarao,705,bus,Barangay 699
bus: PITX–Tuguerarao,705,bus,Barangay 668
bus: PITX–Tuguerarao,705,bus,Barangay 649
bus: PITX–Tuguerarao,705,bus,Barangay 275
bus: PITX–Tuguerarao,705,bus,Barangay 18
bus: PITX–Tuguerarao,705,bus,Barangay 274
bus: PITX–Tuguerarao,705,bus,Barangay 12
bus: PITX–Tuguerarao,705,bus,Barangay 17
bus: PITX–Tuguerarao,705,bus,Barangay 11
bus: PITX–Tuguerarao,705,bus,Barangay 16
bus: PITX–Tuguerarao,705,bus,Barangay 19
bus: PITX–Tuguerarao,705,bus,Barangay 14
bus: PITX–Tuguerarao,705,bus,Barangay 653
bus: PITX–Tuguerarao,705,bus,Barangay 652
bus: PITX–Tuguerarao,705,bus,Barangay 651
bus: PITX–Tuguerarao,705,bus,Barangay 650
bus: PITX–Tuguerarao,705,bus,Barangay 656
bus: PITX–Tuguerarao,705,bus,Barangay 286
bus: PITX–Tuguerarao,705,bus,Barangay 283
bus: PITX–Tuguerarao,705,bus,Barangay 284
bus: PITX–Tuguerarao,705,bus,Barangay 285
bus: PITX–Tuguerarao,705,bus,Barangay 273
bus: PITX–Tuguerarao,705,bus,Barangay 272
bus: PITX–Tuguerarao,705,bus,Barangay 276
bus: PITX–Tuguerarao,705,bus,Barangay 15
bus: PITX–Tuguerarao,705,bus,Barangay 29
bus: PITX–Tuguerarao,705,bus,Barangay 32
bus: PITX–Tuguerarao,705,bus,Barangay 30
bus: PITX–Tuguerarao,705,bus,Barangay 28
bus: PITX–Tuguerarao,705,bus,Barangay 31
bus: PITX–Tuguerarao,705,bus,Barangay 38
bus: PITX–Tuguerarao,705,bus,Barangay 34
bus: PITX–Tuguerarao,705,bus,Barangay 33
bus: PITX–Tuguerarao,705,bus,Barangay 39
bus: PITX–Tuguerarao,705,bus,Barangay 35
bus: PITX–Tuguerarao,705,bus,Barangay 20
bus: PITX–Tuguerarao,705,bus,Barangay 37
bus: PITX–Tuguerarao,705,bus,Barangay 36
bus: PITX–Tuguerarao,705,bus,Barangay 41
bus: PITX–Tuguerarao,705,bus,Barangay 42
bus: PITX–Tuguerarao,705,bus,Barangay 44
bus: PITX–Tuguerarao,705,bus,Barangay 43
bus: PITX–Tuguerarao,705,bus,Barangay 46
bus: PITX–Tuguerarao,705,bus,Barangay 123
bus: PITX–Tuguerarao,705,bus,Barangay 73
bus: PITX–Tuguerarao,705,bus,Barangay 72
bus: PITX–Tuguerarao,705,bus,Barangay 121
bus: PITX–Tuguerarao,705,bus,Barangay 118
bus: PITX–Tuguerarao,705,bus,Barangay 120
bus: PITX–Tuguerarao,705,bus,Barangay 119
bus: PITX–Tuguerarao,705,bus,Barangay 116
bus: PITX–Tuguerarao,705,bus,Barangay 110
bus: PITX–Tuguerarao,705,bus,Barangay 112
bus: PITX–Tuguerarao,705,bus,Barangay 107
bus: PITX–Tuguerarao,705,bus,Barangay 108
bus: PITX–Tuguerarao,705,bus,Barangay 104
bus: PITX–Tuguerarao,705,bus,Barangay 103
bus: PITX–Tuguerarao,705,bus,Barangay 100
bus: PITX–Tuguerarao,705,bus,Barangay 102
bus: PITX–Tuguerarao,705,bus,Barangay 105
bus: PITX–Tuguerarao,705,bus,Barangay 96
bus: PITX–Tuguerarao,705,bus,Barangay 106
bus: PITX–Tuguerarao,705,bus,Barangay 99
bus: PITX–Tuguerarao,705,bus,Barangay 101
bus: PITX–Tuguerarao,705,bus,Barangay 98
bus: PITX–Tuguerarao,705,bus,Bulacan
bus: PITX–Tuguerarao,705,bus,Barangay 130
bus: PITX–Tuguerarao,705,bus,Barangay 129
bus: PITX–Tuguerarao,705,bus,Barangay 128
bus: PITX–Tuguerarao,705,bus,Navotas
bus: PITX–Tuguerarao,705,bus,Malabon
bus: PITX–Tuguerarao,705,bus,Valenzuela
bus MNLA-TUGG,706,bus,Barangay 634
bus MNLA-TUGG,706,bus,Barangay 418
bus MNLA-TUGG,706,bus,Barangay 424
bus MNLA-TUGG,706,bus,Barangay 417
bus MNLA-TUGG,706,bus,Barangay 423
bus MNLA-TUGG,706,bus,Barangay 437
bus MNLA-TUGG,706,bus,Barangay 640
bus MNLA-TUGG,706,bus,Barangay 637
bus MNLA-TUGG,706,bus,Barangay 413
bus MNLA-TUGG,706,bus,Barangay 414
bus MNLA-TUGG,706,bus,Barangay 407
bus MNLA-TUGG,706,bus,Barangay 410
bus MNLA-TUGG,706,bus,Barangay 420
bus MNLA-TUGG,706,bus,Barangay 409
bus MNLA-TUGG,706,bus,Barangay 411
bus MNLA-TUGG,706,bus,Barangay 419
bus MNLA-TUGG,706,bus,Barangay 408
bus MNLA-TUGG,706,bus,Barangay 433
bus MNLA-TUGG,706,bus,Barangay 435
bus MNLA-TUGG,706,bus,Barangay 436
bus MNLA-TUGG,706,bus,Barangay 434
bus MNLA-TUGG,706,bus,Barangay 439
bus MNLA-TUGG,706,bus,Barangay 432
bus MNLA-TUGG,706,bus,Barangay 438
bus MNLA-TUGG,706,bus,Barangay 429
bus MNLA-TUGG,706,bus,Barangay 448
bus MNLA-TUGG,706,bus,Barangay 449
bus MNLA-TUGG,706,bus,Barangay 447
bus MNLA-TUGG,706,bus,Barangay 455
bus MNLA-TUGG,706,bus,Barangay 405
bus MNLA-TUGG,706,bus,Barangay 406
bus MNLA-TUGG,706,bus,Barangay 458
bus MNLA-TUGG,706,bus,Barangay 430
bus MNLA-TUGG,706,bus,Barangay 431
bus MNLA-TUGG,706,bus,Barangay 459
bus MNLA-TUGG,706,bus,Barangay 457
bus MNLA-TUGG,706,bus,Barangay 460
bus MNLA-TUGG,706,bus,Barangay 461
bus MNLA-TUGG,706,bus,Barangay 456
bus MNLA-TUGG,706,bus,Barangay 454
bus MNLA-TUGG,706,bus,Barangay 479
bus MNLA-TUGG,706,bus,Barangay 478
bus MNLA-TUGG,706,bus,Barangay 476
bus MNLA-TUGG,706,bus,Barangay 475
bus MNLA-TUGG,706,bus,Barangay 477
bus MNLA-TUGG,706,bus,Barangay 472
bus MNLA-TUGG,706,bus,Barangay 453
bus MNLA-TUGG,706,bus,Barangay 452
bus MNLA-TUGG,706,bus,Barangay 451
bus MNLA-TUGG,706,bus,Barangay 450
bus MNLA-TUGG,706,bus,Barangay 521
bus MNLA-TUGG,706,bus,Barangay 522
bus MNLA-TUGG,706,bus,Barangay 523
bus MNLA-TUGG,706,bus,Barangay 473
bus MNLA-TUGG,706,bus,Barangay 524
bus MNLA-TUGG,706,bus,Barangay 503
bus MNLA-TUGG,706,bus,Barangay 502
bus MNLA-TUGG,706,bus,Barangay 517
bus MNLA-TUGG,706,bus,Barangay 504
bus MNLA-TUGG,706,bus,Barangay 519
bus MNLA-TUGG,706,bus,Barangay 520
bus MNLA-TUGG,706,bus,Barangay 505
bus MNLA-TUGG,706,bus,Barangay 474
bus MNLA-TUGG,706,bus,Barangay 488
bus MNLA-TUGG,706,bus,Barangay 507
bus MNLA-TUGG,706,bus,Barangay 487
bus MNLA-TUGG,706,bus,Barangay 486
bus MNLA-TUGG,706,bus,Barangay 506
bus MNLA-TUGG,706,bus,Barangay 509
bus MNLA-TUGG,706,bus,Barangay 485
bus MNLA-TUGG,706,bus,Barangay 508
bus MNLA-TUGG,706,bus,Barangay 511
bus MNLA-TUGG,706,bus,Barangay 514
bus MNLA-TUGG,706,bus,Barangay 510
bus MNLA-TUGG,706,bus,Barangay 499
bus MNLA-TUGG,706,bus,Barangay 518
bus MNLA-TUGG,706,bus,Barangay 501
bus MNLA-TUGG,706,bus,Barangay 500
bus MNLA-TUGG,706,bus,Barangay 498
bus MNLA-TUGG,706,bus,Barangay 494
bus MNLA-TUGG,706,bus,Barangay 495
bus MNLA-TUGG,706,bus,Barangay 492
bus MNLA-TUGG,706,bus,Caloocan
bus MNLA-TUGG,706,bus,Barangay 397
bus MNLA-TUGG,706,bus,Barangay 470
bus MNLA-TUGG,706,bus,Barangay 491
bus MNLA-TUGG,706,bus,Barangay 352
bus MNLA-TUGG,706,bus,Barangay 482
bus MNLA-TUGG,706,bus,Barangay 483
bus MNLA-TUGG,706,bus,Barangay 484
bus MNLA-TUGG,706,bus,Barangay 350
bus MNLA-TUGG,706,bus,Barangay 351
bus MNLA-TUGG,706,bus,Barangay 368
bus MNLA-TUGG,706,bus,Barangay 497
bus MNLA-TUGG,706,bus,Barangay 349
bus MNLA-TUGG,706,bus,Barangay 369
bus MNLA-TUGG,706,bus,Barangay 371
bus MNLA-TUGG,706,bus,Barangay 345
bus MNLA-TUGG,706,bus,Barangay 358
bus MNLA-TUGG,706,bus,Barangay 361
bus MNLA-TUGG,706,bus,Barangay 362
bus MNLA-TUGG,706,bus,Barangay 347
bus MNLA-TUGG,706,bus,Barangay 357
bus MNLA-TUGG,706,bus,Barangay 360
bus MNLA-TUGG,706,bus,Barangay 348
bus MNLA-TUGG,706,bus,Barangay 356
bus MNLA-TUGG,706,bus,Barangay 359
bus MNLA-TUGG,706,bus,Barangay 365
bus MNLA-TUGG,706,bus,Barangay 363
bus MNLA-TUGG,706,bus,Barangay 220
bus MNLA-TUGG,706,bus,Barangay 219
bus MNLA-TUGG,706,bus,Barangay 209
bus MNLA-TUGG,706,bus,Barangay 366
bus MNLA-TUGG,706,bus,Barangay 381
bus MNLA-TUGG,706,bus,Barangay 210
bus MNLA-TUGG,706,bus,Barangay 212
bus MNLA-TUGG,706,bus,Barangay 213
bus MNLA-TUGG,706,bus,Barangay 217
bus MNLA-TUGG,706,bus,Barangay 164
bus MNLA-TUGG,706,bus,Barangay 214
bus MNLA-TUGG,706,bus,Barangay 165
bus MNLA-TUGG,706,bus,Barangay 215
bus MNLA-TUGG,706,bus,Barangay 162
bus MNLA-TUGG,706,bus,Barangay 204
bus MNLA-TUGG,706,bus,Barangay 161
bus MNLA-TUGG,706,bus,Barangay 203
bus MNLA-TUGG,706,bus,Barangay 211
bus MNLA-TUGG,706,bus,Barangay 201
bus MNLA-TUGG,706,bus,Barangay 223
bus MNLA-TUGG,706,bus,Barangay 231
bus MNLA-TUGG,706,bus,Barangay 221
bus MNLA-TUGG,706,bus,Barangay 224
bus MNLA-TUGG,706,bus,Barangay 228
bus MNLA-TUGG,706,bus,Barangay 227
bus MNLA-TUGG,706,bus,Barangay 152
bus MNLA-TUGG,706,bus,Barangay 218
bus MNLA-TUGG,706,bus,Barangay 163
bus MNLA-TUGG,706,bus,Barangay 216
bus MNLA-TUGG,706,bus,Barangay 153
bus MNLA-TUGG,706,bus,Barangay 167
bus MNLA-TUGG,706,bus,Barangay 166
bus MNLA-TUGG,706,bus,Barangay 174
bus MNLA-TUGG,706,bus,Barangay 173
bus MNLA-TUGG,706,bus,Barangay 364
bus MNLA-TUGG,706,bus,Barangay 370
bus MNLA-TUGG,706,bus,Barangay 367
bus MNLA-TUGG,706,bus,Barangay 493
bus MNLA-TUGG,706,bus,Barangay 372
bus MNLA-TUGG,706,bus,Barangay 185
bus MNLA-TUGG,706,bus,Barangay 179
bus MNLA-TUGG,706,bus,Barangay 205
bus MNLA-TUGG,706,bus,Barangay 181
bus MNLA-TUGG,706,bus,Barangay 198
bus MNLA-TUGG,706,bus,Barangay 186
bus MNLA-TUGG,706,bus,Barangay 183
bus MNLA-TUGG,706,bus,Barangay 200
bus MNLA-TUGG,706,bus,Barangay 178
bus MNLA-TUGG,706,bus,Barangay 184
bus MNLA-TUGG,706,bus,Barangay 202
bus MNLA-TUGG,706,bus,Barangay 195
bus MNLA-TUGG,706,bus,Barangay 193
bus MNLA-TUGG,706,bus,Barangay 194
bus MNLA-TUGG,706,bus,Barangay 188
bus MNLA-TUGG,706,bus,Barangay 189
bus MNLA-TUGG,706,bus,Barangay 190
bus MNLA-TUGG,706,bus,Barangay 192
bus MNLA-TUGG,706,bus,Bulacan
bus MNLA-TUGG,706,bus,Barangay 177
bus MNLA-TUGG,706,bus,Malabon
bus MNLA-TUGG,706,bus,Barangay 199
bus MNLA-TUGG,706,bus,Valenzuela
bus 64,707,bus,Quezon City
bus 64,707,bus,Caloocan
bus 64,707,bus,Bulacan
bus 64,707,bus,Valenzuela
bus: Manila–Tuguegarao (inbound),708,bus,Barangay 432
bus: Manila–Tuguegarao (inbound),708,bus,Barangay 429
bus: Manila–Tuguegarao (inbound),708,bus,Barangay 449
bus: Manila–Tuguegarao (inbound),708,bus,Barangay 455
bus: Manila–Tuguegarao (inbound),708,bus,Barangay 406
bus: Manila–Tuguegarao (inbound),708,bus,Barangay 458
bus: Manila–Tuguegarao (inbound),708,bus,Barangay 430
bus: Manila–Tuguegarao (inbound),708,bus,Barangay 431
bus: Manila–Tuguegarao (inbound),708,bus,Barangay 459
bus: Manila–Tuguegarao (inbound),708,bus,Barangay 457
bus: Manila–Tuguegarao (inbound),708,bus,Barangay 460
bus: Manila–Tuguegarao (inbound),708,bus,Barangay 461
bus: Manila–Tuguegarao (inbound),708,bus,Barangay 456
bus: Manila–Tuguegarao (inbound),708,bus,Barangay 454
bus: Manila–Tuguegarao (inbound),708,bus,Barangay 479
bus: Manila–Tuguegarao (inbound),708,bus,Barangay 478
bus: Manila–Tuguegarao (inbound),708,bus,Barangay 476
bus: Manila–Tuguegarao (inbound),708,bus,Barangay 481
bus: Manila–Tuguegarao (inbound),708,bus,Barangay 475
bus: Manila–Tuguegarao (inbound),708,bus,Barangay 480
bus: Manila–Tuguegarao (inbound),708,bus,Barangay 477
bus: Manila–Tuguegarao (inbound),708,bus,Barangay 472
bus: Manila–Tuguegarao (inbound),708,bus,Barangay 453
bus: Manila–Tuguegarao (inbound),708,bus,Barangay 452
bus: Manila–Tuguegarao (inbound),708,bus,Barangay 473
bus: Manila–Tuguegarao (inbound),708,bus,Barangay 503
bus: Manila–Tuguegarao (inbound),708,bus,Barangay 502
bus: Manila–Tuguegarao (inbound),708,bus,Barangay 504
bus: Manila–Tuguegarao (inbound),708,bus,Barangay 519
bus: Manila–Tuguegarao (inbound),708,bus,Barangay 520
bus: Manila–Tuguegarao (inbound),708,bus,Barangay 505
bus: Manila–Tuguegarao (inbound),708,bus,Barangay 474
bus: Manila–Tuguegarao (inbound),708,bus,Barangay 488
bus: Manila–Tuguegarao (inbound),708,bus,Barangay 507
bus: Manila–Tuguegarao (inbound),708,bus,Barangay 487
bus: Manila–Tuguegarao (inbound),708,bus,Barangay 486
bus: Manila–Tuguegarao (inbound),708,bus,Barangay 506
bus: Manila–Tuguegarao (inbound),708,bus,Barangay 509
bus: Manila–Tuguegarao (inbound),708,bus,Barangay 485
bus: Manila–Tuguegarao (inbound),708,bus,Barangay 508
bus: Manila–Tuguegarao (inbound),708,bus,Barangay 511
bus: Manila–Tuguegarao (inbound),708,bus,Barangay 514
bus: Manila–Tuguegarao (inbound),708,bus,Barangay 510
bus: Manila–Tuguegarao (inbound),708,bus,Barangay 499
bus: Manila–Tuguegarao (inbound),708,bus,Barangay 518
bus: Manila–Tuguegarao (inbound),708,bus,Barangay 501
bus: Manila–Tuguegarao (inbound),708,bus,Barangay 500
bus: Manila–Tuguegarao (inbound),708,bus,Barangay 498
bus: Manila–Tuguegarao (inbound),708,bus,Barangay 494
bus: Manila–Tuguegarao (inbound),708,bus,Barangay 495
bus: Manila–Tuguegarao (inbound),708,bus,Barangay 492
bus: Manila–Tuguegarao (inbound),708,bus,Caloocan
bus: Manila–Tuguegarao (inbound),708,bus,Barangay 397
bus: Manila–Tuguegarao (inbound),708,bus,Barangay 470
bus: Manila–Tuguegarao (inbound),708,bus,Barangay 471
bus: Manila–Tuguegarao (inbound),708,bus,Barangay 342
bus: Manila–Tuguegarao (inbound),708,bus,Barangay 490
bus: Manila–Tuguegarao (inbound),708,bus,Barangay 489
bus: Manila–Tuguegarao (inbound),708,bus,Barangay 343
bus: Manila–Tuguegarao (inbound),708,bus,Barangay 491
bus: Manila–Tuguegarao (inbound),708,bus,Barangay 352
bus: Manila–Tuguegarao (inbound),708,bus,Barangay 482
bus: Manila–Tuguegarao (inbound),708,bus,Barangay 483
bus: Manila–Tuguegarao (inbound),708,bus,Barangay 484
bus: Manila–Tuguegarao (inbound),708,bus,Barangay 350
bus: Manila–Tuguegarao (inbound),708,bus,Barangay 351
bus: Manila–Tuguegarao (inbound),708,bus,Barangay 368
bus: Manila–Tuguegarao (inbound),708,bus,Barangay 497
bus: Manila–Tuguegarao (inbound),708,bus,Barangay 349
bus: Manila–Tuguegarao (inbound),708,bus,Barangay 369
bus: Manila–Tuguegarao (inbound),708,bus,Barangay 371
bus: Manila–Tuguegarao (inbound),708,bus,Barangay 345
bus: Manila–Tuguegarao (inbound),708,bus,Barangay 358
bus: Manila–Tuguegarao (inbound),708,bus,Barangay 361
bus: Manila–Tuguegarao (inbound),708,bus,Barangay 362
bus: Manila–Tuguegarao (inbound),708,bus,Barangay 347
bus: Manila–Tuguegarao (inbound),708,bus,Barangay 357
bus: Manila–Tuguegarao (inbound),708,bus,Barangay 360
bus: Manila–Tuguegarao (inbound),708,bus,Barangay 348
bus: Manila–Tuguegarao (inbound),708,bus,Barangay 356
bus: Manila–Tuguegarao (inbound),708,bus,Barangay 359
bus: Manila–Tuguegarao (inbound),708,bus,Barangay 365
bus: Manila–Tuguegarao (inbound),708,bus,Barangay 363
bus: Manila–Tuguegarao (inbound),708,bus,Barangay 220
bus: Manila–Tuguegarao (inbound),708,bus,Barangay 219
bus: Manila–Tuguegarao (inbound),708,bus,Barangay 209
bus: Manila–Tuguegarao (inbound),708,bus,Barangay 366
bus: Manila–Tuguegarao (inbound),708,bus,Barangay 381
bus: Manila–Tuguegarao (inbound),708,bus,Barangay 210
bus: Manila–Tuguegarao (inbound),708,bus,Barangay 212
bus: Manila–Tuguegarao (inbound),708,bus,Barangay 213
bus: Manila–Tuguegarao (inbound),708,bus,Barangay 217
bus: Manila–Tuguegarao (inbound),708,bus,Barangay 164
bus: Manila–Tuguegarao (inbound),708,bus,Barangay 214
bus: Manila–Tuguegarao (inbound),708,bus,Barangay 165
bus: Manila–Tuguegarao (inbound),708,bus,Barangay 215
bus: Manila–Tuguegarao (inbound),708,bus,Barangay 162
bus: Manila–Tuguegarao (inbound),708,bus,Barangay 204
bus: Manila–Tuguegarao (inbound),708,bus,Barangay 161
bus: Manila–Tuguegarao (inbound),708,bus,Barangay 203
bus: Manila–Tuguegarao (inbound),708,bus,Barangay 211
bus: Manila–Tuguegarao (inbound),708,bus,Barangay 201
bus: Manila–Tuguegarao (inbound),708,bus,Barangay 223
bus: Manila–Tuguegarao (inbound),708,bus,Barangay 231
bus: Manila–Tuguegarao (inbound),708,bus,Barangay 221
bus: Manila–Tuguegarao (inbound),708,bus,Barangay 155
bus: Manila–Tuguegarao (inbound),708,bus,Barangay 224
bus: Manila–Tuguegarao (inbound),708,bus,Barangay 228
bus: Manila–Tuguegarao (inbound),708,bus,Barangay 227
bus: Manila–Tuguegarao (inbound),708,bus,Barangay 152
bus: Manila–Tuguegarao (inbound),708,bus,Barangay 218
bus: Manila–Tuguegarao (inbound),708,bus,Barangay 163
bus: Manila–Tuguegarao (inbound),708,bus,Barangay 216
bus: Manila–Tuguegarao (inbound),708,bus,Barangay 153
bus: Manila–Tuguegarao (inbound),708,bus,Barangay 167
bus: Manila–Tuguegarao (inbound),708,bus,Barangay 166
bus: Manila–Tuguegarao (inbound),708,bus,Barangay 174
bus: Manila–Tuguegarao (inbound),708,bus,Barangay 173
bus: Manila–Tuguegarao (inbound),708,bus,Barangay 364
bus: Manila–Tuguegarao (inbound),708,bus,Barangay 370
bus: Manila–Tuguegarao (inbound),708,bus,Barangay 367
bus: Manila–Tuguegarao (inbound),708,bus,Barangay 493
bus: Manila–Tuguegarao (inbound),708,bus,Barangay 372
bus: Manila–Tuguegarao (inbound),708,bus,Barangay 185
bus: Manila–Tuguegarao (inbound),708,bus,Barangay 179
bus: Manila–Tuguegarao (inbound),708,bus,Barangay 205
bus: Manila–Tuguegarao (inbound),708,bus,Barangay 181
bus: Manila–Tuguegarao (inbound),708,bus,Barangay 198
bus: Manila–Tuguegarao (inbound),708,bus,Barangay 186
bus: Manila–Tuguegarao (inbound),708,bus,Barangay 183
bus: Manila–Tuguegarao (inbound),708,bus,Barangay 200
bus: Manila–Tuguegarao (inbound),708,bus,Barangay 178
bus: Manila–Tuguegarao (inbound),708,bus,Barangay 184
bus: Manila–Tuguegarao (inbound),708,bus,Barangay 202
bus: Manila–Tuguegarao (inbound),708,bus,Barangay 195
bus: Manila–Tuguegarao (inbound),708,bus,Barangay 193
bus: Manila–Tuguegarao (inbound),708,bus,Barangay 194
bus: Manila–Tuguegarao (inbound),708,bus,Barangay 188
bus: Manila–Tuguegarao (inbound),708,bus,Barangay 189
bus: Manila–Tuguegarao (inbound),708,bus,Barangay 190
bus: Manila–Tuguegarao (inbound),708,bus,Barangay 192
bus: Manila–Tuguegarao (inbound),708,bus,Bulacan
bus: Manila–Tuguegarao (inbound),708,bus,Barangay 177
bus: Manila–Tuguegarao (inbound),708,bus,Malabon
bus: Manila–Tuguegarao (inbound),708,bus,Barangay 199
bus: Manila–Tuguegarao (inbound),708,bus,Valenzuela
bus: UP Diliman–UP Los Baños (outbound),710,bus,Laguna
bus: UP Diliman–UP Los Baños (outbound),710,bus,Muntinlupa
bus: UP Diliman–UP Los Baños (outbound),710,bus,Taguig
bus: UP Diliman–UP Los Baños (outbound),710,bus,Makati
bus: UP Diliman–UP Los Baños (outbound),710,bus,Pasig
bus: UP Diliman–UP Los Baños (outbound),710,bus,Parañaque
bus: UP Diliman–UP Los Baños (outbound),710,bus,Pasay
bus: UP Diliman–UP Los Baños (outbound),710,bus,Marikina
bus: UP Diliman–UP Los Baños (outbound),710,bus,Quezon City
bus UPDL-UPLB,711,bus,Laguna
bus UPDL-UPLB,711,bus,Muntinlupa
bus UPDL-UPLB,711,bus,Taguig
bus UPDL-UPLB,711,bus,Makati
bus UPDL-UPLB,711,bus,Pasig
bus UPDL-UPLB,711,bus,Parañaque
bus UPDL-UPLB,711,bus,Pasay
bus UPDL-UPLB,711,bus,Marikina
bus UPDL-UPLB,711,bus,Quezon City
bus 65,713,bus,Taguig
bus 65,713,bus,Makati
bus 65,713,bus,Pasig
bus 65,713,bus,Parañaque
bus 65,713,bus,Pasay
bus 65,713,bus,Rizal
bus 65,713,bus,Quezon City
bus 65,714,bus,Taguig
bus 65,714,bus,Makati
bus 65,714,bus,Pasig
bus 65,714,bus,Parañaque
bus 65,714,bus,Pasay
bus 65,714,bus,Rizal
bus 65,714,bus,Quezon City
bus LB3,715,bus,Pasig
bus LB3,715,bus,Mandaluyong
bus LB3,715,bus,Quezon City
bus: ArcoVia City–Tabaco City,716,bus,Laguna
bus: ArcoVia City–Tabaco City,716,bus,Muntinlupa
bus: ArcoVia City–Tabaco City,716,bus,Taguig
bus: ArcoVia City–Tabaco City,716,bus,Makati
bus: ArcoVia City–Tabaco City,716,bus,Pasig
bus: ArcoVia City–Tabaco City,716,bus,Parañaque
bus: ArcoVia City–Tabaco City,716,bus,Pasay
bus: ArcoVia City–Tabaco City,716,bus,Quezon City
bus EC,717,bus,Pasig
bus EC,717,bus,Quezon City
bus: Cubao–Balayan,718,bus,Laguna
bus: Cubao–Balayan,718,bus,Muntinlupa
bus: Cubao–Balayan,718,bus,Taguig
bus: Cubao–Balayan,718,bus,Makati
bus: Cubao–Balayan,718,bus,Pasig
bus: Cubao–Balayan,718,bus,Parañaque
bus: Cubao–Balayan,718,bus,Pasay
bus: Cubao–Balayan,718,bus,Marikina
bus: Cubao–Balayan,718,bus,Quezon City
bus 447,719,bus,Las Piñas
bus 447,719,bus,Parañaque
bus 447,720,bus,Las Piñas
bus 447,720,bus,Parañaque
bus: Jeepney Route: Binakayan - Zapote Loop,721,bus,Las Piñas
bus Imus,722,bus,Las Piñas
bus Imus,722,bus,Muntinlupa
bus Imus,722,bus,Taguig
bus Imus,722,bus,Parañaque
bus Imus,722,bus,Pasay
bus T3129,723,bus,Barangay 488
bus T3129,723,bus,Barangay 487
bus T3129,723,bus,Barangay 486
bus T3129,723,bus,Barangay 485
bus T3129,723,bus,Barangay 511
bus T3129,723,bus,Barangay 499
bus T3129,723,bus,Barangay 501
bus T3129,723,bus,Barangay 500
bus T3129,723,bus,Barangay 494
bus T3129,723,bus,Barangay 495
bus T3129,723,bus,Barangay 492
bus T3129,723,bus,Quezon City
bus T3129,723,bus,Caloocan
bus T3129,723,bus,Barangay 299
bus T3129,723,bus,Barangay 308
bus T3129,723,bus,Barangay 309
bus T3129,723,bus,Barangay 305
bus T3129,723,bus,Barangay 304
bus T3129,723,bus,Barangay 310
bus T3129,723,bus,Barangay 313
bus T3129,723,bus,Barangay 314
bus T3129,723,bus,Barangay 395
bus T3129,723,bus,Barangay 464
bus T3129,723,bus,Barangay 311
bus T3129,723,bus,Barangay 312
bus T3129,723,bus,Barangay 335
bus T3129,723,bus,Barangay 329
bus T3129,723,bus,Barangay 330
bus T3129,723,bus,Barangay 316
bus T3129,723,bus,Barangay 332
bus T3129,723,bus,Barangay 328
bus T3129,723,bus,Barangay 261
bus T3129,723,bus,Barangay 322
bus T3129,723,bus,Barangay 315
bus T3129,723,bus,Barangay 319
bus T3129,723,bus,Barangay 318
bus T3129,723,bus,Barangay 470
bus T3129,723,bus,Barangay 471
bus T3129,723,bus,Barangay 317
bus T3129,723,bus,Barangay 321
bus T3129,723,bus,Barangay 333
bus T3129,723,bus,Barangay 326
bus T3129,723,bus,Barangay 265
bus T3129,723,bus,Barangay 320
bus T3129,723,bus,Barangay 334
bus T3129,723,bus,Barangay 327
bus T3129,723,bus,Barangay 324
bus T3129,723,bus,Barangay 323
bus T3129,723,bus,Barangay 340
bus T3129,723,bus,Barangay 342
bus T3129,723,bus,Barangay 490
bus T3129,723,bus,Barangay 489
bus T3129,723,bus,Barangay 338
bus T3129,723,bus,Barangay 343
bus T3129,723,bus,Barangay 491
bus T3129,723,bus,Barangay 341
bus T3129,723,bus,Barangay 352
bus T3129,723,bus,Barangay 325
bus T3129,723,bus,Barangay 339
bus T3129,723,bus,Barangay 337
bus T3129,723,bus,Barangay 331
bus T3129,723,bus,Barangay 336
bus T3129,723,bus,Barangay 353
bus T3129,723,bus,Barangay 344
bus T3129,723,bus,Barangay 482
bus T3129,723,bus,Barangay 483
bus T3129,723,bus,Barangay 484
bus T3129,723,bus,Barangay 350
bus T3129,723,bus,Barangay 351
bus T3129,723,bus,Barangay 368
bus T3129,723,bus,Barangay 497
bus T3129,723,bus,Barangay 349
bus T3129,723,bus,Barangay 369
bus T3129,723,bus,Barangay 371
bus T3129,723,bus,Barangay 364
bus T3129,723,bus,Barangay 370
bus T3129,723,bus,Barangay 367
bus T3129,723,bus,Barangay 493
bus T3129,723,bus,Barangay 379
bus T3129,723,bus,Barangay 376
bus T3129,723,bus,Barangay 372
bus T3129,723,bus,Manila North Cemetery
bus: Shuttle Route: Cloverleaf (southbound),724,bus,Quezon City
bus: Shuttle Route: Cloverleaf (southbound),724,bus,Caloocan
bus: Shuttle Route: Cloverleaf (northbound),725,bus,Quezon City
bus: Shuttle Route: Cloverleaf (northbound),725,bus,Caloocan
bus: Ayala Malls Manila Bay Libreng Sakay PITX Shuttle,726,bus,Parañaque
bus: Ayala Malls Manila Bay Libreng Sakay Metro Point Mall Shuttle,727,bus,Parañaque
bus: Ayala Malls Manila Bay Libreng Sakay Metro Point Mall Shuttle,727,bus,Pasay
bus 6A,728,bus,Quezon City
bus 6A,729,bus,Quezon City
bus 108,730,bus,Barangay 500
bus 108,730,bus,Barangay 494
bus 108,730,bus,Barangay 495
bus 108,730,bus,Barangay 492
bus 108,730,bus,Quezon City
bus 108,730,bus,Caloocan
bus 108,730,bus,Barangay 350
bus 108,730,bus,Barangay 351
bus 108,730,bus,Barangay 368
bus 108,730,bus,Barangay 497
bus 108,730,bus,Barangay 349
bus 108,730,bus,Barangay 369
bus 108,730,bus,Barangay 371
bus 108,730,bus,Barangay 345
bus 108,730,bus,Barangay 358
bus 108,730,bus,Barangay 347
bus 108,730,bus,Barangay 357
bus 108,730,bus,Barangay 360
bus 108,730,bus,Barangay 348
bus 108,730,bus,Barangay 356
bus 108,730,bus,Barangay 359
bus 108,730,bus,Barangay 365
bus 108,730,bus,Barangay 363
bus 108,730,bus,Barangay 220
bus 108,730,bus,Barangay 209
bus 108,730,bus,Barangay 366
bus 108,730,bus,Barangay 381
bus 108,730,bus,Barangay 210
bus 108,730,bus,Barangay 382
bus 108,730,bus,Barangay 364
bus 108,730,bus,Barangay 370
bus 108,730,bus,Barangay 367
bus 108,730,bus,Barangay 493
bus 108,730,bus,Barangay 379
bus 108,730,bus,Barangay 380
bus 108,730,bus,Barangay 376
bus 108,730,bus,Barangay 377
bus 108,730,bus,Barangay 372
bus 108,730,bus,Manila North Cemetery
bus 108,730,bus,Valenzuela
bus 108,731,bus,Barangay 495
bus 108,731,bus,Barangay 492
bus 108,731,bus,Quezon City
bus 108,731,bus,Caloocan
bus 108,731,bus,Barangay 350
bus 108,731,bus,Barangay 351
bus 108,731,bus,Barangay 368
bus 108,731,bus,Barangay 497
bus 108,731,bus,Barangay 349
bus 108,731,bus,Barangay 369
bus 108,731,bus,Barangay 371
bus 108,731,bus,Barangay 347
bus 108,731,bus,Barangay 357
bus 108,731,bus,Barangay 348
bus 108,731,bus,Barangay 356
bus 108,731,bus,Barangay 365
bus 108,731,bus,Barangay 363
bus 108,731,bus,Barangay 220
bus 108,731,bus,Barangay 209
bus 108,731,bus,Barangay 366
bus 108,731,bus,Barangay 381
bus 108,731,bus,Barangay 210
bus 108,731,bus,Barangay 382
bus 108,731,bus,Barangay 364
bus 108,731,bus,Barangay 370
bus 108,731,bus,Barangay 367
bus 108,731,bus,Barangay 493
bus 108,731,bus,Barangay 379
bus 108,731,bus,Barangay 380
bus 108,731,bus,Barangay 376
bus 108,731,bus,Barangay 377
bus 108,731,bus,Barangay 372
bus 108,731,bus,Manila North Cemetery
bus 108,731,bus,Valenzuela
bus 18,732,bus,Taguig
bus 18,732,bus,Makati
bus 18,732,bus,Pasig
bus 18,732,bus,Marikina
bus 18,732,bus,Quezon City
bus 18,733,bus,Taguig
bus 18,733,bus,Makati
bus 18,733,bus,Pasig
bus 18,733,bus,Marikina
bus 18,733,bus,Quezon City
bus QC8,734,bus,Quezon City
bus T171,735,bus,Quezon City
bus T171,735,bus,Caloocan
bus T171,735,bus,Bulacan
bus T171,735,bus,Malabon
bus T171,735,bus,Valenzuela
bus 209,738,bus,Pasig
bus 209,738,bus,Rizal
bus 209,738,bus,Quezon City
bus 209,739,bus,Pasig
bus 209,739,bus,Rizal
bus 209,739,bus,Quezon City
bus QC2S,740,bus,Quezon City
bus QC2S,741,bus,Quezon City
share_taxi: Wilson E-trike System Route: Greenhills → Wilson,742,share_taxi,Mandaluyong
share_taxi: Wilson E-trike System Route: Greenhills → Wilson,742,share_taxi,San Juan
share_taxi: Wilson E-trike System Route: Wilson → Greenhills,743,share_taxi,Mandaluyong
share_taxi: Wilson E-trike System Route: Wilson → Greenhills,743,share_taxi,San Juan
bus 3122,744,bus,Mandaluyong
bus 3122,744,bus,San Juan
bus 3122,744,bus,Quezon City
bus 3122,745,bus,Mandaluyong
bus 3122,745,bus,San Juan
bus 3122,745,bus,Quezon City
"bus: Santa Cruz–General Trias via Paliparan, Molino",746,bus,Las Piñas
"bus: Santa Cruz–General Trias via Paliparan, Molino",746,bus,Barangay 718
"bus: Santa Cruz–General Trias via Paliparan, Molino",746,bus,Barangay 717
"bus: Santa Cruz–General Trias via Paliparan, Molino",746,bus,Barangay 727
"bus: Santa Cruz–General Trias via Paliparan, Molino",746,bus,Barangay 716
"bus: Santa Cruz–General Trias via Paliparan, Molino",746,bus,Barangay 713
"bus: Santa Cruz–General Trias via Paliparan, Molino",746,bus,Barangay 708
"bus: Santa Cruz–General Trias via Paliparan, Molino",746,bus,Barangay 726
"bus: Santa Cruz–General Trias via Paliparan, Molino",746,bus,Barangay 712
"bus: Santa Cruz–General Trias via Paliparan, Molino",746,bus,Barangay 709
"bus: Santa Cruz–General Trias via Paliparan, Molino",746,bus,Barangay 729
"bus: Santa Cruz–General Trias via Paliparan, Molino",746,bus,Barangay 730
"bus: Santa Cruz–General Trias via Paliparan, Molino",746,bus,Barangay 728
"bus: Santa Cruz–General Trias via Paliparan, Molino",746,bus,Barangay 733
"bus: Santa Cruz–General Trias via Paliparan, Molino",746,bus,Barangay 725
"bus: Santa Cruz–General Trias via Paliparan, Molino",746,bus,Barangay 714
"bus: Santa Cruz–General Trias via Paliparan, Molino",746,bus,Barangay 724
"bus: Santa Cruz–General Trias via Paliparan, Molino",746,bus,Barangay 723
"bus: Santa Cruz–General Trias via Paliparan, Molino",746,bus,Barangay 692
"bus: Santa Cruz–General Trias via Paliparan, Molino",746,bus,Barangay 722
"bus: Santa Cruz–General Trias via Paliparan, Molino",746,bus,Barangay 691
"bus: Santa Cruz–General Trias via Paliparan, Molino",746,bus,Barangay 693
"bus: Santa Cruz–General Trias via Paliparan, Molino",746,bus,Barangay 689
"bus: Santa Cruz–General Trias via Paliparan, Molino",746,bus,Barangay 690
"bus: Santa Cruz–General Trias via Paliparan, Molino",746,bus,Barangay 695
"bus: Santa Cruz–General Trias via Paliparan, Molino",746,bus,Parañaque
"bus: Santa Cruz–General Trias via Paliparan, Molino",746,bus,Pasay
"bus: Santa Cruz–General Trias via Paliparan, Molino",746,bus,Barangay 666
"bus: Santa Cruz–General Trias via Paliparan, Molino",746,bus,Barangay 657
"bus: Santa Cruz–General Trias via Paliparan, Molino",746,bus,Barangay 658
"bus: Santa Cruz–General Trias via Paliparan, Molino",746,bus,Barangay 654
"bus: Santa Cruz–General Trias via Paliparan, Molino",746,bus,Barangay 291
"bus: Santa Cruz–General Trias via Paliparan, Molino",746,bus,Barangay 719
"bus: Santa Cruz–General Trias via Paliparan, Molino",746,bus,Barangay 720
"bus: Santa Cruz–General Trias via Paliparan, Molino",746,bus,Barangay 715
"bus: Santa Cruz–General Trias via Paliparan, Molino",746,bus,Barangay 711
"bus: Santa Cruz–General Trias via Paliparan, Molino",746,bus,Barangay 710
"bus: Santa Cruz–General Trias via Paliparan, Molino",746,bus,Barangay 707
"bus: Santa Cruz–General Trias via Paliparan, Molino",746,bus,Barangay 706
"bus: Santa Cruz–General Trias via Paliparan, Molino",746,bus,Barangay 702
"bus: Santa Cruz–General Trias via Paliparan, Molino",746,bus,Barangay 703
"bus: Santa Cruz–General Trias via Paliparan, Molino",746,bus,Barangay 697
"bus: Santa Cruz–General Trias via Paliparan, Molino",746,bus,Barangay 696
"bus: Santa Cruz–General Trias via Paliparan, Molino",746,bus,Barangay 694
"bus: Santa Cruz–General Trias via Paliparan, Molino",746,bus,Barangay 669
"bus: Santa Cruz–General Trias via Paliparan, Molino",746,bus,Barangay 675
"bus: Santa Cruz–General Trias via Paliparan, Molino",746,bus,Barangay 676
"bus: Santa Cruz–General Trias via Paliparan, Molino",746,bus,Barangay 670
"bus: Santa Cruz–General Trias via Paliparan, Molino",746,bus,Barangay 660
"bus: Santa Cruz–General Trias via Paliparan, Molino",746,bus,Barangay 659
"bus: Santa Cruz–General Trias via Paliparan, Molino",746,bus,Barangay 659-A
"bus: Santa Cruz–General Trias via Paliparan, Molino",746,bus,Barangay 384
"bus: Santa Cruz–General Trias via Paliparan, Molino",746,bus,Barangay 306
"bus: Santa Cruz–General Trias via Paliparan, Molino",746,bus,Barangay 303
"bus: Santa Cruz–General Trias via Paliparan, Molino",746,bus,Barangay 674
"bus: Santa Cruz–General Trias via Paliparan, Molino",746,bus,Barangay 660-A
"bus: Santa Cruz–General Trias via Paliparan, Molino",746,bus,Barangay 664
"bus: Santa Cruz–General Trias via Paliparan, Molino",746,bus,Barangay 661
"bus: Santa Cruz–General Trias via Paliparan, Molino",746,bus,Barangay 290
"bus: Santa Cruz–General Trias via Paliparan, Molino",746,bus,Barangay 302
"bus: Santa Cruz–General Trias via Paliparan, Molino",746,bus,Barangay 307
"bus: Santa Cruz–General Trias via Paliparan, Molino",746,bus,Barangay 298
"bus: Santa Cruz–General Trias via Paliparan, Molino",746,bus,Barangay 308
"bus: Santa Cruz–General Trias via Paliparan, Molino",746,bus,Barangay 309
"bus: Santa Cruz–General Trias via Paliparan, Molino",746,bus,Barangay 301
"bus: Santa Cruz–General Trias via Paliparan, Molino",746,bus,Barangay 305
"bus: Santa Cruz–General Trias via Paliparan, Molino",746,bus,Barangay 304
"bus: Santa Cruz–General Trias via Paliparan, Molino",746,bus,Barangay 656
"bus: BGC–General Trias via Molino, Paliparan",747,bus,Las Piñas
"bus: BGC–General Trias via Molino, Paliparan",747,bus,Makati
"bus: BGC–General Trias via Molino, Paliparan",747,bus,Parañaque
"bus: BGC–General Trias via Molino, Paliparan",747,bus,Pasay
bus 325,748,bus,Barangay 718
bus 325,748,bus,Barangay 717
bus 325,748,bus,Barangay 727
bus 325,748,bus,Barangay 716
bus 325,748,bus,Barangay 713
bus 325,748,bus,Barangay 708
bus 325,748,bus,Barangay 726
bus 325,748,bus,Barangay 712
bus 325,748,bus,Barangay 709
bus 325,748,bus,Barangay 729
bus 325,748,bus,Barangay 730
bus 325,748,bus,Barangay 728
bus 325,748,bus,Barangay 733
bus 325,748,bus,Barangay 725
bus 325,748,bus,Barangay 714
bus 325,748,bus,Barangay 724
bus 325,748,bus,Barangay 723
bus 325,748,bus,Barangay 692
bus 325,748,bus,Barangay 722
bus 325,748,bus,Barangay 691
bus 325,748,bus,Barangay 693
bus 325,748,bus,Barangay 689
bus 325,748,bus,Barangay 690
bus 325,748,bus,Barangay 695
bus 325,748,bus,Makati
bus 325,748,bus,Parañaque
bus 325,748,bus,Pasay
bus 325,748,bus,Barangay 481
bus 325,748,bus,Barangay 480
bus 325,748,bus,Barangay 477
bus 325,748,bus,Barangay 520
bus 325,748,bus,Barangay 474
bus 325,748,bus,Barangay 488
bus 325,748,bus,Barangay 507
bus 325,748,bus,Barangay 487
bus 325,748,bus,Barangay 486
bus 325,748,bus,Barangay 506
bus 325,748,bus,Barangay 509
bus 325,748,bus,Barangay 485
bus 325,748,bus,Barangay 508
bus 325,748,bus,Barangay 515
bus 325,748,bus,Barangay 516
bus 325,748,bus,Barangay 511
bus 325,748,bus,Barangay 514
bus 325,748,bus,Barangay 510
bus 325,748,bus,Barangay 499
bus 325,748,bus,Barangay 518
bus 325,748,bus,Barangay 501
bus 325,748,bus,Barangay 498
bus 325,748,bus,Barangay 496
bus 325,748,bus,Quezon City
bus 325,748,bus,Barangay 666
bus 325,748,bus,Barangay 657
bus 325,748,bus,Barangay 658
bus 325,748,bus,Barangay 654
bus 325,748,bus,Barangay 291
bus 325,748,bus,Barangay 719
bus 325,748,bus,Barangay 720
bus 325,748,bus,Barangay 715
bus 325,748,bus,Barangay 711
bus 325,748,bus,Barangay 710
bus 325,748,bus,Barangay 707
bus 325,748,bus,Barangay 706
bus 325,748,bus,Barangay 702
bus 325,748,bus,Barangay 703
bus 325,748,bus,Barangay 697
bus 325,748,bus,Barangay 696
bus 325,748,bus,Barangay 694
bus 325,748,bus,Barangay 669
bus 325,748,bus,Barangay 675
bus 325,748,bus,Barangay 676
bus 325,748,bus,Barangay 670
bus 325,748,bus,Barangay 660
bus 325,748,bus,Barangay 659
bus 325,748,bus,Barangay 659-A
bus 325,748,bus,Barangay 384
bus 325,748,bus,Barangay 306
bus 325,748,bus,Barangay 303
bus 325,748,bus,Barangay 674
bus 325,748,bus,Barangay 660-A
bus 325,748,bus,Barangay 664
bus 325,748,bus,Barangay 661
bus 325,748,bus,Barangay 647
bus 325,748,bus,Barangay 385
bus 325,748,bus,Barangay 387
bus 325,748,bus,Barangay 383
bus 325,748,bus,Barangay 388
bus 325,748,bus,Barangay 393
bus 325,748,bus,Barangay 394
bus 325,748,bus,Barangay 391
bus 325,748,bus,Barangay 392
bus 325,748,bus,Barangay 307
bus 325,748,bus,Barangay 308
bus 325,748,bus,Barangay 309
bus 325,748,bus,Barangay 310
bus 325,748,bus,Barangay 395
bus 325,748,bus,Barangay 396
bus 325,748,bus,Barangay 464
bus 325,748,bus,Barangay 462
bus 325,748,bus,Barangay 468
bus 325,748,bus,Barangay 311
bus 325,748,bus,Barangay 469
bus 325,748,bus,Barangay 656
bus 325,748,bus,Barangay 312
bus 325,748,bus,Barangay 322
bus 325,748,bus,Barangay 463
bus 325,748,bus,Barangay 467
bus 325,748,bus,Barangay 465
bus 325,748,bus,Barangay 315
bus 325,748,bus,Barangay 466
bus 325,748,bus,Barangay 319
bus 325,748,bus,Barangay 318
bus 325,748,bus,Barangay 470
bus 325,748,bus,Barangay 471
bus 325,748,bus,Barangay 317
bus 325,748,bus,Barangay 320
bus 325,748,bus,Barangay 324
bus 325,748,bus,Barangay 323
bus 325,748,bus,Barangay 340
bus 325,748,bus,Barangay 342
bus 325,748,bus,Barangay 490
bus 325,748,bus,Barangay 489
bus 325,748,bus,Barangay 338
bus 325,748,bus,Barangay 343
bus 325,748,bus,Barangay 491
bus 325,748,bus,Barangay 341
bus 325,748,bus,Barangay 352
bus 325,748,bus,Barangay 339
bus 325,748,bus,Barangay 482
bus 325,748,bus,Barangay 483
bus 325,749,bus,Barangay 718
bus 325,749,bus,Barangay 717
bus 325,749,bus,Barangay 727
bus 325,749,bus,Barangay 716
bus 325,749,bus,Barangay 713
bus 325,749,bus,Barangay 708
bus 325,749,bus,Barangay 726
bus 325,749,bus,Barangay 712
bus 325,749,bus,Barangay 709
bus 325,749,bus,Barangay 729
bus 325,749,bus,Barangay 730
bus 325,749,bus,Barangay 728
bus 325,749,bus,Barangay 725
bus 325,749,bus,Barangay 714
bus 325,749,bus,Barangay 724
bus 325,749,bus,Barangay 723
bus 325,749,bus,Barangay 692
bus 325,749,bus,Barangay 722
bus 325,749,bus,Barangay 691
bus 325,749,bus,Barangay 693
bus 325,749,bus,Barangay 689
bus 325,749,bus,Barangay 690
bus 325,749,bus,Barangay 695
bus 325,749,bus,Parañaque
bus 325,749,bus,Pasay
bus 325,749,bus,Barangay 479
bus 325,749,bus,Barangay 478
bus 325,749,bus,Barangay 476
bus 325,749,bus,Barangay 481
bus 325,749,bus,Barangay 475
bus 325,749,bus,Barangay 480
bus 325,749,bus,Barangay 477
bus 325,749,bus,Barangay 472
bus 325,749,bus,Barangay 504
bus 325,749,bus,Barangay 519
bus 325,749,bus,Barangay 513
bus 325,749,bus,Barangay 520
bus 325,749,bus,Barangay 505
bus 325,749,bus,Barangay 474
bus 325,749,bus,Barangay 488
bus 325,749,bus,Barangay 507
bus 325,749,bus,Barangay 487
bus 325,749,bus,Barangay 486
bus 325,749,bus,Barangay 506
bus 325,749,bus,Barangay 509
bus 325,749,bus,Barangay 485
bus 325,749,bus,Barangay 508
bus 325,749,bus,Barangay 512
bus 325,749,bus,Barangay 515
bus 325,749,bus,Barangay 516
bus 325,749,bus,Barangay 511
bus 325,749,bus,Barangay 514
bus 325,749,bus,Barangay 510
bus 325,749,bus,Barangay 518
bus 325,749,bus,Quezon City
bus 325,749,bus,Barangay 666
bus 325,749,bus,Barangay 657
bus 325,749,bus,Barangay 658
bus 325,749,bus,Barangay 654
bus 325,749,bus,Barangay 291
bus 325,749,bus,Barangay 287
bus 325,749,bus,Barangay 719
bus 325,749,bus,Barangay 720
bus 325,749,bus,Barangay 715
bus 325,749,bus,Barangay 711
bus 325,749,bus,Barangay 710
bus 325,749,bus,Barangay 707
bus 325,749,bus,Barangay 706
bus 325,749,bus,Barangay 702
bus 325,749,bus,Barangay 703
bus 325,749,bus,Barangay 697
bus 325,749,bus,Barangay 696
bus 325,749,bus,Barangay 694
bus 325,749,bus,Barangay 669
bus 325,749,bus,Barangay 675
bus 325,749,bus,Barangay 676
bus 325,749,bus,Barangay 670
bus 325,749,bus,Barangay 660
bus 325,749,bus,Barangay 659
bus 325,749,bus,Barangay 659-A
bus 325,749,bus,Barangay 384
bus 325,749,bus,Barangay 306
bus 325,749,bus,Barangay 303
bus 325,749,bus,Barangay 674
bus 325,749,bus,Barangay 660-A
bus 325,749,bus,Barangay 664
bus 325,749,bus,Barangay 647
bus 325,749,bus,Barangay 385
bus 325,749,bus,Barangay 387
bus 325,749,bus,Barangay 383
bus 325,749,bus,Barangay 388
bus 325,749,bus,Barangay 393
bus 325,749,bus,Barangay 394
bus 325,749,bus,Barangay 391
bus 325,749,bus,Barangay 392
bus 325,749,bus,Barangay 307
bus 325,749,bus,Barangay 308
bus 325,749,bus,Barangay 309
bus 325,749,bus,Barangay 310
bus 325,749,bus,Barangay 395
bus 325,749,bus,Barangay 396
bus 325,749,bus,Barangay 464
bus 325,749,bus,Barangay 462
bus 325,749,bus,Barangay 468
bus 325,749,bus,Barangay 311
bus 325,749,bus,Barangay 469
bus 325,749,bus,Barangay 656
bus 325,749,bus,Barangay 312
bus 325,749,bus,Barangay 316
bus 325,749,bus,Barangay 322
bus 325,749,bus,Barangay 463
bus 325,749,bus,Barangay 467
bus 325,749,bus,Barangay 465
bus 325,749,bus,Barangay 315
bus 325,749,bus,Barangay 466
bus 325,749,bus,Barangay 319
bus 325,749,bus,Barangay 318
bus 325,749,bus,Barangay 470
bus 325,749,bus,Barangay 471
bus 325,749,bus,Barangay 317
bus 325,749,bus,Barangay 320
bus 325,749,bus,Barangay 323
bus 325,749,bus,Barangay 340
bus 325,749,bus,Barangay 342
bus 325,749,bus,Barangay 490
bus 325,749,bus,Barangay 489
bus 325,749,bus,Barangay 343
bus 325,749,bus,Barangay 491
"bus: BGC–General Trias via Molino, Paliparan",750,bus,Las Piñas
"bus: BGC–General Trias via Molino, Paliparan",750,bus,Makati
"bus: BGC–General Trias via Molino, Paliparan",750,bus,Pasig
"bus: BGC–General Trias via Molino, Paliparan",750,bus,Parañaque
"bus: BGC–General Trias via Molino, Paliparan",750,bus,Pasay
bus P15,751,bus,Laguna
bus P15,751,bus,Muntinlupa
bus P15,751,bus,Taguig
bus P15,751,bus,Makati
bus P15,751,bus,Parañaque
bus P15,751,bus,Pasay
bus P15,752,bus,Laguna
bus P15,752,bus,Muntinlupa
bus P15,752,bus,Taguig
bus P15,752,bus,Makati
bus P15,752,bus,Parañaque
bus P15,752,bus,Pasay
bus L1,753,bus,Quezon City
bus L1,753,bus,Caloocan
bus L1,753,bus,Valenzuela
bus L1,754,bus,Quezon City
bus L1,754,bus,Caloocan
bus L1,754,bus,Valenzuela
bus 335,755,bus,Mandaluyong
bus 335,755,bus,Barangay 892
bus 335,755,bus,Barangay 896
bus 335,755,bus,Barangay 897
bus 335,755,bus,Barangay 894
bus 335,755,bus,Barangay 895
bus 335,755,bus,Barangay 625
bus 335,755,bus,Barangay 623
bus 335,755,bus,Barangay 620
bus 335,755,bus,Barangay 624
bus 335,755,bus,Barangay 893
bus 335,755,bus,Barangay 622
bus 335,755,bus,Barangay 839
bus 335,755,bus,Barangay 618
bus 335,755,bus,Barangay 609
bus 335,755,bus,Barangay 608
bus 335,755,bus,Barangay 619
bus 335,755,bus,Barangay 837
bus 335,755,bus,Barangay 617
bus 335,755,bus,Barangay 838
bus 335,755,bus,Barangay 610
bus 335,755,bus,Barangay 614
bus 335,755,bus,Barangay 613
bus 335,755,bus,Barangay 616
bus 335,755,bus,Barangay 604
bus 335,755,bus,Barangay 612
bus 335,755,bus,Barangay 615
bus 335,755,bus,Barangay 611
bus 335,755,bus,Barangay 605
bus 335,755,bus,Barangay 621
bus 335,755,bus,Barangay 603
bus 335,755,bus,Barangay 630
bus 335,755,bus,Barangay 601
bus 335,755,bus,Barangay 590
bus 335,755,bus,Barangay 600
bus 335,755,bus,Barangay 589
bus 335,755,bus,Barangay 591
bus 335,755,bus,Barangay 599
bus 335,755,bus,Barangay 592
bus 335,755,bus,Barangay 588
bus 335,755,bus,Barangay 597
bus 335,755,bus,Barangay 587
bus 335,755,bus,Barangay 593
bus 335,755,bus,Barangay 596
bus 335,755,bus,Barangay 587-A
bus 335,755,bus,Barangay 628
bus 335,755,bus,Barangay 629
bus 335,755,bus,Barangay 585
bus 335,755,bus,Barangay 586
bus 335,755,bus,Barangay 581
bus 335,756,bus,Mandaluyong
bus 335,756,bus,Barangay 891
bus 335,756,bus,Barangay 892
bus 335,756,bus,Barangay 896
bus 335,756,bus,Barangay 897
bus 335,756,bus,Barangay 894
bus 335,756,bus,Barangay 895
bus 335,756,bus,Barangay 625
bus 335,756,bus,Barangay 623
bus 335,756,bus,Barangay 620
bus 335,756,bus,Barangay 624
bus 335,756,bus,Barangay 893
bus 335,756,bus,Barangay 622
bus 335,756,bus,Barangay 839
bus 335,756,bus,Barangay 618
bus 335,756,bus,Barangay 609
bus 335,756,bus,Barangay 608
bus 335,756,bus,Barangay 619
bus 335,756,bus,Barangay 837
bus 335,756,bus,Barangay 617
bus 335,756,bus,Barangay 838
bus 335,756,bus,Barangay 610
bus 335,756,bus,Barangay 614
bus 335,756,bus,Barangay 613
bus 335,756,bus,Barangay 616
bus 335,756,bus,Barangay 604
bus 335,756,bus,Barangay 612
bus 335,756,bus,Barangay 615
bus 335,756,bus,Barangay 611
bus 335,756,bus,Barangay 605
bus 335,756,bus,Barangay 621
bus 335,756,bus,Barangay 603
bus 335,756,bus,Barangay 630
bus 335,756,bus,Barangay 601
bus 335,756,bus,Barangay 590
bus 335,756,bus,Barangay 600
bus 335,756,bus,Barangay 589
bus 335,756,bus,Barangay 591
bus 335,756,bus,Barangay 599
bus 335,756,bus,Barangay 598
bus 335,756,bus,Barangay 592
bus 335,756,bus,Barangay 588
bus 335,756,bus,Barangay 597
bus 335,756,bus,Barangay 587
bus 335,756,bus,Barangay 593
bus 335,756,bus,Barangay 596
bus 335,756,bus,Barangay 587-A
bus 335,756,bus,Barangay 628
bus 335,756,bus,Barangay 629
bus 335,756,bus,Barangay 595
bus 335,756,bus,Barangay 594
bus 335,756,bus,Barangay 585
bus 335,756,bus,Barangay 586
bus 335,756,bus,Barangay 581
bus T114,757,bus,Quezon City
bus T114,758,bus,Quezon City
bus 3108,759,bus,Barangay 271
bus 3108,759,bus,Barangay 269
bus 3108,759,bus,Barangay 293
bus 3108,759,bus,Barangay 268
bus 3108,759,bus,Barangay 1
bus 3108,759,bus,Barangay 25
bus 3108,759,bus,Barangay 26
bus 3108,759,bus,Barangay 35
bus 3108,759,bus,Barangay 36
bus 3108,759,bus,Barangay 45
bus 3108,759,bus,Barangay 5
bus 3108,759,bus,Barangay 2
bus 3108,759,bus,Barangay 3
bus 3108,759,bus,Barangay 10
bus 3108,759,bus,Barangay 7
bus 3108,759,bus,Barangay 49
bus 3108,759,bus,Barangay 9
bus 3108,759,bus,Barangay 4
bus 3108,759,bus,"Tutuban Mall (Claimed by Five Barangays of Tondo, Manila)"
bus 3108,759,bus,Barangay 48
bus 3108,759,bus,Barangay 8
bus 3108,759,bus,Barangay 46
bus 3108,759,bus,Barangay 47
bus 3108,759,bus,Barangay 69
bus 3108,759,bus,Barangay 71
bus 3108,759,bus,Barangay 6
bus 3108,759,bus,Barangay 64
bus 3108,759,bus,Barangay 56
bus 3108,759,bus,Barangay 57
bus 3108,759,bus,Barangay 51
bus 3108,759,bus,Barangay 62
bus 3108,759,bus,Barangay 63
bus 3108,759,bus,Barangay 58
bus 3108,759,bus,Barangay 59
bus 3108,759,bus,Barangay 65
bus 3108,759,bus,Barangay 70
bus 3108,759,bus,Barangay 68
bus 3108,759,bus,Barangay 74
bus 3108,759,bus,Barangay 66
bus 3108,759,bus,Barangay 75
bus 3108,759,bus,Barangay 50
bus 3108,759,bus,Barangay 60
bus 3108,759,bus,Barangay 52
bus 3108,759,bus,Barangay 78
bus 3108,759,bus,Barangay 76
bus 3108,759,bus,Barangay 53
bus 3108,759,bus,Barangay 88
bus 3108,759,bus,Barangay 77
bus 3108,759,bus,Barangay 61
bus 3108,759,bus,Barangay 54
bus 3108,759,bus,Barangay 81
bus 3108,759,bus,Barangay 79
bus 3108,759,bus,Barangay 117
bus 3108,759,bus,Barangay 82
bus 3108,759,bus,Barangay 85
bus 3108,759,bus,Barangay 112
bus 3108,759,bus,Barangay 111
bus 3108,759,bus,Barangay 90
bus 3108,759,bus,Barangay 89
bus 3108,759,bus,Barangay 55
bus 3108,759,bus,Barangay 86
bus 3108,759,bus,Barangay 87
bus 3108,759,bus,Barangay 84
bus 3108,759,bus,Barangay 156
bus 3108,759,bus,Barangay 91
bus 3108,759,bus,Barangay 151
bus 3108,759,bus,Barangay 154
bus 3108,759,bus,Barangay 83
bus 3108,759,bus,Barangay 109
bus 3108,759,bus,Barangay 92
bus 3108,759,bus,Barangay 108
bus 3108,759,bus,Barangay 95
bus 3108,759,bus,Barangay 93
bus 3108,759,bus,Barangay 104
bus 3108,759,bus,Barangay 97
bus 3108,759,bus,Barangay 103
bus 3108,759,bus,Barangay 150
bus 3108,759,bus,Barangay 147
bus 3108,759,bus,Barangay 100
bus 3108,759,bus,Barangay 102
bus 3108,759,bus,Barangay 94
bus 3108,759,bus,Barangay 105
bus 3108,759,bus,Barangay 96
bus 3108,759,bus,Barangay 106
bus 3108,759,bus,Barangay 133
bus 3108,759,bus,Barangay 99
bus 3108,759,bus,Barangay 101
bus 3108,759,bus,Barangay 98
bus 3108,759,bus,Barangay 130
bus 3108,759,bus,Barangay 129
bus 3108,759,bus,Barangay 128
bus 3108,760,bus,Barangay 271
bus 3108,760,bus,Barangay 269
bus 3108,760,bus,Barangay 293
bus 3108,760,bus,Barangay 268
bus 3108,760,bus,Barangay 1
bus 3108,760,bus,Barangay 5
bus 3108,760,bus,Barangay 2
bus 3108,760,bus,Barangay 3
bus 3108,760,bus,Barangay 10
bus 3108,760,bus,Barangay 7
bus 3108,760,bus,Barangay 49
bus 3108,760,bus,Barangay 9
bus 3108,760,bus,Barangay 4
bus 3108,760,bus,"Tutuban Mall (Claimed by Five Barangays of Tondo, Manila)"
bus 3108,760,bus,Barangay 48
bus 3108,760,bus,Barangay 8
bus 3108,760,bus,Barangay 47
bus 3108,760,bus,Barangay 71
bus 3108,760,bus,Barangay 6
bus 3108,760,bus,Barangay 64
bus 3108,760,bus,Barangay 56
bus 3108,760,bus,Barangay 57
bus 3108,760,bus,Barangay 51
bus 3108,760,bus,Barangay 62
bus 3108,760,bus,Barangay 63
bus 3108,760,bus,Barangay 58
bus 3108,760,bus,Barangay 59
bus 3108,760,bus,Barangay 65
bus 3108,760,bus,Barangay 74
bus 3108,760,bus,Barangay 67
bus 3108,760,bus,Barangay 75
bus 3108,760,bus,Barangay 50
bus 3108,760,bus,Barangay 60
bus 3108,760,bus,Barangay 52
bus 3108,760,bus,Barangay 78
bus 3108,760,bus,Barangay 76
bus 3108,760,bus,Barangay 53
bus 3108,760,bus,Barangay 88
bus 3108,760,bus,Barangay 77
bus 3108,760,bus,Barangay 61
bus 3108,760,bus,Barangay 54
bus 3108,760,bus,Barangay 80
bus 3108,760,bus,Barangay 81
bus 3108,760,bus,Barangay 79
bus 3108,760,bus,Barangay 117
bus 3108,760,bus,Barangay 82
bus 3108,760,bus,Barangay 85
bus 3108,760,bus,Barangay 112
bus 3108,760,bus,Barangay 111
bus 3108,760,bus,Barangay 90
bus 3108,760,bus,Barangay 89
bus 3108,760,bus,Barangay 55
bus 3108,760,bus,Barangay 86
bus 3108,760,bus,Barangay 87
bus 3108,760,bus,Barangay 84
bus 3108,760,bus,Barangay 156
bus 3108,760,bus,Barangay 91
bus 3108,760,bus,Barangay 151
bus 3108,760,bus,Barangay 83
bus 3108,760,bus,Barangay 109
bus 3108,760,bus,Barangay 92
bus 3108,760,bus,Barangay 108
bus 3108,760,bus,Barangay 95
bus 3108,760,bus,Barangay 93
bus 3108,760,bus,Barangay 104
bus 3108,760,bus,Barangay 97
bus 3108,760,bus,Barangay 103
bus 3108,760,bus,Barangay 150
bus 3108,760,bus,Barangay 147
bus 3108,760,bus,Barangay 100
bus 3108,760,bus,Barangay 102
bus 3108,760,bus,Barangay 94
bus 3108,760,bus,Barangay 105
bus 3108,760,bus,Barangay 96
bus 3108,760,bus,Barangay 106
bus 3108,760,bus,Barangay 133
bus 3108,760,bus,Barangay 99
bus 3108,760,bus,Barangay 101
bus 3108,760,bus,Barangay 98
bus 3108,760,bus,Barangay 130
bus 3108,760,bus,Barangay 129
bus 3108,760,bus,Barangay 128
bus 3130,761,bus,Barangay 51
bus 3130,761,bus,Barangay 63
bus 3130,761,bus,Barangay 58
bus 3130,761,bus,Barangay 59
bus 3130,761,bus,Barangay 65
bus 3130,761,bus,Barangay 253
bus 3130,761,bus,Barangay 338
bus 3130,761,bus,Barangay 341
bus 3130,761,bus,Barangay 352
bus 3130,761,bus,Barangay 339
bus 3130,761,bus,Barangay 255
bus 3130,761,bus,Barangay 337
bus 3130,761,bus,Barangay 331
bus 3130,761,bus,Barangay 336
bus 3130,761,bus,Barangay 353
bus 3130,761,bus,Barangay 344
bus 3130,761,bus,Barangay 355
bus 3130,761,bus,Barangay 346
bus 3130,761,bus,Barangay 350
bus 3130,761,bus,Barangay 354
bus 3130,761,bus,Barangay 345
bus 3130,761,bus,Barangay 358
bus 3130,761,bus,Barangay 361
bus 3130,761,bus,Barangay 75
bus 3130,761,bus,Barangay 50
bus 3130,761,bus,Barangay 60
bus 3130,761,bus,Barangay 52
bus 3130,761,bus,Barangay 78
bus 3130,761,bus,Barangay 76
bus 3130,761,bus,Barangay 53
bus 3130,761,bus,Barangay 88
bus 3130,761,bus,Barangay 77
bus 3130,761,bus,Barangay 61
bus 3130,761,bus,Barangay 252
bus 3130,761,bus,Barangay 251
bus 3130,761,bus,Barangay 237
bus 3130,761,bus,Barangay 235
bus 3130,761,bus,Barangay 236
bus 3130,761,bus,Barangay 256
bus 3130,761,bus,Barangay 249
bus 3130,761,bus,Barangay 234
bus 3130,761,bus,Barangay 54
bus 3130,761,bus,Barangay 233
bus 3130,761,bus,Barangay 90
bus 3130,761,bus,Barangay 89
bus 3130,761,bus,Barangay 55
bus 3130,761,bus,Barangay 86
bus 3130,761,bus,Barangay 87
bus 3130,761,bus,Barangay 156
bus 3130,761,bus,Barangay 91
bus 3130,761,bus,Barangay 151
bus 3130,761,bus,Barangay 154
bus 3130,761,bus,Barangay 225
bus 3130,761,bus,Barangay 226
bus 3130,761,bus,Barangay 229
bus 3130,761,bus,Barangay 230
bus 3130,761,bus,Barangay 232
bus 3130,761,bus,Barangay 222
bus 3130,761,bus,Barangay 159
bus 3130,761,bus,Barangay 157
bus 3130,761,bus,Barangay 231
bus 3130,761,bus,Barangay 160
bus 3130,761,bus,Barangay 149
bus 3130,761,bus,Barangay 158
bus 3130,761,bus,Barangay 150
bus 3130,762,bus,Barangay 253
bus 3130,762,bus,Barangay 341
bus 3130,762,bus,Barangay 352
bus 3130,762,bus,Barangay 339
bus 3130,762,bus,Barangay 255
bus 3130,762,bus,Barangay 337
bus 3130,762,bus,Barangay 331
bus 3130,762,bus,Barangay 336
bus 3130,762,bus,Barangay 353
bus 3130,762,bus,Barangay 344
bus 3130,762,bus,Barangay 355
bus 3130,762,bus,Barangay 346
bus 3130,762,bus,Barangay 350
bus 3130,762,bus,Barangay 354
bus 3130,762,bus,Barangay 345
bus 3130,762,bus,Barangay 358
bus 3130,762,bus,Barangay 361
bus 3130,762,bus,Barangay 362
bus 3130,762,bus,Barangay 347
bus 3130,762,bus,Barangay 357
bus 3130,762,bus,Barangay 360
bus 3130,762,bus,Barangay 52
bus 3130,762,bus,Barangay 53
bus 3130,762,bus,Barangay 88
bus 3130,762,bus,Barangay 77
bus 3130,762,bus,Barangay 61
bus 3130,762,bus,Barangay 252
bus 3130,762,bus,Barangay 251
bus 3130,762,bus,Barangay 237
bus 3130,762,bus,Barangay 235
bus 3130,762,bus,Barangay 236
bus 3130,762,bus,Barangay 256
bus 3130,762,bus,Barangay 249
bus 3130,762,bus,Barangay 234
bus 3130,762,bus,Barangay 54
bus 3130,762,bus,Barangay 233
bus 3130,762,bus,Barangay 90
bus 3130,762,bus,Barangay 89
bus 3130,762,bus,Barangay 55
bus 3130,762,bus,Barangay 86
bus 3130,762,bus,Barangay 87
bus 3130,762,bus,Barangay 156
bus 3130,762,bus,Barangay 91
bus 3130,762,bus,Barangay 151
bus 3130,762,bus,Barangay 154
bus 3130,762,bus,Barangay 225
bus 3130,762,bus,Barangay 226
bus 3130,762,bus,Barangay 229
bus 3130,762,bus,Barangay 230
bus 3130,762,bus,Barangay 232
bus 3130,762,bus,Barangay 222
bus 3130,762,bus,Barangay 159
bus 3130,762,bus,Barangay 157
bus 3130,762,bus,Barangay 231
bus 3130,762,bus,Barangay 160
bus 3130,762,bus,Barangay 149
bus 3130,762,bus,Barangay 158
bus 3130,762,bus,Barangay 150
bus VNS,763,bus,Quezon City
share_taxi M01,764,share_taxi,Barangay 718
share_taxi M01,764,share_taxi,Barangay 717
share_taxi M01,764,share_taxi,Barangay 727
share_taxi M01,764,share_taxi,Barangay 716
share_taxi M01,764,share_taxi,Barangay 713
share_taxi M01,764,share_taxi,Barangay 708
share_taxi M01,764,share_taxi,Barangay 726
share_taxi M01,764,share_taxi,Barangay 712
share_taxi M01,764,share_taxi,Barangay 709
share_taxi M01,764,share_taxi,Barangay 729
share_taxi M01,764,share_taxi,Barangay 730
share_taxi M01,764,share_taxi,Barangay 728
share_taxi M01,764,share_taxi,Barangay 733
share_taxi M01,764,share_taxi,Barangay 725
share_taxi M01,764,share_taxi,Barangay 714
share_taxi M01,764,share_taxi,Barangay 724
share_taxi M01,764,share_taxi,Barangay 723
share_taxi M01,764,share_taxi,Barangay 692
share_taxi M01,764,share_taxi,Barangay 722
share_taxi M01,764,share_taxi,Barangay 691
share_taxi M01,764,share_taxi,Barangay 693
share_taxi M01,764,share_taxi,Barangay 689
share_taxi M01,764,share_taxi,Barangay 690
share_taxi M01,764,share_taxi,Barangay 695
share_taxi M01,764,share_taxi,Pasay
share_taxi M01,764,share_taxi,Barangay 400
share_taxi M01,764,share_taxi,Barangay 401
share_taxi M01,764,share_taxi,Barangay 455
share_taxi M01,764,share_taxi,Barangay 398
share_taxi M01,764,share_taxi,Barangay 458
share_taxi M01,764,share_taxi,Barangay 459
share_taxi M01,764,share_taxi,Barangay 457
share_taxi M01,764,share_taxi,Barangay 460
share_taxi M01,764,share_taxi,Barangay 461
share_taxi M01,764,share_taxi,Barangay 456
share_taxi M01,764,share_taxi,Barangay 454
share_taxi M01,764,share_taxi,Barangay 479
share_taxi M01,764,share_taxi,Barangay 478
share_taxi M01,764,share_taxi,Barangay 476
share_taxi M01,764,share_taxi,Barangay 475
share_taxi M01,764,share_taxi,Barangay 472
share_taxi M01,764,share_taxi,Barangay 453
share_taxi M01,764,share_taxi,Barangay 452
share_taxi M01,764,share_taxi,Barangay 451
share_taxi M01,764,share_taxi,Barangay 450
share_taxi M01,764,share_taxi,Barangay 521
share_taxi M01,764,share_taxi,Barangay 522
share_taxi M01,764,share_taxi,Barangay 523
share_taxi M01,764,share_taxi,Barangay 473
share_taxi M01,764,share_taxi,Barangay 524
share_taxi M01,764,share_taxi,Barangay 503
share_taxi M01,764,share_taxi,Barangay 502
share_taxi M01,764,share_taxi,Barangay 526
share_taxi M01,764,share_taxi,Barangay 517
share_taxi M01,764,share_taxi,Barangay 504
share_taxi M01,764,share_taxi,Barangay 519
share_taxi M01,764,share_taxi,Barangay 513
share_taxi M01,764,share_taxi,Barangay 505
share_taxi M01,764,share_taxi,Barangay 530
share_taxi M01,764,share_taxi,Barangay 512
share_taxi M01,764,share_taxi,Barangay 532
share_taxi M01,764,share_taxi,Barangay 525
share_taxi M01,764,share_taxi,Barangay 527
share_taxi M01,764,share_taxi,Barangay 529
share_taxi M01,764,share_taxi,Barangay 531
share_taxi M01,764,share_taxi,Barangay 528
share_taxi M01,764,share_taxi,Quezon City
share_taxi M01,764,share_taxi,Barangay 666
share_taxi M01,764,share_taxi,Barangay 657
share_taxi M01,764,share_taxi,Barangay 658
share_taxi M01,764,share_taxi,Barangay 654
share_taxi M01,764,share_taxi,Barangay 291
share_taxi M01,764,share_taxi,Barangay 719
share_taxi M01,764,share_taxi,Barangay 720
share_taxi M01,764,share_taxi,Barangay 715
share_taxi M01,764,share_taxi,Barangay 711
share_taxi M01,764,share_taxi,Barangay 710
share_taxi M01,764,share_taxi,Barangay 707
share_taxi M01,764,share_taxi,Barangay 706
share_taxi M01,764,share_taxi,Barangay 702
share_taxi M01,764,share_taxi,Barangay 703
share_taxi M01,764,share_taxi,Barangay 697
share_taxi M01,764,share_taxi,Barangay 696
share_taxi M01,764,share_taxi,Barangay 694
share_taxi M01,764,share_taxi,Barangay 669
share_taxi M01,764,share_taxi,Barangay 675
share_taxi M01,764,share_taxi,Barangay 676
share_taxi M01,764,share_taxi,Barangay 670
share_taxi M01,764,share_taxi,Barangay 660
share_taxi M01,764,share_taxi,Barangay 659
share_taxi M01,764,share_taxi,Barangay 659-A
share_taxi M01,764,share_taxi,Barangay 384
share_taxi M01,764,share_taxi,Barangay 306
share_taxi M01,764,share_taxi,Barangay 303
share_taxi M01,764,share_taxi,Barangay 674
share_taxi M01,764,share_taxi,Barangay 660-A
share_taxi M01,764,share_taxi,Barangay 664
share_taxi M01,764,share_taxi,Barangay 661
share_taxi M01,764,share_taxi,Barangay 647
share_taxi M01,764,share_taxi,Barangay 385
share_taxi M01,764,share_taxi,Barangay 387
share_taxi M01,764,share_taxi,Barangay 383
share_taxi M01,764,share_taxi,Barangay 388
share_taxi M01,764,share_taxi,Barangay 393
share_taxi M01,764,share_taxi,Barangay 394
share_taxi M01,764,share_taxi,Barangay 391
share_taxi M01,764,share_taxi,Barangay 392
share_taxi M01,764,share_taxi,Barangay 307
share_taxi M01,764,share_taxi,Barangay 308
share_taxi M01,764,share_taxi,Barangay 309
share_taxi M01,764,share_taxi,Barangay 310
share_taxi M01,764,share_taxi,Barangay 404
share_taxi M01,764,share_taxi,Barangay 395
share_taxi M01,764,share_taxi,Barangay 396
share_taxi M01,764,share_taxi,Barangay 399
share_taxi M01,764,share_taxi,Barangay 464
share_taxi M01,764,share_taxi,Barangay 462
share_taxi M01,764,share_taxi,Barangay 397
share_taxi M01,764,share_taxi,Barangay 468
share_taxi M01,764,share_taxi,Barangay 311
share_taxi M01,764,share_taxi,Barangay 469
share_taxi M01,764,share_taxi,Barangay 656
share_taxi M01,764,share_taxi,Barangay 312
share_taxi M01,764,share_taxi,Barangay 463
share_taxi M01,764,share_taxi,Barangay 467
share_taxi M01,764,share_taxi,Barangay 465
share_taxi M01,764,share_taxi,Barangay 315
share_taxi M01,764,share_taxi,Barangay 466
share_taxi M01,764,share_taxi,Barangay 470
bus T296,765,bus,Pasig
bus T296,765,bus,Rizal
bus T296,765,bus,Quezon City
bus 2120,766,bus,Pasig
bus 2120,766,bus,Rizal
bus 3191,767,bus,Barangay 686
bus 3191,767,bus,Barangay 687
bus 3191,767,bus,Barangay 684
bus 3191,767,bus,Barangay 673
bus 3191,767,bus,Barangay 679
bus 3191,767,bus,Barangay 671
bus 3191,767,bus,Barangay 683
bus 3191,767,bus,Barangay 685
bus 3191,767,bus,Barangay 681
bus 3191,767,bus,Barangay 682
bus 3191,767,bus,Barangay 680
bus 3191,767,bus,Barangay 824
bus 3191,767,bus,Barangay 821
bus 3191,767,bus,Barangay 678
bus 3191,767,bus,Barangay 844
bus 3191,767,bus,Barangay 848
bus 3191,767,bus,Barangay 834
bus 3191,767,bus,Barangay 833
bus 3191,767,bus,Barangay 847
bus 3191,767,bus,Barangay 832
bus 3191,767,bus,Barangay 636
bus 3191,767,bus,Barangay 635
bus 3191,767,bus,Barangay 633
bus 3191,767,bus,Barangay 632
bus 3191,767,bus,Barangay 634
bus 3191,767,bus,Barangay 418
bus 3191,767,bus,Barangay 630
bus 3191,767,bus,Barangay 591
bus 3191,767,bus,Barangay 592
bus 3191,767,bus,Barangay 588
bus 3191,767,bus,Barangay 597
bus 3191,767,bus,Barangay 587
bus 3191,767,bus,Barangay 593
bus 3191,767,bus,Barangay 596
bus 3191,767,bus,Barangay 587-A
bus 3191,767,bus,Barangay 628
bus 3191,767,bus,Barangay 631
bus 3191,767,bus,Barangay 626
bus 3191,767,bus,Barangay 629
bus 3191,767,bus,Barangay 627
bus 3191,767,bus,Barangay 426
bus 3191,767,bus,Barangay 579
bus 3191,767,bus,Barangay 427
bus 3191,767,bus,Barangay 578
bus 3191,767,bus,Barangay 428
bus 3191,767,bus,Barangay 425
bus 3191,767,bus,Barangay 424
bus 3191,767,bus,Barangay 417
bus 3191,767,bus,Barangay 421
bus 3191,767,bus,Barangay 423
bus 3191,767,bus,Barangay 422
bus 3191,767,bus,Barangay 580
bus 3191,767,bus,Barangay 570
bus 3191,767,bus,Barangay 569
bus 3191,767,bus,Barangay 571
bus 3191,767,bus,Barangay 576
bus 3191,767,bus,Barangay 672
bus 3191,767,bus,Barangay 677
bus 3191,767,bus,Barangay 664-A
bus 3191,767,bus,Barangay 662
bus 3191,767,bus,Barangay 827
bus 3191,767,bus,Barangay 828
bus 3191,767,bus,Barangay 843
bus 3191,767,bus,Barangay 831
bus 3191,767,bus,Barangay 829
bus 3191,767,bus,Barangay 830
bus 3191,767,bus,Barangay 640
bus 3191,767,bus,Barangay 637
bus 3191,767,bus,Barangay 410
bus 3191,767,bus,Barangay 420
bus 3191,767,bus,Barangay 409
bus 3191,767,bus,Barangay 411
bus 3191,767,bus,Barangay 419
bus 3191,767,bus,San Juan
bus 3191,767,bus,Barangay 595
bus 3191,767,bus,Barangay 594
bus 3191,767,bus,Barangay 585
bus 3191,767,bus,Barangay 586
bus 3191,767,bus,Barangay 581
bus 3191,767,bus,Quezon City
bus 3191,767,bus,Barangay 675
bus 3191,768,bus,Barangay 734
bus 3191,768,bus,Barangay 686
bus 3191,768,bus,Barangay 687
bus 3191,768,bus,Barangay 684
bus 3191,768,bus,Barangay 673
bus 3191,768,bus,Barangay 679
bus 3191,768,bus,Barangay 671
bus 3191,768,bus,Barangay 811
bus 3191,768,bus,Barangay 683
bus 3191,768,bus,Barangay 685
bus 3191,768,bus,Barangay 681
bus 3191,768,bus,Barangay 682
bus 3191,768,bus,Barangay 680
bus 3191,768,bus,Barangay 824
bus 3191,768,bus,Barangay 821
bus 3191,768,bus,Barangay 678
bus 3191,768,bus,Barangay 822
bus 3191,768,bus,Barangay 825
bus 3191,768,bus,Barangay 823
bus 3191,768,bus,Barangay 844
bus 3191,768,bus,Barangay 848
bus 3191,768,bus,Barangay 834
bus 3191,768,bus,Barangay 833
bus 3191,768,bus,Barangay 847
bus 3191,768,bus,Barangay 832
bus 3191,768,bus,Barangay 636
bus 3191,768,bus,Barangay 635
bus 3191,768,bus,Barangay 633
bus 3191,768,bus,Barangay 632
bus 3191,768,bus,Barangay 634
bus 3191,768,bus,Barangay 418
bus 3191,768,bus,Barangay 630
bus 3191,768,bus,Barangay 591
bus 3191,768,bus,Barangay 592
bus 3191,768,bus,Barangay 588
bus 3191,768,bus,Barangay 597
bus 3191,768,bus,Barangay 587
bus 3191,768,bus,Barangay 593
bus 3191,768,bus,Barangay 596
bus 3191,768,bus,Barangay 587-A
bus 3191,768,bus,Barangay 628
bus 3191,768,bus,Barangay 631
bus 3191,768,bus,Barangay 626
bus 3191,768,bus,Barangay 629
bus 3191,768,bus,Barangay 627
bus 3191,768,bus,Barangay 426
bus 3191,768,bus,Barangay 579
bus 3191,768,bus,Barangay 427
bus 3191,768,bus,Barangay 578
bus 3191,768,bus,Barangay 428
bus 3191,768,bus,Barangay 425
bus 3191,768,bus,Barangay 424
bus 3191,768,bus,Barangay 417
bus 3191,768,bus,Barangay 421
bus 3191,768,bus,Barangay 423
bus 3191,768,bus,Barangay 422
bus 3191,768,bus,Barangay 580
bus 3191,768,bus,Barangay 570
bus 3191,768,bus,Barangay 569
bus 3191,768,bus,Barangay 571
bus 3191,768,bus,Barangay 576
bus 3191,768,bus,Barangay 672
bus 3191,768,bus,Barangay 677
bus 3191,768,bus,Barangay 664-A
bus 3191,768,bus,Barangay 662
bus 3191,768,bus,Barangay 827
bus 3191,768,bus,Barangay 826
bus 3191,768,bus,Barangay 828
bus 3191,768,bus,Barangay 843
bus 3191,768,bus,Barangay 831
bus 3191,768,bus,Barangay 829
bus 3191,768,bus,Barangay 830
bus 3191,768,bus,Barangay 640
bus 3191,768,bus,Barangay 637
bus 3191,768,bus,Barangay 413
bus 3191,768,bus,Barangay 414
bus 3191,768,bus,Barangay 410
bus 3191,768,bus,Barangay 420
bus 3191,768,bus,Barangay 409
bus 3191,768,bus,Barangay 411
bus 3191,768,bus,Barangay 419
bus 3191,768,bus,Barangay 408
bus 3191,768,bus,Barangay 433
bus 3191,768,bus,Barangay 435
bus 3191,768,bus,Barangay 436
bus 3191,768,bus,Barangay 432
bus 3191,768,bus,San Juan
bus 3191,768,bus,Barangay 595
bus 3191,768,bus,Barangay 594
bus 3191,768,bus,Barangay 585
bus 3191,768,bus,Barangay 586
bus 3191,768,bus,Barangay 581
bus 3191,768,bus,Quezon City
bus 3191,768,bus,Barangay 675
bus 3128,769,bus,Barangay 693
bus 3128,769,bus,Barangay 689
bus 3128,769,bus,Barangay 786
bus 3128,769,bus,Barangay 800
bus 3128,769,bus,Barangay 810
bus 3128,769,bus,Barangay 734
bus 3128,769,bus,Barangay 808
bus 3128,769,bus,Barangay 690
bus 3128,769,bus,Barangay 688
bus 3128,769,bus,Barangay 695
bus 3128,769,bus,Barangay 686
bus 3128,769,bus,Barangay 687
bus 3128,769,bus,Barangay 684
bus 3128,769,bus,Barangay 673
bus 3128,769,bus,Barangay 679
bus 3128,769,bus,Barangay 671
bus 3128,769,bus,Barangay 811
bus 3128,769,bus,Barangay 683
bus 3128,769,bus,Barangay 685
bus 3128,769,bus,Barangay 681
bus 3128,769,bus,Barangay 682
bus 3128,769,bus,Barangay 680
bus 3128,769,bus,Barangay 824
bus 3128,769,bus,Barangay 678
bus 3128,769,bus,Barangay 814
bus 3128,769,bus,Barangay 815
bus 3128,769,bus,Barangay 820
bus 3128,769,bus,Barangay 825
bus 3128,769,bus,Barangay 818
bus 3128,769,bus,Barangay 871
bus 3128,769,bus,Makati
bus 3128,769,bus,Barangay 783
bus 3128,769,bus,Barangay 881
bus 3128,769,bus,Barangay 874
bus 3128,769,bus,Barangay 882
bus 3128,769,bus,Barangay 778
bus 3128,769,bus,Barangay 779
bus 3128,769,bus,Barangay 776
bus 3128,769,bus,Barangay 782
bus 3128,769,bus,Barangay 777
bus 3128,769,bus,Barangay 780
bus 3128,769,bus,Barangay 795
bus 3128,769,bus,Barangay 794
bus 3128,769,bus,Barangay 784
bus 3128,769,bus,Barangay 809
bus 3128,769,bus,Barangay 787
bus 3128,769,bus,Barangay 813
bus 3128,769,bus,Barangay 812
bus 3128,769,bus,Barangay 788
bus 3128,769,bus,Barangay 817
bus 3128,769,bus,Barangay 816
bus 3128,769,bus,Barangay 790
bus 3128,769,bus,Barangay 781
bus 3128,769,bus,Barangay 791
bus 3128,769,bus,Barangay 789
bus 3128,769,bus,Barangay 792
bus 3128,769,bus,Barangay 878
bus 3128,769,bus,Barangay 793
bus 3128,769,bus,Barangay 877
bus 3128,769,bus,Barangay 819
bus 3128,769,bus,Barangay 869
bus 3128,769,bus,Barangay 875
bus 3128,769,bus,Barangay 873
bus 3128,769,bus,Barangay 876
bus 3128,769,bus,Barangay 880
bus 3128,769,bus,Barangay 818-A
bus 3128,769,bus,Barangay 870
bus 3128,769,bus,Barangay 866
bus 3128,769,bus,Barangay 905
bus 3128,769,bus,Mandaluyong
bus 3128,769,bus,Barangay 677
bus 3128,769,bus,Barangay 697
bus 3128,769,bus,Barangay 696
bus 3128,769,bus,Barangay 694
bus 3128,769,bus,Barangay 669
bus 3128,769,bus,Barangay 675
bus 3128,769,bus,Barangay 676
bus 3128,770,bus,Barangay 692
bus 3128,770,bus,Barangay 691
bus 3128,770,bus,Barangay 693
bus 3128,770,bus,Barangay 689
bus 3128,770,bus,Barangay 786
bus 3128,770,bus,Barangay 810
bus 3128,770,bus,Barangay 734
bus 3128,770,bus,Barangay 808
bus 3128,770,bus,Barangay 690
bus 3128,770,bus,Barangay 688
bus 3128,770,bus,Barangay 695
bus 3128,770,bus,Barangay 686
bus 3128,770,bus,Barangay 687
bus 3128,770,bus,Barangay 684
bus 3128,770,bus,Barangay 673
bus 3128,770,bus,Barangay 679
bus 3128,770,bus,Barangay 671
bus 3128,770,bus,Barangay 811
bus 3128,770,bus,Barangay 683
bus 3128,770,bus,Barangay 685
bus 3128,770,bus,Barangay 681
bus 3128,770,bus,Barangay 682
bus 3128,770,bus,Barangay 680
bus 3128,770,bus,Barangay 824
bus 3128,770,bus,Barangay 821
bus 3128,770,bus,Barangay 678
bus 3128,770,bus,Barangay 822
bus 3128,770,bus,Barangay 814
bus 3128,770,bus,Barangay 815
bus 3128,770,bus,Barangay 820
bus 3128,770,bus,Barangay 825
bus 3128,770,bus,Barangay 818
bus 3128,770,bus,Barangay 871
bus 3128,770,bus,Barangay 872
bus 3128,770,bus,Barangay 823
bus 3128,770,bus,Barangay 853
bus 3128,770,bus,Barangay 852
bus 3128,770,bus,Barangay 849
bus 3128,770,bus,Barangay 851
bus 3128,770,bus,Makati
bus 3128,770,bus,Barangay 783
bus 3128,770,bus,Barangay 881
bus 3128,770,bus,Barangay 874
bus 3128,770,bus,Barangay 882
bus 3128,770,bus,Barangay 778
bus 3128,770,bus,Barangay 779
bus 3128,770,bus,Barangay 776
bus 3128,770,bus,Barangay 782
bus 3128,770,bus,Barangay 777
bus 3128,770,bus,Barangay 780
bus 3128,770,bus,Barangay 795
bus 3128,770,bus,Barangay 794
bus 3128,770,bus,Barangay 784
bus 3128,770,bus,Barangay 809
bus 3128,770,bus,Barangay 787
bus 3128,770,bus,Barangay 813
bus 3128,770,bus,Barangay 812
bus 3128,770,bus,Barangay 788
bus 3128,770,bus,Barangay 817
bus 3128,770,bus,Barangay 816
bus 3128,770,bus,Barangay 790
bus 3128,770,bus,Barangay 781
bus 3128,770,bus,Barangay 791
bus 3128,770,bus,Barangay 789
bus 3128,770,bus,Barangay 792
bus 3128,770,bus,Barangay 878
bus 3128,770,bus,Barangay 793
bus 3128,770,bus,Barangay 877
bus 3128,770,bus,Barangay 819
bus 3128,770,bus,Barangay 869
bus 3128,770,bus,Barangay 875
bus 3128,770,bus,Barangay 873
bus 3128,770,bus,Barangay 876
bus 3128,770,bus,Barangay 880
bus 3128,770,bus,Barangay 818-A
bus 3128,770,bus,Barangay 870
bus 3128,770,bus,Barangay 866
bus 3128,770,bus,Barangay 905
bus 3128,770,bus,Mandaluyong
bus 3128,770,bus,Barangay 677
bus 3128,770,bus,Barangay 827
bus 3128,770,bus,Barangay 703
bus 3128,770,bus,Barangay 697
bus 3128,770,bus,Barangay 696
bus 3128,770,bus,Barangay 694
bus 3128,770,bus,Barangay 669
bus 3128,770,bus,Barangay 675
bus 3128,770,bus,Barangay 676
bus 2011,771,bus,Quezon City
bus 2011,771,bus,Caloocan
bus 2011,772,bus,Quezon City
bus 2011,772,bus,Caloocan
bus 385,773,bus,Quezon City
bus 385,774,bus,Quezon City
bus 316,775,bus,Makati
bus 316,776,bus,Makati
bus: Pandi-Monumento (outbound),777,bus,Quezon City
bus: Pandi-Monumento (outbound),777,bus,Caloocan
bus: Pandi-Monumento (outbound),777,bus,Bulacan
bus: Pandi-Monumento (outbound),777,bus,Malabon
bus: Pandi-Monumento (outbound),777,bus,Valenzuela
bus: Pandi-Monumento (inbound),778,bus,Quezon City
bus: Pandi-Monumento (inbound),778,bus,Caloocan
bus: Pandi-Monumento (inbound),778,bus,Bulacan
bus: Pandi-Monumento (inbound),778,bus,Malabon
bus: Pandi-Monumento (inbound),778,bus,Valenzuela
bus 239,779,bus,San Juan
bus 239,779,bus,Quezon City
bus 239,780,bus,San Juan
bus 239,780,bus,Quezon City
bus 238,781,bus,San Juan
bus 238,781,bus,Quezon City
bus 238,782,bus,San Juan
bus 238,782,bus,Quezon City
bus 818,783,bus,Barangay 756
bus 818,783,bus,Barangay 746
bus 818,783,bus,Barangay 745
bus 818,783,bus,Barangay 752
bus 818,783,bus,Barangay 754
bus 818,783,bus,Barangay 753
bus 818,783,bus,Barangay 732
bus 818,783,bus,Barangay 751
bus 818,783,bus,Barangay 731
bus 818,783,bus,Barangay 750
bus 818,783,bus,Barangay 739
bus 818,783,bus,Barangay 740
bus 818,783,bus,Barangay 807
bus 818,783,bus,Barangay 806
bus 818,783,bus,Barangay 805
bus 818,783,bus,Barangay 803
bus 818,783,bus,Barangay 802
bus 818,783,bus,Barangay 798
bus 818,783,bus,Barangay 797
bus 818,783,bus,Barangay 796
bus 818,783,bus,Barangay 738
bus 818,783,bus,Barangay 737
bus 818,783,bus,Barangay 799
bus 818,783,bus,Barangay 741
bus 818,783,bus,Barangay 800
bus 818,783,bus,Barangay 736
bus 818,783,bus,Barangay 735
bus 818,783,bus,Barangay 810
bus 818,783,bus,Barangay 734
bus 818,783,bus,Barangay 808
bus 818,783,bus,Barangay 742
bus 818,783,bus,Barangay 686
bus 818,783,bus,Barangay 684
bus 818,783,bus,Barangay 679
bus 818,783,bus,Barangay 811
bus 818,783,bus,Barangay 683
bus 818,783,bus,Barangay 685
bus 818,783,bus,Barangay 681
bus 818,783,bus,Barangay 682
bus 818,783,bus,Barangay 680
bus 818,783,bus,Barangay 824
bus 818,783,bus,Barangay 821
bus 818,783,bus,Barangay 678
bus 818,783,bus,Barangay 822
bus 818,783,bus,Barangay 814
bus 818,783,bus,Barangay 815
bus 818,783,bus,Barangay 820
bus 818,783,bus,Barangay 825
bus 818,783,bus,Barangay 818
bus 818,783,bus,Barangay 871
bus 818,783,bus,Barangay 872
bus 818,783,bus,Barangay 823
bus 818,783,bus,Barangay 853
bus 818,783,bus,Barangay 852
bus 818,783,bus,Barangay 849
bus 818,783,bus,Barangay 851
bus 818,783,bus,Barangay 855
bus 818,783,bus,Barangay 850
bus 818,783,bus,Barangay 857
bus 818,783,bus,Barangay 841
bus 818,783,bus,Barangay 842
bus 818,783,bus,Barangay 856
bus 818,783,bus,Barangay 858
bus 818,783,bus,Barangay 844
bus 818,783,bus,Makati
bus 818,783,bus,Pasay
bus 818,783,bus,Barangay 763
bus 818,783,bus,Barangay 757
bus 818,783,bus,Barangay 758
bus 818,783,bus,Barangay 760
bus 818,783,bus,Barangay 759
bus 818,783,bus,Barangay 764
bus 818,783,bus,Barangay 749
bus 818,783,bus,Barangay 748
bus 818,783,bus,Barangay 769
bus 818,783,bus,Barangay 747
bus 818,783,bus,Barangay 768
bus 818,783,bus,Barangay 795
bus 818,783,bus,Barangay 809
bus 818,783,bus,Barangay 813
bus 818,783,bus,Barangay 812
bus 818,783,bus,Barangay 817
bus 818,783,bus,Barangay 816
bus 818,783,bus,Barangay 819
bus 818,783,bus,Barangay 818-A
bus 818,783,bus,Barangay 870
bus 818,783,bus,Barangay 866
bus 818,783,bus,Barangay 867
bus 818,783,bus,Barangay 868
bus 818,783,bus,Barangay 905
bus 818,783,bus,Barangay 903
bus 818,783,bus,Barangay 902
bus 818,783,bus,Barangay 864
bus 818,783,bus,Mandaluyong
bus 818,783,bus,Barangay 888
bus 818,783,bus,Barangay 890
bus 818,783,bus,Barangay 891
bus 818,783,bus,Barangay 901
bus 818,783,bus,Barangay 899
bus 818,783,bus,Barangay 892
bus 818,783,bus,Barangay 896
bus 818,783,bus,Barangay 897
bus 818,783,bus,Barangay 898
bus 818,783,bus,Barangay 894
bus 818,783,bus,Barangay 895
bus 818,783,bus,Barangay 625
bus 818,783,bus,Barangay 623
bus 818,783,bus,Barangay 620
bus 818,783,bus,Barangay 624
bus 818,783,bus,Barangay 893
bus 818,783,bus,Barangay 859
bus 818,783,bus,Barangay 862
bus 818,783,bus,Barangay 865
bus 818,783,bus,Barangay 860
bus 818,783,bus,Barangay 863
bus 818,783,bus,Barangay 861
bus 818,783,bus,Barangay 835
bus 818,783,bus,Barangay 622
bus 818,783,bus,Barangay 839
bus 818,783,bus,Barangay 618
bus 818,783,bus,Barangay 840
bus 818,783,bus,Barangay 609
bus 818,783,bus,Barangay 608
bus 818,783,bus,Barangay 619
bus 818,783,bus,Barangay 837
bus 818,783,bus,Barangay 617
bus 818,783,bus,Barangay 838
bus 818,783,bus,Barangay 610
bus 818,783,bus,Barangay 614
bus 818,783,bus,Barangay 607
bus 818,783,bus,Barangay 616
bus 818,783,bus,Barangay 604
bus 818,783,bus,Barangay 612
bus 818,783,bus,Barangay 606
bus 818,783,bus,Barangay 602
bus 818,783,bus,Barangay 601
bus 818,783,bus,Barangay 600
bus 818,783,bus,Barangay 599
bus 818,783,bus,Barangay 598
bus 818,783,bus,Barangay 597
bus 818,783,bus,Barangay 596
bus 818,783,bus,San Juan
bus 818,783,bus,Barangay 595
bus 818,783,bus,Barangay 594
bus 818,783,bus,Barangay 586
bus 818,783,bus,Quezon City
bus 818,783,bus,Caloocan
bus 818,783,bus,Bulacan
bus 818,783,bus,Malabon
bus 818,783,bus,Valenzuela
bus 149,784,bus,Quezon City
bus 149,785,bus,Quezon City
bus: One Ayala–Tagaytay (outbound),786,bus,Las Piñas
bus: One Ayala–Tagaytay (outbound),786,bus,Makati
bus: One Ayala–Tagaytay (outbound),786,bus,Parañaque
bus: One Ayala–Tagaytay (outbound),786,bus,Pasay
bus: One Ayala–Tagaytay (inbound),787,bus,Las Piñas
bus: One Ayala–Tagaytay (inbound),787,bus,Makati
bus: One Ayala–Tagaytay (inbound),787,bus,Parañaque
bus: One Ayala–Tagaytay (inbound),787,bus,Pasay
bus 3001,788,bus,Quezon City
bus 3001,788,bus,Caloocan
bus 3001,789,bus,Quezon City
bus 3001,789,bus,Caloocan
bus: MCU–Navotas via P. Aquino,790,bus,Caloocan
bus: MCU–Navotas via P. Aquino,790,bus,Navotas
bus: MCU–Navotas via P. Aquino,790,bus,Malabon
bus: MCU–Navotas via P. Aquino,791,bus,Caloocan
bus: MCU–Navotas via P. Aquino,791,bus,Navotas
bus: MCU–Navotas via P. Aquino,791,bus,Malabon
bus 386,792,bus,Makati
bus 386,792,bus,Barangay 783
bus 386,792,bus,Barangay 881
bus 386,792,bus,Barangay 874
bus 386,792,bus,Barangay 778
bus 386,792,bus,Barangay 779
bus 386,792,bus,Barangay 776
bus 386,792,bus,Barangay 782
bus 386,792,bus,Mandaluyong
bus 386,793,bus,Makati
bus 386,793,bus,Barangay 783
bus 386,793,bus,Barangay 881
bus 386,793,bus,Barangay 874
bus 386,793,bus,Barangay 778
bus 386,793,bus,Barangay 779
bus 386,793,bus,Barangay 776
bus 386,793,bus,Barangay 782
bus 386,793,bus,Mandaluyong
bus SNS1,794,bus,Quezon City
bus 818;Bataan Transit,795,bus,Barangay 756
bus 818;Bataan Transit,795,bus,Barangay 761
bus 818;Bataan Transit,795,bus,Barangay 746
bus 818;Bataan Transit,795,bus,Barangay 745
bus 818;Bataan Transit,795,bus,Barangay 752
bus 818;Bataan Transit,795,bus,Barangay 754
bus 818;Bataan Transit,795,bus,Barangay 753
bus 818;Bataan Transit,795,bus,Barangay 732
bus 818;Bataan Transit,795,bus,Barangay 751
bus 818;Bataan Transit,795,bus,Barangay 731
bus 818;Bataan Transit,795,bus,Barangay 750
bus 818;Bataan Transit,795,bus,Barangay 739
bus 818;Bataan Transit,795,bus,Barangay 740
bus 818;Bataan Transit,795,bus,Barangay 807
bus 818;Bataan Transit,795,bus,Barangay 806
bus 818;Bataan Transit,795,bus,Barangay 805
bus 818;Bataan Transit,795,bus,Barangay 803
bus 818;Bataan Transit,795,bus,Barangay 802
bus 818;Bataan Transit,795,bus,Barangay 798
bus 818;Bataan Transit,795,bus,Barangay 797
bus 818;Bataan Transit,795,bus,Barangay 796
bus 818;Bataan Transit,795,bus,Barangay 738
bus 818;Bataan Transit,795,bus,Barangay 737
bus 818;Bataan Transit,795,bus,Barangay 799
bus 818;Bataan Transit,795,bus,Barangay 741
bus 818;Bataan Transit,795,bus,Barangay 800
bus 818;Bataan Transit,795,bus,Barangay 736
bus 818;Bataan Transit,795,bus,Barangay 735
bus 818;Bataan Transit,795,bus,Barangay 810
bus 818;Bataan Transit,795,bus,Barangay 734
bus 818;Bataan Transit,795,bus,Barangay 808
bus 818;Bataan Transit,795,bus,Barangay 742
bus 818;Bataan Transit,795,bus,Barangay 686
bus 818;Bataan Transit,795,bus,Barangay 684
bus 818;Bataan Transit,795,bus,Barangay 679
bus 818;Bataan Transit,795,bus,Barangay 811
bus 818;Bataan Transit,795,bus,Barangay 683
bus 818;Bataan Transit,795,bus,Barangay 685
bus 818;Bataan Transit,795,bus,Barangay 681
bus 818;Bataan Transit,795,bus,Barangay 682
bus 818;Bataan Transit,795,bus,Barangay 680
bus 818;Bataan Transit,795,bus,Barangay 824
bus 818;Bataan Transit,795,bus,Barangay 821
bus 818;Bataan Transit,795,bus,Barangay 678
bus 818;Bataan Transit,795,bus,Barangay 822
bus 818;Bataan Transit,795,bus,Barangay 814
bus 818;Bataan Transit,795,bus,Barangay 815
bus 818;Bataan Transit,795,bus,Barangay 820
bus 818;Bataan Transit,795,bus,Barangay 825
bus 818;Bataan Transit,795,bus,Barangay 818
bus 818;Bataan Transit,795,bus,Barangay 871
bus 818;Bataan Transit,795,bus,Barangay 872
bus 818;Bataan Transit,795,bus,Barangay 823
bus 818;Bataan Transit,795,bus,Barangay 853
bus 818;Bataan Transit,795,bus,Barangay 852
bus 818;Bataan Transit,795,bus,Barangay 849
bus 818;Bataan Transit,795,bus,Barangay 851
bus 818;Bataan Transit,795,bus,Barangay 855
bus 818;Bataan Transit,795,bus,Barangay 850
bus 818;Bataan Transit,795,bus,Barangay 857
bus 818;Bataan Transit,795,bus,Barangay 841
bus 818;Bataan Transit,795,bus,Barangay 842
bus 818;Bataan Transit,795,bus,Barangay 856
bus 818;Bataan Transit,795,bus,Barangay 858
bus 818;Bataan Transit,795,bus,Barangay 844
bus 818;Bataan Transit,795,bus,Makati
bus 818;Bataan Transit,795,bus,Parañaque
bus 818;Bataan Transit,795,bus,Pasay
bus 818;Bataan Transit,795,bus,Barangay 763
bus 818;Bataan Transit,795,bus,Barangay 757
bus 818;Bataan Transit,795,bus,Barangay 758
bus 818;Bataan Transit,795,bus,Barangay 760
bus 818;Bataan Transit,795,bus,Barangay 759
bus 818;Bataan Transit,795,bus,Barangay 764
bus 818;Bataan Transit,795,bus,Barangay 749
bus 818;Bataan Transit,795,bus,Barangay 748
bus 818;Bataan Transit,795,bus,Barangay 769
bus 818;Bataan Transit,795,bus,Barangay 747
bus 818;Bataan Transit,795,bus,Barangay 768
bus 818;Bataan Transit,795,bus,Barangay 795
bus 818;Bataan Transit,795,bus,Barangay 809
bus 818;Bataan Transit,795,bus,Barangay 813
bus 818;Bataan Transit,795,bus,Barangay 812
bus 818;Bataan Transit,795,bus,Barangay 817
bus 818;Bataan Transit,795,bus,Barangay 816
bus 818;Bataan Transit,795,bus,Barangay 819
bus 818;Bataan Transit,795,bus,Barangay 818-A
bus 818;Bataan Transit,795,bus,Barangay 870
bus 818;Bataan Transit,795,bus,Barangay 866
bus 818;Bataan Transit,795,bus,Barangay 867
bus 818;Bataan Transit,795,bus,Barangay 868
bus 818;Bataan Transit,795,bus,Barangay 905
bus 818;Bataan Transit,795,bus,Barangay 903
bus 818;Bataan Transit,795,bus,Barangay 902
bus 818;Bataan Transit,795,bus,Barangay 864
bus 818;Bataan Transit,795,bus,Mandaluyong
bus 818;Bataan Transit,795,bus,Barangay 888
bus 818;Bataan Transit,795,bus,Barangay 890
bus 818;Bataan Transit,795,bus,Barangay 891
bus 818;Bataan Transit,795,bus,Barangay 901
bus 818;Bataan Transit,795,bus,Barangay 899
bus 818;Bataan Transit,795,bus,Barangay 892
bus 818;Bataan Transit,795,bus,Barangay 896
bus 818;Bataan Transit,795,bus,Barangay 897
bus 818;Bataan Transit,795,bus,Barangay 898
bus 818;Bataan Transit,795,bus,Barangay 894
bus 818;Bataan Transit,795,bus,Barangay 895
bus 818;Bataan Transit,795,bus,Barangay 625
bus 818;Bataan Transit,795,bus,Barangay 623
bus 818;Bataan Transit,795,bus,Barangay 620
bus 818;Bataan Transit,795,bus,Barangay 624
bus 818;Bataan Transit,795,bus,Barangay 893
bus 818;Bataan Transit,795,bus,Barangay 859
bus 818;Bataan Transit,795,bus,Barangay 862
bus 818;Bataan Transit,795,bus,Barangay 865
bus 818;Bataan Transit,795,bus,Barangay 860
bus 818;Bataan Transit,795,bus,Barangay 863
bus 818;Bataan Transit,795,bus,Barangay 861
bus 818;Bataan Transit,795,bus,Barangay 835
bus 818;Bataan Transit,795,bus,Barangay 622
bus 818;Bataan Transit,795,bus,Barangay 839
bus 818;Bataan Transit,795,bus,Barangay 618
bus 818;Bataan Transit,795,bus,Barangay 840
bus 818;Bataan Transit,795,bus,Barangay 609
bus 818;Bataan Transit,795,bus,Barangay 608
bus 818;Bataan Transit,795,bus,Barangay 619
bus 818;Bataan Transit,795,bus,Barangay 837
bus 818;Bataan Transit,795,bus,Barangay 617
bus 818;Bataan Transit,795,bus,Barangay 838
bus 818;Bataan Transit,795,bus,Barangay 610
bus 818;Bataan Transit,795,bus,Barangay 614
bus 818;Bataan Transit,795,bus,Barangay 607
bus 818;Bataan Transit,795,bus,Barangay 616
bus 818;Bataan Transit,795,bus,Barangay 604
bus 818;Bataan Transit,795,bus,Barangay 612
bus 818;Bataan Transit,795,bus,Barangay 606
bus 818;Bataan Transit,795,bus,Barangay 602
bus 818;Bataan Transit,795,bus,Barangay 601
bus 818;Bataan Transit,795,bus,Barangay 600
bus 818;Bataan Transit,795,bus,Barangay 599
bus 818;Bataan Transit,795,bus,Barangay 598
bus 818;Bataan Transit,795,bus,Barangay 597
bus 818;Bataan Transit,795,bus,Barangay 596
bus 818;Bataan Transit,795,bus,San Juan
bus 818;Bataan Transit,795,bus,Barangay 595
bus 818;Bataan Transit,795,bus,Barangay 594
bus 818;Bataan Transit,795,bus,Barangay 586
bus 818;Bataan Transit,795,bus,Quezon City
bus 818;Bataan Transit,795,bus,Caloocan
bus 818;Bataan Transit,795,bus,Bulacan
bus 818;Bataan Transit,795,bus,Malabon
bus 818;Bataan Transit,795,bus,Valenzuela
bus T438,796,bus,Las Piñas
bus T438,796,bus,Muntinlupa
bus T438,796,bus,Parañaque
bus T438,796,bus,Pasay
bus T438,797,bus,Las Piñas
bus T438,797,bus,Muntinlupa
bus T438,797,bus,Parañaque
bus T438,797,bus,Pasay
bus T436,798,bus,Las Piñas
bus T436,798,bus,Muntinlupa
bus T436,798,bus,Parañaque
bus T436,798,bus,Pasay
bus T436,799,bus,Las Piñas
bus T436,799,bus,Muntinlupa
bus T436,799,bus,Parañaque
bus T436,799,bus,Pasay
bus T435,800,bus,Las Piñas
bus T435,800,bus,Muntinlupa
bus T435,800,bus,Parañaque
bus T435,800,bus,Pasay
bus T435,801,bus,Las Piñas
bus T435,801,bus,Muntinlupa
bus T435,801,bus,Parañaque
bus T435,801,bus,Pasay
bus 401,802,bus,Muntinlupa
bus 327,803,bus,Parañaque
bus 327,803,bus,Pasay
bus 327,803,bus,Barangay 667
bus 327,803,bus,Barangay 666
bus 327,803,bus,Barangay 657
bus 327,803,bus,Barangay 658
bus 327,803,bus,Barangay 654
bus 327,803,bus,Barangay 291
bus 327,803,bus,Barangay 289
bus 327,803,bus,Barangay 287
bus 327,803,bus,Barangay 719
bus 327,803,bus,Barangay 720
bus 327,803,bus,Barangay 721
bus 327,803,bus,Barangay 701
bus 327,803,bus,Barangay 704
bus 327,803,bus,Barangay 702
bus 327,803,bus,Barangay 698
bus 327,803,bus,Barangay 669
bus 327,803,bus,Barangay 700
bus 327,803,bus,Barangay 699
bus 327,803,bus,Barangay 668
bus 327,803,bus,Barangay 670
bus 327,803,bus,Barangay 660
bus 327,803,bus,Barangay 659
bus 327,803,bus,Barangay 659-A
bus 327,803,bus,Barangay 660-A
bus 327,803,bus,Barangay 290
bus 327,803,bus,Barangay 288
bus 327,803,bus,Barangay 297
bus 327,803,bus,Barangay 296
bus 327,803,bus,Barangay 295
bus 327,803,bus,Barangay 292
bus 327,803,bus,Barangay 294
bus 327,803,bus,Barangay 260
bus 327,803,bus,Barangay 266
bus 327,803,bus,Barangay 240
bus 327,803,bus,Barangay 247
bus 327,803,bus,Barangay 259
bus 327,803,bus,Barangay 242
bus 327,803,bus,Barangay 656
bus 327,803,bus,Barangay 282
bus 327,803,bus,Barangay 281
bus 327,803,bus,Barangay 271
bus 327,803,bus,Barangay 269
bus 327,803,bus,Barangay 293
bus 327,803,bus,Barangay 268
bus 327,803,bus,Barangay 1
bus 327,803,bus,Barangay 2
bus 327,803,bus,Barangay 3
bus 327,803,bus,Barangay 10
bus 327,803,bus,Barangay 7
bus 327,803,bus,Barangay 49
bus 327,803,bus,Barangay 9
bus 327,803,bus,Barangay 4
bus 327,803,bus,"Tutuban Mall (Claimed by Five Barangays of Tondo, Manila)"
bus 327,803,bus,Barangay 48
bus 327,803,bus,Barangay 8
bus 327,804,bus,Parañaque
bus 327,804,bus,Pasay
bus 327,804,bus,Barangay 667
bus 327,804,bus,Barangay 666
bus 327,804,bus,Barangay 657
bus 327,804,bus,Barangay 658
bus 327,804,bus,Barangay 654
bus 327,804,bus,Barangay 291
bus 327,804,bus,Barangay 289
bus 327,804,bus,Barangay 287
bus 327,804,bus,Barangay 719
bus 327,804,bus,Barangay 720
bus 327,804,bus,Barangay 721
bus 327,804,bus,Barangay 701
bus 327,804,bus,Barangay 704
bus 327,804,bus,Barangay 705
bus 327,804,bus,Barangay 702
bus 327,804,bus,Barangay 698
bus 327,804,bus,Barangay 697
bus 327,804,bus,Barangay 669
bus 327,804,bus,Barangay 700
bus 327,804,bus,Barangay 699
bus 327,804,bus,Barangay 668
bus 327,804,bus,Barangay 670
bus 327,804,bus,Barangay 660
bus 327,804,bus,Barangay 659
bus 327,804,bus,Barangay 659-A
bus 327,804,bus,Barangay 303
bus 327,804,bus,Barangay 660-A
bus 327,804,bus,Barangay 290
bus 327,804,bus,Barangay 288
bus 327,804,bus,Barangay 297
bus 327,804,bus,Barangay 296
bus 327,804,bus,Barangay 295
bus 327,804,bus,Barangay 292
bus 327,804,bus,Barangay 298
bus 327,804,bus,Barangay 656
bus 327,804,bus,Barangay 282
bus 327,804,bus,Barangay 281
bus 327,804,bus,Barangay 271
bus 327,804,bus,Barangay 293
bus 327,804,bus,Barangay 268
bus 2117,805,bus,Makati
bus 2117,805,bus,Pasig
bus 2117,805,bus,Mandaluyong
bus 2117,805,bus,Barangay 893
bus 2117,805,bus,Barangay 618
bus 2117,805,bus,Barangay 608
bus 2117,805,bus,Barangay 619
bus 2117,805,bus,Barangay 617
bus 2117,805,bus,Barangay 610
bus 2117,805,bus,Barangay 614
bus 2117,805,bus,Barangay 607
bus 2117,805,bus,Barangay 613
bus 2117,805,bus,Barangay 616
bus 2117,805,bus,Barangay 604
bus 2117,805,bus,Barangay 612
bus 2117,805,bus,Barangay 606
bus 2117,805,bus,Barangay 615
bus 2117,805,bus,Barangay 636
bus 2117,805,bus,Barangay 635
bus 2117,805,bus,Barangay 633
bus 2117,805,bus,Barangay 632
bus 2117,805,bus,Barangay 634
bus 2117,805,bus,Barangay 418
bus 2117,805,bus,Barangay 611
bus 2117,805,bus,Barangay 605
bus 2117,805,bus,Barangay 621
bus 2117,805,bus,Barangay 602
bus 2117,805,bus,Barangay 603
bus 2117,805,bus,Barangay 630
bus 2117,805,bus,Barangay 601
bus 2117,805,bus,Barangay 590
bus 2117,805,bus,Barangay 600
bus 2117,805,bus,Barangay 589
bus 2117,805,bus,Barangay 591
bus 2117,805,bus,Barangay 599
bus 2117,805,bus,Barangay 598
bus 2117,805,bus,Barangay 592
bus 2117,805,bus,Barangay 588
bus 2117,805,bus,Barangay 597
bus 2117,805,bus,Barangay 587
bus 2117,805,bus,Barangay 593
bus 2117,805,bus,Barangay 596
bus 2117,805,bus,Barangay 587-A
bus 2117,805,bus,Barangay 628
bus 2117,805,bus,Barangay 631
bus 2117,805,bus,Barangay 626
bus 2117,805,bus,Barangay 629
bus 2117,805,bus,Barangay 627
bus 2117,805,bus,Barangay 426
bus 2117,805,bus,Barangay 579
bus 2117,805,bus,Barangay 427
bus 2117,805,bus,Barangay 578
bus 2117,805,bus,Barangay 428
bus 2117,805,bus,Barangay 425
bus 2117,805,bus,Barangay 424
bus 2117,805,bus,Barangay 417
bus 2117,805,bus,Barangay 421
bus 2117,805,bus,Barangay 423
bus 2117,805,bus,Barangay 422
bus 2117,805,bus,Barangay 580
bus 2117,805,bus,Barangay 570
bus 2117,805,bus,Barangay 569
bus 2117,805,bus,Barangay 571
bus 2117,805,bus,Barangay 576
bus 2117,805,bus,Barangay 641
bus 2117,805,bus,Barangay 638
bus 2117,805,bus,Barangay 639
bus 2117,805,bus,Barangay 640
bus 2117,805,bus,Barangay 637
bus 2117,805,bus,Barangay 412
bus 2117,805,bus,Barangay 416
bus 2117,805,bus,Barangay 413
bus 2117,805,bus,Barangay 403
bus 2117,805,bus,Barangay 402
bus 2117,805,bus,Barangay 414
bus 2117,805,bus,Barangay 415
bus 2117,805,bus,Barangay 400
bus 2117,805,bus,Barangay 407
bus 2117,805,bus,Barangay 401
bus 2117,805,bus,Barangay 410
bus 2117,805,bus,Barangay 420
bus 2117,805,bus,Barangay 409
bus 2117,805,bus,Barangay 411
bus 2117,805,bus,Barangay 419
bus 2117,805,bus,Barangay 408
bus 2117,805,bus,Barangay 433
bus 2117,805,bus,Barangay 435
bus 2117,805,bus,Barangay 405
bus 2117,805,bus,San Juan
bus 2117,805,bus,Barangay 595
bus 2117,805,bus,Barangay 594
bus 2117,805,bus,Barangay 585
bus 2117,805,bus,Barangay 586
bus 2117,805,bus,Barangay 581
bus 2117,805,bus,Quezon City
bus 2117,805,bus,Barangay 384
bus 2117,805,bus,Barangay 306
bus 2117,805,bus,Barangay 647
bus 2117,805,bus,Barangay 385
bus 2117,805,bus,Barangay 387
bus 2117,805,bus,Barangay 383
bus 2117,805,bus,Barangay 388
bus 2117,805,bus,Barangay 389
bus 2117,805,bus,Barangay 393
bus 2117,805,bus,Barangay 390
bus 2117,805,bus,Barangay 394
bus 2117,805,bus,Barangay 391
bus 2117,805,bus,Barangay 392
bus 2117,805,bus,Barangay 307
bus 2117,805,bus,Barangay 308
bus 2117,805,bus,Barangay 309
bus 2117,805,bus,Barangay 310
bus 2117,805,bus,Barangay 404
bus 2117,805,bus,Barangay 395
bus 2117,805,bus,Barangay 396
bus 2117,805,bus,Barangay 464
bus 2117,805,bus,Barangay 462
bus 2117,805,bus,Barangay 311
bus PT1,806,bus,Pasig
bus 384,807,bus,Barangay 530
bus 384,807,bus,Barangay 512
bus 384,807,bus,Barangay 531
bus 384,807,bus,Quezon City
bus 384,807,bus,Caloocan
bus 384,807,bus,Barangay 372
bus 384,807,bus,Manila North Cemetery
bus 384,808,bus,Barangay 530
bus 384,808,bus,Barangay 512
bus 384,808,bus,Barangay 515
bus 384,808,bus,Barangay 531
bus 384,808,bus,Quezon City
bus 384,808,bus,Caloocan
bus 384,808,bus,Barangay 372
bus 384,808,bus,Manila North Cemetery
bus 322,809,bus,Barangay 718
bus 322,809,bus,Barangay 717
bus 322,809,bus,Barangay 727
bus 322,809,bus,Barangay 716
bus 322,809,bus,Barangay 713
bus 322,809,bus,Barangay 708
bus 322,809,bus,Barangay 726
bus 322,809,bus,Barangay 712
bus 322,809,bus,Barangay 709
bus 322,809,bus,Barangay 729
bus 322,809,bus,Barangay 730
bus 322,809,bus,Barangay 728
bus 322,809,bus,Barangay 733
bus 322,809,bus,Barangay 725
bus 322,809,bus,Barangay 714
bus 322,809,bus,Barangay 724
bus 322,809,bus,Barangay 723
bus 322,809,bus,Barangay 692
bus 322,809,bus,Barangay 722
bus 322,809,bus,Barangay 691
bus 322,809,bus,Barangay 693
bus 322,809,bus,Barangay 689
bus 322,809,bus,Barangay 690
bus 322,809,bus,Barangay 695
bus 322,809,bus,Makati
bus 322,809,bus,Parañaque
bus 322,809,bus,Pasay
bus 322,809,bus,Barangay 481
bus 322,809,bus,Barangay 480
bus 322,809,bus,Barangay 477
bus 322,809,bus,Barangay 488
bus 322,809,bus,Barangay 487
bus 322,809,bus,Barangay 486
bus 322,809,bus,Barangay 485
bus 322,809,bus,Barangay 511
bus 322,809,bus,Barangay 499
bus 322,809,bus,Barangay 501
bus 322,809,bus,Barangay 500
bus 322,809,bus,Barangay 494
bus 322,809,bus,Barangay 495
bus 322,809,bus,Barangay 492
bus 322,809,bus,Quezon City
bus 322,809,bus,Barangay 666
bus 322,809,bus,Barangay 657
bus 322,809,bus,Barangay 658
bus 322,809,bus,Barangay 654
bus 322,809,bus,Barangay 291
bus 322,809,bus,Barangay 719
bus 322,809,bus,Barangay 720
bus 322,809,bus,Barangay 715
bus 322,809,bus,Barangay 711
bus 322,809,bus,Barangay 710
bus 322,809,bus,Barangay 707
bus 322,809,bus,Barangay 706
bus 322,809,bus,Barangay 702
bus 322,809,bus,Barangay 703
bus 322,809,bus,Barangay 697
bus 322,809,bus,Barangay 696
bus 322,809,bus,Barangay 694
bus 322,809,bus,Barangay 669
bus 322,809,bus,Barangay 675
bus 322,809,bus,Barangay 676
bus 322,809,bus,Barangay 670
bus 322,809,bus,Barangay 660
bus 322,809,bus,Barangay 659
bus 322,809,bus,Barangay 659-A
bus 322,809,bus,Barangay 384
bus 322,809,bus,Barangay 306
bus 322,809,bus,Barangay 303
bus 322,809,bus,Barangay 674
bus 322,809,bus,Barangay 660-A
bus 322,809,bus,Barangay 664
bus 322,809,bus,Barangay 661
bus 322,809,bus,Barangay 647
bus 322,809,bus,Barangay 385
bus 322,809,bus,Barangay 387
bus 322,809,bus,Barangay 383
bus 322,809,bus,Barangay 388
bus 322,809,bus,Barangay 393
bus 322,809,bus,Barangay 394
bus 322,809,bus,Barangay 391
bus 322,809,bus,Barangay 392
bus 322,809,bus,Barangay 307
bus 322,809,bus,Barangay 308
bus 322,809,bus,Barangay 309
bus 322,809,bus,Barangay 310
bus 322,809,bus,Barangay 395
bus 322,809,bus,Barangay 396
bus 322,809,bus,Barangay 464
bus 322,809,bus,Barangay 462
bus 322,809,bus,Barangay 468
bus 322,809,bus,Barangay 311
bus 322,809,bus,Barangay 469
bus 322,809,bus,Barangay 656
bus 322,809,bus,Barangay 312
bus 322,809,bus,Barangay 322
bus 322,809,bus,Barangay 463
bus 322,809,bus,Barangay 467
bus 322,809,bus,Barangay 465
bus 322,809,bus,Barangay 315
bus 322,809,bus,Barangay 466
bus 322,809,bus,Barangay 319
bus 322,809,bus,Barangay 318
bus 322,809,bus,Barangay 470
bus 322,809,bus,Barangay 471
bus 322,809,bus,Barangay 317
bus 322,809,bus,Barangay 320
bus 322,809,bus,Barangay 324
bus 322,809,bus,Barangay 323
bus 322,809,bus,Barangay 340
bus 322,809,bus,Barangay 342
bus 322,809,bus,Barangay 490
bus 322,809,bus,Barangay 489
bus 322,809,bus,Barangay 338
bus 322,809,bus,Barangay 343
bus 322,809,bus,Barangay 491
bus 322,809,bus,Barangay 341
bus 322,809,bus,Barangay 352
bus 322,809,bus,Barangay 339
bus 322,809,bus,Barangay 482
bus 322,809,bus,Barangay 483
bus 322,809,bus,Barangay 484
bus 322,809,bus,Barangay 350
bus 322,809,bus,Barangay 351
bus 322,809,bus,Barangay 368
bus 322,809,bus,Barangay 497
bus 322,809,bus,Barangay 349
bus 322,809,bus,Barangay 369
bus 322,809,bus,Barangay 371
bus 322,809,bus,Barangay 365
bus 322,809,bus,Barangay 363
bus 322,809,bus,Barangay 381
bus 322,809,bus,Barangay 364
bus 322,809,bus,Barangay 370
bus 322,809,bus,Barangay 367
bus 322,809,bus,Barangay 493
bus 322,809,bus,Barangay 379
bus 322,809,bus,Barangay 380
bus 322,809,bus,Barangay 376
bus 322,809,bus,Barangay 377
bus 322,809,bus,Barangay 372
bus 322,809,bus,Manila North Cemetery
bus 318,810,bus,Barangay 718
bus 318,810,bus,Barangay 717
bus 318,810,bus,Barangay 727
bus 318,810,bus,Barangay 716
bus 318,810,bus,Barangay 713
bus 318,810,bus,Barangay 708
bus 318,810,bus,Barangay 726
bus 318,810,bus,Barangay 712
bus 318,810,bus,Barangay 709
bus 318,810,bus,Barangay 729
bus 318,810,bus,Barangay 730
bus 318,810,bus,Barangay 728
bus 318,810,bus,Barangay 733
bus 318,810,bus,Barangay 725
bus 318,810,bus,Barangay 714
bus 318,810,bus,Barangay 724
bus 318,810,bus,Barangay 723
bus 318,810,bus,Barangay 692
bus 318,810,bus,Barangay 722
bus 318,810,bus,Barangay 691
bus 318,810,bus,Barangay 693
bus 318,810,bus,Barangay 689
bus 318,810,bus,Barangay 690
bus 318,810,bus,Barangay 695
bus 318,810,bus,Makati
bus 318,810,bus,Parañaque
bus 318,810,bus,Pasay
bus 318,810,bus,Barangay 481
bus 318,810,bus,Barangay 480
bus 318,810,bus,Barangay 477
bus 318,810,bus,Barangay 488
bus 318,810,bus,Barangay 487
bus 318,810,bus,Barangay 486
bus 318,810,bus,Barangay 485
bus 318,810,bus,Barangay 511
bus 318,810,bus,Barangay 499
bus 318,810,bus,Barangay 501
bus 318,810,bus,Barangay 500
bus 318,810,bus,Barangay 494
bus 318,810,bus,Barangay 495
bus 318,810,bus,Barangay 492
bus 318,810,bus,Quezon City
bus 318,810,bus,Barangay 666
bus 318,810,bus,Barangay 657
bus 318,810,bus,Barangay 658
bus 318,810,bus,Barangay 654
bus 318,810,bus,Barangay 291
bus 318,810,bus,Barangay 719
bus 318,810,bus,Barangay 720
bus 318,810,bus,Barangay 715
bus 318,810,bus,Barangay 711
bus 318,810,bus,Barangay 710
bus 318,810,bus,Barangay 707
bus 318,810,bus,Barangay 706
bus 318,810,bus,Barangay 702
bus 318,810,bus,Barangay 703
bus 318,810,bus,Barangay 697
bus 318,810,bus,Barangay 696
bus 318,810,bus,Barangay 694
bus 318,810,bus,Barangay 669
bus 318,810,bus,Barangay 675
bus 318,810,bus,Barangay 676
bus 318,810,bus,Barangay 670
bus 318,810,bus,Barangay 660
bus 318,810,bus,Barangay 659
bus 318,810,bus,Barangay 659-A
bus 318,810,bus,Barangay 384
bus 318,810,bus,Barangay 306
bus 318,810,bus,Barangay 303
bus 318,810,bus,Barangay 674
bus 318,810,bus,Barangay 660-A
bus 318,810,bus,Barangay 664
bus 318,810,bus,Barangay 661
bus 318,810,bus,Barangay 647
bus 318,810,bus,Barangay 385
bus 318,810,bus,Barangay 387
bus 318,810,bus,Barangay 383
bus 318,810,bus,Barangay 388
bus 318,810,bus,Barangay 393
bus 318,810,bus,Barangay 394
bus 318,810,bus,Barangay 391
bus 318,810,bus,Barangay 392
bus 318,810,bus,Barangay 307
bus 318,810,bus,Barangay 308
bus 318,810,bus,Barangay 309
bus 318,810,bus,Barangay 310
bus 318,810,bus,Barangay 395
bus 318,810,bus,Barangay 396
bus 318,810,bus,Barangay 464
bus 318,810,bus,Barangay 462
bus 318,810,bus,Barangay 468
bus 318,810,bus,Barangay 311
bus 318,810,bus,Barangay 469
bus 318,810,bus,Barangay 656
bus 318,810,bus,Barangay 312
bus 318,810,bus,Barangay 322
bus 318,810,bus,Barangay 463
bus 318,810,bus,Barangay 467
bus 318,810,bus,Barangay 465
bus 318,810,bus,Barangay 315
bus 318,810,bus,Barangay 466
bus 318,810,bus,Barangay 319
bus 318,810,bus,Barangay 318
bus 318,810,bus,Barangay 470
bus 318,810,bus,Barangay 471
bus 318,810,bus,Barangay 317
bus 318,810,bus,Barangay 320
bus 318,810,bus,Barangay 324
bus 318,810,bus,Barangay 323
bus 318,810,bus,Barangay 340
bus 318,810,bus,Barangay 342
bus 318,810,bus,Barangay 490
bus 318,810,bus,Barangay 489
bus 318,810,bus,Barangay 338
bus 318,810,bus,Barangay 343
bus 318,810,bus,Barangay 491
bus 318,810,bus,Barangay 341
bus 318,810,bus,Barangay 352
bus 318,810,bus,Barangay 339
bus 318,810,bus,Barangay 482
bus 318,810,bus,Barangay 483
bus 318,810,bus,Barangay 484
bus 318,810,bus,Barangay 350
bus 318,810,bus,Barangay 351
bus 318,810,bus,Barangay 368
bus 318,810,bus,Barangay 497
bus 318,810,bus,Barangay 349
bus 318,810,bus,Barangay 369
bus 318,810,bus,Barangay 371
bus 318,810,bus,Barangay 365
bus 318,810,bus,Barangay 363
bus 318,810,bus,Barangay 381
bus 318,810,bus,Barangay 364
bus 318,810,bus,Barangay 370
bus 318,810,bus,Barangay 367
bus 318,810,bus,Barangay 493
bus 318,810,bus,Barangay 379
bus 318,810,bus,Barangay 380
bus 318,810,bus,Barangay 376
bus 318,810,bus,Barangay 377
bus 318,810,bus,Barangay 372
bus 318,810,bus,Manila North Cemetery
bus 322,811,bus,Barangay 718
bus 322,811,bus,Barangay 717
bus 322,811,bus,Barangay 727
bus 322,811,bus,Barangay 716
bus 322,811,bus,Barangay 713
bus 322,811,bus,Barangay 708
bus 322,811,bus,Barangay 726
bus 322,811,bus,Barangay 712
bus 322,811,bus,Barangay 709
bus 322,811,bus,Barangay 729
bus 322,811,bus,Barangay 730
bus 322,811,bus,Barangay 728
bus 322,811,bus,Barangay 725
bus 322,811,bus,Barangay 714
bus 322,811,bus,Barangay 724
bus 322,811,bus,Barangay 723
bus 322,811,bus,Barangay 692
bus 322,811,bus,Barangay 722
bus 322,811,bus,Barangay 691
bus 322,811,bus,Barangay 693
bus 322,811,bus,Barangay 689
bus 322,811,bus,Barangay 690
bus 322,811,bus,Barangay 695
bus 322,811,bus,Parañaque
bus 322,811,bus,Pasay
bus 322,811,bus,Barangay 481
bus 322,811,bus,Barangay 480
bus 322,811,bus,Barangay 477
bus 322,811,bus,Barangay 488
bus 322,811,bus,Barangay 487
bus 322,811,bus,Barangay 486
bus 322,811,bus,Barangay 485
bus 322,811,bus,Barangay 511
bus 322,811,bus,Barangay 499
bus 322,811,bus,Barangay 501
bus 322,811,bus,Barangay 500
bus 322,811,bus,Barangay 494
bus 322,811,bus,Barangay 495
bus 322,811,bus,Barangay 492
bus 322,811,bus,Quezon City
bus 322,811,bus,Barangay 666
bus 322,811,bus,Barangay 657
bus 322,811,bus,Barangay 658
bus 322,811,bus,Barangay 654
bus 322,811,bus,Barangay 291
bus 322,811,bus,Barangay 287
bus 322,811,bus,Barangay 719
bus 322,811,bus,Barangay 720
bus 322,811,bus,Barangay 715
bus 322,811,bus,Barangay 711
bus 322,811,bus,Barangay 710
bus 322,811,bus,Barangay 707
bus 322,811,bus,Barangay 706
bus 322,811,bus,Barangay 702
bus 322,811,bus,Barangay 703
bus 322,811,bus,Barangay 697
bus 322,811,bus,Barangay 696
bus 322,811,bus,Barangay 694
bus 322,811,bus,Barangay 669
bus 322,811,bus,Barangay 675
bus 322,811,bus,Barangay 676
bus 322,811,bus,Barangay 670
bus 322,811,bus,Barangay 660
bus 322,811,bus,Barangay 659
bus 322,811,bus,Barangay 659-A
bus 322,811,bus,Barangay 384
bus 322,811,bus,Barangay 306
bus 322,811,bus,Barangay 303
bus 322,811,bus,Barangay 674
bus 322,811,bus,Barangay 660-A
bus 322,811,bus,Barangay 664
bus 322,811,bus,Barangay 647
bus 322,811,bus,Barangay 385
bus 322,811,bus,Barangay 387
bus 322,811,bus,Barangay 383
bus 322,811,bus,Barangay 388
bus 322,811,bus,Barangay 393
bus 322,811,bus,Barangay 394
bus 322,811,bus,Barangay 391
bus 322,811,bus,Barangay 392
bus 322,811,bus,Barangay 307
bus 322,811,bus,Barangay 308
bus 322,811,bus,Barangay 309
bus 322,811,bus,Barangay 310
bus 322,811,bus,Barangay 395
bus 322,811,bus,Barangay 396
bus 322,811,bus,Barangay 464
bus 322,811,bus,Barangay 462
bus 322,811,bus,Barangay 468
bus 322,811,bus,Barangay 311
bus 322,811,bus,Barangay 469
bus 322,811,bus,Barangay 656
bus 322,811,bus,Barangay 312
bus 322,811,bus,Barangay 316
bus 322,811,bus,Barangay 322
bus 322,811,bus,Barangay 463
bus 322,811,bus,Barangay 467
bus 322,811,bus,Barangay 465
bus 322,811,bus,Barangay 315
bus 322,811,bus,Barangay 466
bus 322,811,bus,Barangay 319
bus 322,811,bus,Barangay 318
bus 322,811,bus,Barangay 470
bus 322,811,bus,Barangay 471
bus 322,811,bus,Barangay 317
bus 322,811,bus,Barangay 320
bus 322,811,bus,Barangay 324
bus 322,811,bus,Barangay 323
bus 322,811,bus,Barangay 340
bus 322,811,bus,Barangay 342
bus 322,811,bus,Barangay 490
bus 322,811,bus,Barangay 489
bus 322,811,bus,Barangay 338
bus 322,811,bus,Barangay 343
bus 322,811,bus,Barangay 491
bus 322,811,bus,Barangay 341
bus 322,811,bus,Barangay 352
bus 322,811,bus,Barangay 339
bus 322,811,bus,Barangay 482
bus 322,811,bus,Barangay 483
bus 322,811,bus,Barangay 484
bus 322,811,bus,Barangay 350
bus 322,811,bus,Barangay 351
bus 322,811,bus,Barangay 368
bus 322,811,bus,Barangay 497
bus 322,811,bus,Barangay 349
bus 322,811,bus,Barangay 369
bus 322,811,bus,Barangay 371
bus 322,811,bus,Barangay 363
bus 322,811,bus,Barangay 364
bus 322,811,bus,Barangay 370
bus 322,811,bus,Barangay 367
bus 322,811,bus,Barangay 493
bus 322,811,bus,Barangay 379
bus 322,811,bus,Barangay 380
bus 322,811,bus,Barangay 376
bus 322,811,bus,Barangay 372
bus 322,811,bus,Manila North Cemetery
bus 323,812,bus,Barangay 718
bus 323,812,bus,Barangay 717
bus 323,812,bus,Barangay 727
bus 323,812,bus,Barangay 716
bus 323,812,bus,Barangay 713
bus 323,812,bus,Barangay 708
bus 323,812,bus,Barangay 726
bus 323,812,bus,Barangay 712
bus 323,812,bus,Barangay 709
bus 323,812,bus,Barangay 729
bus 323,812,bus,Barangay 730
bus 323,812,bus,Barangay 728
bus 323,812,bus,Barangay 725
bus 323,812,bus,Barangay 714
bus 323,812,bus,Barangay 724
bus 323,812,bus,Barangay 723
bus 323,812,bus,Barangay 692
bus 323,812,bus,Barangay 722
bus 323,812,bus,Barangay 691
bus 323,812,bus,Barangay 693
bus 323,812,bus,Barangay 689
bus 323,812,bus,Barangay 690
bus 323,812,bus,Barangay 695
bus 323,812,bus,Parañaque
bus 323,812,bus,Pasay
bus 323,812,bus,Barangay 479
bus 323,812,bus,Barangay 478
bus 323,812,bus,Barangay 476
bus 323,812,bus,Barangay 481
bus 323,812,bus,Barangay 475
bus 323,812,bus,Barangay 480
bus 323,812,bus,Barangay 477
bus 323,812,bus,Barangay 472
bus 323,812,bus,Barangay 504
bus 323,812,bus,Barangay 519
bus 323,812,bus,Barangay 513
bus 323,812,bus,Barangay 520
bus 323,812,bus,Barangay 505
bus 323,812,bus,Barangay 474
bus 323,812,bus,Barangay 488
bus 323,812,bus,Barangay 507
bus 323,812,bus,Barangay 487
bus 323,812,bus,Barangay 486
bus 323,812,bus,Barangay 506
bus 323,812,bus,Barangay 509
bus 323,812,bus,Barangay 485
bus 323,812,bus,Barangay 508
bus 323,812,bus,Barangay 512
bus 323,812,bus,Barangay 515
bus 323,812,bus,Barangay 516
bus 323,812,bus,Barangay 511
bus 323,812,bus,Barangay 514
bus 323,812,bus,Barangay 510
bus 323,812,bus,Barangay 518
bus 323,812,bus,Quezon City
bus 323,812,bus,Barangay 666
bus 323,812,bus,Barangay 657
bus 323,812,bus,Barangay 658
bus 323,812,bus,Barangay 654
bus 323,812,bus,Barangay 291
bus 323,812,bus,Barangay 287
bus 323,812,bus,Barangay 719
bus 323,812,bus,Barangay 720
bus 323,812,bus,Barangay 715
bus 323,812,bus,Barangay 711
bus 323,812,bus,Barangay 710
bus 323,812,bus,Barangay 707
bus 323,812,bus,Barangay 706
bus 323,812,bus,Barangay 702
bus 323,812,bus,Barangay 703
bus 323,812,bus,Barangay 697
bus 323,812,bus,Barangay 696
bus 323,812,bus,Barangay 694
bus 323,812,bus,Barangay 669
bus 323,812,bus,Barangay 675
bus 323,812,bus,Barangay 676
bus 323,812,bus,Barangay 670
bus 323,812,bus,Barangay 660
bus 323,812,bus,Barangay 659
bus 323,812,bus,Barangay 659-A
bus 323,812,bus,Barangay 384
bus 323,812,bus,Barangay 306
bus 323,812,bus,Barangay 303
bus 323,812,bus,Barangay 674
bus 323,812,bus,Barangay 660-A
bus 323,812,bus,Barangay 664
bus 323,812,bus,Barangay 647
bus 323,812,bus,Barangay 385
bus 323,812,bus,Barangay 387
bus 323,812,bus,Barangay 383
bus 323,812,bus,Barangay 388
bus 323,812,bus,Barangay 393
bus 323,812,bus,Barangay 394
bus 323,812,bus,Barangay 391
bus 323,812,bus,Barangay 392
bus 323,812,bus,Barangay 307
bus 323,812,bus,Barangay 308
bus 323,812,bus,Barangay 309
bus 323,812,bus,Barangay 310
bus 323,812,bus,Barangay 395
bus 323,812,bus,Barangay 396
bus 323,812,bus,Barangay 464
bus 323,812,bus,Barangay 462
bus 323,812,bus,Barangay 468
bus 323,812,bus,Barangay 311
bus 323,812,bus,Barangay 469
bus 323,812,bus,Barangay 656
bus 323,812,bus,Barangay 312
bus 323,812,bus,Barangay 316
bus 323,812,bus,Barangay 322
bus 323,812,bus,Barangay 463
bus 323,812,bus,Barangay 467
bus 323,812,bus,Barangay 465
bus 323,812,bus,Barangay 315
bus 323,812,bus,Barangay 466
bus 323,812,bus,Barangay 319
bus 323,812,bus,Barangay 318
bus 323,812,bus,Barangay 470
bus 323,812,bus,Barangay 471
bus 323,812,bus,Barangay 317
bus 323,812,bus,Barangay 320
bus 323,812,bus,Barangay 323
bus 323,812,bus,Barangay 340
bus 323,812,bus,Barangay 342
bus 323,812,bus,Barangay 490
bus 323,812,bus,Barangay 489
bus 323,812,bus,Barangay 343
bus 323,812,bus,Barangay 491
bus 323,813,bus,Barangay 718
bus 323,813,bus,Barangay 717
bus 323,813,bus,Barangay 727
bus 323,813,bus,Barangay 716
bus 323,813,bus,Barangay 713
bus 323,813,bus,Barangay 708
bus 323,813,bus,Barangay 726
bus 323,813,bus,Barangay 712
bus 323,813,bus,Barangay 709
bus 323,813,bus,Barangay 729
bus 323,813,bus,Barangay 730
bus 323,813,bus,Barangay 728
bus 323,813,bus,Barangay 733
bus 323,813,bus,Barangay 725
bus 323,813,bus,Barangay 714
bus 323,813,bus,Barangay 724
bus 323,813,bus,Barangay 723
bus 323,813,bus,Barangay 692
bus 323,813,bus,Barangay 722
bus 323,813,bus,Barangay 691
bus 323,813,bus,Barangay 693
bus 323,813,bus,Barangay 689
bus 323,813,bus,Barangay 690
bus 323,813,bus,Barangay 695
bus 323,813,bus,Makati
bus 323,813,bus,Parañaque
bus 323,813,bus,Pasay
bus 323,813,bus,Barangay 481
bus 323,813,bus,Barangay 480
bus 323,813,bus,Barangay 477
bus 323,813,bus,Barangay 520
bus 323,813,bus,Barangay 474
bus 323,813,bus,Barangay 488
bus 323,813,bus,Barangay 507
bus 323,813,bus,Barangay 487
bus 323,813,bus,Barangay 486
bus 323,813,bus,Barangay 506
bus 323,813,bus,Barangay 509
bus 323,813,bus,Barangay 485
bus 323,813,bus,Barangay 508
bus 323,813,bus,Barangay 515
bus 323,813,bus,Barangay 516
bus 323,813,bus,Barangay 511
bus 323,813,bus,Barangay 514
bus 323,813,bus,Barangay 510
bus 323,813,bus,Barangay 499
bus 323,813,bus,Barangay 518
bus 323,813,bus,Barangay 501
bus 323,813,bus,Barangay 498
bus 323,813,bus,Barangay 496
bus 323,813,bus,Quezon City
bus 323,813,bus,Barangay 666
bus 323,813,bus,Barangay 657
bus 323,813,bus,Barangay 658
bus 323,813,bus,Barangay 654
bus 323,813,bus,Barangay 291
bus 323,813,bus,Barangay 719
bus 323,813,bus,Barangay 720
bus 323,813,bus,Barangay 715
bus 323,813,bus,Barangay 711
bus 323,813,bus,Barangay 710
bus 323,813,bus,Barangay 707
bus 323,813,bus,Barangay 706
bus 323,813,bus,Barangay 702
bus 323,813,bus,Barangay 703
bus 323,813,bus,Barangay 697
bus 323,813,bus,Barangay 696
bus 323,813,bus,Barangay 694
bus 323,813,bus,Barangay 669
bus 323,813,bus,Barangay 675
bus 323,813,bus,Barangay 676
bus 323,813,bus,Barangay 670
bus 323,813,bus,Barangay 660
bus 323,813,bus,Barangay 659
bus 323,813,bus,Barangay 659-A
bus 323,813,bus,Barangay 384
bus 323,813,bus,Barangay 306
bus 323,813,bus,Barangay 303
bus 323,813,bus,Barangay 674
bus 323,813,bus,Barangay 660-A
bus 323,813,bus,Barangay 664
bus 323,813,bus,Barangay 661
bus 323,813,bus,Barangay 647
bus 323,813,bus,Barangay 385
bus 323,813,bus,Barangay 387
bus 323,813,bus,Barangay 383
bus 323,813,bus,Barangay 388
bus 323,813,bus,Barangay 393
bus 323,813,bus,Barangay 394
bus 323,813,bus,Barangay 391
bus 323,813,bus,Barangay 392
bus 323,813,bus,Barangay 307
bus 323,813,bus,Barangay 308
bus 323,813,bus,Barangay 309
bus 323,813,bus,Barangay 310
bus 323,813,bus,Barangay 395
bus 323,813,bus,Barangay 396
bus 323,813,bus,Barangay 464
bus 323,813,bus,Barangay 462
bus 323,813,bus,Barangay 468
bus 323,813,bus,Barangay 311
bus 323,813,bus,Barangay 469
bus 323,813,bus,Barangay 656
bus 323,813,bus,Barangay 312
bus 323,813,bus,Barangay 322
bus 323,813,bus,Barangay 463
bus 323,813,bus,Barangay 467
bus 323,813,bus,Barangay 465
bus 323,813,bus,Barangay 315
bus 323,813,bus,Barangay 466
bus 323,813,bus,Barangay 319
bus 323,813,bus,Barangay 318
bus 323,813,bus,Barangay 470
bus 323,813,bus,Barangay 471
bus 323,813,bus,Barangay 317
bus 323,813,bus,Barangay 320
bus 323,813,bus,Barangay 324
bus 323,813,bus,Barangay 323
bus 323,813,bus,Barangay 340
bus 323,813,bus,Barangay 342
bus 323,813,bus,Barangay 490
bus 323,813,bus,Barangay 489
bus 323,813,bus,Barangay 338
bus 323,813,bus,Barangay 343
bus 323,813,bus,Barangay 491
bus 323,813,bus,Barangay 341
bus 323,813,bus,Barangay 352
bus 323,813,bus,Barangay 339
bus 323,813,bus,Barangay 482
bus 323,813,bus,Barangay 483
bus 324,814,bus,Parañaque
bus 324,814,bus,Pasay
bus 324,814,bus,Barangay 479
bus 324,814,bus,Barangay 478
bus 324,814,bus,Barangay 476
bus 324,814,bus,Barangay 481
bus 324,814,bus,Barangay 475
bus 324,814,bus,Barangay 480
bus 324,814,bus,Barangay 477
bus 324,814,bus,Barangay 472
bus 324,814,bus,Barangay 504
bus 324,814,bus,Barangay 519
bus 324,814,bus,Barangay 513
bus 324,814,bus,Barangay 520
bus 324,814,bus,Barangay 505
bus 324,814,bus,Barangay 474
bus 324,814,bus,Barangay 488
bus 324,814,bus,Barangay 507
bus 324,814,bus,Barangay 487
bus 324,814,bus,Barangay 486
bus 324,814,bus,Barangay 506
bus 324,814,bus,Barangay 509
bus 324,814,bus,Barangay 485
bus 324,814,bus,Barangay 508
bus 324,814,bus,Barangay 512
bus 324,814,bus,Barangay 515
bus 324,814,bus,Barangay 516
bus 324,814,bus,Barangay 511
bus 324,814,bus,Barangay 514
bus 324,814,bus,Barangay 510
bus 324,814,bus,Barangay 518
bus 324,814,bus,Quezon City
bus 324,814,bus,Barangay 667
bus 324,814,bus,Barangay 666
bus 324,814,bus,Barangay 657
bus 324,814,bus,Barangay 658
bus 324,814,bus,Barangay 654
bus 324,814,bus,Barangay 291
bus 324,814,bus,Barangay 287
bus 324,814,bus,Barangay 719
bus 324,814,bus,Barangay 720
bus 324,814,bus,Barangay 721
bus 324,814,bus,Barangay 701
bus 324,814,bus,Barangay 704
bus 324,814,bus,Barangay 702
bus 324,814,bus,Barangay 698
bus 324,814,bus,Barangay 669
bus 324,814,bus,Barangay 700
bus 324,814,bus,Barangay 699
bus 324,814,bus,Barangay 668
bus 324,814,bus,Barangay 670
bus 324,814,bus,Barangay 660
bus 324,814,bus,Barangay 659
bus 324,814,bus,Barangay 659-A
bus 324,814,bus,Barangay 384
bus 324,814,bus,Barangay 306
bus 324,814,bus,Barangay 303
bus 324,814,bus,Barangay 660-A
bus 324,814,bus,Barangay 647
bus 324,814,bus,Barangay 385
bus 324,814,bus,Barangay 387
bus 324,814,bus,Barangay 383
bus 324,814,bus,Barangay 388
bus 324,814,bus,Barangay 393
bus 324,814,bus,Barangay 394
bus 324,814,bus,Barangay 391
bus 324,814,bus,Barangay 392
bus 324,814,bus,Barangay 307
bus 324,814,bus,Barangay 308
bus 324,814,bus,Barangay 309
bus 324,814,bus,Barangay 310
bus 324,814,bus,Barangay 395
bus 324,814,bus,Barangay 396
bus 324,814,bus,Barangay 464
bus 324,814,bus,Barangay 462
bus 324,814,bus,Barangay 468
bus 324,814,bus,Barangay 311
bus 324,814,bus,Barangay 469
bus 324,814,bus,Barangay 656
bus 324,814,bus,Barangay 312
bus 324,814,bus,Barangay 316
bus 324,814,bus,Barangay 322
bus 324,814,bus,Barangay 463
bus 324,814,bus,Barangay 467
bus 324,814,bus,Barangay 465
bus 324,814,bus,Barangay 315
bus 324,814,bus,Barangay 466
bus 324,814,bus,Barangay 319
bus 324,814,bus,Barangay 318
bus 324,814,bus,Barangay 470
bus 324,814,bus,Barangay 471
bus 324,814,bus,Barangay 317
bus 324,814,bus,Barangay 320
bus 324,814,bus,Barangay 323
bus 324,814,bus,Barangay 340
bus 324,814,bus,Barangay 342
bus 324,814,bus,Barangay 490
bus 324,814,bus,Barangay 489
bus 324,814,bus,Barangay 343
bus 324,814,bus,Barangay 491
bus 324,815,bus,Parañaque
bus 324,815,bus,Pasay
bus 324,815,bus,Barangay 481
bus 324,815,bus,Barangay 480
bus 324,815,bus,Barangay 477
bus 324,815,bus,Barangay 520
bus 324,815,bus,Barangay 474
bus 324,815,bus,Barangay 488
bus 324,815,bus,Barangay 507
bus 324,815,bus,Barangay 487
bus 324,815,bus,Barangay 486
bus 324,815,bus,Barangay 506
bus 324,815,bus,Barangay 509
bus 324,815,bus,Barangay 485
bus 324,815,bus,Barangay 508
bus 324,815,bus,Barangay 515
bus 324,815,bus,Barangay 516
bus 324,815,bus,Barangay 511
bus 324,815,bus,Barangay 514
bus 324,815,bus,Barangay 510
bus 324,815,bus,Barangay 499
bus 324,815,bus,Barangay 518
bus 324,815,bus,Barangay 501
bus 324,815,bus,Barangay 498
bus 324,815,bus,Barangay 496
bus 324,815,bus,Quezon City
bus 324,815,bus,Barangay 667
bus 324,815,bus,Barangay 666
bus 324,815,bus,Barangay 657
bus 324,815,bus,Barangay 658
bus 324,815,bus,Barangay 654
bus 324,815,bus,Barangay 291
bus 324,815,bus,Barangay 287
bus 324,815,bus,Barangay 719
bus 324,815,bus,Barangay 720
bus 324,815,bus,Barangay 721
bus 324,815,bus,Barangay 701
bus 324,815,bus,Barangay 704
bus 324,815,bus,Barangay 705
bus 324,815,bus,Barangay 702
bus 324,815,bus,Barangay 698
bus 324,815,bus,Barangay 697
bus 324,815,bus,Barangay 669
bus 324,815,bus,Barangay 700
bus 324,815,bus,Barangay 699
bus 324,815,bus,Barangay 668
bus 324,815,bus,Barangay 670
bus 324,815,bus,Barangay 660
bus 324,815,bus,Barangay 659
bus 324,815,bus,Barangay 659-A
bus 324,815,bus,Barangay 384
bus 324,815,bus,Barangay 306
bus 324,815,bus,Barangay 303
bus 324,815,bus,Barangay 660-A
bus 324,815,bus,Barangay 647
bus 324,815,bus,Barangay 385
bus 324,815,bus,Barangay 387
bus 324,815,bus,Barangay 383
bus 324,815,bus,Barangay 388
bus 324,815,bus,Barangay 393
bus 324,815,bus,Barangay 394
bus 324,815,bus,Barangay 391
bus 324,815,bus,Barangay 392
bus 324,815,bus,Barangay 307
bus 324,815,bus,Barangay 308
bus 324,815,bus,Barangay 309
bus 324,815,bus,Barangay 310
bus 324,815,bus,Barangay 395
bus 324,815,bus,Barangay 396
bus 324,815,bus,Barangay 464
bus 324,815,bus,Barangay 462
bus 324,815,bus,Barangay 468
bus 324,815,bus,Barangay 311
bus 324,815,bus,Barangay 469
bus 324,815,bus,Barangay 656
bus 324,815,bus,Barangay 312
bus 324,815,bus,Barangay 322
bus 324,815,bus,Barangay 463
bus 324,815,bus,Barangay 467
bus 324,815,bus,Barangay 465
bus 324,815,bus,Barangay 315
bus 324,815,bus,Barangay 466
bus 324,815,bus,Barangay 319
bus 324,815,bus,Barangay 318
bus 324,815,bus,Barangay 470
bus 324,815,bus,Barangay 471
bus 324,815,bus,Barangay 317
bus 324,815,bus,Barangay 320
bus 324,815,bus,Barangay 324
bus 324,815,bus,Barangay 323
bus 324,815,bus,Barangay 340
bus 324,815,bus,Barangay 342
bus 324,815,bus,Barangay 490
bus 324,815,bus,Barangay 489
bus 324,815,bus,Barangay 338
bus 324,815,bus,Barangay 343
bus 324,815,bus,Barangay 491
bus 324,815,bus,Barangay 341
bus 324,815,bus,Barangay 352
bus 324,815,bus,Barangay 339
bus 324,815,bus,Barangay 482
bus 324,815,bus,Barangay 483
bus 318,816,bus,Barangay 718
bus 318,816,bus,Barangay 717
bus 318,816,bus,Barangay 727
bus 318,816,bus,Barangay 716
bus 318,816,bus,Barangay 713
bus 318,816,bus,Barangay 708
bus 318,816,bus,Barangay 726
bus 318,816,bus,Barangay 712
bus 318,816,bus,Barangay 709
bus 318,816,bus,Barangay 729
bus 318,816,bus,Barangay 730
bus 318,816,bus,Barangay 728
bus 318,816,bus,Barangay 725
bus 318,816,bus,Barangay 714
bus 318,816,bus,Barangay 724
bus 318,816,bus,Barangay 723
bus 318,816,bus,Barangay 692
bus 318,816,bus,Barangay 722
bus 318,816,bus,Barangay 691
bus 318,816,bus,Barangay 693
bus 318,816,bus,Barangay 689
bus 318,816,bus,Barangay 690
bus 318,816,bus,Barangay 695
bus 318,816,bus,Parañaque
bus 318,816,bus,Pasay
bus 318,816,bus,Barangay 481
bus 318,816,bus,Barangay 480
bus 318,816,bus,Barangay 477
bus 318,816,bus,Barangay 488
bus 318,816,bus,Barangay 487
bus 318,816,bus,Barangay 486
bus 318,816,bus,Barangay 485
bus 318,816,bus,Barangay 511
bus 318,816,bus,Barangay 499
bus 318,816,bus,Barangay 501
bus 318,816,bus,Barangay 500
bus 318,816,bus,Barangay 494
bus 318,816,bus,Barangay 495
bus 318,816,bus,Barangay 492
bus 318,816,bus,Quezon City
bus 318,816,bus,Barangay 666
bus 318,816,bus,Barangay 657
bus 318,816,bus,Barangay 658
bus 318,816,bus,Barangay 654
bus 318,816,bus,Barangay 291
bus 318,816,bus,Barangay 287
bus 318,816,bus,Barangay 719
bus 318,816,bus,Barangay 720
bus 318,816,bus,Barangay 715
bus 318,816,bus,Barangay 711
bus 318,816,bus,Barangay 710
bus 318,816,bus,Barangay 707
bus 318,816,bus,Barangay 706
bus 318,816,bus,Barangay 702
bus 318,816,bus,Barangay 703
bus 318,816,bus,Barangay 697
bus 318,816,bus,Barangay 696
bus 318,816,bus,Barangay 694
bus 318,816,bus,Barangay 669
bus 318,816,bus,Barangay 675
bus 318,816,bus,Barangay 676
bus 318,816,bus,Barangay 670
bus 318,816,bus,Barangay 660
bus 318,816,bus,Barangay 659
bus 318,816,bus,Barangay 659-A
bus 318,816,bus,Barangay 384
bus 318,816,bus,Barangay 306
bus 318,816,bus,Barangay 303
bus 318,816,bus,Barangay 674
bus 318,816,bus,Barangay 660-A
bus 318,816,bus,Barangay 664
bus 318,816,bus,Barangay 647
bus 318,816,bus,Barangay 385
bus 318,816,bus,Barangay 387
bus 318,816,bus,Barangay 383
bus 318,816,bus,Barangay 388
bus 318,816,bus,Barangay 393
bus 318,816,bus,Barangay 394
bus 318,816,bus,Barangay 391
bus 318,816,bus,Barangay 392
bus 318,816,bus,Barangay 307
bus 318,816,bus,Barangay 308
bus 318,816,bus,Barangay 309
bus 318,816,bus,Barangay 310
bus 318,816,bus,Barangay 395
bus 318,816,bus,Barangay 396
bus 318,816,bus,Barangay 464
bus 318,816,bus,Barangay 462
bus 318,816,bus,Barangay 468
bus 318,816,bus,Barangay 311
bus 318,816,bus,Barangay 469
bus 318,816,bus,Barangay 656
bus 318,816,bus,Barangay 312
bus 318,816,bus,Barangay 316
bus 318,816,bus,Barangay 322
bus 318,816,bus,Barangay 463
bus 318,816,bus,Barangay 467
bus 318,816,bus,Barangay 465
bus 318,816,bus,Barangay 315
bus 318,816,bus,Barangay 466
bus 318,816,bus,Barangay 319
bus 318,816,bus,Barangay 318
bus 318,816,bus,Barangay 470
bus 318,816,bus,Barangay 471
bus 318,816,bus,Barangay 317
bus 318,816,bus,Barangay 320
bus 318,816,bus,Barangay 324
bus 318,816,bus,Barangay 323
bus 318,816,bus,Barangay 340
bus 318,816,bus,Barangay 342
bus 318,816,bus,Barangay 490
bus 318,816,bus,Barangay 489
bus 318,816,bus,Barangay 338
bus 318,816,bus,Barangay 343
bus 318,816,bus,Barangay 491
bus 318,816,bus,Barangay 341
bus 318,816,bus,Barangay 352
bus 318,816,bus,Barangay 339
bus 318,816,bus,Barangay 482
bus 318,816,bus,Barangay 483
bus 318,816,bus,Barangay 484
bus 318,816,bus,Barangay 350
bus 318,816,bus,Barangay 351
bus 318,816,bus,Barangay 368
bus 318,816,bus,Barangay 497
bus 318,816,bus,Barangay 349
bus 318,816,bus,Barangay 369
bus 318,816,bus,Barangay 371
bus 318,816,bus,Barangay 363
bus 318,816,bus,Barangay 364
bus 318,816,bus,Barangay 370
bus 318,816,bus,Barangay 367
bus 318,816,bus,Barangay 493
bus 318,816,bus,Barangay 379
bus 318,816,bus,Barangay 380
bus 318,816,bus,Barangay 376
bus 318,816,bus,Barangay 372
bus 318,816,bus,Manila North Cemetery
bus 3221,817,bus,Barangay 481
bus 3221,817,bus,Barangay 480
bus 3221,817,bus,Barangay 477
bus 3221,817,bus,Barangay 488
bus 3221,817,bus,Barangay 487
bus 3221,817,bus,Barangay 486
bus 3221,817,bus,Barangay 485
bus 3221,817,bus,Barangay 511
bus 3221,817,bus,Barangay 499
bus 3221,817,bus,Barangay 501
bus 3221,817,bus,Barangay 500
bus 3221,817,bus,Barangay 494
bus 3221,817,bus,Barangay 495
bus 3221,817,bus,Barangay 492
bus 3221,817,bus,Quezon City
bus 3221,817,bus,Barangay 306
bus 3221,817,bus,Barangay 383
bus 3221,817,bus,Barangay 393
bus 3221,817,bus,Barangay 394
bus 3221,817,bus,Barangay 391
bus 3221,817,bus,Barangay 392
bus 3221,817,bus,Barangay 307
bus 3221,817,bus,Barangay 308
bus 3221,817,bus,Barangay 309
bus 3221,817,bus,Barangay 310
bus 3221,817,bus,Barangay 395
bus 3221,817,bus,Barangay 396
bus 3221,817,bus,Barangay 464
bus 3221,817,bus,Barangay 462
bus 3221,817,bus,Barangay 468
bus 3221,817,bus,Barangay 311
bus 3221,817,bus,Barangay 469
bus 3221,817,bus,Barangay 312
bus 3221,817,bus,Barangay 316
bus 3221,817,bus,Barangay 322
bus 3221,817,bus,Barangay 463
bus 3221,817,bus,Barangay 467
bus 3221,817,bus,Barangay 465
bus 3221,817,bus,Barangay 315
bus 3221,817,bus,Barangay 466
bus 3221,817,bus,Barangay 319
bus 3221,817,bus,Barangay 318
bus 3221,817,bus,Barangay 470
bus 3221,817,bus,Barangay 471
bus 3221,817,bus,Barangay 317
bus 3221,817,bus,Barangay 320
bus 3221,817,bus,Barangay 324
bus 3221,817,bus,Barangay 323
bus 3221,817,bus,Barangay 340
bus 3221,817,bus,Barangay 342
bus 3221,817,bus,Barangay 490
bus 3221,817,bus,Barangay 489
bus 3221,817,bus,Barangay 338
bus 3221,817,bus,Barangay 343
bus 3221,817,bus,Barangay 491
bus 3221,817,bus,Barangay 341
bus 3221,817,bus,Barangay 352
bus 3221,817,bus,Barangay 339
bus 3221,817,bus,Barangay 482
bus 3221,817,bus,Barangay 483
bus 3221,817,bus,Barangay 484
bus 3221,817,bus,Barangay 350
bus 3221,817,bus,Barangay 351
bus 3221,817,bus,Barangay 368
bus 3221,817,bus,Barangay 497
bus 3221,817,bus,Barangay 349
bus 3221,817,bus,Barangay 369
bus 3221,817,bus,Barangay 371
bus 3221,817,bus,Barangay 365
bus 3221,817,bus,Barangay 363
bus 3221,817,bus,Barangay 381
bus 3221,817,bus,Barangay 364
bus 3221,817,bus,Barangay 370
bus 3221,817,bus,Barangay 367
bus 3221,817,bus,Barangay 493
bus 3221,817,bus,Barangay 379
bus 3221,817,bus,Barangay 380
bus 3221,817,bus,Barangay 376
bus 3221,817,bus,Barangay 377
bus 3221,817,bus,Barangay 372
bus 3221,817,bus,Manila North Cemetery
bus 3221,818,bus,Barangay 481
bus 3221,818,bus,Barangay 480
bus 3221,818,bus,Barangay 477
bus 3221,818,bus,Barangay 488
bus 3221,818,bus,Barangay 487
bus 3221,818,bus,Barangay 486
bus 3221,818,bus,Barangay 485
bus 3221,818,bus,Barangay 511
bus 3221,818,bus,Barangay 499
bus 3221,818,bus,Barangay 501
bus 3221,818,bus,Barangay 500
bus 3221,818,bus,Barangay 494
bus 3221,818,bus,Barangay 495
bus 3221,818,bus,Barangay 492
bus 3221,818,bus,Quezon City
bus 3221,818,bus,Barangay 306
bus 3221,818,bus,Barangay 383
bus 3221,818,bus,Barangay 393
bus 3221,818,bus,Barangay 394
bus 3221,818,bus,Barangay 391
bus 3221,818,bus,Barangay 392
bus 3221,818,bus,Barangay 307
bus 3221,818,bus,Barangay 308
bus 3221,818,bus,Barangay 309
bus 3221,818,bus,Barangay 310
bus 3221,818,bus,Barangay 395
bus 3221,818,bus,Barangay 396
bus 3221,818,bus,Barangay 464
bus 3221,818,bus,Barangay 462
bus 3221,818,bus,Barangay 468
bus 3221,818,bus,Barangay 311
bus 3221,818,bus,Barangay 469
bus 3221,818,bus,Barangay 312
bus 3221,818,bus,Barangay 322
bus 3221,818,bus,Barangay 463
bus 3221,818,bus,Barangay 467
bus 3221,818,bus,Barangay 465
bus 3221,818,bus,Barangay 315
bus 3221,818,bus,Barangay 466
bus 3221,818,bus,Barangay 319
bus 3221,818,bus,Barangay 318
bus 3221,818,bus,Barangay 470
bus 3221,818,bus,Barangay 471
bus 3221,818,bus,Barangay 317
bus 3221,818,bus,Barangay 320
bus 3221,818,bus,Barangay 324
bus 3221,818,bus,Barangay 323
bus 3221,818,bus,Barangay 340
bus 3221,818,bus,Barangay 342
bus 3221,818,bus,Barangay 490
bus 3221,818,bus,Barangay 489
bus 3221,818,bus,Barangay 338
bus 3221,818,bus,Barangay 343
bus 3221,818,bus,Barangay 491
bus 3221,818,bus,Barangay 341
bus 3221,818,bus,Barangay 352
bus 3221,818,bus,Barangay 339
bus 3221,818,bus,Barangay 482
bus 3221,818,bus,Barangay 483
bus 3221,818,bus,Barangay 484
bus 3221,818,bus,Barangay 350
bus 3221,818,bus,Barangay 351
bus 3221,818,bus,Barangay 368
bus 3221,818,bus,Barangay 497
bus 3221,818,bus,Barangay 349
bus 3221,818,bus,Barangay 369
bus 3221,818,bus,Barangay 371
bus 3221,818,bus,Barangay 364
bus 3221,818,bus,Barangay 370
bus 3221,818,bus,Barangay 367
bus 3221,818,bus,Barangay 493
bus 3221,818,bus,Barangay 379
bus 3221,818,bus,Barangay 376
bus 3221,818,bus,Barangay 372
