zone,kind,district,psgc,pop2024,pt_x,pt_y,n_school,n_health,n_gov,n_mall,n_market,n_transport,n_worship,n_leisure,n_food,n_shop,n_work,P,A,growth,snap_node,snap_m,routes,arrivals,row
Barangay 1,barangay,Tondo I/II,1303901001,3119.0,280986.56757170695,1615549.3800210066,0.0,0.0,2.0,0.0,0.0,0.0,0.0,0.0,2.0,1.0,0.0,5465.451771,781.8924821425143,1.1185783996707626,161609654,40.507406538640026,8,833.3183518504878,0
Barangay 2,barangay,Tondo I/II,1303901002,1666.0,281052.1914095932,1615629.2064035186,0.0,0.0,1.0,1.0,1.0,0.0,0.0,0.0,0.0,2.0,0.0,2919.346794,1704.6402154139707,1.1185783996707626,1732972306,10.732289950073406,9,1876.7261582921228,1
Barangay 3,barangay,Tondo I/II,1303901003,1232.0,281126.14405659446,1615702.931023975,0.0,1.0,0.0,0.0,1.0,0.0,0.0,0.0,2.0,9.0,2.0,2158.844688,2629.568820049833,1.1185783996707626,159496447,51.11084129710033,9,2866.475654226964,2
Barangay 4,barangay,Tondo I/II,1303901004,1717.0,280988.3521623302,1615877.3064368307,1.0,1.0,3.0,0.0,2.0,0.0,1.0,0.0,4.0,2.0,2.0,3008.7145530000003,6332.047127722266,1.1185783996707626,243982905,7.975874415900152,9,7322.344243891208,3
Barangay 5,barangay,Tondo I/II,1303901005,1321.0,280938.1792042438,1615967.055364216,0.0,2.0,1.0,0.0,0.0,0.0,0.0,1.0,1.0,1.0,0.0,2314.8001889999996,857.2452615265528,1.1185783996707626,8504697910,53.8687715324207,5,911.3481731284348,4
Barangay 6,barangay,Tondo I/II,1303901006,506.0,281092.6011627619,1616078.3872482935,2.0,1.0,0.0,0.0,0.0,0.0,1.0,1.0,2.0,1.0,3.0,886.668354,6624.158074347061,1.1185783996707626,8314586834,31.911750526286035,5,7225.654200874891,5
Barangay 7,barangay,Tondo I/II,1303901007,1566.0,281223.21356895915,1615769.6521801206,0.0,0.0,0.0,0.0,0.0,0.0,0.0,1.0,2.0,8.0,5.0,2744.115894,4964.529962967424,1.1185783996707626,244117936,44.26438939576294,9,5275.935656797337,6
Barangay 8,barangay,Tondo I/II,1303901008,301.0,281343.6743480909,1616028.448485679,0.0,0.0,0.0,0.0,0.0,0.0,0.0,0.0,0.0,0.0,0.0,527.445009,170.43932090184643,1.1185783996707626,8313967273,89.75531511266202,12,192.13456051211207,7
Barangay 9,barangay,Tondo I/II,1303901009,453.0,281323.9543985431,1615856.237325055,0.0,0.0,0.0,0.0,0.0,0.0,0.0,0.0,0.0,1.0,0.0,793.795977,175.85492832591575,1.1185783996707626,3121888567,58.55902622214592,9,189.22688561354644,8
Barangay 10,barangay,Tondo I/II,1303901010,161.0,281366.1762799314,1615747.8148400653,0.0,1.0,0.0,0.0,1.0,0.0,0.0,0.0,0.0,0.0,0.0,282.121749,653.0275201175583,1.1185783996707626,56125473,44.898274175036406,10,683.1343294561611,9
Barangay 11,barangay,Tondo I/II,1303901011,2790.0,280852.53630455147,1615262.6878300644,0.0,0.0,0.0,0.0,0.0,0.0,0.0,0.0,0.0,0.0,0.0,4888.94211,181.39394424234217,1.1185783996707626,11152091615,57.93853808511512,15,180.0333697786663,10
Barangay 12,barangay,Tondo I/II,1303901012,1723.0,280801.305940264,1615150.1159787811,0.0,4.0,0.0,0.0,0.0,0.0,1.0,0.0,0.0,1.0,0.0,3019.228407,1097.8444161397963,1.1185783996707626,9893110376,57.23401165538621,15,1177.3525936519877,11
Barangay 13,barangay,Tondo I/II,1303901013,2435.0,280888.1796897103,1615397.6824071642,0.0,0.0,0.0,0.0,0.0,0.0,0.0,0.0,0.0,0.0,0.0,4266.872415000001,135.15501484037878,1.1185783996707626,1732972142,54.78875355361929,5,127.09216044505759,12
Barangay 14,barangay,Tondo I/II,1303901014,2479.0,280976.6310015783,1615342.8694262973,0.0,0.0,0.0,0.0,0.0,0.0,0.0,0.0,0.0,0.0,0.0,4343.974011,181.39394424234217,1.1185783996707626,5800062363,54.96977544977004,15,197.30334618724555,13
Barangay 15,barangay,Tondo I/II,1303901015,1104.0,280771.8736056827,1615391.2757990747,0.0,0.0,0.0,0.0,0.0,0.0,0.0,0.0,0.0,0.0,0.0,1934.549136,177.91565636240438,1.1185783996707626,244117677,40.07642805837826,14,192.87314061339407,14
Barangay 16,barangay,Tondo I/II,1303901016,1371.0,280798.9152870049,1615310.319332289,0.0,0.0,0.0,0.0,0.0,0.0,0.0,0.0,0.0,0.0,0.0,2402.415639,181.39394424234217,1.1185783996707626,660582894,61.4285084841695,15,174.7182754173245,15
Barangay 17,barangay,Tondo I/II,1303901017,973.0,280642.35104432213,1615249.4484309019,0.0,0.0,0.0,0.0,0.0,0.0,0.0,0.0,0.0,0.0,0.0,1704.9966570000001,166.39534145628159,1.1185783996707626,4398873290,32.62705608122024,11,167.92453170569277,16
Barangay 18,barangay,Tondo I/II,1303901018,2006.0,280649.7133131098,1615131.2331409014,0.0,1.0,1.0,0.0,0.0,0.0,0.0,0.0,0.0,1.0,1.0,3515.131854,497.6878307547014,1.1185783996707626,12925864490,67.40806124727834,11,527.3261399161213,17
Barangay 19,barangay,Tondo I/II,1303901019,2260.0,280634.55876965495,1615333.252396484,0.0,0.0,0.0,0.0,0.0,0.0,0.0,0.0,0.0,0.0,0.0,3960.2183400000004,166.39534145628159,1.1185783996707626,1733946143,48.74656836111116,11,172.05182277992728,18
Barangay 20,barangay,Tondo I/II,1303901020,43691.0,279225.08531427884,1615786.5146118323,3.0,1.0,3.0,0.0,1.0,0.0,1.0,2.0,2.0,2.0,5.0,76560.132519,17012.28175925152,1.1185783996707626,8317868300,207.5740195834884,11,10481.60451096977,19
Barangay 25,barangay,Tondo I/II,1303901025,3000.0,280835.22580864537,1615513.799222405,0.0,0.0,0.0,0.0,0.0,0.0,0.0,0.0,0.0,1.0,0.0,5256.927,154.54873847841574,1.1185783996707626,1732972256,16.62396750745834,6,161.76740959631806,20
Barangay 26,barangay,Tondo I/II,1303901026,2340.0,280793.2941118854,1615667.0767309656,0.0,0.0,0.0,0.0,0.0,0.0,0.0,0.0,0.0,0.0,0.0,4100.40306,141.5520624213847,1.1185783996707626,13329360796,5.229626510238435,6,145.91985243701163,21
Barangay 28,barangay,Tondo I/II,1303901028,2515.0,280583.70416108647,1615502.866216899,0.0,2.0,0.0,0.0,0.0,0.0,0.0,0.0,0.0,1.0,0.0,4407.057135,325.2582745104569,1.1185783996707626,1733946173,4.074131099370188,11,341.62482176262625,22
Barangay 29,barangay,Tondo I/II,1303901029,4422.0,280403.2651143619,1615438.4657993289,0.0,0.0,0.0,0.0,0.0,1.0,0.0,0.0,0.0,2.0,0.0,7748.710398,811.1656157953046,1.1185783996707626,660583106,19.32454765851149,11,884.2282837891609,23
Barangay 30,barangay,Tondo I/II,1303901030,170.0,280360.2882082051,1615499.487752237,0.0,0.0,0.0,0.0,0.0,0.0,0.0,0.0,0.0,0.0,0.0,297.89252999999997,166.39534145628159,1.1185783996707626,660583028,57.73404323144871,11,176.8587975546229,24
Barangay 31,barangay,Tondo I/II,1303901031,3101.0,280672.2713448436,1615596.2559225005,0.0,1.0,0.0,0.0,0.0,0.0,0.0,0.0,0.0,1.0,0.0,5433.910209,301.409618398774,1.1185783996707626,1732972290,22.675503093034635,11,312.77823721977705,25
Barangay 32,barangay,Tondo I/II,1303901032,2221.0,280704.4242845025,1615461.6937552276,0.0,0.0,0.0,0.0,0.0,0.0,0.0,0.0,0.0,1.0,0.0,3891.878289,177.91565636240438,1.1185783996707626,1732972236,23.51224703821779,14,192.06920816433387,26
Barangay 33,barangay,Tondo I/II,1303901033,4343.0,280635.3621557707,1615738.5800949964,0.0,0.0,0.0,0.0,0.0,0.0,0.0,0.0,0.0,1.0,0.0,7610.277987000001,190.25564420442646,1.1185783996707626,244117645,22.605193110933097,12,201.33522621157417,27
Barangay 34,barangay,Tondo I/II,1303901034,1930.0,280549.14107541327,1615718.5110868858,0.0,2.0,0.0,0.0,0.0,0.0,0.0,0.0,0.0,0.0,0.0,3381.95637,170.43932090184643,1.1185783996707626,1732972317,24.285069059115386,12,179.29560270947326,28
Barangay 35,barangay,Tondo I/II,1303901035,2289.0,280766.3708852277,1615760.648799396,0.0,0.0,0.0,0.0,0.0,0.0,0.0,0.0,0.0,0.0,0.0,4011.0353009999994,166.39534145628159,1.1185783996707626,1732972326,22.662230783282705,11,179.41857947525543,29
Barangay 36,barangay,Tondo I/II,1303901036,2267.0,280688.5956448944,1615901.6680214955,0.0,0.0,0.0,0.0,0.0,0.0,0.0,0.0,0.0,0.0,0.0,3972.4845029999997,177.91565636240438,1.1185783996707626,1732972334,38.62946864010348,14,193.18466157454608,30
Barangay 37,barangay,Tondo I/II,1303901037,2456.0,280473.81637997425,1615882.3950362513,0.0,0.0,0.0,0.0,0.0,0.0,0.0,0.0,0.0,0.0,0.0,4303.6709040000005,170.43932090184643,1.1185783996707626,10023542558,19.57262265519108,12,188.90043368580567,31
Barangay 38,barangay,Tondo I/II,1303901038,3144.0,280491.08518513286,1615693.6648381343,0.0,0.0,0.0,0.0,0.0,0.0,0.0,0.0,0.0,0.0,0.0,5509.259496000001,166.39534145628159,1.1185783996707626,660582883,55.402407569367355,11,171.72119116560592,32
Barangay 39,barangay,Tondo I/II,1303901039,2498.0,280240.13901346596,1615745.8802636135,0.0,0.0,1.0,0.0,0.0,0.0,0.0,0.0,0.0,0.0,0.0,4377.267882,298.94403203173016,1.1185783996707626,6615904604,163.2695287788938,12,301.07264873783066,33
Barangay 41,barangay,Tondo I/II,1303901041,3957.0,280538.54532209365,1615996.1337476722,0.0,0.0,0.0,0.0,0.0,0.0,0.0,0.0,0.0,0.0,0.0,6933.886713,170.43932090184643,1.1185783996707626,1733946298,23.429780422719148,12,192.98826840031074,34
Barangay 42,barangay,Tondo I/II,1303901042,2196.0,280606.1878080809,1615993.1475281431,0.0,0.0,0.0,0.0,0.0,0.0,0.0,0.0,0.0,0.0,0.0,3848.070564,170.43932090184643,1.1185783996707626,1733946279,19.705750580779544,12,193.3525120586076,35
Barangay 43,barangay,Tondo I/II,1303901043,2949.0,280464.80923007475,1616043.69771712,0.0,0.0,0.0,0.0,0.0,0.0,0.0,1.0,0.0,1.0,0.0,5167.559241000001,170.43932090184643,1.1185783996707626,1733946320,14.9002691488655,12,193.48012906754784,36
Barangay 44,barangay,Tondo I/II,1303901044,841.0,280235.4466546808,1616026.2608397584,0.0,0.0,0.0,0.0,0.0,0.0,0.0,0.0,0.0,0.0,2.0,1473.6918689999998,618.6360406257947,1.1185783996707626,8311059224,126.40573774659796,12,695.8822609367382,37
Barangay 45,barangay,Tondo I/II,1303901045,2312.0,280776.9479701758,1615950.5996567924,0.0,0.0,0.0,0.0,0.0,0.0,0.0,0.0,0.0,0.0,0.0,4051.338408,127.96104871989209,1.1185783996707626,1732972383,58.418341375294986,4,133.55304105196598,38
Barangay 46,barangay,Tondo I/II,1303901046,2173.0,280665.8681563892,1616052.3283028654,0.0,0.0,0.0,0.0,0.0,0.0,0.0,0.0,0.0,0.0,0.0,3807.767457,177.91565636240438,1.1185783996707626,1732972389,22.627038824262183,14,201.82108565842339,39
Barangay 47,barangay,Tondo I/II,1303901047,1677.0,280831.40529838996,1616068.2657745485,2.0,2.0,0.0,0.0,0.0,0.0,1.0,0.0,0.0,2.0,0.0,2938.622193,5176.459187321275,1.1185783996707626,1733946334,8.20339310299393,5,5350.309495699559,40
Barangay 48,barangay,Tondo I/II,1303901048,4191.0,281476.7205591509,1615994.1174923445,0.0,0.0,0.0,0.0,0.0,0.0,0.0,0.0,0.0,0.0,0.0,7343.927019000001,174.27103084753864,1.1185783996707626,165749115,114.10004581868967,13,193.67882592386144,41
Barangay 49,barangay,Tondo I/II,1303901049,2184.0,281427.32088158396,1615823.0745830217,0.0,1.0,0.0,1.0,2.0,0.0,0.0,0.0,1.0,1.0,0.0,3827.042856,5379.575691879869,1.1185783996707626,159496507,89.8331994602479,12,5893.2168919601745,42
Barangay 50,barangay,Tondo I/II,1303901050,3806.0,281585.48736549995,1616550.2118528292,0.0,1.0,2.0,0.0,0.0,0.0,1.0,0.0,1.0,0.0,0.0,6669.288054000001,535.620284105674,1.1185783996707626,165749048,75.48462670048757,9,582.9123767748353,43
Barangay 51,barangay,Tondo I/II,1303901051,2614.0,281541.0236362357,1616260.4913400495,0.0,0.0,1.0,0.0,0.0,0.0,0.0,0.0,0.0,1.0,1.0,4580.535726,1528.0115797632795,1.1185783996707626,251845686,53.75551992244354,10,1717.993797364977,44
Barangay 52,barangay,Tondo I/II,1303901052,2249.0,281483.79187941924,1616600.4388891105,0.0,0.0,0.0,0.0,0.0,0.0,0.0,0.0,0.0,0.0,0.0,3940.9429410000002,152.63690182160764,1.1185783996707626,165746554,6.094383318508516,8,161.53883820525846,45
Barangay 53,barangay,Tondo I/II,1303901053,3218.0,281628.9586225918,1616738.1556182548,0.0,0.0,1.0,0.0,0.0,0.0,0.0,0.0,0.0,1.0,0.0,5638.930362,193.34142686664472,1.1185783996707626,165748437,75.96121635694698,7,210.1544641731824,46
Barangay 54,barangay,Tondo I/II,1303901054,1818.0,281665.350973312,1616896.6450088243,0.0,0.0,0.0,0.0,0.0,0.0,0.0,0.0,0.0,0.0,0.0,3185.697762,141.5520624213847,1.1185783996707626,165745733,73.79199184474382,6,160.430866214962,47
Barangay 55,barangay,Tondo I/II,1303901055,2427.0,281512.7133559648,1616923.8572768173,1.0,0.0,1.0,0.0,0.0,0.0,0.0,0.0,0.0,0.0,0.0,4252.853943000001,5004.129788567532,1.1185783996707626,8318786270,12.223821329103119,5,5732.914870802,48
Barangay 56,barangay,Tondo I/II,1303901056,3377.0,281369.79018995585,1616223.6789119258,1.0,0.0,0.0,0.0,0.0,0.0,0.0,0.0,0.0,0.0,2.0,5917.547493,6270.25085470488,1.1185783996707626,8313967274,56.23360327418724,9,6915.668511883289,49
Barangay 57,barangay,Tondo I/II,1303901057,815.0,281196.8000610159,1616251.975003684,0.0,0.0,0.0,0.0,0.0,0.0,1.0,1.0,0.0,0.0,2.0,1428.131835,2643.709095947816,1.1185783996707626,244116769,61.49968454723882,5,2823.8177086601536,50
Barangay 58,barangay,Tondo I/II,1303901058,4088.0,281377.72315883025,1616431.5354867443,0.0,0.0,0.0,0.0,0.0,0.0,0.0,0.0,0.0,0.0,0.0,7163.439192,152.63690182160764,1.1185783996707626,1733866221,26.47853466300331,8,163.88351030046803,51
Barangay 59,barangay,Tondo I/II,1303901059,1064.0,281260.6395743314,1616485.5525248225,1.0,0.0,0.0,0.0,0.0,0.0,2.0,0.0,1.0,1.0,0.0,1864.4567760000002,925.899597926754,1.1185783996707626,244114536,46.568780118224076,6,1003.7275078867023,52
Barangay 60,barangay,Tondo I/II,1303901060,3800.0,281385.43399277725,1616560.43078276,0.0,0.0,0.0,0.0,0.0,0.0,0.0,0.0,0.0,0.0,0.0,6658.7742,135.15501484037878,1.1185783996707626,11770348146,53.75647598584831,5,128.40725283512649,53
Barangay 61,barangay,Tondo I/II,1303901061,1087.0,281382.05991160404,1616817.8589789816,1.0,0.0,0.0,0.0,1.0,0.0,0.0,0.0,1.0,1.0,0.0,1904.7598830000002,2246.2086453220495,1.1185783996707626,7779526876,51.67380284068889,5,2520.9876175347117,54
Barangay 62,barangay,Tondo I/II,1303901062,1877.0,281031.30724392633,1616324.725959071,0.0,0.0,0.0,0.0,0.0,0.0,0.0,0.0,0.0,0.0,0.0,3289.083993,135.15501484037878,1.1185783996707626,244114612,20.55218808330088,5,146.32670374304385,55
Barangay 63,barangay,Tondo I/II,1303901063,1588.0,281116.91213753715,1616390.0940661258,0.0,0.0,0.0,0.0,0.0,0.0,0.0,0.0,0.0,0.0,1.0,2782.6666920000002,214.22017272037496,1.1185783996707626,244114579,59.46587538894278,6,231.60562726144119,56
Barangay 64,barangay,Tondo I/II,1303901064,443.0,281039.7357269835,1616211.3275669771,0.0,0.0,0.0,0.0,0.0,0.0,0.0,1.0,0.0,2.0,0.0,776.2728870000001,426.24764131473074,1.1185783996707626,1354737837,39.47990478131233,5,467.5831069154653,57
Barangay 65,barangay,Tondo I/II,1303901065,1721.0,281164.9697654622,1616529.0391736522,0.0,0.0,0.0,0.0,0.0,0.0,0.0,0.0,2.0,0.0,0.0,3015.7237889999997,151.63427441308494,1.1185783996707626,244114468,60.87734612245962,6,164.50717551549283,58
Barangay 66,barangay,Tondo I/II,1303901066,3388.0,280760.01140500396,1616562.53959352,0.0,0.0,0.0,0.0,0.0,0.0,0.0,0.0,0.0,0.0,0.0,5936.822892,127.96104871989209,1.1185783996707626,1733866273,36.37180173969779,4,120.88705679108031,59
Barangay 67,barangay,Tondo I/II,1303901067,3641.0,280818.8644364696,1616653.994173748,0.0,0.0,0.0,0.0,0.0,0.0,0.0,0.0,0.0,0.0,0.0,6380.157069,109.77998468366025,1.1185783996707626,394324169,75.55735706816519,2,101.35569746989427,60
Barangay 68,barangay,Tondo I/II,1303901068,966.0,280798.55003856926,1616503.6147129913,0.0,0.0,0.0,0.0,0.0,0.0,0.0,0.0,0.0,0.0,0.0,1692.7304940000001,127.96104871989209,1.1185783996707626,1733946516,90.96069766669207,4,118.442230311535,61
Barangay 69,barangay,Tondo I/II,1303901069,2143.0,280772.8723785891,1616254.1448317347,0.0,0.0,0.0,0.0,0.0,0.0,0.0,1.0,0.0,1.0,0.0,3755.198187,182.15978578311874,1.1185783996707626,1733946436,46.33605725005681,4,175.32125978395106,62
Barangay 70,barangay,Tondo I/II,1303901070,2405.0,280790.11555057846,1616336.15304335,0.0,0.0,0.0,0.0,0.0,0.0,0.0,0.0,0.0,0.0,0.0,4214.303145,127.96104871989209,1.1185783996707626,1733946479,41.7532315662567,4,129.68629594367854,63
Barangay 71,barangay,Tondo I/II,1303901071,3486.0,280908.26483946363,1616329.497778024,2.0,0.0,0.0,0.0,0.0,0.0,0.0,0.0,0.0,0.0,0.0,6108.549174,7717.986138906355,1.1185783996707626,244116765,51.005912963557165,5,8323.786567851314,64
Barangay 72,barangay,Tondo I/II,1303901072,3743.0,280605.14516121935,1616295.6170658297,0.0,0.0,1.0,0.0,0.0,0.0,0.0,0.0,0.0,1.0,0.0,6558.892587,271.18256523010234,1.1185783996707626,1733946449,38.49854473888989,12,298.88091789728844,65
Barangay 73,barangay,Tondo I/II,1303901073,2394.0,280666.36208643427,1616245.9833990447,0.0,0.0,0.0,0.0,0.0,0.0,0.0,0.0,0.0,0.0,0.0,4195.027746,170.43932090184643,1.1185783996707626,1733946454,21.577638691110682,12,183.52748807497358,66
Barangay 74,barangay,Tondo I/II,1303901074,711.0,280944.51854657754,1616561.6092246752,0.0,0.0,0.0,0.0,0.0,0.0,1.0,0.0,1.0,0.0,0.0,1245.891699,200.20904741420824,1.1185783996707626,244114777,6.987440959077635,4,215.5580331507554,67
Barangay 75,barangay,Tondo I/II,1303901075,1631.0,281042.5091359217,1616532.3270043335,0.0,0.0,1.0,0.0,0.0,0.0,0.0,0.0,0.0,0.0,0.0,2858.015979,141.5520624213847,1.1185783996707626,2927536086,50.3071777485063,6,152.66803892390234,68
Barangay 76,barangay,Tondo I/II,1303901076,1745.0,281075.59392915695,1616710.83718583,0.0,0.0,0.0,0.0,0.0,0.0,0.0,0.0,0.0,1.0,0.0,3057.779205,135.15501484037878,1.1185783996707626,9967234983,69.7806633772806,5,139.37770724380144,69
Barangay 77,barangay,Tondo I/II,1303901077,1346.0,281099.7235560351,1616800.204957035,0.0,0.0,0.0,0.0,0.0,0.0,0.0,0.0,0.0,0.0,0.0,2358.607914,135.15501484037878,1.1185783996707626,244114724,80.64364369692461,5,144.42967297144182,70
Barangay 78,barangay,Tondo I/II,1303901078,844.0,281203.1366825894,1616646.3827764953,0.0,0.0,0.0,0.0,0.0,0.0,1.0,0.0,0.0,0.0,0.0,1478.9487960000001,135.15501484037878,1.1185783996707626,9967287312,48.30706525235995,5,136.71841254169613,71
Barangay 79,barangay,Tondo I/II,1303901079,1601.0,280828.8879796928,1616838.1802425617,0.0,0.0,0.0,0.0,0.0,0.0,0.0,0.0,0.0,0.0,0.0,2805.4467090000003,109.77998468366025,1.1185783996707626,244117349,43.27097349305069,2,97.99355011507676,72
Barangay 80,barangay,Tondo I/II,1303901080,2566.0,280829.6273240434,1616761.2617290125,0.0,0.0,0.0,0.0,0.0,0.0,0.0,0.0,0.0,0.0,0.0,4496.424894,109.77998468366025,1.1185783996707626,244117397,72.74990649469753,2,99.30515663425868,73
Barangay 81,barangay,Tondo I/II,1303901081,1848.0,280949.3994794147,1616762.8271115315,0.0,0.0,0.0,0.0,0.0,0.0,0.0,0.0,0.0,0.0,0.0,3238.2670319999997,119.6753721970339,1.1185783996707626,56110350,16.870153321790056,3,127.13636092152807,74
Barangay 82,barangay,Tondo I/II,1303901082,2662.0,280964.0311041917,1616917.3683024896,0.0,0.0,0.0,0.0,0.0,0.0,0.0,0.0,1.0,0.0,0.0,4664.6465579999995,119.6753721970339,1.1185783996707626,5354055708,33.81096141127117,3,121.55735400568432,75
Barangay 83,barangay,Tondo I/II,1303901083,1658.0,280994.4363990858,1617066.8122426423,0.0,0.0,0.0,0.0,0.0,0.0,0.0,0.0,0.0,0.0,0.0,2905.328322,119.6753721970339,1.1185783996707626,244113484,99.23276308635829,3,122.51356796921178,76
Barangay 84,barangay,Tondo I/II,1303901084,1176.0,280990.5451696415,1616999.2837784993,0.0,1.0,0.0,0.0,0.0,0.0,0.0,0.0,0.0,0.0,0.0,2060.715384,119.6753721970339,1.1185783996707626,244113482,80.6330298312262,3,123.59594369886753,77
Barangay 85,barangay,Tondo I/II,1303901085,4051.0,280816.14274592674,1616995.1337523707,0.0,1.0,0.0,0.0,0.0,0.0,0.0,0.0,0.0,0.0,0.0,7098.603759,109.77998468366025,1.1185783996707626,12057636445,40.70965806190998,2,103.17845815344458,78
Barangay 86,barangay,Tondo I/II,1303901086,1662.0,281303.30049955146,1616946.974927349,0.0,0.0,0.0,0.0,0.0,0.0,0.0,0.0,1.0,0.0,0.0,2912.337558,243.50285805117915,1.1185783996707626,244113478,71.31686214471581,5,272.3684022349845,79
Barangay 87,barangay,Tondo I/II,1303901087,1639.0,281155.21383541194,1616992.946475171,0.0,1.0,0.0,0.0,0.0,0.0,0.0,0.0,0.0,2.0,0.0,2872.034451,280.10557849243804,1.1185783996707626,660582864,54.85424185157738,5,300.1620180763563,80
Barangay 88,barangay,Tondo I/II,1303901088,1052.0,281238.6077170486,1616755.000244559,0.0,0.0,0.0,0.0,0.0,0.0,0.0,0.0,0.0,0.0,0.0,1843.429068,135.15501484037878,1.1185783996707626,244114409,61.73487661609259,5,149.72260528747051,81
Barangay 89,barangay,Tondo I/II,1303901089,728.0,281121.84513599146,1616874.7136267282,1.0,0.0,0.0,0.0,0.0,0.0,0.0,0.0,0.0,1.0,0.0,1275.680952,1935.432523100624,1.1185783996707626,56111440,81.33551206468876,5,2083.0036235515217,82
Barangay 90,barangay,Tondo I/II,1303901090,645.0,281263.57728911634,1616826.7680048817,0.0,0.0,0.0,0.0,0.0,0.0,0.0,0.0,1.0,1.0,0.0,1130.239305,492.16484453762394,1.1185783996707626,244113462,63.0895096133185,5,542.3525627200324,83
Barangay 91,barangay,Tondo I/II,1303901091,4453.0,281168.86620237434,1617137.2445656555,1.0,1.0,0.0,0.0,3.0,0.0,0.0,0.0,0.0,1.0,1.0,7803.031977,5335.038109206022,1.1185783996707626,660582833,19.617685204724626,5,5628.738355579627,84
Barangay 92,barangay,Tondo I/II,1303901092,2519.0,280972.27035091305,1617156.8767136354,0.0,0.0,0.0,0.0,0.0,0.0,0.0,0.0,0.0,1.0,0.0,4414.066371,108.50844570329025,1.1185783996707626,660582834,91.94109690445065,1,91.68984013660584,85
Barangay 93,barangay,Tondo I/II,1303901093,4586.0,280987.2927829353,1617325.9987160324,1.0,0.0,0.0,0.0,0.0,0.0,0.0,0.0,0.0,1.0,0.0,8036.0890739999995,3401.009869625191,1.1185783996707626,56115218,60.76839307092635,1,3334.5373998209725,86
Barangay 94,barangay,Tondo I/II,1303901094,2117.0,280903.58330377797,1617638.4990289197,0.0,0.0,0.0,0.0,0.0,0.0,1.0,0.0,0.0,1.0,0.0,3709.638153,249.85684257179435,1.1185783996707626,660582779,128.67927765531797,3,240.92473060790434,87
Barangay 95,barangay,Tondo I/II,1303901095,4994.0,280790.92776707635,1617237.865787692,0.0,0.0,0.0,0.0,0.0,0.0,0.0,0.0,0.0,0.0,0.0,8751.031146000001,109.77998468366025,1.1185783996707626,660582815,40.76095332387692,2,108.34997563775545,88
Barangay 96,barangay,Tondo I/II,1303901096,2230.0,280672.6504241945,1617790.6344337966,0.0,0.0,0.0,1.0,1.0,0.0,0.0,1.0,1.0,1.0,0.0,3907.64907,4987.565988606284,1.1185783996707626,660582818,29.77803050655936,13,5357.552878411461,89
Barangay 97,barangay,Tondo I/II,1303901097,3656.0,280736.57964246394,1617452.6812751242,0.0,1.0,1.0,0.0,0.0,0.0,1.0,0.0,0.0,0.0,0.0,6406.441704000001,214.79466087730853,1.1185783996707626,660582806,41.19868647517309,2,205.89977953601718,90
Barangay 98,barangay,Tondo I/II,1303901098,1877.0,280497.75662551395,1618108.0872729602,0.0,0.0,1.0,0.0,0.0,0.0,0.0,1.0,0.0,0.0,0.0,3289.083993,226.81497263035558,1.1185783996707626,8367064566,118.50274463162178,13,226.92026092763197,91
Barangay 99,barangay,Tondo I/II,1303901099,3682.0,280584.5710249683,1618093.178990746,0.0,0.0,1.0,0.0,0.0,0.0,0.0,1.0,0.0,0.0,0.0,6452.001738000001,174.27103084753864,1.1185783996707626,8367064566,87.7874301726395,13,176.88212303928822,92
Barangay 100,barangay,Tondo I/II,1303901100,2340.0,280339.673787533,1617609.3677370385,1.0,0.0,0.0,0.0,0.0,0.0,1.0,0.0,0.0,1.0,0.0,4100.40306,2836.9754145316288,1.1185783996707626,660582763,50.16714085043173,12,3206.982230374866,93
Barangay 101,barangay,Tondo I/II,1303901101,13659.0,280349.15991619363,1618103.3765247501,0.0,1.0,0.0,0.0,0.0,0.0,0.0,3.0,1.0,0.0,1.0,23934.788631,898.4279892883329,1.1185783996707626,660582762,198.23431940809098,11,904.7426436054371,94
Barangay 102,barangay,Tondo I/II,1303901102,4616.0,280507.96876109636,1617619.1037780326,0.0,0.0,1.0,0.0,0.0,0.0,0.0,0.0,0.0,0.0,0.0,8088.658344,235.68980220280613,1.1185783996707626,660582786,17.246750149044153,12,260.9656479027227,95
Barangay 103,barangay,Tondo I/II,1303901103,5071.0,280522.24861375487,1617488.9683943102,0.0,0.0,1.0,0.0,0.0,0.0,0.0,1.0,0.0,4.0,2.0,8885.958939,979.7683030367898,1.1185783996707626,660582766,20.843499445733052,12,1087.1685882303832,96
Barangay 104,barangay,Tondo I/II,1303901104,5801.0,280554.1965423927,1617344.8103616694,0.0,0.0,0.0,0.0,0.0,0.0,0.0,1.0,0.0,0.0,0.0,10165.144509,170.43932090184643,1.1185783996707626,1399440726,27.370317463562618,12,199.33190377485982,97
Barangay 105,barangay,Tondo I/II,1303901105,26494.0,279970.5456636038,1617704.215118912,0.0,1.0,1.0,0.0,0.0,0.0,0.0,0.0,0.0,4.0,4.0,46425.674646,2756.4688646026116,1.1185783996707626,5432950854,66.9414730720092,12,2218.291397637539,98
Barangay 106,barangay,Tondo I/II,1303901106,2716.0,280431.61166535807,1617806.6426731125,1.0,0.0,0.0,0.0,0.0,0.0,0.0,0.0,0.0,1.0,2.0,4759.271244,5626.01123417376,1.1185783996707626,660582762,124.00319727654056,11,5838.81985288053,99
Barangay 107,barangay,Tondo I/II,1303901107,7153.0,280173.5080050752,1617160.6151778416,1.0,1.0,0.0,0.0,0.0,0.0,1.0,0.0,0.0,2.0,0.0,12534.266276999999,5025.561783421944,1.1185783996707626,55875163,94.18910583937183,11,5667.789336699315,100
Barangay 108,barangay,Tondo I/II,1303901108,5114.0,280546.9775228306,1617160.4783914678,0.0,0.0,0.0,0.0,0.0,0.0,0.0,1.0,3.0,6.0,0.0,8961.308226000001,1511.4302455153781,1.1185783996707626,1371377980,12.050553711795848,12,1770.8561140691975,101
Barangay 109,barangay,Tondo I/II,1303901109,3495.0,280699.5775865294,1617102.2303616167,0.0,2.0,0.0,0.0,0.0,0.0,1.0,0.0,2.0,2.0,0.0,6124.319955,539.3521665031249,1.1185783996707626,925215421,9.55749818046186,2,537.680007496265,102
Barangay 110,barangay,Tondo I/II,1303901110,2431.0,280160.6400337103,1616854.811718918,1.0,0.0,0.0,0.0,0.0,0.0,1.0,0.0,0.0,2.0,1.0,4259.863179,13873.067296447029,1.1185783996707626,394325127,138.21845488065532,11,14708.578101925652,103
Barangay 111,barangay,Tondo I/II,1303901111,2676.0,280663.01410391665,1617005.7578691302,0.0,2.0,1.0,0.0,0.0,0.0,0.0,0.0,1.0,3.0,0.0,4689.178884,468.44475749980927,1.1185783996707626,50613617,82.9348255440117,2,455.04394109061633,104
Barangay 112,barangay,Tondo I/II,1303901112,5840.0,280513.7201783919,1616998.5319112116,0.0,0.0,0.0,0.0,1.0,0.0,0.0,0.0,3.0,5.0,0.0,10233.484559999999,1160.0379955040598,1.1185783996707626,244117567,64.35215501066762,12,1332.02528735919,105
Barangay 116,barangay,Tondo I/II,1303901116,6182.0,280518.4365606681,1616809.3073562123,0.0,0.0,0.0,0.0,1.0,0.0,0.0,0.0,0.0,0.0,0.0,10832.774238,356.5884708080183,1.1185783996707626,1399440583,45.06726950102651,11,381.4692862692034,106
Barangay 117,barangay,Tondo I/II,1303901117,4262.0,280690.7242401476,1616873.1584991226,0.0,0.0,0.0,0.0,0.0,0.0,0.0,0.0,1.0,1.0,0.0,7468.340958,167.52390457742501,1.1185783996707626,1371318554,28.305405248970974,2,156.77205956563793,107
Barangay 118,barangay,Tondo I/II,1303901118,10891.0,280324.5138591348,1616497.5481697547,0.0,1.0,2.0,0.0,1.0,0.0,0.0,1.0,0.0,3.0,1.0,19084.397319,2131.3259338290563,1.1185783996707626,1733946566,55.147072112927965,12,2353.8446318894253,108
Barangay 119,barangay,Tondo I/II,1303901119,1877.0,280520.5371757109,1616616.3474197816,0.0,1.0,0.0,0.0,0.0,0.0,0.0,0.0,0.0,2.0,0.0,3289.083993,285.48332818300497,1.1185783996707626,244116774,28.698871325149906,11,314.3094507485921,109
Barangay 120,barangay,Tondo I/II,1303901120,3886.0,280503.75936667435,1616515.3319056663,0.0,0.0,0.0,0.0,0.0,0.0,0.0,1.0,2.0,0.0,0.0,6809.472774,297.6295719370759,1.1185783996707626,244116772,49.6472089166931,11,321.78485865901615,110
Barangay 121,barangay,Tondo I/II,1303901121,4097.0,280702.547525799,1616432.5937841479,0.0,0.0,0.0,0.0,0.0,0.0,0.0,0.0,1.0,0.0,0.0,7179.209973,170.43932090184643,1.1185783996707626,1733946518,67.49672828607439,12,162.87096165791692,111
Barangay 122,barangay,Tondo I/II,1303901122,3830.0,280684.36087124166,1616729.3939163415,0.0,0.0,0.0,0.0,0.0,0.0,0.0,0.0,0.0,0.0,0.0,6711.34347,97.2066078518652,1.1185783996707626,1371318543,31.820027087048995,1,86.20749974683812,112
Barangay 123,barangay,Tondo I/II,1303901123,8879.0,280276.96897887025,1616221.1770201088,1.0,0.0,0.0,0.0,0.0,2.0,0.0,1.0,0.0,0.0,1.0,15558.751611,5916.751130164264,1.1185783996707626,243982228,116.64296024999798,12,6778.469257265625,113
Barangay 124,barangay,Tondo I/II,1303901124,307.0,280821.6515578293,1618655.7698086763,0.0,0.0,0.0,0.0,0.0,0.0,1.0,0.0,0.0,0.0,0.0,537.9588630000001,109.77998468366025,1.1185783996707626,168214365,73.57999574318227,2,91.67283606116969,114
Barangay 125,barangay,Tondo I/II,1303901125,3749.0,280939.0028387594,1618861.2863604333,0.0,0.0,0.0,0.0,0.0,0.0,0.0,0.0,0.0,0.0,1.0,6569.406441,370.7081524944016,1.1185783996707626,7083345792,21.416533100329456,2,309.51382467880137,115
Barangay 126,barangay,Tondo I/II,1303901126,913.0,280676.27472197334,1618754.05719348,1.0,3.0,1.0,0.0,0.0,0.0,4.0,0.0,0.0,3.0,4.0,1599.858117,5612.776672007018,1.1185783996707626,168220513,34.94579613961379,2,4874.168808077644,116
Barangay 127,barangay,Tondo I/II,1303901127,574.0,280787.25183172355,1618916.797836342,0.0,0.0,2.0,0.0,0.0,0.0,0.0,0.0,0.0,0.0,0.0,1005.825366,97.2066078518652,1.1185783996707626,686224582,58.887402826651595,1,80.30711944275583,117
Barangay 128,barangay,Tondo I/II,1303901128,22298.0,279456.09229921014,1618668.5735038812,1.0,1.0,2.0,0.0,1.0,0.0,1.0,0.0,0.0,1.0,6.0,39072.986082,12494.226239630465,1.1185783996707626,5723548782,633.3252968085792,13,11971.80552974278,118
Barangay 129,barangay,Tondo I/II,1303901129,5207.0,280688.79367667314,1618386.63073941,0.0,0.0,0.0,0.0,0.0,1.0,0.0,0.0,0.0,0.0,0.0,9124.272963000001,174.27103084753864,1.1185783996707626,134287115,40.92745491231945,13,182.0576493875727,119
Barangay 130,barangay,Tondo I/II,1303901130,1398.0,280659.5752862772,1618261.8637421275,0.0,0.0,2.0,0.0,0.0,0.0,0.0,0.0,0.0,0.0,1.0,2449.7279820000003,318.4225341732236,1.1185783996707626,134287347,51.414556092094834,13,319.31844025098667,120
Barangay 131,barangay,Tondo I/II,1303901131,1258.0,280868.00112893106,1618545.242601737,0.0,0.0,0.0,0.0,0.0,0.0,0.0,0.0,0.0,0.0,0.0,2204.404722,109.77998468366025,1.1185783996707626,134287733,11.0298463560032,2,95.17918923018101,121
Barangay 132,barangay,Tondo I/II,1303901132,1151.0,281031.54152250907,1618220.6472430383,0.0,0.0,0.0,0.0,0.0,0.0,0.0,0.0,0.0,0.0,0.0,2016.9076590000002,109.77998468366025,1.1185783996707626,134291511,22.128631552807104,2,96.73283174462513,122
Barangay 133,barangay,Tondo I/II,1303901133,2317.0,280753.20731141104,1618110.294341024,0.0,0.0,0.0,0.0,0.0,0.0,0.0,0.0,0.0,1.0,3.0,4060.099953,1133.4910491815149,1.1185783996707626,168212954,16.530207983262134,3,1072.0524343223474,123
Barangay 134,barangay,Tondo I/II,1303901134,1104.0,280883.09643872606,1618297.4087479818,1.0,0.0,1.0,0.0,0.0,0.0,0.0,0.0,0.0,0.0,0.0,1934.549136,1924.7058784338215,1.1185783996707626,134286489,6.049709603647021,2,1777.9234572004782,124
Barangay 135,barangay,Tondo I/II,1303901135,1946.0,281310.2303798099,1618819.387503422,0.0,0.0,0.0,0.0,0.0,0.0,0.0,0.0,0.0,0.0,0.0,3409.9933140000003,97.2066078518652,1.1185783996707626,134290532,35.01463825851032,1,67.4461052376366,125
Barangay 136,barangay,Tondo I/II,1303901136,1302.0,281211.3505687972,1618504.8780151855,0.0,0.0,0.0,0.0,0.0,0.0,0.0,0.0,0.0,0.0,0.0,2281.506318,97.2066078518652,1.1185783996707626,168209492,56.943045332563365,1,73.42670998748191,126
Barangay 137,barangay,Tondo I/II,1303901137,1060.0,281135.7098554872,1618307.5805185118,1.0,0.0,0.0,0.0,0.0,0.0,0.0,0.0,0.0,0.0,0.0,1857.44754,1332.9232176004127,1.1185783996707626,168213043,33.99882992826907,2,1094.6035552395651,127
Barangay 138,barangay,Tondo I/II,1303901138,3217.0,280962.3964477971,1618700.2857079934,0.0,0.0,0.0,0.0,0.0,0.0,0.0,0.0,0.0,0.0,0.0,5637.178053000001,109.77998468366025,1.1185783996707626,168208099,22.90284695771626,2,89.3980204153975,128
Barangay 139,barangay,Tondo I/II,1303901139,440.0,281156.03422607423,1618476.8289820421,0.0,1.0,0.0,0.0,0.0,0.0,0.0,0.0,0.0,1.0,0.0,771.01596,204.05147607433958,1.1185783996707626,168208465,52.85739158269539,1,158.45035603493375,129
Barangay 140,barangay,Tondo I/II,1303901140,568.0,281038.4278623115,1618490.1230784636,1.0,4.0,0.0,0.0,0.0,0.0,0.0,0.0,0.0,0.0,0.0,995.311512,4347.894450819882,1.1185783996707626,134290536,2.04362430067458,2,3890.8832286664815,130
Barangay 141,barangay,Tondo I/II,1303901141,553.0,281110.73754259455,1618581.1307332679,0.0,0.0,0.0,0.0,0.0,0.0,0.0,0.0,0.0,2.0,0.0,969.026877,278.3671411107739,1.1185783996707626,168208464,52.991846810220046,1,215.46283707178947,131
Barangay 142,barangay,Tondo I/II,1303901142,1721.0,281032.5557419028,1618758.327422605,0.0,0.0,0.0,0.0,0.0,0.0,0.0,0.0,0.0,0.0,0.0,3015.7237889999997,97.2066078518652,1.1185783996707626,168208461,19.849481863406748,1,73.55896207482557,132
Barangay 143,barangay,Tondo I/II,1303901143,1421.0,281415.33854969667,1618543.7000519736,0.0,0.0,0.0,0.0,0.0,0.0,0.0,0.0,0.0,0.0,0.0,2490.0310889999996,97.2066078518652,1.1185783996707626,168210017,44.02853067139955,1,65.71103394042592,133
Barangay 144,barangay,Tondo I/II,1303901144,893.0,281316.15286638634,1618521.9590678238,0.0,0.0,0.0,0.0,0.0,0.0,0.0,0.0,0.0,0.0,0.0,1564.811937,97.2066078518652,1.1185783996707626,168210015,28.081019065815962,1,67.90824467766524,134
Barangay 145,barangay,Tondo I/II,1303901145,1109.0,281322.9295807043,1618679.5440744425,0.0,0.0,0.0,0.0,0.0,0.0,0.0,0.0,0.0,0.0,0.0,1943.310681,97.2066078518652,1.1185783996707626,168209538,57.641650506927185,1,66.23680611449157,135
Barangay 146,barangay,Tondo I/II,1303901146,2724.0,281140.28943071846,1618770.5270596622,0.0,1.0,0.0,0.0,0.0,0.0,0.0,0.0,0.0,0.0,0.0,4773.289716,97.2066078518652,1.1185783996707626,168208732,13.776664042129775,1,71.0845946290829,136
Barangay 147,barangay,Tondo I/II,1303901147,2023.0,281102.148795504,1617689.9206551719,0.0,0.0,1.0,0.0,0.0,0.0,0.0,0.0,0.0,2.0,3.0,3544.921107,2957.6015558926897,1.1185783996707626,31461472,55.15258877951761,4,2974.8192732590355,137
Barangay 148,barangay,Tondo I/II,1303901148,1827.0,281172.1919275719,1617783.5591649646,1.0,1.0,1.0,0.0,1.0,0.0,4.0,1.0,1.0,3.0,4.0,3201.468543,6907.412136701722,1.1185783996707626,134570634,60.1391418326185,3,6418.725293507145,138
Barangay 149,barangay,Tondo I/II,1303901149,1569.0,281446.4107478516,1617369.4134685495,0.0,0.0,0.0,0.0,0.0,0.0,1.0,0.0,0.0,3.0,0.0,2749.372821,416.60053633984927,1.1185783996707626,1904012146,47.78079410587738,4,461.7388391249301,139
Barangay 150,barangay,Tondo I/II,1303901150,1922.0,281210.54159985995,1617385.299292234,0.0,0.0,1.0,0.0,0.0,0.0,0.0,0.0,0.0,0.0,2.0,3367.937898,1110.1802528911517,1.1185783996707626,1904012153,65.12135610513954,5,1236.717590940111,140
Barangay 151,barangay,Tondo I/II,1303901151,1725.0,281366.2118537749,1617192.7578272074,2.0,0.0,2.0,0.0,0.0,0.0,0.0,0.0,1.0,4.0,2.0,3022.733025,2944.664925138588,1.1185783996707626,1904012133,100.3347203055578,5,3371.5352027314766,141
Barangay 152,barangay,Tondo I/II,1303901152,6016.0,281797.0858552572,1617523.2002019766,0.0,0.0,0.0,0.0,0.0,0.0,0.0,0.0,0.0,0.0,0.0,10541.890944,141.5520624213847,1.1185783996707626,5354055859,75.32893224395865,6,147.76243533808145,142
Barangay 153,barangay,Tondo I/II,1303901153,1658.0,281660.4419214622,1617544.3760562164,0.0,0.0,0.0,0.0,0.0,0.0,0.0,0.0,0.0,0.0,0.0,2905.328322,141.5520624213847,1.1185783996707626,1904012206,69.23619405214016,6,157.8247950576741,143
Barangay 154,barangay,Tondo I/II,1303901154,774.0,281563.6413624598,1617215.0615882413,0.0,0.0,2.0,0.0,0.0,0.0,0.0,1.0,0.0,0.0,0.0,1356.287166,236.4568234544917,1.1185783996707626,1904012139,35.64448688409135,5,265.61525988048317,144
Barangay 155,barangay,Tondo I/II,1303901155,3292.0,281776.5504747714,1617402.0632913653,0.0,0.0,2.0,0.0,0.0,0.0,0.0,0.0,0.0,0.0,0.0,5768.601228,119.6753721970339,1.1185783996707626,159499906,57.39536394022625,3,121.70734162992069,145
Barangay 156,barangay,Tondo I/II,1303901156,1627.0,281619.3925601123,1617066.0275593984,0.0,1.0,0.0,0.0,1.0,0.0,0.0,0.0,2.0,6.0,1.0,2851.0067430000004,4722.838234636459,1.1185783996707626,9969032987,50.91267828051322,6,5409.279972480069,146
Barangay 157,barangay,Tondo I/II,1303901157,1409.0,281711.6657308758,1617192.1274672933,0.0,0.0,0.0,0.0,0.0,0.0,0.0,0.0,1.0,0.0,0.0,2469.003381,127.96104871989209,1.1185783996707626,1908388804,17.491034700849028,4,134.04378601192337,147
Barangay 158,barangay,Tondo I/II,1303901158,2037.0,281607.3025355091,1617361.530015303,0.0,0.0,0.0,0.0,0.0,0.0,0.0,0.0,0.0,0.0,0.0,3569.4534329999997,127.96104871989209,1.1185783996707626,5354055877,71.38437032296714,4,142.03765028494675,148
Barangay 159,barangay,Tondo I/II,1303901159,1595.0,281809.7350984162,1617217.046151937,0.0,0.0,0.0,0.0,0.0,0.0,0.0,0.0,0.0,0.0,0.0,2794.9328549999996,135.15501484037878,1.1185783996707626,1904024395,55.043154396563665,5,148.9007608264459,149
Barangay 160,barangay,Tondo I/II,1303901160,1399.0,281756.9466519805,1617310.7140747937,0.0,0.0,2.0,0.0,0.0,0.0,1.0,0.0,0.0,0.0,0.0,2451.480291,143.2918812891633,1.1185783996707626,159499905,65.94911155545317,4,156.85441294902455,150
Barangay 161,barangay,Tondo I/II,1303901161,876.0,281859.30302848795,1618170.6093764983,2.0,0.0,2.0,0.0,0.0,0.0,0.0,0.0,2.0,2.0,0.0,1535.022684,5253.898763616278,1.1185783996707626,1904024433,76.49403621801056,5,5386.98658206511,151
Barangay 162,barangay,Tondo I/II,1303901162,586.0,281835.6752163816,1618044.5004579634,0.0,0.0,0.0,0.0,1.0,1.0,0.0,0.0,0.0,0.0,0.0,1026.853074,244.5781386452352,1.1185783996707626,689573831,80.85353145203875,5,240.9816364844272,152
Barangay 163,barangay,Tondo I/II,1303901163,3850.0,281775.71451071417,1617731.3778148945,0.0,1.0,3.0,0.0,0.0,0.0,0.0,0.0,1.0,2.0,0.0,6746.38965,1025.3479566639576,1.1185783996707626,1904012212,48.97339752631671,6,1053.5981654367404,153
Barangay 164,barangay,Tondo I/II,1303901164,1824.0,281798.7357073115,1617851.8665079507,1.0,0.0,0.0,0.0,0.0,0.0,0.0,0.0,1.0,1.0,0.0,3196.211616,4418.636300670507,1.1185783996707626,2270172358,101.36979273222417,5,3868.47247316965,154
Barangay 165,barangay,Tondo I/II,1303901165,903.0,281833.38705616305,1617924.1165249883,2.0,1.0,0.0,0.0,0.0,0.0,0.0,0.0,0.0,2.0,0.0,1582.335027,7028.755147938473,1.1185783996707626,689573831,109.34376758582155,5,6834.695429070198,155
Barangay 166,barangay,Tondo I/II,1303901166,860.0,281582.6950858441,1617927.16022049,0.0,0.0,0.0,0.0,0.0,0.0,0.0,1.0,0.0,1.0,0.0,1506.98574,262.1196062488865,1.1185783996707626,1904012318,19.390661452076632,6,283.37413234879114,156
Barangay 167,barangay,Tondo I/II,1303901167,955.0,281550.37256561953,1617783.201483805,0.0,0.0,0.0,0.0,0.0,0.0,0.0,1.0,0.0,1.0,0.0,1673.4550950000003,946.788240197824,1.1185783996707626,8310945789,74.54892235343027,6,999.1070469202353,157
Barangay 168,barangay,Tondo I/II,1303901168,1154.0,281368.90837020904,1617970.7020012797,0.0,0.0,0.0,0.0,0.0,0.0,0.0,0.0,0.0,1.0,0.0,2022.164586,203.8903734867521,1.1185783996707626,134266731,79.36311552102515,3,189.8136446173258,158
Barangay 169,barangay,Tondo I/II,1303901169,1100.0,281340.66234082414,1617831.114710095,0.0,0.0,0.0,0.0,0.0,0.0,0.0,0.0,0.0,0.0,0.0,1927.5399000000002,119.6753721970339,1.1185783996707626,134266731,66.36648518469012,3,112.08500758322324,159
Barangay 170,barangay,Tondo I/II,1303901170,1245.0,281260.5025078112,1618044.939767322,0.0,0.0,1.0,0.0,0.0,0.0,0.0,0.0,1.0,0.0,0.0,2181.624705,172.38868371409214,1.1185783996707626,134268580,71.37796457164657,2,154.79462054066477,160
Barangay 171,barangay,Tondo I/II,1303901171,1026.0,281176.0738551967,1617934.6031521158,0.0,0.0,0.0,0.0,0.0,0.0,0.0,0.0,0.0,0.0,0.0,1797.869034,109.77998468366025,1.1185783996707626,134268581,65.08011530459041,2,97.87280612815835,161
Barangay 172,barangay,Tondo I/II,1303901172,1038.0,281148.54423334636,1618138.010448988,0.0,0.0,0.0,0.0,0.0,0.0,0.0,0.0,0.0,0.0,1.0,1818.8967420000001,155.5415526036974,1.1185783996707626,7314272416,74.42997698435121,2,141.92590584010176,162
Barangay 173,barangay,Tondo I/II,1303901173,1704.0,281642.9691458533,1618182.2372324276,1.0,1.0,1.0,0.0,1.0,0.0,0.0,0.0,3.0,1.0,1.0,2985.934536,3790.153953538128,1.1185783996707626,134569755,84.16270061389157,5,3811.9036308408267,163
Barangay 174,barangay,Tondo I/II,1303901174,751.0,281615.124433068,1618065.6386637941,1.0,0.0,0.0,0.0,0.0,0.0,0.0,0.0,1.0,1.0,0.0,1315.9840590000001,4820.932582471567,1.1185783996707626,134572495,51.04663724098486,5,5069.669781823066,164
Barangay 175,barangay,Tondo I/II,1303901175,996.0,281413.815092174,1618298.7013993287,0.0,1.0,1.0,0.0,0.0,0.0,0.0,0.0,0.0,0.0,0.0,1745.2997639999999,173.2998008944348,1.1185783996707626,134565358,80.14163886881369,2,161.9152676532424,165
Barangay 176,barangay,Tondo I/II,1303901176,1312.0,281328.6371013551,1618188.3181207327,1.0,0.0,0.0,0.0,0.0,0.0,0.0,0.0,0.0,0.0,0.0,2299.029408,1565.7071347906979,1.1185783996707626,134266987,58.92266919174882,2,1472.7552223909165,166
Barangay 177,barangay,Tondo I/II,1303901177,3440.0,281654.8511679609,1618867.0425691418,0.0,0.0,2.0,0.0,0.0,0.0,0.0,0.0,0.0,1.0,3.0,6027.94296,2126.624525491526,1.1185783996707626,1904024463,106.31640690107682,4,2200.590034342199,167
Barangay 178,barangay,Tondo I/II,1303901178,1324.0,281783.9386712443,1618750.3905495456,0.0,0.0,0.0,0.0,0.0,0.0,0.0,0.0,0.0,0.0,0.0,2320.0571160000004,127.96104871989209,1.1185783996707626,1904024457,34.6947457579438,4,135.51476631937444,168
Barangay 179,barangay,Tondo I/II,1303901179,1034.0,281712.84259097313,1618354.4733421234,1.0,0.0,0.0,0.0,1.0,0.0,1.0,0.0,1.0,1.0,3.0,1811.887506,2977.6630557068597,1.1185783996707626,257533056,14.313876572441407,5,2922.2823639005132,169
Barangay 180,barangay,Tondo I/II,1303901180,2160.0,281534.89338653965,1618385.1100480882,1.0,0.0,0.0,0.0,0.0,0.0,0.0,0.0,0.0,1.0,0.0,3784.9874400000003,2891.78574299682,1.1185783996707626,257533274,40.21461563391911,2,2552.8387682064763,170
Barangay 181,barangay,Tondo I/II,1303901181,2334.0,281713.2652901004,1618490.5888306752,0.0,0.0,2.0,0.0,0.0,0.0,0.0,0.0,0.0,0.0,0.0,4089.8892060000003,127.96104871989209,1.1185783996707626,244092926,29.442833622172316,4,130.20253474967154,171
Barangay 182,barangay,Tondo I/II,1303901182,4072.0,281515.0091787245,1618641.029754713,1.0,0.0,0.0,0.0,0.0,0.0,0.0,0.0,0.0,0.0,0.0,7135.402247999999,1894.5359763015304,1.1185783996707626,134569127,70.82605959220284,1,1559.4038819063894,172
Barangay 183,barangay,Tondo I/II,1303901183,8512.0,281730.1990312702,1618638.3500562059,0.0,0.0,1.0,0.0,0.0,0.0,0.0,0.0,1.0,1.0,0.0,14915.654208000002,343.8656876499239,1.1185783996707626,1904024456,24.221338582331203,4,349.6425936003096,173
Barangay 184,barangay,Tondo I/II,1303901184,2126.0,281970.0190281067,1618830.4604539303,1.0,0.0,1.0,0.0,0.0,0.0,0.0,0.0,1.0,3.0,1.0,3725.4089339999996,1627.690286624425,1.1185783996707626,244456530,39.36240108290376,4,1792.5198438679292,174
Barangay 185,barangay,Tondo I/II,1303901185,3399.0,281885.7415398347,1618307.9475962315,0.0,2.0,0.0,0.0,0.0,0.0,0.0,0.0,3.0,5.0,3.0,5956.098291,1432.4303782428033,1.1185783996707626,1904024439,21.519654893002045,5,1495.7527544277361,175
Barangay 186,barangay,Tondo I/II,1303901186,1492.0,281927.7930092664,1618538.7219640557,0.0,0.0,0.0,0.0,1.0,0.0,0.0,0.0,1.0,5.0,3.0,2614.445028,2119.3833564922356,1.1185783996707626,244456494,53.77196295907947,4,2148.3206323966033,176
Barangay 187,barangay,Tondo I/II,1303901187,717.0,282609.6159858465,1619028.0108927214,0.0,0.0,0.0,0.0,0.0,1.0,0.0,0.0,0.0,0.0,0.0,1256.4055529999998,147.3376658953518,1.1185783996707626,2596440193,28.32312242352973,7,160.925380364213,177
Barangay 188,barangay,Tondo I/II,1303901188,872.0,282477.2991481656,1619000.674053134,0.0,0.0,0.0,0.0,0.0,0.0,0.0,0.0,0.0,1.0,0.0,1528.013448,180.95573406995118,1.1185783996707626,8386037752,21.8627161523309,10,199.57723513759177,178
Barangay 189,barangay,Tondo I/II,1303901189,1618.0,282523.51447105256,1619127.034800911,0.0,0.0,0.0,0.0,0.0,0.0,0.0,0.0,0.0,3.0,0.0,2835.2359619999997,505.7095245176334,1.1185783996707626,225945358,30.21363760269236,10,546.5649205873361,179
Barangay 190,barangay,Tondo I/II,1303901190,1282.0,282436.7695154499,1619217.4606227987,0.0,0.0,0.0,0.0,0.0,0.0,0.0,0.0,0.0,0.0,0.0,2246.460138,162.10805496544654,1.1185783996707626,225943616,29.04754747146459,10,172.93084097112245,180
Barangay 191,barangay,Tondo I/II,1303901191,754.0,282593.6097484684,1619175.29824389,0.0,1.0,0.0,0.0,0.0,0.0,0.0,0.0,0.0,1.0,0.0,1321.2409859999998,244.0486754088754,1.1185783996707626,225941119,21.25501326520172,7,262.72914583255806,181
Barangay 192,barangay,Tondo I/II,1303901192,1771.0,282417.80969272845,1619331.9049156732,0.0,0.0,0.0,0.0,0.0,0.0,0.0,0.0,0.0,0.0,0.0,3103.339239,162.10805496544654,1.1185783996707626,225943617,19.197995431951743,10,167.3358791380051,182
Barangay 193,barangay,Tondo I/II,1303901193,928.0,282421.0427647495,1618876.09244519,1.0,0.0,0.0,0.0,0.0,0.0,0.0,0.0,0.0,0.0,0.0,1626.142752,592.6904531394277,1.1185783996707626,134265546,25.602447556432804,10,663.3088142478891,183
Barangay 194,barangay,Tondo I/II,1303901194,746.0,282293.8132226406,1618941.0895902517,1.0,0.0,0.0,0.0,0.0,0.0,0.0,0.0,0.0,0.0,0.0,1307.222514,4397.728988683847,1.1185783996707626,10226940233,16.221931185860612,11,4652.64280804403,184
Barangay 195,barangay,Tondo I/II,1303901195,1261.0,282318.3877158444,1618845.8042871393,0.0,1.0,0.0,0.0,0.0,0.0,1.0,0.0,0.0,0.0,0.0,2209.661649,293.5123683829144,1.1185783996707626,1657447666,5.69534353045601,10,311.6109288595003,185
Barangay 196,barangay,Tondo I/II,1303901196,1468.0,282537.8661155841,1618898.6329775155,0.0,0.0,0.0,0.0,0.0,0.0,1.0,0.0,0.0,2.0,0.0,2572.389612,744.1943929529485,1.1185783996707626,225941642,49.344285940550066,7,818.7828747534771,186
Barangay 197,barangay,Tondo I/II,1303901197,305.0,282499.1869687955,1618813.186510521,1.0,0.0,0.0,0.0,0.0,0.0,0.0,0.0,0.0,0.0,0.0,534.454245,1352.371799196346,1.1185783996707626,225941642,49.935013207943214,7,1487.4471647418725,187
Barangay 198,barangay,Tondo I/II,1303901198,3840.0,282084.1646584553,1618488.679557151,0.0,0.0,0.0,0.0,0.0,0.0,0.0,0.0,0.0,0.0,0.0,6728.86656,147.3376658953518,1.1185783996707626,134270672,82.71449133491483,7,155.8557942146236,188
Barangay 199,barangay,Tondo I/II,1303901199,2240.0,282138.8385325871,1618838.9005336743,0.0,0.0,0.0,0.0,0.0,0.0,0.0,0.0,0.0,0.0,1.0,3925.1721599999996,195.2299833859582,1.1185783996707626,1630865788,71.36332946352334,11,201.52549749169765,189
Barangay 200,barangay,Tondo I/II,1303901200,757.0,282091.9019437449,1618729.491732742,0.0,0.0,0.0,0.0,0.0,0.0,0.0,0.0,0.0,0.0,0.0,1326.4979130000002,127.96104871989209,1.1185783996707626,5534878494,51.0807628137622,4,100.33632131175733,190
Barangay 201,barangay,Tondo I/II,1303901201,1166.0,282316.35880809126,1618546.7463970985,2.0,3.0,0.0,0.0,0.0,0.0,4.0,0.0,3.0,7.0,1.0,2043.1922940000004,8628.657953970955,1.1185783996707626,243464100,81.22493147160591,10,9286.761548418277,191
Barangay 202,barangay,Tondo I/II,1303901202,1289.0,282315.57928936137,1618742.6345767141,0.0,1.0,0.0,0.0,1.0,0.0,0.0,0.0,0.0,4.0,0.0,2258.726301,1165.4914171934474,1.1185783996707626,134261571,42.25293478579882,10,1246.89327626659,192
Barangay 203,barangay,Tondo I/II,1303901203,2014.0,282217.8309119105,1618227.3752416063,0.0,0.0,0.0,0.0,0.0,0.0,0.0,0.0,0.0,0.0,0.0,3529.150326,174.27103084753864,1.1185783996707626,134258258,78.52888682503212,13,194.4780060171207,193
Barangay 204,barangay,Tondo I/II,1303901204,1932.0,282060.8522980708,1618140.5515819131,1.0,0.0,0.0,0.0,0.0,0.0,0.0,0.0,0.0,1.0,0.0,3385.4609880000003,1669.9864233060728,1.1185783996707626,1483494946,19.172247673200303,8,1895.0171810585275,194
Barangay 205,barangay,Tondo I/II,1303901205,1832.0,282273.7002701537,1618381.4050519709,1.0,0.0,0.0,0.0,0.0,0.0,0.0,0.0,0.0,2.0,0.0,3210.230088,1006.2965486594911,1.1185783996707626,134258258,85.44911676232296,11,1086.5574407769477,195
Barangay 206,barangay,Tondo I/II,1303901206,2487.0,282469.68734240206,1618373.44127082,0.0,0.0,0.0,0.0,0.0,0.0,0.0,0.0,1.0,7.0,1.0,4357.992483,2308.9916933057616,1.1185783996707626,2500385543,58.77779479225236,11,2671.770402028798,196
Barangay 207,barangay,Tondo I/II,1303901207,1139.0,282612.27744198614,1618177.2337937923,0.0,0.0,1.0,0.0,0.0,0.0,0.0,0.0,1.0,1.0,1.0,1995.879951,1183.1577830864744,1.1185783996707626,8266122991,38.18122687460404,11,1355.8952661917267,197
Barangay 208,barangay,Tondo I/II,1303901208,454.0,282653.8980742621,1618310.498210499,0.0,0.0,0.0,0.0,0.0,0.0,0.0,0.0,1.0,9.0,0.0,795.5482860000001,1895.3861853533974,1.1185783996707626,225950705,28.971862021527876,10,2064.4077233288563,198
Barangay 209,barangay,Tondo I/II,1303901209,4704.0,282588.1226169589,1617809.469632796,0.0,1.0,1.0,0.0,1.0,0.0,0.0,0.0,1.0,3.0,0.0,8242.861536,1489.485317139177,1.1185783996707626,339268722,70.41087481016366,13,1623.0400871890656,199
Barangay 210,barangay,Tondo I/II,1303901210,3106.0,282703.7203665221,1617928.021968856,0.0,0.0,2.0,0.0,0.0,0.0,0.0,0.0,0.0,1.0,0.0,5442.671754,560.4891410293894,1.1185783996707626,8598084549,37.613098338150664,15,686.8563794839059,200
Barangay 211,barangay,Tondo I/II,1303901211,2102.0,282564.28719087713,1617993.5829786332,2.0,0.0,0.0,0.0,0.0,0.0,0.0,0.0,0.0,0.0,0.0,3683.3535180000003,6282.066011659708,1.1185783996707626,8266122993,22.00642325454155,14,6819.824521235479,201
Barangay 212,barangay,Tondo I/II,1303901212,2131.0,282356.74956603366,1617985.1101782438,0.0,0.0,2.0,0.0,0.0,0.0,2.0,1.0,1.0,1.0,0.0,3734.170479,1000.0178560653079,1.1185783996707626,6643623476,76.7839016936991,12,1192.1387766663192,202
Barangay 213,barangay,Tondo I/II,1303901213,3037.0,282056.7819206626,1617801.4216422313,0.0,0.0,0.0,0.0,0.0,0.0,0.0,0.0,0.0,2.0,0.0,5321.762433,328.93609751754207,1.1185783996707626,134253943,94.3895900434255,7,373.0704495434128,203
Barangay 214,barangay,Tondo I/II,1303901214,1323.0,282001.4105666416,1617906.2346530287,0.0,0.0,0.0,0.0,0.0,0.0,0.0,0.0,0.0,0.0,0.0,2318.304807,152.63690182160764,1.1185783996707626,1483494953,104.7859563582624,8,175.5716913366588,204
Barangay 215,barangay,Tondo I/II,1303901215,3147.0,282189.06409021566,1617968.4087730157,0.0,1.0,0.0,0.0,0.0,0.0,0.0,0.0,0.0,0.0,0.0,5514.516423,204.9489880513052,1.1185783996707626,134251267,55.5121892645511,7,243.48171367960506,205
Barangay 216,barangay,Tondo I/II,1303901216,2237.0,282189.6217023311,1617762.4167477828,0.0,0.0,0.0,0.0,0.0,0.0,0.0,0.0,0.0,0.0,0.0,3919.915233,147.3376658953518,1.1185783996707626,8657640472,27.928559065125686,7,170.3978515301099,206
Barangay 217,barangay,Tondo I/II,1303901217,1025.0,281942.28757342364,1617824.5951161562,0.0,0.0,0.0,0.0,0.0,0.0,0.0,0.0,0.0,0.0,0.0,1796.116725,152.63690182160764,1.1185783996707626,2270172358,69.22991407562996,8,148.11408497742613,207
Barangay 218,barangay,Tondo I/II,1303901218,339.0,281920.5468854566,1617547.0655232985,0.0,0.0,0.0,0.0,0.0,0.0,0.0,0.0,0.0,0.0,0.0,594.032751,157.5385302572518,1.1185783996707626,1904012195,92.6206591414732,9,168.1007040129531,208
Barangay 219,barangay,Tondo I/II,1303901219,1117.0,282296.61598843406,1617758.8862415906,0.0,0.0,0.0,0.0,0.0,0.0,0.0,0.0,0.0,0.0,1.0,1957.3291530000001,152.63690182160764,1.1185783996707626,67754918,48.26970890458436,8,177.82965233625393,209
Barangay 220,barangay,Tondo I/II,1303901220,1290.0,282515.5797120577,1617703.3869248938,1.0,0.0,0.0,0.0,0.0,0.0,0.0,0.0,0.0,0.0,1.0,2260.47861,3133.726924139494,1.1185783996707626,67754920,43.0569596249831,13,3703.719039383703,210
Barangay 221,barangay,Tondo I/II,1303901221,3395.0,281996.3177392507,1617356.5891380515,0.0,0.0,1.0,0.0,0.0,0.0,0.0,1.0,0.0,0.0,0.0,5949.0890549999995,147.3376658953518,1.1185783996707626,6477267795,39.24266462115087,7,153.3799545290302,211
Barangay 222,barangay,Tondo I/II,1303901222,1760.0,282005.9999943895,1617141.4762768145,0.0,2.0,0.0,0.0,0.0,0.0,1.0,0.0,0.0,2.0,0.0,3084.06384,427.4289350446526,1.1185783996707626,1904024393,38.95525328741021,6,471.318300436716,212
Barangay 223,barangay,Tondo I/II,1303901223,1583.0,282244.6885207923,1617295.4040250233,0.0,0.0,0.0,0.0,0.0,0.0,0.0,0.0,0.0,0.0,0.0,2773.905147,152.63690182160764,1.1185783996707626,11276360426,35.51787684900461,8,184.6318147988753,213
Barangay 224,barangay,Tondo I/II,1303901224,1078.0,282284.6854619349,1617489.0395796439,1.0,0.0,0.0,0.0,0.0,0.0,1.0,0.0,1.0,1.0,0.0,1888.989102,1544.845426529726,1.1185783996707626,11145454433,8.17300412343493,8,1715.4820511824553,214
Barangay 225,barangay,Tondo I/II,1303901225,2275.0,282245.8044370124,1617050.6950417198,0.0,0.0,0.0,0.0,0.0,0.0,0.0,0.0,0.0,0.0,0.0,3986.5029750000003,135.15501484037878,1.1185783996707626,1763090558,56.22048809344312,5,147.066487487414,215
Barangay 226,barangay,Tondo I/II,1303901226,1201.0,282185.3692545553,1617053.2437281543,0.0,0.0,0.0,0.0,0.0,0.0,0.0,0.0,0.0,4.0,1.0,2104.523109,1343.4223988244537,1.1185783996707626,8317485007,22.498115618588116,5,1494.455335998412,216
Barangay 227,barangay,Tondo I/II,1303901227,1726.0,282108.0796153174,1617494.7024633065,1.0,0.0,2.0,0.0,0.0,0.0,0.0,0.0,0.0,0.0,0.0,3024.485334,2757.8658060850016,1.1185783996707626,1904012192,26.96487936934242,8,3158.5363960788773,217
Barangay 228,barangay,Tondo I/II,1303901228,2697.0,281960.55765180546,1617495.927078825,0.0,2.0,2.0,0.0,0.0,0.0,1.0,0.0,0.0,0.0,0.0,4725.977373000001,449.5179498118907,1.1185783996707626,1904012195,63.339493715228556,7,471.5762677238403,218
Barangay 229,barangay,Tondo I/II,1303901229,1825.0,282119.62053403177,1617071.249205783,0.0,0.0,1.0,0.0,0.0,0.0,0.0,0.0,0.0,5.0,0.0,3197.963925,702.4536358760988,1.1185783996707626,1904024388,23.72727074762414,5,800.1834035466022,219
Barangay 230,barangay,Tondo I/II,1303901230,2376.0,282072.92757606436,1617067.8761228174,0.0,0.0,0.0,0.0,0.0,0.0,0.0,0.0,0.0,0.0,0.0,4163.486184,141.5520624213847,1.1185783996707626,1904012096,7.737794347560144,6,164.61692893733945,220
Barangay 231,barangay,Tondo I/II,1303901231,1389.0,282125.77731290454,1617297.145855578,0.0,1.0,0.0,0.0,1.0,0.0,0.0,0.0,1.0,2.0,0.0,2433.957201,776.7066252395736,1.1185783996707626,8386073040,25.355077158791993,8,911.1339655863852,221
Barangay 232,barangay,Tondo I/II,1303901232,1871.0,281875.41462919913,1617091.2585554663,1.0,0.0,1.0,0.0,0.0,0.0,0.0,0.0,0.0,0.0,1.0,3278.570139,6139.606533681304,1.1185783996707626,8246773794,65.63088614831142,6,6987.047884026494,222
Barangay 233,barangay,Tondo I/II,1303901233,724.0,281983.56382894644,1617010.9336953487,0.0,0.0,0.0,0.0,0.0,0.0,1.0,0.0,0.0,1.0,0.0,1268.671716,334.4911084008732,1.1185783996707626,1904012086,48.88024132315036,6,395.61346810983804,223
Barangay 234,barangay,Tondo I/II,1303901234,2013.0,281893.40102569235,1616863.2145226737,0.0,0.0,0.0,0.0,1.0,0.0,0.0,0.0,0.0,0.0,3.0,3527.3980169999995,1079.0284092997128,1.1185783996707626,257533748,92.57302113697087,6,1273.0688548192818,224
Barangay 235,barangay,Tondo I/II,1303901235,1264.0,282043.96070654446,1616742.5482568452,0.0,0.0,0.0,0.0,0.0,0.0,0.0,0.0,0.0,3.0,2.0,2214.918576,765.0409330884403,1.1185783996707626,1941102828,6.761908142256041,7,874.2024675944782,225
Barangay 236,barangay,Tondo I/II,1303901236,603.0,281859.07927944476,1616755.9385316265,0.0,0.0,0.0,0.0,0.0,0.0,0.0,0.0,0.0,1.0,1.0,1056.642327,745.4687841904848,1.1185783996707626,25250072,129.48819055093705,7,805.5863790137299,226
Barangay 237,barangay,Tondo I/II,1303901237,223.0,281837.86436535,1616668.622157422,0.0,0.0,0.0,0.0,0.0,0.0,0.0,0.0,0.0,0.0,0.0,390.764907,147.3376658953518,1.1185783996707626,25250072,67.0109017951476,7,163.90558230728357,227
Barangay 238,barangay,Tondo I/II,1303901238,390.0,281912.02067879937,1616076.985620407,0.0,0.0,0.0,0.0,0.0,0.0,0.0,0.0,0.0,4.0,0.0,683.4005099999999,1206.9909329439643,1.1185783996707626,1932790709,15.94315010582759,9,1260.1858138844548,228
Barangay 239,barangay,Tondo I/II,1303901239,1631.0,281956.3489320522,1616540.0345791834,0.0,0.0,0.0,0.0,0.0,0.0,0.0,0.0,0.0,0.0,0.0,2858.015979,147.3376658953518,1.1185783996707626,1941102823,9.20037763649829,7,157.3057555431572,229
Barangay 240,barangay,Tondo I/II,1303901240,91.0,281860.6425046653,1615851.9965816154,0.0,0.0,0.0,0.0,0.0,0.0,1.0,0.0,0.0,0.0,0.0,159.460119,228.75762280758437,1.1185783996707626,1733866067,74.17097852423038,9,234.79655097793977,230
Barangay 241,barangay,Tondo I/II,1303901241,303.0,281741.5906947154,1616427.6456364854,0.0,0.0,1.0,0.0,0.0,2.0,0.0,0.0,0.0,0.0,4.0,530.949627,3603.474847315583,1.1185783996707626,165746916,105.86909743101258,9,3766.982726410229,231
Barangay 242,barangay,Tondo I/II,1303901242,454.0,281838.28686136333,1616023.6974794976,0.0,1.0,0.0,0.0,0.0,0.0,1.0,0.0,0.0,1.0,1.0,795.5482860000001,1448.7236863511084,1.1185783996707626,165753068,53.68758550647203,12,1557.9821796385656,232
Barangay 243,barangay,Tondo I/II,1303901243,338.0,281847.220395191,1616340.6961885858,0.0,0.0,0.0,0.0,0.0,0.0,0.0,0.0,0.0,1.0,1.0,592.280442,418.86843442207345,1.1185783996707626,1932790752,94.82039271516896,9,429.60771729303474,233
Barangay 244,barangay,Tondo I/II,1303901244,659.0,281889.3897310813,1616289.3903301777,0.0,0.0,1.0,0.0,0.0,0.0,0.0,0.0,0.0,0.0,0.0,1154.7716309999998,152.63690182160764,1.1185783996707626,1932790752,59.89913545464876,8,157.3579263165611,234
Barangay 245,barangay,Tondo I/II,1303901245,318.0,281770.9855482081,1616028.6365184805,0.0,0.0,0.0,0.0,0.0,0.0,0.0,0.0,0.0,0.0,0.0,557.2342620000001,162.10805496544654,1.1185783996707626,1733866125,53.46997070882511,10,170.78109112683384,235
Barangay 246,barangay,Tondo I/II,1303901246,1258.0,281956.8294737976,1616327.3022746346,0.0,0.0,1.0,0.0,0.0,0.0,0.0,0.0,0.0,3.0,0.0,2204.404722,2010.0954327298894,1.1185783996707626,1932790752,17.804973187368898,8,2113.174185051064,236
Barangay 247,barangay,Tondo I/II,1303901247,876.0,281747.88631899084,1615888.9000917554,0.0,0.0,0.0,0.0,0.0,0.0,0.0,0.0,0.0,0.0,0.0,1535.022684,166.39534145628159,1.1185783996707626,1733866126,88.42214318590598,11,173.23321036645626,237
Barangay 248,barangay,Tondo I/II,1303901248,173.0,281798.2203354377,1616148.4114456878,0.0,0.0,0.0,0.0,0.0,0.0,0.0,0.0,0.0,1.0,0.0,303.149457,376.21822128950606,1.1185783996707626,1733866158,54.334786723081784,9,400.76023711587305,238
Barangay 249,barangay,Tondo I/II,1303901249,1750.0,282155.4042297367,1616824.7346160216,0.0,0.0,0.0,0.0,0.0,0.0,0.0,0.0,0.0,3.0,0.0,3066.54075,449.7424761733489,1.1185783996707626,257533756,63.93924748500543,5,521.1093983056039,239
Barangay 250,barangay,Tondo I/II,1303901250,1232.0,282061.16506030376,1616158.8657368722,2.0,1.0,1.0,0.0,0.0,0.0,1.0,0.0,0.0,2.0,1.0,2158.844688,5708.899776328459,1.1185783996707626,667977113,14.032933186635434,7,5992.767917484505,240
Barangay 251,barangay,Tondo I/II,1303901251,1339.0,282153.56135215133,1616666.5621432157,0.0,1.0,0.0,0.0,0.0,0.0,0.0,0.0,0.0,1.0,0.0,2346.341751,188.98858141029535,1.1185783996707626,244118066,70.85947456381184,6,200.161436429063,241
Barangay 252,barangay,Tondo I/II,1303901252,925.0,282088.25678554364,1616645.803271703,0.0,0.0,0.0,0.0,0.0,0.0,0.0,0.0,0.0,1.0,0.0,1620.885825,323.7704274167093,1.1185783996707626,56118768,67.47247266945105,6,348.7796055246393,242
Barangay 253,barangay,Tondo I/II,1303901253,1339.0,282203.8565992858,1616660.3712289273,0.0,1.0,0.0,0.0,0.0,0.0,1.0,0.0,1.0,0.0,0.0,2346.341751,320.36859622990147,1.1185783996707626,257533761,70.82200675384995,6,350.23145865704134,243
Barangay 254,barangay,Tondo I/II,1303901254,3513.0,282099.6882495928,1616374.2639433509,1.0,0.0,0.0,0.0,0.0,0.0,1.0,0.0,2.0,0.0,1.0,6155.861517,5485.970251668892,1.1185783996707626,1939413314,90.20662450566526,7,4981.703695406088,244
Barangay 255,barangay,Tondo I/II,1303901255,957.0,282275.6750975591,1616634.0952215253,0.0,0.0,0.0,0.0,0.0,0.0,0.0,0.0,0.0,0.0,0.0,1676.959713,141.5520624213847,1.1185783996707626,1763090537,70.81509617159642,6,148.89803020787974,245
Barangay 256,barangay,Tondo I/II,1303901256,1044.0,282259.9697157459,1616792.5772876227,0.0,0.0,0.0,0.0,0.0,0.0,0.0,0.0,0.0,0.0,0.0,1829.410596,135.15501484037878,1.1185783996707626,257533773,42.3939294556257,5,152.58847876819814,246
Barangay 257,barangay,Tondo I/II,1303901257,1341.0,282248.7840030682,1616300.9559613862,0.0,0.0,0.0,0.0,0.0,0.0,0.0,0.0,0.0,1.0,0.0,2349.8463690000003,163.0065223992915,1.1185783996707626,1939413326,28.942049645168602,6,159.8757545465667,247
Barangay 258,barangay,Tondo I/II,1303901258,708.0,282242.7471080738,1616416.4226018433,0.0,1.0,0.0,0.0,0.0,0.0,2.0,1.0,1.0,4.0,0.0,1240.634772,932.131340885986,1.1185783996707626,1630895481,46.8321892916507,5,944.3349892038513,248
Barangay 259,barangay,Tondo I/II,1303901259,2014.0,281997.66502360936,1615878.4218146605,4.0,1.0,1.0,0.0,0.0,0.0,0.0,4.0,2.0,5.0,1.0,3529.150326,16086.427004678568,1.1185783996707626,9897293241,85.06060021699996,10,16393.498706498467,249
Barangay 260,barangay,Tondo I/II,1303901260,1935.0,282208.21582786524,1615768.3351887534,1.0,0.0,3.0,0.0,0.0,0.0,2.0,0.0,7.0,14.0,4.0,3390.717915,12992.33963679158,1.1185783996707626,168190905,66.96379315909891,13,13397.524576576156,250
Barangay 261,barangay,Tondo I/II,1303901261,800.0,282413.0390396137,1616145.3210995889,0.0,2.0,1.0,0.0,0.0,0.0,0.0,0.0,4.0,0.0,2.0,1401.8472,1408.503967682272,1.1185783996707626,168189174,65.1411799169099,12,1411.2800732614458,251
Barangay 262,barangay,Tondo I/II,1303901262,3638.0,282249.5241092389,1616063.0541044404,0.0,2.0,0.0,0.0,2.0,0.0,2.0,0.0,4.0,3.0,0.0,6374.9001419999995,4748.583896099341,1.1185783996707626,552618882,59.965083416609346,18,4898.8318080133895,252
Barangay 263,barangay,Tondo I/II,1303901263,1317.0,282293.56957126956,1615939.2961177004,0.0,0.0,2.0,0.0,0.0,0.0,0.0,0.0,7.0,5.0,0.0,2307.790953,2336.3223399003928,1.1185783996707626,1732605995,69.69758649876373,17,2234.1881006684434,253
Barangay 264,barangay,Tondo I/II,1303901264,2758.0,282303.1451349964,1616185.0487059588,2.0,1.0,1.0,0.0,1.0,0.0,0.0,0.0,1.0,6.0,1.0,4832.868222,9166.695319336506,1.1185783996707626,394306544,100.36462031520117,13,9101.160398143169,254
Barangay 265,barangay,Tondo I/II,1303901265,146.0,282384.9421701958,1616300.9559613862,0.0,0.0,1.0,0.0,1.0,0.0,0.0,0.0,0.0,6.0,0.0,255.83711399999996,2037.7923673262426,1.1185783996707626,161610708,58.80310438089334,11,2100.197040025738,255
Barangay 266,barangay,Tondo I/II,1303901266,2072.0,282107.76072177663,1615783.7994725814,1.0,0.0,0.0,0.0,0.0,0.0,1.0,0.0,4.0,14.0,2.0,3630.784248,14144.63725886666,1.1185783996707626,1732605965,31.334861783583264,11,14094.313262930147,256
Barangay 267,barangay,Tondo I/II,1303901267,1780.0,282365.1490044132,1616424.7125556683,0.0,1.0,0.0,0.0,0.0,0.0,0.0,0.0,0.0,0.0,0.0,3119.11002,216.67188320232745,1.1185783996707626,165745134,55.953873724919596,9,228.40572437216775,257
Barangay 268,barangay,San Nicolas,1303901268,609.0,281471.22286577115,1615510.2082058296,0.0,1.0,1.0,1.0,0.0,0.0,0.0,0.0,3.0,11.0,0.0,1067.1561809999998,5719.860858209484,1.1185783996707626,159478492,39.10585426328935,10,5620.345179137499,258
Barangay 269,barangay,San Nicolas,1303901269,1095.0,281301.8957154808,1615479.7209126488,0.0,0.0,0.0,3.0,0.0,0.0,0.0,0.0,1.0,1.0,0.0,1918.7783550000001,2871.4817359369117,1.1185783996707626,159480246,89.17847283809729,10,2770.0357116907826,259
Barangay 270,barangay,San Nicolas,1303901270,954.0,281144.52282418305,1615230.1547808303,0.0,0.0,0.0,0.0,0.0,0.0,1.0,0.0,0.0,1.0,1.0,1671.702786,1411.2458083787337,1.1185783996707626,159482224,14.095578598028654,5,1371.0652966619657,260
Barangay 271,barangay,San Nicolas,1303901271,1315.0,281357.6234750857,1615274.3658251371,0.0,0.0,1.0,1.0,0.0,0.0,0.0,0.0,4.0,3.0,5.0,2304.2863350000002,7944.447243335713,1.1185783996707626,244119732,12.332067387422297,9,7418.771768655641,261
Barangay 272,barangay,San Nicolas,1303901272,1103.0,281059.13859810395,1615041.2032293854,0.0,0.0,0.0,0.0,0.0,0.0,0.0,0.0,0.0,0.0,0.0,1932.7968270000003,181.39394424234217,1.1185783996707626,1933587158,22.111804111098024,15,182.12784427954526,262
Barangay 273,barangay,San Nicolas,1303901273,454.0,281074.3238164025,1614973.8030637992,0.0,0.0,0.0,0.0,0.0,0.0,0.0,0.0,0.0,0.0,0.0,795.5482860000001,181.39394424234217,1.1185783996707626,159491762,39.598182438607886,15,179.89352064540452,263
Barangay 274,barangay,San Nicolas,1303901274,2062.0,280960.26828172256,1615140.9029393136,0.0,0.0,0.0,0.0,0.0,0.0,0.0,0.0,0.0,1.0,0.0,3613.261158,181.39394424234217,1.1185783996707626,1933305934,26.393676258455294,15,193.9045111540122,264
Barangay 275,barangay,San Nicolas,1303901275,20995.0,280753.26100290084,1614899.326143884,0.0,0.0,3.0,0.0,0.0,0.0,1.0,1.0,0.0,2.0,1.0,36789.727455,1750.621679964329,1.1185783996707626,1202535940,86.58080855605684,15,1809.2488621960902,265
Barangay 276,barangay,San Nicolas,1303901276,3077.0,281049.4216081983,1615185.1830919785,0.0,1.0,0.0,0.0,0.0,0.0,1.0,0.0,0.0,1.0,0.0,5391.854793,366.88892850471603,1.1185783996707626,159478181,11.604801629212798,15,380.9694014594991,266
Barangay 281,barangay,San Nicolas,1303901281,3436.0,281474.92694410775,1615062.0153896965,0.0,1.0,0.0,0.0,0.0,0.0,0.0,0.0,3.0,7.0,1.0,6020.9337239999995,2087.405575010098,1.1185783996707626,1732972001,63.41321117434448,2,1578.9800692384595,267
Barangay 282,barangay,San Nicolas,1303901282,2503.0,281648.71001921134,1614775.8822111015,2.0,1.0,6.0,0.0,0.0,0.0,1.0,2.0,2.0,4.0,11.0,4386.029427,14241.972095974555,1.1185783996707626,1933144229,91.96370464665678,3,10617.272907730545,268
Barangay 283,barangay,San Nicolas,1303901283,1364.0,281167.1404004171,1614776.4610270257,0.0,0.0,0.0,0.0,0.0,0.0,0.0,2.0,0.0,0.0,0.0,2390.149476,166.39534145628159,1.1185783996707626,159484099,35.83021381640765,11,149.05940497608813,269
Barangay 284,barangay,San Nicolas,1303901284,1076.0,281308.4112187852,1614813.5367740376,1.0,0.0,3.0,0.0,0.0,0.0,1.0,0.0,1.0,2.0,3.0,1885.4844839999998,6678.879812453142,1.1185783996707626,159484095,18.935326463791355,11,6000.045867781759,270
Barangay 285,barangay,San Nicolas,1303901285,2091.0,281428.5943062693,1614838.3297915624,1.0,0.0,2.0,0.0,0.0,0.0,1.0,0.0,0.0,3.0,2.0,3664.078119,7908.6204204992755,1.1185783996707626,1933587124,23.5625886228516,9,6983.14233884897,271
Barangay 286,barangay,San Nicolas,1303901286,4216.0,281017.4232343288,1614757.6046297392,0.0,0.0,0.0,0.0,0.0,0.0,0.0,0.0,0.0,0.0,0.0,7387.734744,170.43932090184643,1.1185783996707626,1933309209,63.295029259260055,12,153.52830325107857,272
Barangay 287,barangay,Binondo,1303901287,3117.0,281758.23102236696,1614973.0324841463,0.0,1.0,3.0,1.0,0.0,0.0,0.0,0.0,4.0,19.0,9.0,5461.947153,20337.416508797858,1.1185783996707626,8605247607,21.383273947561328,27,19148.936930624735,273
Barangay 288,barangay,Binondo,1303901288,2800.0,281826.46066912543,1615135.2695907413,1.0,0.0,1.0,0.0,1.0,0.0,1.0,0.0,15.0,5.0,3.0,4906.4652,6520.0236612515455,1.1185783996707626,1247885269,31.257242255427478,2,4800.196382959056,274
Barangay 289,barangay,Binondo,1303901289,1352.0,281911.57550671673,1614958.2107812124,0.0,2.0,0.0,0.0,0.0,0.0,0.0,1.0,16.0,25.0,15.0,2369.121768,11411.35504265615,1.1185783996707626,1732971946,83.99630971602777,2,8422.81735424294,275
Barangay 290,barangay,Binondo,1303901290,1713.0,282138.0495359716,1614972.015102648,1.0,3.0,3.0,0.0,0.0,0.0,1.0,0.0,5.0,13.0,1.0,3001.705317,7602.369401921935,1.1185783996707626,10866507726,28.42765243390183,9,6703.314711291005,276
Barangay 291,barangay,Binondo,1303901291,2537.0,282196.69812189694,1614794.928160396,0.0,2.0,3.0,0.0,0.0,2.0,1.0,2.0,15.0,29.0,36.0,4445.607933,38175.77520479344,1.1185783996707626,1555024491,59.976768026680304,32,36328.169405849745,277
Barangay 292,barangay,Binondo,1303901292,3113.0,281876.34395409323,1615489.5548950573,0.0,1.0,0.0,0.0,0.0,0.0,1.0,0.0,1.0,5.0,1.0,5454.937917,2658.1293388416107,1.1185783996707626,400791752,78.28674895569569,8,2686.8574433685885,278
Barangay 293,barangay,Binondo,1303901293,3708.0,281661.45198805805,1615503.1718039582,0.0,2.0,8.0,7.0,3.0,1.0,0.0,0.0,24.0,14.0,5.0,6497.561772000001,39217.199217616355,1.1185783996707626,9871628066,107.72574565550912,12,36215.7726762227,279
Barangay 294,barangay,Binondo,1303901294,1905.0,282024.1628319338,1615566.8439089824,0.0,0.0,1.0,0.0,0.0,0.0,1.0,1.0,2.0,18.0,0.0,3338.148645,4832.953573168819,1.1185783996707626,2462935951,25.40561294145935,13,4770.264364143721,280
Barangay 295,barangay,Binondo,1303901295,1417.0,282079.9532263098,1615370.5019120956,0.0,1.0,1.0,0.0,0.0,0.0,0.0,0.0,8.0,11.0,2.0,2483.021853,3947.4124631230666,1.1185783996707626,1943911201,83.60357873417824,8,3599.4802780775544,281
Barangay 296,barangay,Binondo,1303901296,2273.0,281934.4744798365,1615314.473196968,0.0,5.0,0.0,0.0,0.0,0.0,0.0,0.0,14.0,20.0,1.0,3982.998357,6533.802365648456,1.1185783996707626,161610690,42.76146977425627,10,6217.095743868849,282
Barangay 297,barangay,Santa Cruz,1303901297,2015.0,282134.19597804424,1615185.0885398923,0.0,2.0,2.0,0.0,2.0,0.0,0.0,0.0,5.0,23.0,2.0,3530.902635,8890.598270858625,1.1185783996707626,1961030445,60.97676850993353,13,8119.138614703602,283
Barangay 298,barangay,Santa Cruz,1303901298,1079.0,282293.37786822405,1615088.8526818804,0.0,2.0,1.0,0.0,0.0,0.0,0.0,0.0,10.0,28.0,2.0,1890.741411,7145.699302343967,1.1185783996707626,393562265,23.041704494822024,9,6293.778950153367,284
Barangay 299,barangay,Santa Cruz,1303901299,1447.0,282237.7348175312,1615449.8024041979,0.0,0.0,1.0,0.0,0.0,0.0,0.0,0.0,0.0,12.0,4.0,2535.5911229999997,4712.321998974838,1.1185783996707626,161607151,71.66979033516789,16,4596.0854042986,285
Barangay 300,barangay,Santa Cruz,1303901300,1341.0,282177.8715064608,1615272.5643160432,0.0,3.0,2.0,0.0,1.0,0.0,0.0,0.0,7.0,21.0,0.0,2349.8463690000003,5129.564763003794,1.1185783996707626,1961030445,39.53268095328966,14,4761.201420899438,286
Barangay 301,barangay,Santa Cruz,1303901301,505.0,282359.2118918711,1615303.6544886115,0.0,1.0,0.0,0.0,0.0,0.0,1.0,1.0,4.0,24.0,8.0,884.916045,7789.406753523922,1.1185783996707626,1657463955,80.44952507453505,18,7969.207327126549,287
Barangay 302,barangay,Santa Cruz,1303901302,766.0,282290.0985311993,1615260.8097206727,2.0,4.0,1.0,0.0,0.0,0.0,2.0,0.0,4.0,24.0,2.0,1342.268694,8346.51753876049,1.1185783996707626,161607152,79.22059236549936,15,7615.190808042324,288
Barangay 303,barangay,Santa Cruz,1303901303,738.0,282441.8289524484,1614961.1600166992,0.0,0.0,7.0,3.0,3.0,0.0,1.0,3.0,12.0,48.0,1.0,1293.204042,28366.616164828512,1.1185783996707626,4175665590,30.216064699153943,39,30025.06386428533,289
Barangay 304,barangay,Santa Cruz,1303901304,307.0,282549.69390913146,1615394.372079881,0.0,1.0,1.0,0.0,1.0,0.0,0.0,0.0,2.0,5.0,8.0,537.9588630000001,8253.796462633083,1.1185783996707626,185351944,82.19220251171811,19,9222.589374870024,290
Barangay 305,barangay,Santa Cruz,1303901305,899.0,282446.33731789223,1615321.734484069,0.0,1.0,1.0,0.0,1.0,0.0,2.0,0.0,1.0,27.0,10.0,1575.325791,17260.547080949513,1.1185783996707626,159489406,37.79251138886014,19,17946.471511324493,291
Barangay 306,barangay,Quiapo,1303901306,1273.0,282626.09476403915,1614729.9784774235,2.0,6.0,3.0,2.0,5.0,2.0,1.0,1.0,15.0,61.0,50.0,2230.6893569999997,74961.02593761099,1.1185783996707626,1869703241,38.50626127876009,37,65975.56516362588,292
Barangay 307,barangay,Quiapo,1303901307,1399.0,282698.88078403554,1614965.7991513354,0.0,3.0,1.0,1.0,2.0,1.0,1.0,0.0,8.0,62.0,43.0,2451.480291,44148.2215619078,1.1185783996707626,1278908805,60.65818677292626,34,44507.2165389622,293
Barangay 308,barangay,Quiapo,1303901308,965.0,282853.25547608896,1615275.7523161299,1.0,0.0,2.0,2.0,0.0,0.0,0.0,0.0,6.0,4.0,2.0,1690.978185,12787.088788702697,1.1185783996707626,990043684,76.57664637019981,40,14168.277361699913,294
Barangay 309,barangay,Quiapo,1303901309,1162.0,282692.22222128423,1615285.5169888013,5.0,0.0,1.0,0.0,2.0,0.0,0.0,1.0,0.0,49.0,2.0,2036.183058,31429.151025110892,1.1185783996707626,1278060362,14.770583664197396,36,33777.17223962875,295
Barangay 310,barangay,Santa Cruz,1303901310,13761.0,282797.87422430766,1615567.6252273617,0.0,0.0,2.0,1.0,0.0,3.0,2.0,2.0,0.0,3.0,0.0,24113.524149000004,4270.009491595358,1.1185783996707626,67758397,104.91796413330883,36,4734.141652215598,296
Barangay 311,barangay,Santa Cruz,1303901311,1805.0,282905.80389514787,1615807.991373673,0.0,4.0,1.0,1.0,0.0,0.0,0.0,0.0,2.0,1.0,5.0,3162.9177449999997,8369.351649314542,1.1185783996707626,704394440,15.242796405027965,36,9364.33856298721,297
Barangay 312,barangay,Santa Cruz,1303901312,2945.0,282702.70535722666,1615745.130355028,1.0,1.0,1.0,0.0,0.0,3.0,1.0,0.0,1.0,7.0,1.0,5160.550005,7971.991517587996,1.1185783996707626,67766425,28.653477307770547,32,8793.688355775015,298
Barangay 313,barangay,Santa Cruz,1303901313,3587.0,282440.3121449598,1615557.4984870306,0.0,0.0,0.0,0.0,1.0,2.0,0.0,0.0,3.0,10.0,2.0,6285.532383,5887.734106713756,1.1185783996707626,161606716,60.779581828779065,17,6170.977143377701,299
Barangay 314,barangay,Santa Cruz,1303901314,1630.0,282449.24098376685,1615734.5773882656,1.0,1.0,2.0,0.0,0.0,0.0,0.0,0.0,2.0,2.0,0.0,2856.26367,7655.856171101336,1.1185783996707626,168189168,55.00280498638633,17,7962.434440853206,300
Barangay 315,barangay,Santa Cruz,1303901315,2150.0,282898.0068688238,1615972.4112000982,1.0,4.0,2.0,0.0,0.0,0.0,0.0,1.0,1.0,5.0,0.0,3767.46435,12462.210687878349,1.1185783996707626,67770261,41.58624933732731,27,13397.761797897587,301
Barangay 316,barangay,Santa Cruz,1303901316,856.0,282698.477709786,1616009.9163097893,0.0,0.0,1.0,0.0,0.0,0.0,1.0,1.0,1.0,2.0,0.0,1499.976504,1361.0616295886703,1.1185783996707626,67770107,42.14003109500446,19,1483.4945611001974,302
Barangay 317,barangay,Santa Cruz,1303901317,1573.0,282977.92418619175,1616296.7902902036,0.0,0.0,0.0,0.0,0.0,0.0,0.0,0.0,1.0,2.0,1.0,2756.382057,1116.0525519517894,1.1185783996707626,67770045,57.087054300620956,19,1190.035510483796,303
Barangay 318,barangay,Santa Cruz,1303901318,781.0,282908.1234072299,1616172.139430007,0.0,0.0,0.0,0.0,0.0,0.0,0.0,0.0,1.0,0.0,0.0,1368.553329,193.95268141278459,1.1185783996707626,67770568,80.17998499280391,19,199.1202525299317,304
Barangay 319,barangay,Santa Cruz,1303901319,1358.0,283012.6482087353,1616169.4872523816,0.0,0.0,0.0,0.0,0.0,0.0,0.0,0.0,0.0,2.0,0.0,2379.635622,291.986647209826,1.1185783996707626,5732974401,63.51749550899896,19,294.6865463715578,305
Barangay 320,barangay,Santa Cruz,1303901320,1416.0,282777.0180122468,1616314.870477444,0.0,1.0,0.0,0.0,0.0,0.0,0.0,0.0,1.0,13.0,1.0,2481.269544,3272.906839788291,1.1185783996707626,67770867,55.58149000415527,20,3544.929921082643,306
Barangay 321,barangay,Santa Cruz,1303901321,384.0,282713.1009349039,1616186.786702938,0.0,1.0,0.0,0.0,0.0,0.0,0.0,0.0,0.0,15.0,1.0,672.886656,3285.157621673553,1.1185783996707626,191592143,79.25901034694533,11,3436.298879075184,307
Barangay 322,barangay,Santa Cruz,1303901322,867.0,282811.026279702,1616179.2061592708,0.0,0.0,0.0,0.0,0.0,0.0,0.0,1.0,0.0,1.0,0.0,1519.2519029999999,480.39021389166675,1.1185783996707626,67770566,84.39480900717122,20,497.661119928962,308
Barangay 323,barangay,Santa Cruz,1303901323,1076.0,282987.2939545437,1616407.6401692098,0.0,0.0,1.0,0.0,0.0,0.0,0.0,0.0,0.0,3.0,0.0,1885.4844839999998,1009.694772111002,1.1185783996707626,67771068,44.62753865086221,21,1168.625965295065,309
Barangay 324,barangay,Santa Cruz,1303901324,643.0,282831.43044695485,1616431.101189443,1.0,0.0,0.0,0.0,0.0,0.0,0.0,0.0,0.0,0.0,0.0,1126.734687,1555.291962726642,1.1185783996707626,67771067,74.11782573445863,20,1702.571625755576,310
Barangay 325,barangay,Santa Cruz,1303901325,526.0,282733.50530263584,1616443.773007941,0.0,2.0,0.0,0.0,0.0,0.0,1.0,0.0,0.0,2.0,0.0,921.714534,527.4353229306797,1.1185783996707626,8649670973,54.57237343884281,11,577.7136273662327,311
Barangay 326,barangay,Santa Cruz,1303901326,841.0,282508.03506595024,1616204.7578913695,0.0,0.0,1.0,0.0,0.0,0.0,0.0,0.0,4.0,1.0,0.0,1473.6918689999998,965.8766535003826,1.1185783996707626,168189176,70.93927613679159,11,997.7432129053656,312
Barangay 327,barangay,Santa Cruz,1303901327,1242.0,282501.2354328742,1616391.5236741793,2.0,0.0,0.0,0.0,0.0,0.0,0.0,0.0,1.0,3.0,0.0,2176.3677780000003,9104.880682780888,1.1185783996707626,168189177,16.719410320728475,11,9626.563306970727,313
Barangay 328,barangay,Santa Cruz,1303901328,659.0,282489.1251873537,1616084.0969224866,0.0,0.0,0.0,0.0,0.0,0.0,0.0,1.0,0.0,1.0,0.0,1154.7716309999998,775.4866649150282,1.1185783996707626,168189174,55.48867657284743,12,780.5026149254251,314
Barangay 329,barangay,Santa Cruz,1303901329,459.0,282489.27082170994,1615850.6288296664,0.0,0.0,1.0,0.0,0.0,0.0,0.0,0.0,0.0,1.0,1.0,804.309831,984.059018585079,1.1185783996707626,67772940,73.8715590175644,17,1038.7072284766248,315
Barangay 330,barangay,Santa Cruz,1303901330,2949.0,282401.3948222447,1615908.757994216,1.0,0.0,1.0,0.0,0.0,0.0,2.0,0.0,0.0,0.0,0.0,5167.559241000001,5053.845531138626,1.1185783996707626,168189171,59.336186806712384,17,5325.666974059921,316
Barangay 331,barangay,Santa Cruz,1303901331,860.0,282525.5457253714,1616699.3149985117,0.0,6.0,2.0,0.0,0.0,0.0,1.0,1.0,1.0,0.0,0.0,1506.98574,8512.372631942873,1.1185783996707626,1763090525,159.29139760588168,16,9235.19182541427,317
Barangay 332,barangay,Santa Cruz,1303901332,640.0,282599.6791753343,1616070.4956621984,0.0,0.0,1.0,0.0,0.0,0.0,0.0,1.0,0.0,0.0,0.0,1121.4777600000002,206.02078487996675,1.1185783996707626,165744785,72.97051706955644,12,219.79993603909617,318
Barangay 333,barangay,Santa Cruz,1303901333,1024.0,282610.4156841864,1616196.5316929216,0.0,1.0,1.0,0.0,0.0,0.0,0.0,1.0,0.0,15.0,0.0,1794.364416,3418.504225697053,1.1185783996707626,165744945,85.81866334053119,11,3567.792055712447,319
Barangay 334,barangay,Santa Cruz,1303901334,1467.0,282622.24129999446,1616328.696261411,0.0,2.0,1.0,0.0,0.0,1.0,2.0,0.0,1.0,30.0,1.0,2570.6373030000004,6759.440567887237,1.1185783996707626,165745031,76.56603859922463,11,7222.757565660645,320
Barangay 335,barangay,Santa Cruz,1303901335,1078.0,282580.9724417832,1615841.2992827864,1.0,0.0,1.0,0.0,0.0,1.0,0.0,0.0,0.0,0.0,0.0,1888.989102,1971.3973669123595,1.1185783996707626,67767353,81.81911315698058,17,2163.740047364837,321
Barangay 336,barangay,Santa Cruz,1303901336,1986.0,282813.4064061656,1616834.1835259164,1.0,2.0,0.0,1.0,0.0,1.0,0.0,0.0,4.0,4.0,0.0,3480.085674,4853.887846848615,1.1185783996707626,67758402,63.47838942604996,14,5559.612127216344,322
Barangay 337,barangay,Santa Cruz,1303901337,1203.0,282806.03426707356,1616696.6394203007,0.0,3.0,0.0,0.0,0.0,0.0,0.0,0.0,0.0,4.0,0.0,2108.027727,1365.425440303561,1.1185783996707626,67771536,63.83212930347062,14,1513.549959865447,323
Barangay 338,barangay,Santa Cruz,1303901338,1426.0,283011.0590868331,1616659.6328741207,0.0,0.0,0.0,0.0,0.0,0.0,0.0,0.0,0.0,1.0,0.0,2498.792634,278.8122678688321,1.1185783996707626,67771522,49.21953843929854,22,308.75528993711055,324
Barangay 339,barangay,Santa Cruz,1303901339,1551.0,282796.8035848374,1616559.021999802,0.0,0.0,1.0,0.0,0.0,0.0,0.0,0.0,1.0,4.0,0.0,2717.831259,1244.470817032449,1.1185783996707626,67771246,63.5327315584543,22,1402.9900809054704,325
Barangay 340,barangay,Santa Cruz,1303901340,1785.0,283001.97397307225,1616564.4334365888,0.0,0.0,0.0,0.0,0.0,0.0,0.0,0.0,0.0,0.0,0.0,3127.8715650000004,199.57842622892014,1.1185783996707626,67771522,54.034904829286354,21,218.36374946360394,326
Barangay 341,barangay,Santa Cruz,1303901341,1615.0,283007.3773965889,1616863.1814563386,0.0,0.0,2.0,0.0,0.0,0.0,0.0,0.0,0.0,3.0,0.0,2829.9790350000003,1101.9978155155434,1.1185783996707626,67769517,78.23921014857848,22,1302.8316575548183,327
Barangay 342,barangay,Santa Cruz,1303901342,1765.0,283217.7066622744,1616569.211666174,0.0,1.0,0.0,0.0,0.0,1.0,1.0,0.0,1.0,0.0,3.0,3092.825385,1406.6191570221974,1.1185783996707626,68071450,70.96629631379595,18,1713.3323934061486,328
Barangay 343,barangay,Santa Cruz,1303901343,3037.0,283284.6655892265,1616736.572326079,0.0,0.0,0.0,0.0,0.0,1.0,0.0,0.0,1.0,2.0,1.0,5321.762433,680.3076145273786,1.1185783996707626,68070848,43.09247785436851,18,828.9095669865613,329
Barangay 344,barangay,Santa Cruz,1303901344,644.0,282860.0337791004,1616967.7548686364,1.0,1.0,1.0,0.0,0.0,0.0,2.0,0.0,2.0,1.0,0.0,1128.486996,5227.080616863669,1.1185783996707626,67758403,59.71060783645454,14,6217.593475441356,330
Barangay 345,barangay,Santa Cruz,1303901345,1332.0,282829.4202726756,1617252.6557256407,0.0,0.0,0.0,0.0,0.0,0.0,0.0,0.0,0.0,0.0,0.0,2334.075588,181.39394424234217,1.1185783996707626,68098262,64.12198314927382,15,227.51221548922908,331
Barangay 346,barangay,Santa Cruz,1303901346,1501.0,282825.3224093019,1617125.2546899754,1.0,0.0,0.0,0.0,0.0,0.0,1.0,0.0,0.0,1.0,0.0,2630.2158090000003,2746.2079941973975,1.1185783996707626,67756012,53.47668344896177,13,3303.0120587567826,332
Barangay 347,barangay,Santa Cruz,1303901347,1283.0,282834.18805896153,1617390.4530120618,0.0,0.0,0.0,0.0,0.0,0.0,0.0,0.0,0.0,1.0,2.0,2248.212447,931.3612168364635,1.1185783996707626,68097991,64.34893124885284,15,1141.442067302818,333
Barangay 348,barangay,Santa Cruz,1303901348,955.0,282838.50747529184,1617489.359245698,0.0,0.0,0.0,0.0,0.0,1.0,0.0,0.0,2.0,1.0,1.0,1673.4550950000003,1418.023708959123,1.1185783996707626,68097808,23.40467880890534,14,1737.8536076079424,334
Barangay 349,barangay,Santa Cruz,1303901349,548.0,283046.83212567784,1617510.126011068,0.0,0.0,0.0,0.0,0.0,0.0,0.0,0.0,0.0,0.0,0.0,960.265332,202.25773536965957,1.1185783996707626,43102191,42.09910359760008,22,222.45669994161963,335
Barangay 350,barangay,Santa Cruz,1303901350,8026.0,283084.476786332,1617247.8026838307,0.0,0.0,1.0,1.0,1.0,0.0,0.0,3.0,11.0,3.0,3.0,14064.032034,21722.147296137446,1.1185783996707626,2326819801,72.1806203016294,24,23778.030523333466,336
Barangay 351,barangay,Santa Cruz,1303901351,3415.0,283308.09518806793,1617263.3023706237,0.0,1.0,0.0,0.0,0.0,0.0,0.0,0.0,0.0,1.0,0.0,5984.135235,342.701079006286,1.1185783996707626,72472410,33.40601521247802,18,334.7010860351441,337
Barangay 352,barangay,Santa Cruz,1303901352,1401.0,283309.8757225437,1616942.2632371956,1.0,1.0,0.0,0.0,0.0,0.0,0.0,0.0,0.0,2.0,0.0,2454.9849090000002,5401.089558194463,1.1185783996707626,366565040,22.178699612345426,21,5894.099889317583,338
Barangay 353,barangay,Santa Cruz,1303901353,3010.0,282563.09978670516,1616973.361674085,0.0,1.0,1.0,0.0,0.0,0.0,0.0,0.0,0.0,4.0,1.0,5274.450089999999,2748.426646181595,1.1185783996707626,56128559,82.7472269213241,16,3353.247174623509,339
Barangay 354,barangay,Santa Cruz,1303901354,2200.0,282568.110136357,1617121.0604891786,0.0,0.0,0.0,0.0,0.0,0.0,1.0,0.0,1.0,8.0,0.0,3855.0798000000004,1573.59408573417,1.1185783996707626,56128820,76.94777607881126,11,1876.6135447461984,340
Barangay 355,barangay,Santa Cruz,1303901355,1118.0,282342.01187095616,1617050.6950417198,1.0,0.0,2.0,0.0,0.0,0.0,0.0,0.0,0.0,2.0,2.0,1959.0814619999996,7459.878540103308,1.1185783996707626,1763054225,19.68605318943256,11,8515.37168501311,341
Barangay 356,barangay,Santa Cruz,1303901356,443.0,282631.58664770116,1617504.6164684945,0.0,0.0,0.0,0.0,0.0,1.0,0.0,0.0,0.0,5.0,0.0,776.2728870000001,866.4189788725245,1.1185783996707626,56128264,32.2552819446355,13,1058.2270187251152,342
Barangay 357,barangay,Santa Cruz,1303901357,553.0,282652.66037683893,1617411.0171204498,0.0,0.0,0.0,0.0,0.0,0.0,0.0,0.0,0.0,2.0,0.0,969.026877,536.1355574036683,1.1185783996707626,56128264,66.49065096360486,14,644.489866400268,343
Barangay 358,barangay,Santa Cruz,1303901358,1167.0,282647.8385754567,1617258.777796742,0.0,0.0,0.0,0.0,0.0,0.0,0.0,0.0,0.0,3.0,0.0,2044.9446030000001,836.953270989119,1.1185783996707626,56128558,69.81044425687745,15,1038.7015736783005,344
Barangay 359,barangay,Santa Cruz,1303901359,459.0,282451.42820305267,1617539.6674376177,0.0,0.0,1.0,0.0,0.0,0.0,0.0,0.0,0.0,0.0,0.0,804.309831,174.27103084753864,1.1185783996707626,1763054228,38.730045013671806,13,200.74820314496316,345
Barangay 360,barangay,Santa Cruz,1303901360,796.0,282463.0256012988,1617401.5810809894,0.0,0.0,0.0,0.0,0.0,0.0,1.0,0.0,0.0,0.0,0.0,1394.837964,181.39394424234217,1.1185783996707626,56128107,71.55557573273532,15,212.70974173555956,346
Barangay 361,barangay,Santa Cruz,1303901361,726.0,282498.6355081052,1617257.9329997755,0.0,0.0,1.0,0.0,0.0,0.0,0.0,0.0,0.0,0.0,0.0,1272.176334,177.91565636240438,1.1185783996707626,56128935,61.1226253968997,14,218.54546432406647,347
Barangay 362,barangay,Santa Cruz,1303901362,290.0,282364.84410196106,1617276.4976703215,0.0,0.0,0.0,0.0,0.0,0.0,0.0,0.0,0.0,1.0,0.0,508.16961,245.01515547777163,1.1185783996707626,1763054219,17.919425757865845,14,293.1618459535687,348
Barangay 363,barangay,Santa Cruz,1303901363,616.0,282831.5959287861,1617663.1585628937,0.0,0.0,0.0,0.0,0.0,0.0,1.0,0.0,0.0,2.0,0.0,1079.422344,1152.5594841243649,1.1185783996707626,43101177,29.359045467614813,22,1394.7442010467842,349
Barangay 364,barangay,Santa Cruz,1303901364,2057.0,283061.05196583073,1617627.6905362732,0.0,0.0,0.0,0.0,0.0,0.0,0.0,0.0,0.0,0.0,0.0,3604.4996130000004,196.81245462657486,1.1185783996707626,43102191,82.6537735811112,20,206.38284763832175,350
Barangay 365,barangay,Santa Cruz,1303901365,1387.0,282911.9973394269,1617619.917660288,1.0,0.0,0.0,0.0,1.0,0.0,0.0,0.0,0.0,0.0,0.0,2430.452583,3670.9446278217292,1.1185783996707626,12057989618,66.28102783550175,22,4378.289695646333,351
Barangay 366,barangay,Santa Cruz,1303901366,1256.0,282823.64438139735,1617793.0164536457,0.0,0.0,0.0,0.0,0.0,0.0,0.0,0.0,0.0,0.0,0.0,2200.900104,181.39394424234217,1.1185783996707626,1657379815,67.48269798927834,15,206.16872299099722,352
Barangay 367,barangay,Santa Cruz,1303901367,2063.0,283018.72280633694,1617781.0921784707,0.0,1.0,0.0,0.0,2.0,0.0,0.0,0.0,0.0,1.0,0.0,3615.0134669999998,1123.9040334660174,1.1185783996707626,1483485749,60.85367290868796,23,1278.866170040873,353
Barangay 368,barangay,Santa Cruz,1303901368,658.0,283335.9733455495,1617427.5227857437,0.0,0.0,0.0,0.0,0.0,0.0,0.0,0.0,0.0,2.0,0.0,1153.019322,315.5079438146337,1.1185783996707626,43104386,37.81748513644949,15,314.22168258441866,354
Barangay 369,barangay,Santa Cruz,1303901369,1785.0,283182.34355353087,1617596.3527095937,0.0,0.0,0.0,0.0,0.0,0.0,0.0,0.0,0.0,0.0,0.0,3127.8715650000004,187.9180689479487,1.1185783996707626,8311636633,45.09835309728184,17,189.587881930134,355
Barangay 370,barangay,Santa Cruz,1303901370,628.0,283204.10802009504,1617777.7063869205,0.0,1.0,0.0,0.0,1.0,0.0,0.0,0.0,0.0,1.0,0.0,1100.450052,978.4811942898241,1.1185783996707626,8269493673,57.87727665234942,17,1082.042452901577,356
Barangay 371,barangay,Santa Cruz,1303901371,858.0,283319.98268285365,1617634.558566994,0.0,2.0,0.0,0.0,0.0,1.0,0.0,0.0,0.0,3.0,1.0,1503.4811220000001,1655.974324129025,1.1185783996707626,43104072,77.51064115110111,17,1728.8635982886265,357
Barangay 372,barangay,Santa Cruz,1303901372,4332.0,283406.7183865428,1618441.706783201,1.0,0.0,1.0,0.0,1.0,0.0,0.0,0.0,0.0,2.0,1.0,7591.002587999999,4575.681214208355,1.1185783996707626,1277947922,226.95903402939558,18,4502.56030312455,358
Barangay 373,barangay,Santa Cruz,1303901373,3977.0,282800.2060237824,1618392.114264178,0.0,0.0,0.0,0.0,0.0,0.0,0.0,0.0,1.0,2.0,0.0,6968.932893,379.0920354911717,1.1185783996707626,31461819,127.7354278012353,9,406.4502427708298,359
Barangay 374,barangay,Santa Cruz,1303901374,4221.0,282663.96597794164,1618421.3261162003,0.0,0.0,0.0,0.0,0.0,1.0,0.0,1.0,0.0,5.0,0.0,7396.496289,874.1738400079915,1.1185783996707626,1479792243,62.47834685551696,9,968.3894796202735,360
Barangay 375,barangay,Santa Cruz,1303901375,4466.0,282779.11469911423,1618276.925195268,0.0,1.0,0.0,0.0,0.0,0.0,0.0,0.0,0.0,1.0,0.0,7825.8119940000015,170.72588437230226,1.1185783996707626,1479806373,39.30071196075116,7,175.84070864391745,361
Barangay 376,barangay,Santa Cruz,1303901376,962.0,283251.22786963853,1617980.8564052505,0.0,3.0,2.0,0.0,0.0,0.0,0.0,0.0,2.0,0.0,0.0,1685.721258,3754.4175721701777,1.1185783996707626,1483485746,116.64460291942748,17,3717.0995264229778,362
Barangay 377,barangay,Santa Cruz,1303901377,663.0,283010.08669128094,1618113.3614329859,0.0,0.0,0.0,0.0,0.0,0.0,1.0,0.0,0.0,1.0,0.0,1161.780867,331.75448475517845,1.1185783996707626,2692063490,24.124611181608387,16,323.94828347861693,363
Barangay 378,barangay,Santa Cruz,1303901378,683.0,282904.6137699832,1618222.2816040213,1.0,0.0,0.0,0.0,0.0,0.0,0.0,0.0,0.0,0.0,0.0,1196.827047,1112.8344463698463,1.1185783996707626,1479806386,37.38046848746696,7,1129.9058131584018,364
Barangay 379,barangay,Santa Cruz,1303901379,729.0,283086.79794593214,1617916.1710825479,0.0,1.0,0.0,0.0,0.0,0.0,0.0,0.0,0.0,0.0,0.0,1277.433261,187.9180689479487,1.1185783996707626,1483485750,36.56137631176308,17,195.02019146044518,365
Barangay 380,barangay,Santa Cruz,1303901380,957.0,283006.6605720705,1617961.1021069959,0.0,0.0,0.0,0.0,0.0,0.0,0.0,0.0,1.0,0.0,0.0,1676.959713,184.72320956992047,1.1185783996707626,43101715,52.18474843304441,16,188.43140542128947,366
Barangay 381,barangay,Santa Cruz,1303901381,1473.0,282854.3546754954,1617938.0565646421,0.0,1.0,0.0,0.0,0.0,0.0,2.0,0.0,0.0,1.0,0.0,2581.151157,688.3807137541747,1.1185783996707626,339267972,20.25133533303931,22,806.8438892349407,367
Barangay 382,barangay,Santa Cruz,1303901382,804.0,282823.4096376563,1618124.1329806612,0.0,0.0,0.0,0.0,0.0,0.0,0.0,0.0,2.0,4.0,0.0,1408.8564359999998,1079.5582854016998,1.1185783996707626,339268768,25.736193069882937,12,1248.7749961825168,368
Barangay 383,barangay,Quiapo,1303901383,2529.0,282898.02127235907,1614737.7911402113,0.0,1.0,1.0,0.0,0.0,0.0,0.0,0.0,7.0,16.0,7.0,4431.5894610000005,8663.59464988601,1.1185783996707626,163700607,12.24981018184187,21,8575.893061741834,369
Barangay 384,barangay,Quiapo,1303901384,3830.0,282844.25610200857,1614591.423139628,0.0,0.0,2.0,0.0,2.0,0.0,1.0,0.0,7.0,12.0,7.0,6711.34347,13540.532594889934,1.1185783996707626,400699450,50.6356058910913,36,13197.164317371977,370
Barangay 385,barangay,Quiapo,1303901385,3549.0,283190.7453319071,1614554.1545493181,2.0,0.0,0.0,0.0,0.0,0.0,0.0,0.0,0.0,0.0,1.0,6218.944641000001,14489.312782782763,1.1185783996707626,320818958,50.684629289796725,21,13366.245852221968,371
Barangay 386,barangay,Quiapo,1303901386,1245.0,283439.14634652995,1614474.770576119,1.0,0.0,2.0,0.0,0.0,0.0,0.0,0.0,0.0,1.0,6.0,2181.624705,6214.046230896851,1.1185783996707626,320818886,67.46230393541651,6,4980.889868135613,372
Barangay 387,barangay,Quiapo,1303901387,2678.0,283208.1667156887,1614730.607958892,0.0,0.0,2.0,0.0,0.0,0.0,0.0,0.0,0.0,0.0,2.0,4692.683502,1980.1660377874853,1.1185783996707626,320818954,50.32698571627765,22,1958.4382524645303,373
Barangay 388,barangay,Quiapo,1303901388,1553.0,283268.1518279973,1614804.053757556,1.0,0.0,0.0,0.0,0.0,0.0,1.0,1.0,0.0,0.0,0.0,2721.335877,6877.354352358355,1.1185783996707626,320818954,122.17806092009116,25,6706.995483985767,374
Barangay 389,barangay,Quiapo,1303901389,1788.0,283523.99375854677,1614868.0933418577,1.0,0.0,1.0,0.0,0.0,0.0,1.0,1.0,3.0,5.0,0.0,3133.1284920000003,4656.897690869303,1.1185783996707626,1346513226,43.753249543125165,12,4811.485232126268,375
Barangay 390,barangay,Quiapo,1303901390,900.0,283429.4560601794,1614990.6798163077,3.0,0.0,1.0,0.0,0.0,0.0,2.0,5.0,6.0,3.0,2.0,1577.0781,16916.877032178207,1.1185783996707626,168195738,32.414133931503756,13,18162.41054064641,376
Barangay 391,barangay,Quiapo,1303901391,2633.0,282990.59185946133,1615182.5394883123,3.0,1.0,6.0,1.0,0.0,0.0,4.0,0.0,10.0,41.0,20.0,4613.829597000001,29200.072267122465,1.1185783996707626,410553782,58.57663176669366,30,32359.30781203374,377
Barangay 392,barangay,Quiapo,1303901392,1115.0,283167.83094375406,1615193.2232007324,2.0,0.0,0.0,0.0,0.0,0.0,0.0,0.0,5.0,6.0,4.0,1953.824535,10735.930364102762,1.1185783996707626,1974710756,31.44835675861314,29,11958.098212898272,378
Barangay 393,barangay,Quiapo,1303901393,4130.0,283125.0164153436,1614891.2714626035,6.0,1.0,4.0,0.0,0.0,0.0,0.0,3.0,4.0,12.0,13.0,7237.036169999999,41381.93826950969,1.1185783996707626,320819818,35.16024238872797,29,42976.00396660134,379
Barangay 394,barangay,Quiapo,1303901394,1487.0,282931.360176969,1615012.7712872853,1.0,2.0,1.0,0.0,0.0,0.0,0.0,2.0,2.0,16.0,13.0,2605.683483,15693.24463666178,1.1185783996707626,1913725467,38.6294064538845,30,15504.917209817071,380
Barangay 395,barangay,Sampaloc,1303901395,1228.0,283127.37077503523,1615434.0409180499,4.0,2.0,1.0,0.0,1.0,3.0,2.0,4.0,36.0,37.0,23.0,2151.8354520000003,50391.13947636271,1.1185783996707626,8647480822,113.65822264475369,32,59299.97757283516,381
Barangay 396,barangay,Sampaloc,1303901396,4237.0,283338.3375539846,1615552.8841942125,2.0,1.0,3.0,1.0,0.0,0.0,2.0,3.0,30.0,30.0,12.0,7424.533233000001,27617.813605820447,1.1185783996707626,68074520,84.77154123933488,27,31912.6110150873,382
Barangay 397,barangay,Sampaloc,1303901397,8835.0,283507.5828062926,1615736.8639660124,2.0,1.0,0.0,0.0,0.0,0.0,0.0,0.0,10.0,5.0,2.0,15481.650014999997,13284.174703115992,1.1185783996707626,68073698,87.23967484352096,16,15247.881819141388,383
Barangay 398,barangay,Sampaloc,1303901398,2413.0,283643.7635539796,1615675.9922106764,0.0,1.0,0.0,0.0,0.0,0.0,0.0,0.0,1.0,1.0,0.0,4228.321617,390.18162067322595,1.1185783996707626,8311016002,9.69822988808234,14,431.07951019648027,384
Barangay 399,barangay,Sampaloc,1303901399,1647.0,283537.73454465636,1615584.8585593654,0.0,0.0,0.0,0.0,0.0,0.0,0.0,0.0,0.0,1.0,0.0,2886.0529229999997,313.97224320280645,1.1185783996707626,1933582746,49.72355887539607,18,350.83764720080137,385
Barangay 400,barangay,Sampaloc,1303901400,1458.0,283556.22251100076,1615415.9756315374,3.0,1.0,1.0,0.0,0.0,0.0,0.0,1.0,4.0,10.0,1.0,2554.866522,13526.431095395708,1.1185783996707626,113274241,51.695216491129145,21,15500.310501563263,386
Barangay 401,barangay,Sampaloc,1303901401,2112.0,283715.51359380933,1615500.4689644908,0.0,1.0,0.0,0.0,1.0,1.0,0.0,0.0,1.0,1.0,0.0,3700.876608,2117.0335774991227,1.1185783996707626,1135452243,64.58741070290009,20,2264.4590584258913,387
Barangay 402,barangay,Sampaloc,1303901402,2778.0,283716.81123251014,1615285.583782672,0.0,1.0,0.0,0.0,1.0,0.0,0.0,0.0,2.0,9.0,3.0,4867.914402,3069.6249575460274,1.1185783996707626,8311045074,42.192506272774764,12,3168.0960720553717,388
Barangay 403,barangay,Sampaloc,1303901403,755.0,283604.2788055751,1615238.956374716,1.0,0.0,0.0,0.0,0.0,0.0,0.0,0.0,7.0,1.0,0.0,1322.993295,5712.43165431248,1.1185783996707626,8311045074,79.6332922465531,12,5793.836147146199,389
Barangay 404,barangay,Sampaloc,1303901404,1268.0,283422.2168730905,1615287.2665677578,5.0,3.0,3.0,0.0,0.0,0.0,2.0,2.0,12.0,14.0,2.0,2221.927812,36723.18452604021,1.1185783996707626,111048370,114.51928437603871,21,40846.50782927998,390
Barangay 405,barangay,Sampaloc,1303901405,1153.0,283883.96077836875,1615587.660193903,0.0,1.0,0.0,0.0,0.0,0.0,0.0,0.0,6.0,2.0,1.0,2020.4122770000004,1054.3369111733066,1.1185783996707626,1945450983,40.37200377664901,12,1271.8581017933736,391
Barangay 406,barangay,Sampaloc,1303901406,651.0,283918.043960361,1615670.9918140876,0.0,0.0,0.0,0.0,0.0,0.0,0.0,0.0,0.0,0.0,0.0,1140.753159,141.5520624213847,1.1185783996707626,223804377,82.85740991750163,6,161.58076864422765,392
Barangay 407,barangay,Sampaloc,1303901407,2637.0,283985.0644293032,1615460.1824895039,1.0,0.0,0.0,0.0,1.0,0.0,0.0,0.0,0.0,2.0,0.0,4620.838833,5581.786497928145,1.1185783996707626,1135452240,42.231019403859065,12,6633.0465024401665,393
Barangay 408,barangay,Sampaloc,1303901408,1774.0,284044.715507469,1615517.211241553,1.0,0.0,0.0,0.0,0.0,0.0,0.0,0.0,0.0,1.0,1.0,3108.596166,1286.4809926331598,1.1185783996707626,79642243,44.62616220620979,13,1584.1981446533453,394
Barangay 409,barangay,Sampaloc,1303901409,1673.0,284250.54791413445,1615259.8604696153,0.0,0.0,1.0,0.0,0.0,1.0,1.0,0.0,1.0,5.0,0.0,2931.612957,1481.4468392267656,1.1185783996707626,1502396666,47.598172110059764,15,1858.4483771839327,395
Barangay 410,barangay,Sampaloc,1303901410,2565.0,284255.29873237177,1615108.3069697854,2.0,0.0,2.0,0.0,0.0,0.0,0.0,0.0,0.0,1.0,3.0,4494.672585,7747.801708158049,1.1185783996707626,1335374144,19.248150602426854,14,9486.70981152209,396
Barangay 411,barangay,Sampaloc,1303901411,2182.0,284225.2201077051,1615336.575341917,2.0,0.0,0.0,0.0,0.0,0.0,0.0,0.0,0.0,2.0,0.0,3823.538238,3906.912927492813,1.1185783996707626,59739552,74.34780446628827,15,4834.341996224171,397
Barangay 412,barangay,Sampaloc,1303901412,2015.0,283973.95178444486,1615127.1169512067,0.0,1.0,1.0,0.0,0.0,0.0,0.0,0.0,0.0,8.0,3.0,3530.902635,2638.047782379023,1.1185783996707626,1346513308,114.95916566466941,11,2677.8906885661886,398
Barangay 413,barangay,Sampaloc,1303901413,1907.0,284015.4176464126,1615216.9691971801,0.0,0.0,0.0,0.0,0.0,0.0,0.0,0.0,0.0,0.0,0.0,3341.6532630000006,170.43932090184643,1.1185783996707626,111049672,97.82905607419754,12,197.30791814425407,399
Barangay 414,barangay,Sampaloc,1303901414,1603.0,284038.5909689955,1615297.9935570413,0.0,0.0,0.0,0.0,0.0,0.0,0.0,0.0,0.0,0.0,1.0,2808.951327,170.43932090184643,1.1185783996707626,410560515,77.08852412064684,12,206.7489982769538,400
Barangay 415,barangay,Sampaloc,1303901415,795.0,283891.6538849333,1615358.9406698071,0.0,0.0,0.0,0.0,0.0,0.0,2.0,0.0,0.0,0.0,1.0,1393.085655,958.2380676063926,1.1185783996707626,7808567345,35.290794482474126,10,1012.4675164098693,401
Barangay 416,barangay,Sampaloc,1303901416,1099.0,283797.2428976508,1615190.5398030314,1.0,0.0,0.0,0.0,0.0,1.0,0.0,0.0,4.0,5.0,1.0,1925.787591,3408.125214764,1.1185783996707626,223618645,40.162864858667376,12,4030.406470151403,402
Barangay 417,barangay,Sampaloc,1303901417,1818.0,284547.08547701157,1615488.2585914186,0.0,0.0,0.0,0.0,0.0,0.0,0.0,0.0,0.0,0.0,0.0,3185.697762,184.72320956992047,1.1185783996707626,11963530784,69.62697575937686,16,209.43713574915947,403
Barangay 418,barangay,Sampaloc,1303901418,2977.0,284610.6968792802,1615307.2043615754,0.0,1.0,1.0,0.0,0.0,0.0,0.0,0.0,1.0,5.0,1.0,5216.623893,2026.2902005835756,1.1185783996707626,11963530786,64.35670613807149,16,2316.142148004458,404
Barangay 419,barangay,Sampaloc,1303901419,1567.0,284428.3058161711,1615410.4249702636,0.0,0.0,0.0,0.0,0.0,0.0,0.0,0.0,0.0,0.0,0.0,2745.8682030000004,184.72320956992047,1.1185783996707626,13128015058,42.7416480501675,16,223.1074323839148,405
Barangay 420,barangay,Sampaloc,1303901420,2890.0,284477.6644333575,1615203.0688408809,0.0,1.0,1.0,0.0,0.0,0.0,0.0,0.0,0.0,1.0,0.0,5064.1730099999995,950.8080989028906,1.1185783996707626,1400836601,11.681685970786893,16,1322.7906912371293,406
Barangay 421,barangay,Sampaloc,1303901421,1264.0,284897.4786917197,1615493.3782155002,0.0,0.0,0.0,0.0,0.0,0.0,0.0,0.0,0.0,0.0,0.0,2214.918576,174.27103084753864,1.1185783996707626,73004510,68.33376272481465,13,202.36838896392106,407
Barangay 422,barangay,Sampaloc,1303901422,2650.0,284829.1554458072,1615614.2878816628,1.0,1.0,1.0,0.0,0.0,0.0,2.0,0.0,1.0,0.0,1.0,4643.61885,2804.448855296203,1.1185783996707626,73007250,25.31940168596301,13,3120.785211964585,408
Barangay 423,barangay,Sampaloc,1303901423,1369.0,284700.28132442816,1615529.095057033,0.0,1.0,0.0,0.0,0.0,0.0,0.0,0.0,0.0,1.0,0.0,2398.911021,296.58717580747924,1.1185783996707626,73004517,7.992260135467935,15,359.9369551274721,409
Barangay 424,barangay,Sampaloc,1303901424,2079.0,284727.46689113963,1615341.8082967554,0.0,0.0,2.0,0.0,2.0,0.0,1.0,0.0,0.0,3.0,0.0,3643.050411,1442.4288070066382,1.1185783996707626,223783035,25.680812262730818,16,1752.182222127473,410
Barangay 425,barangay,Sampaloc,1303901425,1792.0,284907.6694649013,1615313.8654284745,0.0,2.0,0.0,0.0,1.0,1.0,1.0,0.0,1.0,4.0,1.0,3140.1377279999997,1889.1592288358515,1.1185783996707626,244119832,39.76432198181013,13,2387.1888659941587,411
Barangay 426,barangay,Sampaloc,1303901426,1529.0,285299.9209435602,1615271.9089970756,0.0,1.0,0.0,0.0,0.0,0.0,0.0,0.0,0.0,3.0,0.0,2679.2804610000003,962.2294630626625,1.1185783996707626,11963530792,54.013683504629526,9,1193.209897410461,412
Barangay 427,barangay,Sampaloc,1303901427,395.0,285045.6216019705,1615380.9249609008,1.0,0.0,0.0,0.0,0.0,0.0,0.0,0.0,0.0,1.0,0.0,692.162055,1082.0311709358762,1.1185783996707626,73002238,52.12390815041166,10,1287.6055704609985,413
Barangay 428,barangay,Sampaloc,1303901428,924.0,285055.35308140586,1615464.8091531354,0.0,0.0,0.0,0.0,0.0,0.0,0.0,0.0,0.0,0.0,0.0,1619.1335159999999,174.27103084753864,1.1185783996707626,73004263,31.03235346932579,13,211.69615900631308,414
Barangay 429,barangay,Sampaloc,1303901429,3113.0,284121.7109442756,1615818.7729648936,0.0,0.0,0.0,0.0,0.0,0.0,0.0,0.0,0.0,0.0,0.0,5454.937917,152.63690182160764,1.1185783996707626,104977286,70.54055401594617,8,183.71360856722046,415
Barangay 430,barangay,Sampaloc,1303901430,463.0,283969.50536296656,1615718.1412763835,0.0,0.0,0.0,0.0,0.0,1.0,0.0,0.0,0.0,0.0,0.0,811.319067,141.5520624213847,1.1185783996707626,223804377,85.14633175092995,6,161.40695900140582,416
Barangay 431,barangay,Sampaloc,1303901431,656.0,284032.2377058151,1615775.9698628364,0.0,0.0,0.0,0.0,0.0,1.0,0.0,0.0,0.0,0.0,0.0,1149.514704,152.63690182160764,1.1185783996707626,104977286,87.35668599554157,8,182.2653092678643,417
Barangay 432,barangay,Sampaloc,1303901432,3132.0,284288.5174699696,1615732.714373703,3.0,0.0,1.0,0.0,0.0,0.0,0.0,0.0,1.0,1.0,0.0,5488.231788,10008.38935027955,1.1185783996707626,1722586655,85.38438642342574,9,10418.388711593481,418
Barangay 433,barangay,Sampaloc,1303901433,523.0,284140.0855058781,1615502.17202718,0.0,0.0,0.0,0.0,0.0,0.0,0.0,1.0,0.0,0.0,0.0,916.4576069999999,174.27103084753864,1.1185783996707626,113284141,56.00190874077601,13,214.77725267610126,419
Barangay 434,barangay,Sampaloc,1303901434,1582.0,284122.7096996234,1615655.3372767281,0.0,0.0,0.0,0.0,0.0,0.0,0.0,0.0,0.0,2.0,0.0,2772.1528379999995,364.9158425266663,1.1185783996707626,59739547,63.3131900844866,7,415.2117710816703,420
Barangay 435,barangay,Sampaloc,1303901435,471.0,284209.41884317563,1615545.6130290036,1.0,0.0,0.0,0.0,0.0,0.0,0.0,0.0,1.0,0.0,0.0,825.3375390000001,4532.404811083542,1.1185783996707626,1722586605,38.570545937393355,15,5741.14174519799,421
Barangay 436,barangay,Sampaloc,1303901436,967.0,284472.6499858189,1615571.9123043912,0.0,0.0,0.0,0.0,0.0,0.0,0.0,0.0,1.0,2.0,0.0,1694.482803,490.07465552668316,1.1185783996707626,1455687717,51.53760697630899,8,573.907958944722,422
Barangay 437,barangay,Sampaloc,1303901437,983.0,284632.156835595,1615701.000398932,0.0,0.0,0.0,0.0,0.0,0.0,0.0,0.0,0.0,3.0,0.0,1722.5197469999998,584.7207917686285,1.1185783996707626,29487859,52.69776469116539,7,671.680503888274,423
Barangay 438,barangay,Sampaloc,1303901438,648.0,284498.5993831276,1615767.4797509199,0.0,0.0,0.0,0.0,0.0,0.0,0.0,0.0,0.0,0.0,0.0,1135.496232,147.3376658953518,1.1185783996707626,113289301,75.626562351402,7,166.44898821523253,424
Barangay 439,barangay,Sampaloc,1303901439,821.0,284429.96812419855,1615721.7950050426,0.0,1.0,0.0,0.0,0.0,0.0,0.0,0.0,0.0,0.0,0.0,1438.6456890000002,147.3376658953518,1.1185783996707626,1455687716,67.98474351404748,7,158.56394590916315,425
Barangay 440,barangay,Sampaloc,1303901440,918.0,284449.66071810503,1615938.1009816816,0.0,1.0,0.0,0.0,0.0,0.0,0.0,0.0,1.0,0.0,0.0,1608.619662,224.208002704904,1.1185783996707626,79641847,74.40972081147686,6,243.52902799394616,426
Barangay 441,barangay,Sampaloc,1303901441,666.0,284341.69557445473,1616056.1123677287,0.0,0.0,0.0,0.0,0.0,0.0,0.0,0.0,0.0,0.0,0.0,1167.037794,127.96104871989209,1.1185783996707626,801519608,73.4887725663951,4,140.25523957990865,427
Barangay 442,barangay,Sampaloc,1303901442,688.0,284407.9021329724,1616117.4358662677,0.0,0.0,0.0,0.0,0.0,0.0,0.0,0.0,0.0,0.0,0.0,1205.588592,127.96104871989209,1.1185783996707626,801519615,75.14485734841158,4,137.24327229321716,428
Barangay 443,barangay,Sampaloc,1303901443,1084.0,284516.0259375868,1615999.2999921215,0.0,0.0,0.0,0.0,0.0,0.0,0.0,0.0,0.0,0.0,0.0,1899.5029559999998,141.5520624213847,1.1185783996707626,113290205,75.5703082551697,6,150.48370188393096,429
Barangay 444,barangay,Sampaloc,1303901444,582.0,284623.3176319391,1615882.100565462,0.0,0.0,0.0,0.0,0.0,0.0,0.0,0.0,0.0,0.0,0.0,1019.8438380000001,135.15501484037878,1.1185783996707626,113290207,76.5726843521467,5,142.91226366846382,430
Barangay 445,barangay,Sampaloc,1303901445,941.0,284556.6334499761,1615821.2196566137,0.0,0.0,0.0,0.0,0.0,0.0,0.0,0.0,0.0,0.0,0.0,1648.922769,135.15501484037878,1.1185783996707626,79641844,76.62179521552187,5,145.41385909876172,431
Barangay 446,barangay,Sampaloc,1303901446,769.0,284728.2653823978,1615767.696851729,0.0,0.0,0.0,0.0,0.0,0.0,0.0,0.0,0.0,1.0,0.0,1347.525621,154.36035925330785,1.1185783996707626,113290208,60.842847080995874,5,167.3216996622496,432
Barangay 447,barangay,Sampaloc,1303901447,1259.0,284283.2934361877,1616001.7084531572,0.0,1.0,0.0,0.0,1.0,0.0,0.0,0.0,0.0,1.0,0.0,2206.157031,399.99770346904427,1.1185783996707626,801519617,71.63912326197968,8,459.2587695709959,433
Barangay 448,barangay,Sampaloc,1303901448,1167.0,284380.86834540695,1615872.0120534333,0.0,0.0,0.0,0.0,0.0,0.0,1.0,0.0,0.0,1.0,1.0,2044.9446030000001,864.6403843148894,1.1185783996707626,1455687720,24.578695212069864,8,980.2459782796809,434
Barangay 449,barangay,Sampaloc,1303901449,1360.0,284214.80039464147,1615938.1105493284,0.0,1.0,0.0,0.0,0.0,0.0,0.0,0.0,0.0,1.0,0.0,2383.1402399999997,607.1696309771645,1.1185783996707626,130167053,74.20568137690057,9,694.3654919207506,435
Barangay 450,barangay,Sampaloc,1303901450,1603.0,284219.3399188572,1616337.9219951113,0.0,0.0,0.0,0.0,0.0,1.0,0.0,0.0,0.0,2.0,0.0,2808.951327,406.9971112856496,1.1185783996707626,73007246,47.74844597903468,13,478.4973046181644,436
Barangay 451,barangay,Sampaloc,1303901451,1030.0,284166.5915447334,1616254.2854087842,0.0,0.0,0.0,0.0,0.0,0.0,0.0,0.0,1.0,2.0,0.0,1804.8782700000002,447.12815789966817,1.1185783996707626,79641853,19.061932948755572,13,545.2440139185297,437
Barangay 452,barangay,Sampaloc,1303901452,693.0,284059.7047186282,1616243.5705310649,0.0,2.0,0.0,0.0,3.0,0.0,0.0,0.0,2.0,2.0,0.0,1214.350137,2038.4078763563882,1.1185783996707626,5894361452,7.668868102268501,19,2377.6515700856376,438
Barangay 453,barangay,Sampaloc,1303901453,1066.0,284172.66743657016,1616119.6403493702,0.0,2.0,0.0,0.0,1.0,0.0,0.0,0.0,0.0,4.0,1.0,1867.9613940000004,1961.9224144024272,1.1185783996707626,113289298,76.23775199992768,19,2309.4300072712813,439
Barangay 454,barangay,Sampaloc,1303901454,936.0,283971.34275646345,1616161.8958791015,0.0,1.0,1.0,0.0,0.0,0.0,0.0,0.0,2.0,0.0,0.0,1640.1612240000002,983.7919449923902,1.1185783996707626,59739530,81.71986986484528,18,1185.2550827902153,440
Barangay 455,barangay,Sampaloc,1303901455,1287.0,284085.02901642007,1616039.983387851,0.0,0.0,0.0,0.0,0.0,0.0,0.0,0.0,0.0,0.0,0.0,2255.2216829999998,190.99098552959867,1.1185783996707626,1736910745,80.73685891551833,18,223.90800546919138,441
Barangay 456,barangay,Sampaloc,1303901456,1589.0,283957.2823298852,1616026.3105376984,0.0,0.0,0.0,0.0,0.0,0.0,0.0,0.0,0.0,1.0,1.0,2784.419001,389.9389514520946,1.1185783996707626,191685260,16.892855105036364,18,507.3633163454257,442
Barangay 457,barangay,Sampaloc,1303901457,2895.0,283788.7047572915,1615866.8978252206,2.0,1.0,0.0,0.0,0.0,0.0,0.0,0.0,1.0,3.0,1.0,5072.934555,4824.128738380901,1.1185783996707626,68076078,14.140822564735027,16,6058.8689525288455,443
Barangay 458,barangay,Sampaloc,1303901458,1649.0,283772.53424427204,1615698.1577371254,0.0,2.0,0.0,0.0,0.0,0.0,0.0,0.0,0.0,2.0,0.0,2889.557541,916.5275791310893,1.1185783996707626,1400836589,3.6860700453472215,16,1076.682183308432,444
Barangay 459,barangay,Sampaloc,1303901459,1049.0,283645.351132622,1615862.0209944888,0.0,0.0,0.0,0.0,0.0,0.0,0.0,0.0,4.0,5.0,0.0,1838.172141,2344.750773446836,1.1185783996707626,68074338,83.60960325467978,16,2777.905574760651,445
Barangay 460,barangay,Sampaloc,1303901460,861.0,283813.38413155125,1615954.6253560442,1.0,0.0,0.0,0.0,0.0,3.0,0.0,0.0,4.0,1.0,0.0,1508.738049,3322.882210887586,1.1185783996707626,7789263044,34.191057022163406,18,4093.4420713763816,446
Barangay 461,barangay,Sampaloc,1303901461,733.0,283912.9812696653,1615991.591195601,0.0,0.0,1.0,0.0,0.0,1.0,2.0,0.0,1.0,1.0,0.0,1284.442497,1044.0986575012807,1.1185783996707626,29487855,5.663757204026871,18,1390.0096098115027,447
Barangay 462,barangay,Sampaloc,1303901462,1594.0,283184.4812982734,1615696.1179873105,0.0,1.0,2.0,0.0,0.0,0.0,0.0,0.0,7.0,9.0,2.0,2793.180546,5096.785710951726,1.1185783996707626,59739400,73.53585348409923,30,5484.500061670909,448
Barangay 463,barangay,Sampaloc,1303901463,856.0,283114.5691699074,1615819.075236538,0.0,0.0,0.0,0.0,0.0,0.0,0.0,0.0,1.0,0.0,0.0,1499.976504,204.85669504052086,1.1185783996707626,72490558,65.12779855517945,23,207.34498208361947,449
Barangay 464,barangay,Sampaloc,1303901464,3138.0,283044.8215139011,1615696.1179873105,0.0,0.0,0.0,0.0,0.0,0.0,2.0,1.0,1.0,1.0,0.0,5498.745642,838.7371971117249,1.1185783996707626,3149227738,28.09777114989586,34,888.7322958796063,450
Barangay 465,barangay,Sampaloc,1303901465,1292.0,283225.68149970553,1615933.9354327691,0.0,0.0,0.0,0.0,0.0,0.0,0.0,0.0,6.0,3.0,0.0,2263.983228,1764.3313923635028,1.1185783996707626,79621317,77.27784289963613,23,1849.8650689962028,451
Barangay 466,barangay,Sampaloc,1303901466,1448.0,283125.0877470442,1616011.9149082513,0.0,0.0,0.0,0.0,0.0,0.0,0.0,0.0,8.0,2.0,0.0,2537.343432,1719.0800524148585,1.1185783996707626,79620867,42.3165756330244,20,1662.1532020029852,452
Barangay 467,barangay,Sampaloc,1303901467,1417.0,283163.9634091174,1615884.4076986895,0.0,1.0,0.0,0.0,0.0,0.0,0.0,0.0,1.0,0.0,0.0,2483.021853,266.9119215403698,1.1185783996707626,79620868,80.7629022589198,23,254.75516433860466,453
Barangay 468,barangay,Sampaloc,1303901468,1364.0,283278.52579486783,1615759.7088323422,0.0,0.0,0.0,0.0,0.0,0.0,0.0,0.0,3.0,0.0,5.0,2390.149476,1583.1347569324885,1.1185783996707626,72489888,75.76512435605709,24,1780.4244819116893,454
Barangay 469,barangay,Sampaloc,1303901469,2424.0,283336.4385548224,1615815.0953615066,0.0,0.0,1.0,0.0,0.0,0.0,0.0,0.0,7.0,4.0,0.0,4247.597016,2436.455084610103,1.1185783996707626,79620934,77.72981025803246,24,2803.067261716673,455
Barangay 470,barangay,Sampaloc,1303901470,1487.0,283430.0001676592,1616164.3558204854,19.0,7.0,1.0,0.0,0.0,1.0,2.0,22.0,20.0,4.0,4.0,2605.683483,92029.3701191264,1.1185783996707626,68071481,213.15793156474604,31,100750.36809638201,456
Barangay 471,barangay,Sampaloc,1303901471,1773.0,283168.49722641363,1616287.5787762813,0.0,0.0,1.0,0.0,0.0,0.0,0.0,0.0,9.0,1.0,1.0,3106.843857,2085.8331876382463,1.1185783996707626,72474641,55.701492579420034,18,2352.062481794061,457
Barangay 472,barangay,Sampaloc,1303901472,1126.0,283958.81649119,1616606.1203628997,0.0,0.0,0.0,0.0,0.0,0.0,0.0,0.0,0.0,0.0,0.0,1973.0999339999998,184.72320956992047,1.1185783996707626,68122511,76.95896779697802,16,217.02541321573014,458
Barangay 473,barangay,Sampaloc,1303901473,1395.0,284070.7797050204,1616484.6130560613,0.0,0.0,1.0,0.0,0.0,0.0,0.0,0.0,0.0,2.0,0.0,2444.471055,493.75614250253363,1.1185783996707626,68121771,76.52572885188624,14,595.0936470581394,459
Barangay 474,barangay,Sampaloc,1303901474,1614.0,283830.1229083608,1616704.8509673742,0.0,1.0,0.0,0.0,0.0,0.0,0.0,0.0,1.0,2.0,0.0,2828.2267260000003,507.64704456096945,1.1185783996707626,68122513,79.01641259165689,8,594.2012867680883,460
Barangay 475,barangay,Sampaloc,1303901475,1701.0,283979.9484610164,1616450.10139697,0.0,0.0,0.0,0.0,0.0,1.0,0.0,0.0,1.0,3.0,0.0,2980.6776090000003,744.4228380924203,1.1185783996707626,9883269483,46.87946907608561,17,820.4815995190457,461
Barangay 476,barangay,Sampaloc,1303901476,1213.0,283883.6009499982,1616421.917266176,0.0,1.0,0.0,0.0,0.0,0.0,0.0,0.0,1.0,3.0,1.0,2125.550817,1342.4779571342037,1.1185783996707626,68123862,14.869000614633341,20,1597.7646716716902,462
Barangay 477,barangay,Sampaloc,1303901477,1082.0,283719.2739717865,1616603.2301589716,1.0,2.0,0.0,0.0,0.0,0.0,0.0,0.0,0.0,4.0,0.0,1895.998338,1859.6882248915902,1.1185783996707626,68123863,75.07516943088302,15,2248.9102360765955,463
Barangay 478,barangay,Sampaloc,1303901478,935.0,283770.67834622203,1616395.8261180692,0.0,1.0,0.0,0.0,0.0,0.0,0.0,0.0,0.0,0.0,0.0,1638.408915,193.95268141278459,1.1185783996707626,67785699,49.799014792713834,19,235.15573362972552,464
Barangay 479,barangay,Sampaloc,1303901479,3179.0,283762.7032579994,1616262.8855615119,3.0,3.0,0.0,0.0,0.0,0.0,0.0,1.0,4.0,5.0,0.0,5570.590311,15768.008356714232,1.1185783996707626,68068052,44.82682338294197,20,18694.633080708365,465
Barangay 480,barangay,Sampaloc,1303901480,1073.0,283630.7552886379,1616521.0090554988,0.0,0.0,0.0,0.0,0.0,0.0,0.0,0.0,2.0,4.0,0.0,1880.227557,989.7725416126452,1.1185783996707626,67785700,75.09209400374408,13,1208.8877010858716,466
Barangay 481,barangay,Sampaloc,1303901481,1943.0,283552.27829921735,1616449.764248324,0.0,2.0,0.0,0.0,0.0,0.0,0.0,0.0,4.0,1.0,1.0,3404.736387,1446.3108785329098,1.1185783996707626,68068077,84.37121521263603,13,1771.8421933433995,467
Barangay 482,barangay,Sampaloc,1303901482,864.0,283437.30934956775,1616975.5220013573,0.0,0.0,0.0,0.0,0.0,0.0,0.0,0.0,0.0,2.0,2.0,1513.9949760000002,1379.6240331043557,1.1185783996707626,72482693,61.642412923928,18,1606.8771150208634,468
Barangay 483,barangay,Sampaloc,1303901483,1397.0,283513.17367736035,1617065.4863747233,0.0,1.0,2.0,0.0,0.0,0.0,0.0,0.0,0.0,0.0,0.0,2447.975673,363.9047271775077,1.1185783996707626,68122516,77.02597384550292,17,406.0277262343712,469
Barangay 484,barangay,Sampaloc,1303901484,2285.0,283438.9015464146,1617194.689305385,0.0,0.0,0.0,0.0,0.0,0.0,1.0,0.0,0.0,1.0,1.0,4004.026065000001,1354.377770858416,1.1185783996707626,8318126630,61.71207474977839,14,1471.9231045058327,470
Barangay 485,barangay,Sampaloc,1303901485,1800.0,283621.4496558801,1616947.117922939,0.0,0.0,0.0,0.0,0.0,0.0,0.0,0.0,0.0,0.0,0.0,3154.1562,187.9180689479487,1.1185783996707626,68122515,73.76175133347772,17,211.2582617100979,471
Barangay 486,barangay,Sampaloc,1303901486,687.0,283525.3223449179,1616857.710297335,0.0,0.0,0.0,0.0,0.0,0.0,0.0,0.0,0.0,0.0,0.0,1203.836283,190.99098552959867,1.1185783996707626,68123881,74.87898041141109,18,222.27395560577074,472
Barangay 487,barangay,Sampaloc,1303901487,1464.0,283728.55365144723,1616828.589834884,0.0,0.0,0.0,0.0,0.0,1.0,0.0,0.0,0.0,4.0,0.0,2565.380376,842.3674915249243,1.1185783996707626,68122514,75.58200327305396,18,960.8698989242373,473
Barangay 488,barangay,Sampaloc,1303901488,818.0,283624.5920533794,1616732.751318598,0.0,0.0,0.0,0.0,0.0,1.0,0.0,0.0,0.0,4.0,0.0,1433.388762,911.9518516139169,1.1185783996707626,68123877,74.3524492071908,19,1070.1718998697397,474
Barangay 489,barangay,Sampaloc,1303901489,1224.0,283521.4978652656,1616638.4484205227,0.0,0.0,0.0,0.0,0.0,0.0,0.0,0.0,3.0,2.0,1.0,2144.8262160000004,1347.9981728321943,1.1185783996707626,67785728,75.93670055359294,17,1604.9659255693596,475
Barangay 490,barangay,Sampaloc,1303901490,1048.0,283403.6521141006,1616613.1044630152,0.0,4.0,0.0,0.0,1.0,1.0,0.0,0.0,1.0,1.0,1.0,1836.419832,2925.293853949858,1.1185783996707626,4216779424,30.313829073987336,17,3691.0258344360886,476
Barangay 491,barangay,Sampaloc,1303901491,926.0,283430.4118037777,1616800.8663962954,1.0,2.0,0.0,0.0,0.0,0.0,0.0,0.0,0.0,3.0,0.0,1622.638134,3571.239453043023,1.1185783996707626,72482690,63.02700549711571,18,4312.5840509166355,477
Barangay 492,barangay,Sampaloc,1303901492,1165.0,283528.43350987777,1617701.2416436793,1.0,0.0,1.0,0.0,0.0,0.0,1.0,0.0,1.0,8.0,0.0,2041.439985,4122.724821201259,1.1185783996707626,60448390,61.99009179057694,15,4317.069172941832,478
Barangay 493,barangay,Sampaloc,1303901493,858.0,283472.1543651963,1617800.6503688663,0.0,0.0,1.0,0.0,0.0,0.0,0.0,0.0,1.0,2.0,0.0,1503.4811220000001,666.7664943871788,1.1185783996707626,1655369842,33.666444617599915,15,709.6264879736053,479
Barangay 494,barangay,Sampaloc,1303901494,1663.0,283744.7823008909,1617495.5326528687,0.0,0.0,0.0,0.0,0.0,0.0,1.0,0.0,4.0,9.0,0.0,2914.089867,2313.530418679281,1.1185783996707626,60448400,79.16334849542872,14,2347.4261936128605,480
Barangay 495,barangay,Sampaloc,1303901495,1443.0,283624.2744520765,1617596.701144523,0.0,0.0,0.0,0.0,0.0,0.0,0.0,0.0,1.0,3.0,0.0,2528.581887,948.9348453375758,1.1185783996707626,60448397,71.69549610740864,15,966.9047116298259,481
Barangay 496,barangay,Sampaloc,1303901496,1085.0,283915.5144308659,1617422.6221042073,1.0,0.0,0.0,0.0,0.0,0.0,0.0,0.0,0.0,2.0,0.0,1901.255265,2808.9492170830545,1.1185783996707626,60448385,67.31463165059631,3,2625.4979993593097,482
Barangay 497,barangay,Sampaloc,1303901497,1601.0,283485.4333633762,1617476.5551506523,1.0,1.0,0.0,0.0,0.0,0.0,0.0,0.0,3.0,4.0,0.0,2805.4467090000003,2551.6958677929556,1.1185783996707626,67780816,75.18955593664039,15,2743.217110369945,483
Barangay 498,barangay,Sampaloc,1303901498,1029.0,283801.88145576534,1617331.0057869912,0.0,1.0,1.0,0.0,0.0,0.0,0.0,0.0,1.0,0.0,0.0,1803.1259610000002,423.50963802334843,1.1185783996707626,60447545,75.80452028479183,6,435.20704132569006,484
Barangay 499,barangay,Sampaloc,1303901499,1435.0,283615.94415989163,1617160.3740797248,0.0,0.0,0.0,0.0,0.0,0.0,0.0,0.0,0.0,0.0,0.0,2514.563415,187.9180689479487,1.1185783996707626,68066425,76.55533388617971,17,206.31482253081822,485
Barangay 500,barangay,Sampaloc,1303901500,1404.0,283555.96773053246,1617322.2721094657,0.0,0.0,0.0,0.0,0.0,0.0,0.0,0.0,0.0,0.0,0.0,2460.241836,181.39394424234217,1.1185783996707626,68065847,76.47660221709465,15,189.76653955592542,486
Barangay 501,barangay,Sampaloc,1303901501,941.0,283707.6448169175,1617244.78417709,0.0,1.0,0.0,0.0,0.0,0.0,0.0,0.0,5.0,9.0,0.0,1648.922769,2226.4852234827736,1.1185783996707626,191592852,77.49403563282216,16,2398.2379610567723,487
Barangay 502,barangay,Sampaloc,1303901502,920.0,284258.2330142063,1616655.7035519416,0.0,0.0,0.0,0.0,0.0,0.0,0.0,0.0,0.0,1.0,0.0,1612.12428,243.2940834531303,1.1185783996707626,104974206,76.45197677856513,12,283.6206456690971,488
Barangay 503,barangay,Sampaloc,1303901503,1038.0,284165.3350419778,1616569.712282618,0.0,1.0,0.0,0.0,0.0,0.0,0.0,0.0,0.0,1.0,0.0,1818.8967420000001,283.04539662719554,1.1185783996707626,68066405,77.32654108094518,14,323.0324167471465,489
Barangay 504,barangay,Sampaloc,1303901504,1361.0,284132.2240364926,1616765.6015488487,0.0,0.0,0.0,0.0,0.0,0.0,0.0,0.0,1.0,2.0,0.0,2384.892549,621.9325309161019,1.1185783996707626,191592748,77.25011023411336,16,711.888397437909,490
Barangay 505,barangay,Sampaloc,1303901505,788.0,284036.9180211213,1616682.601500135,0.0,0.0,0.0,0.0,0.0,0.0,0.0,0.0,0.0,1.0,0.0,1380.819492,206.20026558586073,1.1185783996707626,9355059268,43.86230591650802,16,246.6752650735052,491
Barangay 506,barangay,Sampaloc,1303901506,816.0,284039.2756113787,1616897.2566970005,0.0,1.0,0.0,0.0,0.0,0.0,1.0,0.0,4.0,7.0,0.0,1429.8841439999999,1067.5217712949968,1.1185783996707626,191592078,77.05930365070833,6,1205.3546917812423,492
Barangay 507,barangay,Sampaloc,1303901507,1526.0,283944.8797067396,1616810.3355618648,0.0,2.0,0.0,0.0,0.0,0.0,0.0,0.0,2.0,7.0,0.0,2674.023534,1235.8200455606552,1.1185783996707626,68066420,77.4897548578965,8,1427.2349677551726,493
Barangay 508,barangay,Sampaloc,1303901508,1020.0,283923.965388356,1617009.8714803476,0.0,0.0,0.0,0.0,0.0,0.0,0.0,0.0,4.0,9.0,1.0,1787.3551799999998,1614.7573933415856,1.1185783996707626,191592425,77.92657824495306,6,1759.7583032171972,494
Barangay 509,barangay,Sampaloc,1303901509,814.0,283830.90951176325,1616922.589926927,0.0,0.0,0.0,0.0,0.0,0.0,0.0,0.0,1.0,8.0,0.0,1426.3795260000002,1460.3978411717844,1.1185783996707626,7490997064,48.43465686201494,8,1743.096931243432,495
Barangay 510,barangay,Sampaloc,1303901510,1010.0,283815.97988014406,1617126.2431001966,1.0,2.0,0.0,0.0,0.0,0.0,2.0,0.0,5.0,4.0,0.0,1769.83209,1772.694826851648,1.1185783996707626,191592645,77.53356212213784,6,1869.0784241809806,496
Barangay 511,barangay,Sampaloc,1303901511,1129.0,283722.7627459653,1617041.3909806467,0.0,1.0,2.0,0.0,0.0,0.0,0.0,0.0,2.0,5.0,0.0,1978.356861,1363.2172846678334,1.1185783996707626,7490997070,71.40140675880517,17,1035.2032313038333,497
Barangay 512,barangay,Sampaloc,1303901512,2560.0,284526.2514496823,1616948.9704583683,0.0,0.0,2.0,0.0,0.0,0.0,0.0,0.0,5.0,19.0,1.0,4485.911040000001,5317.360348357178,1.1185783996707626,8317604603,57.1685473261251,14,5152.605893160961,498
Barangay 513,barangay,Sampaloc,1303901513,1929.0,284339.8040987311,1616917.9887093964,0.0,0.0,1.0,0.0,0.0,0.0,2.0,0.0,8.0,4.0,1.0,3380.2040610000004,1469.5879525559435,1.1185783996707626,104969325,50.25760716525754,12,1474.8031562453293,499
Barangay 514,barangay,Sampaloc,1303901514,2196.0,284053.6147607036,1617127.7464012206,0.0,4.0,0.0,0.0,2.0,0.0,0.0,0.0,5.0,21.0,1.0,3848.070564,3821.262604365841,1.1185783996707626,61090297,74.78228237149321,6,3772.502396792203,500
Barangay 515,barangay,Sampaloc,1303901515,2289.0,284248.293874003,1617175.0098583528,1.0,0.0,1.0,0.0,0.0,1.0,0.0,0.0,2.0,8.0,1.0,4011.0353009999994,3190.414126701911,1.1185783996707626,79637711,27.501333744705722,4,3099.1019271082478,501
Barangay 516,barangay,Sampaloc,1303901516,1192.0,284057.9609017007,1617352.8946614831,0.0,0.0,0.0,0.0,0.0,0.0,0.0,0.0,1.0,2.0,1.0,2088.752328,542.8868760912521,1.1185783996707626,61090309,78.22019038113278,3,499.4192351236099,502
Barangay 517,barangay,Sampaloc,1303901517,1355.0,284345.8625890537,1616737.3826984358,0.0,4.0,0.0,0.0,0.0,0.0,0.0,0.0,1.0,9.0,0.0,2374.378695,1729.0664286869446,1.1185783996707626,60447372,77.47173661209807,11,1919.8659951806612,503
Barangay 518,barangay,Sampaloc,1303901518,2019.0,283931.5748944492,1617232.8506509652,0.0,0.0,0.0,0.0,0.0,0.0,0.0,0.0,4.0,9.0,0.0,3537.911871,1788.3638244926617,1.1185783996707626,60447544,76.78864827610063,6,1875.8199327066866,504
Barangay 519,barangay,Sampaloc,1303901519,1385.0,284234.2142930069,1616859.1775242523,0.0,0.0,0.0,0.0,0.0,0.0,1.0,0.0,1.0,5.0,0.0,2426.9479650000003,1227.3498701480642,1.1185783996707626,60447377,78.0100944517808,14,1333.3389596104098,505
Barangay 520,barangay,Sampaloc,1303901520,695.0,284162.803386254,1617010.1339642368,1.0,2.0,2.0,0.0,0.0,0.0,0.0,2.0,4.0,7.0,0.0,1217.854755,7318.633560026279,1.1185783996707626,79639738,75.93648988393707,6,7980.935945656098,506
Barangay 521,barangay,Sampaloc,1303901521,1582.0,284358.3210590463,1616359.3284191135,1.0,0.0,0.0,0.0,0.0,2.0,0.0,0.0,1.0,2.0,0.0,2772.1528379999995,6407.4279745355625,1.1185783996707626,29663298,36.859375693959926,13,7352.897534648133,507
Barangay 522,barangay,Sampaloc,1303901522,1082.0,284387.76575330825,1616444.6944679576,0.0,1.0,0.0,0.0,0.0,0.0,0.0,0.0,1.0,0.0,0.0,1895.998338,323.6185283298582,1.1185783996707626,29487854,20.85295180684242,13,364.80982221313354,508
Barangay 523,barangay,Sampaloc,1303901523,1299.0,284473.3722331547,1616480.9521528333,0.0,1.0,0.0,0.0,0.0,0.0,0.0,0.0,1.0,0.0,0.0,2276.249391,212.9892099426968,1.1185783996707626,104973409,24.866509170547825,11,247.5376442272581,509
Barangay 524,barangay,Sampaloc,1303901524,796.0,284472.21975298657,1616537.0793833332,1.0,0.0,0.0,0.0,0.0,0.0,1.0,0.0,3.0,2.0,0.0,1394.837964,1759.4349058579505,1.1185783996707626,79641494,27.02491971174497,11,2015.023627385322,510
Barangay 525,barangay,Sampaloc,1303901525,1673.0,284618.56456152,1616529.8579879883,0.0,0.0,0.0,0.0,0.0,0.0,0.0,1.0,1.0,1.0,0.0,2931.612957,414.8974459100418,1.1185783996707626,322496672,28.048859707347724,11,444.37095319811084,511
Barangay 526,barangay,Sampaloc,1303901526,805.0,284545.7188366851,1616629.6150244274,0.0,0.0,0.0,0.0,0.0,0.0,0.0,0.0,1.0,0.0,0.0,1410.608745,162.10805496544654,1.1185783996707626,61090731,40.44370899789179,10,163.93121296407438,512
Barangay 527,barangay,Sampaloc,1303901527,2424.0,284830.59369369823,1616575.7135182964,0.0,0.0,0.0,0.0,0.0,0.0,0.0,0.0,0.0,0.0,0.0,4247.597016,162.10805496544654,1.1185783996707626,322498756,21.240351410971854,10,156.29220255486982,513
Barangay 528,barangay,Sampaloc,1303901528,1510.0,284585.3716709127,1616730.765660659,0.0,3.0,1.0,0.0,0.0,0.0,0.0,0.0,0.0,0.0,2.0,2645.98659,1053.335911827832,1.1185783996707626,1085382948,50.428586149627456,10,981.2638074749652,514
Barangay 529,barangay,Sampaloc,1303901529,944.0,284735.4627982471,1616607.2066441989,0.0,0.0,0.0,0.0,0.0,0.0,0.0,0.0,1.0,4.0,0.0,1654.179696,575.2194101401399,1.1185783996707626,130167629,44.804347819305306,10,569.640950960674,515
Barangay 530,barangay,Sampaloc,1303901530,503.0,284666.111072892,1616805.505928657,0.0,2.0,1.0,0.0,0.0,0.0,0.0,0.0,1.0,4.0,0.0,881.411427,1716.7335377771283,1.1185783996707626,322496504,50.847886821240174,11,1809.6282924095303,516
Barangay 531,barangay,Sampaloc,1303901531,1310.0,284823.7822143134,1616741.6096201104,0.0,0.0,0.0,0.0,0.0,0.0,0.0,0.0,0.0,0.0,0.0,2295.52479,166.39534145628159,1.1185783996707626,1085382940,60.29318722166461,11,153.17855284068557,517
Barangay 532,barangay,Sampaloc,1303901532,1085.0,284724.3430384742,1616459.0953513547,0.0,1.0,0.0,0.0,0.0,0.0,0.0,0.0,0.0,1.0,0.0,1901.255265,294.8823267436355,1.1185783996707626,322497879,53.17082502724625,8,280.33861076406123,518
Barangay 533,barangay,Sampaloc,1303901533,948.0,284847.1589000838,1616485.0149752498,0.0,1.0,0.0,0.0,0.0,0.0,0.0,0.0,0.0,0.0,0.0,1661.188932,127.96104871989209,1.1185783996707626,322496853,39.79309542216582,4,115.68104376817745,519
Barangay 534,barangay,Sampaloc,1303901534,1128.0,284908.71557405876,1616373.6542362808,0.0,1.0,1.0,0.0,0.0,0.0,0.0,0.0,0.0,1.0,0.0,1976.604552,368.49994958760414,1.1185783996707626,10148847773,55.17987807395361,4,328.15336812375347,520
Barangay 535,barangay,Sampaloc,1303901535,1037.0,284790.54247933265,1616331.4951946738,0.0,0.0,0.0,0.0,0.0,0.0,0.0,0.0,0.0,0.0,0.0,1817.144433,135.15501484037878,1.1185783996707626,322497858,57.53693183111518,5,138.71963217920114,521
Barangay 536,barangay,Sampaloc,1303901536,1045.0,285008.02947264886,1616449.484544308,0.0,0.0,0.0,0.0,0.0,0.0,0.0,0.0,0.0,0.0,0.0,1831.162905,127.96104871989209,1.1185783996707626,27499448,59.02160758346662,4,113.62024248456414,522
Barangay 537,barangay,Sampaloc,1303901537,1474.0,284958.11022360984,1616575.7135182964,1.0,0.0,0.0,0.0,0.0,0.0,0.0,0.0,0.0,0.0,0.0,2582.9034659999998,2143.2625447096448,1.1185783996707626,130167513,11.55691387221815,5,2116.644500468036,523
Barangay 538,barangay,Sampaloc,1303901538,971.0,285060.23850914976,1616546.553737281,0.0,0.0,0.0,0.0,0.0,0.0,0.0,0.0,0.0,0.0,0.0,1701.492039,127.96104871989209,1.1185783996707626,130167504,44.09050978850348,4,122.9308299519188,524
Barangay 539,barangay,Sampaloc,1303901539,2015.0,284952.26692104654,1616251.9975828805,1.0,0.0,1.0,0.0,1.0,0.0,1.0,0.0,2.0,5.0,0.0,3530.902635,6571.957243923963,1.1185783996707626,322497999,11.055671652053121,5,6882.854417011638,525
Barangay 540,barangay,Sampaloc,1303901540,2024.0,285144.4834602627,1616446.253523481,0.0,0.0,0.0,0.0,0.0,0.0,0.0,0.0,0.0,1.0,0.0,3546.673416,119.6753721970339,1.1185783996707626,1356323187,14.940639307977646,3,117.41831130969648,526
Barangay 541,barangay,Sampaloc,1303901541,812.0,285241.2578415603,1616394.7103012656,0.0,0.0,0.0,0.0,0.0,0.0,0.0,0.0,1.0,7.0,0.0,1422.874908,980.4254004753066,1.1185783996707626,1356323186,36.53007491177245,3,939.1464968959136,527
Barangay 542,barangay,Sampaloc,1303901542,336.0,284596.7517406842,1616073.5364835514,0.0,0.0,0.0,0.0,0.0,0.0,0.0,1.0,0.0,0.0,0.0,588.775824,141.5520624213847,1.1185783996707626,73012884,73.78185998603522,6,149.05369077133906,528
Barangay 543,barangay,Sampaloc,1303901543,830.0,284487.79054567555,1616191.3982257005,0.0,0.0,0.0,0.0,0.0,0.0,0.0,0.0,1.0,0.0,0.0,1454.41647,127.96104871989209,1.1185783996707626,29487856,76.15588518324886,4,136.0370148670192,529
Barangay 544,barangay,Sampaloc,1303901544,45.0,284614.88375083666,1615982.3785188072,0.0,0.0,0.0,0.0,0.0,0.0,0.0,0.0,0.0,0.0,0.0,78.85390500000001,141.5520624213847,1.1185783996707626,26580593,11.233057289654274,6,154.4951781016642,530
Barangay 545,barangay,Sampaloc,1303901545,934.0,284800.0536410541,1616003.8722698283,0.0,0.0,0.0,0.0,0.0,0.0,0.0,0.0,0.0,0.0,0.0,1636.656606,135.15501484037878,1.1185783996707626,130167662,26.073759800795283,5,140.91162675921584,531
Barangay 546,barangay,Sampaloc,1303901546,768.0,284872.8489464135,1615900.086616035,0.0,0.0,0.0,0.0,1.0,0.0,0.0,0.0,0.0,0.0,0.0,1345.773312,150.60783369408998,1.1185783996707626,130167087,67.32251964540693,5,156.68317327302148,532
Barangay 547,barangay,Sampaloc,1303901547,1170.0,284674.82195581327,1616274.4869762012,0.0,0.0,0.0,0.0,0.0,0.0,1.0,0.0,0.0,0.0,1.0,2050.20153,298.2240682565272,1.1185783996707626,322498280,25.11646484372827,5,314.640983092982,533
Barangay 548,barangay,Sampaloc,1303901548,771.0,284534.01820054103,1616261.191327652,0.0,0.0,0.0,0.0,0.0,0.0,0.0,0.0,1.0,0.0,0.0,1351.0302390000002,127.96104871989209,1.1185783996707626,1599531289,61.894803101975754,4,136.76271233206867,534
Barangay 549,barangay,Sampaloc,1303901549,770.0,284955.0737999444,1616113.4926168302,0.0,0.0,0.0,0.0,0.0,0.0,0.0,0.0,1.0,4.0,0.0,1349.27793,668.4162856521085,1.1185783996707626,585230835,46.29999678171466,4,685.8157519870335,535
Barangay 550,barangay,Sampaloc,1303901550,657.0,284705.1993191906,1615956.5473822067,0.0,0.0,0.0,0.0,0.0,0.0,0.0,0.0,1.0,0.0,0.0,1151.2670130000001,135.15501484037878,1.1185783996707626,130167665,77.44863146865269,5,141.2018556240799,536
Barangay 551,barangay,Sampaloc,1303901551,591.0,284816.76630301063,1615835.7061362956,0.0,0.0,0.0,0.0,0.0,0.0,0.0,0.0,2.0,0.0,0.0,1035.614619,168.11147883789369,1.1185783996707626,7490997016,57.09458633107952,5,168.6008720794003,537
Barangay 552,barangay,Sampaloc,1303901552,942.0,284918.36885365227,1616014.9488006847,0.0,0.0,0.0,0.0,0.0,0.0,0.0,0.0,1.0,0.0,0.0,1650.6750780000002,127.96104871989209,1.1185783996707626,4887050228,14.66405255217308,4,133.43002946188477,538
Barangay 553,barangay,Sampaloc,1303901553,1454.0,284745.1416092585,1616055.6478396226,0.0,0.0,0.0,0.0,0.0,0.0,0.0,0.0,0.0,0.0,0.0,2547.8572860000004,135.15501484037878,1.1185783996707626,130167086,43.301002871116566,5,139.76761499322467,539
Barangay 554,barangay,Sampaloc,1303901554,1581.0,284682.6029482493,1616145.6121014473,0.0,0.0,0.0,0.0,0.0,0.0,0.0,0.0,0.0,1.0,0.0,2770.400529,141.5520624213847,1.1185783996707626,130167086,70.40111097258955,6,145.01141184639766,540
Barangay 555,barangay,Sampaloc,1303901555,1151.0,285424.37373670225,1616282.580958852,0.0,0.0,0.0,0.0,0.0,0.0,0.0,0.0,0.0,0.0,0.0,2016.9076590000002,119.6753721970339,1.1185783996707626,115080632,30.508140239675832,3,111.45214439316925,541
Barangay 556,barangay,Sampaloc,1303901556,909.0,285394.4608682449,1616245.397802718,0.0,0.0,0.0,0.0,0.0,0.0,0.0,0.0,0.0,3.0,0.0,1592.848881,540.7436639483604,1.1185783996707626,115081283,4.075586958431759,3,463.0368688512647,542
Barangay 557,barangay,Sampaloc,1303901557,1352.0,285413.624203301,1616180.7261254732,0.0,0.0,0.0,0.0,0.0,0.0,0.0,0.0,0.0,0.0,0.0,2369.121768,119.6753721970339,1.1185783996707626,115076510,59.42881179570191,3,99.71140576592506,543
Barangay 558,barangay,Sampaloc,1303901558,1198.0,285271.87821520853,1616246.3262268011,0.0,1.0,0.0,0.0,0.0,0.0,0.0,0.0,0.0,1.0,0.0,2099.2661820000003,223.74538665554695,1.1185783996707626,27499457,57.56176097937435,3,187.81525188181735,544
Barangay 559,barangay,Sampaloc,1303901559,1535.0,285297.2501787167,1616175.6239404436,0.0,0.0,0.0,0.0,0.0,0.0,0.0,0.0,1.0,1.0,0.0,2689.794315,217.84287128350218,1.1185783996707626,244131004,5.813477846621736,3,188.76944295328474,545
Barangay 560,barangay,Sampaloc,1303901560,1133.0,285594.3203211779,1616119.2450934192,0.0,0.0,0.0,0.0,0.0,0.0,0.0,0.0,0.0,0.0,0.0,1985.3660969999999,119.6753721970339,1.1185783996707626,244130110,79.89806856980384,3,110.30476395326146,546
Barangay 561,barangay,Sampaloc,1303901561,2387.0,285266.7187405652,1616138.1336789336,0.0,0.0,0.0,0.0,0.0,0.0,0.0,0.0,0.0,2.0,0.0,4182.7615829999995,263.0865891464902,1.1185783996707626,244128627,11.446305078243858,3,229.9018077411474,547
Barangay 562,barangay,Sampaloc,1303901562,2261.0,285229.89053410594,1616092.5269789037,0.0,0.0,0.0,0.0,0.0,0.0,0.0,0.0,0.0,1.0,0.0,3961.9706489999994,133.58956672834594,1.1185783996707626,244131010,9.553528147831592,3,118.14566706034128,548
Barangay 563,barangay,Sampaloc,1303901563,1549.0,285200.20955275977,1616055.6463573545,0.0,0.0,0.0,0.0,0.0,0.0,0.0,0.0,0.0,1.0,0.0,2714.326641,132.78466017654975,1.1185783996707626,244131014,5.20893410134008,3,116.01630631663063,549
Barangay 564,barangay,Sampaloc,1303901564,1451.0,285175.4673766054,1616024.7112299395,0.0,0.0,1.0,0.0,0.0,0.0,0.0,0.0,1.0,0.0,0.0,2542.600359,191.4473317236283,1.1185783996707626,244128623,5.109987423988273,3,167.04566330166008,550
Barangay 565,barangay,Sampaloc,1303901565,2658.0,285229.19762994396,1615917.4000722046,0.0,0.0,0.0,0.0,0.0,0.0,0.0,0.0,0.0,2.0,0.0,4657.6373220000005,248.08740323794606,1.1185783996707626,244128378,77.46292812746877,3,206.86395034310289,551
Barangay 566,barangay,Sampaloc,1303901566,2177.0,285425.6765227878,1615911.0172937822,0.0,0.0,0.0,0.0,0.0,0.0,0.0,0.0,0.0,0.0,0.0,3814.7766930000003,119.6753721970339,1.1185783996707626,244128778,75.2142015029293,3,102.35601088456997,552
Barangay 567,barangay,Sampaloc,1303901567,2437.0,285188.6617760208,1615866.594818097,0.0,1.0,0.0,0.0,0.0,0.0,0.0,0.0,2.0,2.0,0.0,4270.377033,492.9073157047311,1.1185783996707626,244128369,75.87117147812738,4,470.84403894732793,553
Barangay 568,barangay,Sampaloc,1303901568,1881.0,285522.52615198464,1616030.288936229,0.0,0.0,1.0,0.0,0.0,0.0,0.0,0.0,0.0,0.0,0.0,3296.0932290000005,119.6753721970339,1.1185783996707626,244217821,79.006466331293,3,99.24813307626178,554
Barangay 569,barangay,Sampaloc,1303901569,2107.0,285409.39578868507,1615583.569583464,0.0,0.0,0.0,0.0,0.0,0.0,0.0,0.0,0.0,0.0,0.0,3692.1150630000006,157.5385302572518,1.1185783996707626,244128765,85.5986957757321,9,168.5061845118956,555
Barangay 570,barangay,Sampaloc,1303901570,1897.0,285215.48663963075,1615498.2239430482,0.0,0.0,0.0,0.0,0.0,0.0,1.0,0.0,0.0,1.0,0.0,3324.130173,394.115900254672,1.1185783996707626,244128346,11.058378706624667,9,437.17676322190647,556
Barangay 571,barangay,Sampaloc,1303901571,2452.0,285151.6528385846,1615590.6352793886,0.0,0.0,0.0,0.0,0.0,0.0,0.0,0.0,0.0,0.0,0.0,4296.661668,170.43932090184643,1.1185783996707626,8315133935,61.46373300045385,12,179.48949479606094,557
Barangay 572,barangay,Sampaloc,1303901572,1617.0,285240.11166066513,1615704.6729518226,0.0,0.0,0.0,0.0,0.0,0.0,0.0,0.0,0.0,0.0,0.0,2833.4836530000002,127.96104871989209,1.1185783996707626,2271320183,59.32219376008566,4,119.94775361198059,558
Barangay 573,barangay,Sampaloc,1303901573,716.0,284981.91229159303,1615813.1727452357,0.0,0.0,0.0,0.0,0.0,0.0,0.0,0.0,0.0,1.0,0.0,1254.653244,150.86896779366663,1.1185783996707626,130167074,49.89519383412859,5,154.10066198303974,559
Barangay 574,barangay,Sampaloc,1303901574,1043.0,285070.31026473036,1615719.3227560008,0.0,0.0,0.0,0.0,0.0,0.0,0.0,0.0,0.0,0.0,0.0,1827.658287,127.96104871989209,1.1185783996707626,130167075,74.45383091506201,4,123.09625821327116,560
Barangay 575,barangay,Sampaloc,1303901575,1078.0,285135.30223496363,1615800.2783012749,0.0,0.0,0.0,0.0,0.0,0.0,0.0,0.0,0.0,0.0,0.0,1888.989102,127.96104871989209,1.1185783996707626,244128355,76.37911899346076,4,122.75934952420751,561
Barangay 576,barangay,Sampaloc,1303901576,2112.0,285012.88230101764,1615610.5434629885,0.0,0.0,0.0,0.0,1.0,0.0,0.0,0.0,0.0,0.0,0.0,3700.876608,371.79684866298885,1.1185783996707626,3500245882,38.69110754153664,13,419.2762037563313,562
Barangay 577,barangay,Sampaloc,1303901577,801.0,285026.94836099783,1615899.7212731512,0.0,0.0,0.0,0.0,0.0,0.0,0.0,0.0,0.0,1.0,0.0,1403.5995090000001,127.96104871989209,1.1185783996707626,244128612,66.2836590268873,4,126.7859948718413,563
Barangay 578,barangay,Sampaloc,1303901578,1186.0,285538.9686924563,1615451.1595475618,0.0,0.0,2.0,0.0,1.0,0.0,0.0,0.0,0.0,0.0,0.0,2078.2384739999998,494.8637943585042,1.1185783996707626,244128783,78.0665165215369,10,543.5012998139508,564
Barangay 579,barangay,Sampaloc,1303901579,1468.0,285550.37067421875,1615330.0330432905,1.0,0.0,0.0,0.0,1.0,0.0,0.0,0.0,1.0,3.0,3.0,2572.389612,2589.5922001974077,1.1185783996707626,11959078380,65.02889672514235,10,3153.8678861933204,565
Barangay 580,barangay,Sampaloc,1303901580,1889.0,285342.98566192365,1615484.799486132,1.0,0.0,1.0,0.0,0.0,0.0,0.0,0.0,0.0,1.0,0.0,3310.111701,1701.3155685073023,1.1185783996707626,244128347,79.47280946342681,9,1809.7151014220549,566
Barangay 581,barangay,Sampaloc,1303901581,2212.0,285632.0636414924,1615628.862329598,6.0,0.0,1.0,0.0,0.0,0.0,6.0,0.0,0.0,3.0,5.0,3876.107508,23598.958633167873,1.1185783996707626,6510045856,17.75440443397953,12,25090.18841070583,567
Barangay 582,barangay,Sampaloc,1303901582,1269.0,285709.10985555453,1616026.3847298003,0.0,0.0,0.0,0.0,0.0,0.0,0.0,0.0,0.0,0.0,0.0,2223.680121,78.95630016933836,1.1185783996707626,1957912618,58.795105878484165,0,66.53091536008635,568
Barangay 583,barangay,Sampaloc,1303901583,1228.0,285637.9911475944,1615973.6059963799,0.0,0.0,0.0,0.0,0.0,0.0,0.0,0.0,0.0,0.0,0.0,2151.8354520000003,78.95630016933836,1.1185783996707626,244217821,49.980150802501,0,63.5033139003945,569
Barangay 584,barangay,Sampaloc,1303901584,3486.0,285778.8721015559,1615854.6820546882,0.0,0.0,2.0,0.0,0.0,0.0,1.0,0.0,0.0,1.0,0.0,6108.549174,290.80513615803517,1.1185783996707626,13128375527,100.39655749233593,0,276.32571808014285,570
Barangay 585,barangay,Sampaloc,1303901585,1138.0,285990.626183002,1615495.1170388642,0.0,0.0,0.0,0.0,0.0,0.0,2.0,1.0,0.0,3.0,2.0,1994.1276420000002,2303.804824083196,1.1185783996707626,5429380812,45.14095658017471,12,2579.343711120801,571
Barangay 586,barangay,Sampaloc,1303901586,6859.0,286222.54442917707,1615568.362259435,0.0,0.0,0.0,0.0,1.0,1.0,2.0,0.0,3.0,0.0,4.0,12019.087431,2193.102130400126,1.1185783996707626,6507385360,101.65795400393456,16,2392.2949693286973,572
Barangay 587,barangay,Sampaloc,1303901587,2685.0,286064.85124523117,1615140.4236988812,0.0,1.0,4.0,0.0,0.0,0.0,4.0,2.0,2.0,2.0,13.0,4704.949665,6638.242371658375,1.1185783996707626,11976572097,77.64883295706667,12,6983.132361786773,573
Barangay 588,barangay,Sampaloc,1303901588,1037.0,286279.22221135907,1615094.462048905,1.0,2.0,0.0,0.0,0.0,0.0,0.0,0.0,0.0,2.0,0.0,1817.144433,3619.9730353142813,1.1185783996707626,11082310279,30.398126726890208,12,4190.709537343652,574
Barangay 589,barangay,Sampaloc,1303901589,559.0,286343.35979008186,1614898.1081268566,0.0,0.0,1.0,0.0,0.0,0.0,0.0,0.0,1.0,1.0,0.0,979.5407309999998,434.3088751533684,1.1185783996707626,5429288249,26.795566507674323,6,496.2045877421487,575
Barangay 590,barangay,Sampaloc,1303901590,2854.0,286106.2521910727,1614812.0040006111,1.0,0.0,1.0,0.0,0.0,0.0,0.0,0.0,0.0,0.0,1.0,5001.089886000001,3411.967110853664,1.1185783996707626,457316266,77.57190764095573,6,3532.9355689809645,576
Barangay 591,barangay,Sampaloc,1303901591,2085.0,286193.79991215083,1614917.4445435829,1.0,1.0,0.0,0.0,0.0,0.0,0.0,0.0,1.0,3.0,1.0,3653.5642650000004,3483.30467076028,1.1185783996707626,25353393,68.65557431971321,11,4082.9817684661343,577
Barangay 592,barangay,Sampaloc,1303901592,2119.0,285868.76347374363,1615086.624359087,0.0,2.0,2.0,1.0,0.0,0.0,4.0,0.0,6.0,8.0,3.0,3713.142771,4629.984263173758,1.1185783996707626,3736295061,72.42711355744581,12,5702.110020574245,578
Barangay 593,barangay,Sampaloc,1303901593,1628.0,285721.72669329477,1615171.0076279398,1.0,0.0,2.0,0.0,4.0,1.0,1.0,0.0,2.0,6.0,6.0,2852.7590520000003,7622.266987150308,1.1185783996707626,2616880238,54.94620788530169,12,9411.152513079182,579
Barangay 594,barangay,Sampaloc,1303901594,686.0,286408.808831495,1615388.8652338567,0.0,1.0,0.0,0.0,0.0,0.0,0.0,0.0,0.0,1.0,1.0,1202.0839740000001,1281.8822932686362,1.1185783996707626,61677612,57.98427047534311,16,1441.69735642608,580
Barangay 595,barangay,Sampaloc,1303901595,4229.0,286540.56537351006,1615306.8808331033,0.0,0.0,1.0,0.0,0.0,0.0,0.0,0.0,0.0,1.0,0.0,7410.514761,301.57430869231615,1.1185783996707626,61677668,45.590698076054466,16,331.0440064390332,581
Barangay 596,barangay,Sampaloc,1303901596,2467.0,286399.68480237183,1615174.522110324,0.0,0.0,0.0,0.0,0.0,0.0,0.0,0.0,0.0,2.0,0.0,4322.946303,407.99963925311556,1.1185783996707626,61677834,49.1210333290664,16,469.55069880246856,582
Barangay 597,barangay,Sampaloc,1303901597,1544.0,286581.35078018124,1615131.0443113644,0.0,0.0,0.0,0.0,0.0,0.0,1.0,0.0,0.0,0.0,1.0,2705.565096,316.2781658047015,1.1185783996707626,130166634,53.32113066327269,16,383.1825405086632,583
Barangay 598,barangay,Sampaloc,1303901598,10510.0,286766.15895817784,1615033.902766419,0.0,0.0,2.0,0.0,0.0,0.0,0.0,2.0,2.0,8.0,0.0,18416.76759,2066.7698410945873,1.1185783996707626,2678904069,37.16201385693038,12,2232.0542773431616,584
Barangay 599,barangay,Sampaloc,1303901599,4577.0,286488.37444367784,1614978.6012470499,0.0,0.0,4.0,0.0,0.0,0.0,1.0,0.0,0.0,0.0,1.0,8020.318293,1120.872340980428,1.1185783996707626,12098220632,102.87227098981268,10,1270.2830368066363,585
Barangay 600,barangay,Sampaloc,1303901600,6276.0,286658.787671768,1614813.6712601534,0.0,0.0,1.0,0.0,1.0,0.0,0.0,0.0,0.0,1.0,3.0,10997.491284,2965.7773954109325,1.1185783996707626,12096657795,35.01825991051468,10,3381.6987472448177,586
Barangay 601,barangay,Sampaloc,1303901601,7765.0,286996.05430978595,1614804.1077121103,0.0,0.0,0.0,0.0,0.0,0.0,1.0,3.0,0.0,3.0,0.0,13606.679385000001,1004.8019556557267,1.1185783996707626,5429463614,65.23540457942897,9,1056.1875714846974,587
Barangay 602,barangay,Sampaloc,1303901602,2027.0,287023.1677069876,1614584.262881579,1.0,1.0,1.0,0.0,0.0,0.0,2.0,0.0,2.0,4.0,2.0,3551.930343,6957.964894366928,1.1185783996707626,262535034,42.173648192015804,10,7881.997885600172,588
Barangay 603,barangay,Sampaloc,1303901603,739.0,286437.3212712567,1614630.4639455224,0.0,0.0,0.0,0.0,0.0,0.0,0.0,0.0,0.0,0.0,0.0,1294.956351,141.5520624213847,1.1185783996707626,261682824,53.88699160421719,6,153.37440280831171,589
Barangay 604,barangay,Sampaloc,1303901604,1581.0,286916.0228727652,1614353.5775669487,0.0,0.0,0.0,0.0,0.0,0.0,0.0,2.0,0.0,0.0,0.0,2770.400529,234.2970051050305,1.1185783996707626,261682029,55.92184827345371,9,237.09317747367788,590
Barangay 605,barangay,Sampaloc,1303901605,2242.0,286736.09984384244,1614487.6947124805,1.0,0.0,0.0,0.0,0.0,0.0,0.0,1.0,2.0,0.0,1.0,3928.6767780000005,2585.4784393198606,1.1185783996707626,261741016,26.354268888653817,5,2728.5737742606,591
Barangay 606,barangay,Sampaloc,1303901606,443.0,287006.52385791065,1614414.1607611694,0.0,5.0,1.0,0.0,0.0,0.0,0.0,0.0,1.0,0.0,2.0,776.2728870000001,2765.886308528213,1.1185783996707626,261741030,81.09646194407642,7,3083.988462468881,592
Barangay 607,barangay,Sampaloc,1303901607,1443.0,287217.89341961255,1614300.0843921788,0.0,0.0,2.0,0.0,0.0,0.0,0.0,0.0,2.0,1.0,3.0,2528.581887,2871.2694670316946,1.1185783996707626,266620670,95.53930543843276,10,3345.1074985652704,593
Barangay 608,barangay,Sampaloc,1303901608,821.0,286965.0781808295,1614076.5888711223,0.0,0.0,0.0,0.0,0.0,0.0,0.0,0.0,0.0,1.0,0.0,1438.6456890000002,277.50505916387954,1.1185783996707626,266622243,29.714909078536,11,312.7800772917071,594
Barangay 609,barangay,Sampaloc,1303901609,859.0,286775.09238926327,1614088.541951531,1.0,0.0,0.0,0.0,0.0,0.0,2.0,0.0,0.0,1.0,0.0,1505.2334309999999,1503.7961017803214,1.1185783996707626,261737854,28.440777335457216,9,1657.72648341738,595
Barangay 610,barangay,Sampaloc,1303901610,991.0,286505.9295340065,1614259.6572062795,1.0,2.0,0.0,0.0,1.0,0.0,0.0,0.0,1.0,5.0,0.0,1736.538219,3911.7991131748927,1.1185783996707626,261682023,30.226409316498046,8,4584.149287671431,596
Barangay 611,barangay,Sampaloc,1303901611,774.0,286324.2256229756,1614500.8308477197,2.0,0.0,0.0,0.0,0.0,0.0,0.0,0.0,0.0,0.0,0.0,1356.287166,6813.608246466505,1.1185783996707626,261682145,99.32001505677758,5,6942.545621268375,597
Barangay 612,barangay,Sampaloc,1303901612,718.0,286858.7886457804,1614322.2834972271,0.0,0.0,0.0,0.0,0.0,0.0,0.0,0.0,0.0,0.0,0.0,1258.157862,157.5385302572518,1.1185783996707626,261682469,46.403527473326854,9,163.60851517934236,598
Barangay 613,barangay,Sampaloc,1303901613,579.0,286633.4787015261,1614313.4987985417,0.0,0.0,0.0,0.0,0.0,0.0,0.0,0.0,0.0,2.0,0.0,1014.5869110000001,349.40991785169075,1.1185783996707626,261682212,32.32793196110166,4,365.2090127296318,599
Barangay 614,barangay,Sampaloc,1303901614,406.0,286466.5976977565,1614398.0937759418,0.0,0.0,0.0,0.0,0.0,0.0,1.0,0.0,0.0,0.0,0.0,711.437454,157.5385302572518,1.1185783996707626,261682114,76.21810025451254,9,176.17013474595956,600
Barangay 615,barangay,Sampaloc,1303901615,1875.0,286577.42404075543,1614483.2271923264,0.0,0.0,0.0,0.0,0.0,0.0,0.0,0.0,0.0,0.0,0.0,3285.5793750000003,135.15501484037878,1.1185783996707626,261740854,62.7184141885597,5,145.7977720336884,601
Barangay 616,barangay,Sampaloc,1303901616,1117.0,286543.4718892578,1614410.54813318,0.0,0.0,0.0,0.0,0.0,0.0,0.0,0.0,0.0,0.0,0.0,1957.3291530000001,157.5385302572518,1.1185783996707626,261682212,100.17013529418236,9,171.42882929766282,602
Barangay 617,barangay,Sampaloc,1303901617,1300.0,286940.27524484915,1614170.324286702,0.0,0.0,0.0,0.0,0.0,0.0,0.0,2.0,0.0,0.0,0.0,2278.0017,225.03772653807943,1.1185783996707626,261738737,66.68423102827039,10,230.3413621900405,603
Barangay 618,barangay,Sampaloc,1303901618,749.0,287002.0764793948,1614017.1214623812,0.0,0.0,0.0,0.0,0.0,0.0,0.0,0.0,0.0,0.0,0.0,1312.4794410000002,166.39534145628159,1.1185783996707626,261684868,39.75200157762976,11,181.40344673079446,604
Barangay 619,barangay,Sampaloc,1303901619,1288.0,286436.0371509055,1614141.9951426564,0.0,1.0,0.0,0.0,0.0,0.0,0.0,0.0,1.0,4.0,9.0,2256.973992,2969.463333454219,1.1185783996707626,261682023,115.26957958894367,10,3381.1801907765685,605
Barangay 620,barangay,Sampaloc,1303901620,736.0,286758.196084408,1613904.9986372376,0.0,1.0,1.0,0.0,0.0,0.0,0.0,0.0,0.0,1.0,0.0,1289.6994240000001,435.1036532709537,1.1185783996707626,9944996383,41.651650843145234,9,514.5132611174811,606
Barangay 621,barangay,Sampaloc,1303901621,2070.0,286090.8159610601,1614570.3023208622,0.0,1.0,0.0,0.0,0.0,0.0,1.0,3.0,1.0,0.0,1.0,3627.27963,964.580704445109,1.1185783996707626,261682015,116.11726560364629,7,1069.9608816542195,607
Barangay 622,barangay,Sampaloc,1303901622,1229.0,286530.53410941054,1614016.851701373,0.0,0.0,2.0,0.0,1.0,0.0,0.0,0.0,0.0,1.0,0.0,2153.5877610000002,712.9488808226597,1.1185783996707626,261682242,65.57139871180034,6,729.131027964184,608
Barangay 623,barangay,Sampaloc,1303901623,980.0,286625.31215796736,1613845.043490503,0.0,0.0,0.0,0.0,0.0,0.0,0.0,0.0,0.0,0.0,1.0,1717.2628200000001,152.63690182160764,1.1185783996707626,159117152,83.42680738960846,8,168.81208150852098,609
Barangay 624,barangay,Sampaloc,1303901624,1510.0,286599.25901831314,1613960.4014559528,1.0,0.0,0.0,0.0,0.0,0.0,0.0,0.0,0.0,0.0,0.0,2645.98659,2877.99533494078,1.1185783996707626,159117205,46.01043935430528,6,3066.7358944939956,610
Barangay 625,barangay,Sampaloc,1303901625,794.0,286442.14488366613,1613826.8496518394,0.0,0.0,0.0,0.0,0.0,0.0,0.0,0.0,1.0,0.0,0.0,1391.3333460000001,152.63690182160764,1.1185783996707626,159117009,92.95352447938883,8,142.04052460778198,611
Barangay 626,barangay,Sampaloc,1303901626,1502.0,285127.67727227206,1615117.3064400638,0.0,0.0,0.0,0.0,0.0,1.0,0.0,0.0,2.0,4.0,0.0,2631.9681180000002,1078.9068536971727,1.1185783996707626,312003383,81.67107400309516,9,1238.5511500972475,612
Barangay 627,barangay,Sampaloc,1303901627,1618.0,285321.6199028938,1615129.8300121455,1.0,0.0,0.0,0.0,0.0,0.0,2.0,0.0,1.0,0.0,0.0,2835.2359619999997,3001.1368934162915,1.1185783996707626,311296994,72.90057779290419,9,3146.243086044662,613
Barangay 628,barangay,Sampaloc,1303901628,16279.0,285169.87778087624,1614865.7638684632,2.0,0.0,0.0,0.0,0.0,0.0,3.0,2.0,2.0,6.0,1.0,28525.838211,15586.09540099186,1.1185783996707626,13121017981,35.46729389341335,14,18832.702776616516,614
Barangay 629,barangay,Sampaloc,1303901629,1640.0,285544.0217240843,1615124.023667044,0.0,0.0,3.0,0.0,0.0,0.0,2.0,0.0,0.0,1.0,0.0,2873.78676,947.5901928883529,1.1185783996707626,312004931,28.530016692959666,12,1083.102743750858,615
Barangay 630,barangay,Sampaloc,1303901630,6552.0,285673.3736171998,1614701.4058303726,2.0,0.0,0.0,0.0,0.0,2.0,1.0,19.0,1.0,1.0,8.0,11481.128568,20917.44619072249,1.1185783996707626,5142205714,222.03082017616018,12,18706.30491018888,616
Barangay 631,barangay,Sampaloc,1303901631,1045.0,284966.1533900712,1615060.4553570328,2.0,1.0,2.0,0.0,0.0,0.0,0.0,0.0,2.0,1.0,2.0,1831.162905,9649.01938760772,1.1185783996707626,610445307,69.99376916083739,12,11188.516393182017,617
Barangay 632,barangay,Sampaloc,1303901632,576.0,284854.7230379628,1615062.6465044622,0.0,0.0,0.0,0.0,0.0,0.0,1.0,0.0,0.0,0.0,0.0,1009.329984,170.43932090184643,1.1185783996707626,244128179,44.422946760309685,12,199.5424907565805,618
Barangay 633,barangay,Sampaloc,1303901633,548.0,284812.96554394194,1615006.7711533057,0.0,0.0,0.0,0.0,0.0,0.0,0.0,0.0,0.0,0.0,0.0,960.265332,170.43932090184643,1.1185783996707626,594352232,17.248254422520596,12,198.14385346816584,619
Barangay 634,barangay,Sampaloc,1303901634,960.0,284610.77906753623,1615074.9379389964,3.0,4.0,1.0,0.0,3.0,2.0,0.0,0.0,6.0,4.0,0.0,1682.21664,17389.56035871399,1.1185783996707626,244128164,70.65041990873569,15,20484.62771674752,620
Barangay 635,barangay,Sampaloc,1303901635,723.0,284523.55414065457,1614811.452574186,3.0,0.0,0.0,0.0,0.0,0.0,1.0,0.0,0.0,0.0,1.0,1266.919407,13111.88755410372,1.1185783996707626,9805360857,63.84047015365978,11,15239.44575953019,621
Barangay 636,barangay,Sampaloc,1303901636,2025.0,284696.5730972268,1614741.315699149,0.0,0.0,2.0,0.0,0.0,0.0,1.0,0.0,0.0,0.0,1.0,3548.425725,577.6708118246692,1.1185783996707626,1400765449,7.514335482677819,11,708.869920403215,622
Barangay 637,barangay,San Miguel,1303901637,1320.0,284238.1753621497,1614983.9091387745,1.0,0.0,0.0,0.0,0.0,0.0,0.0,0.0,2.0,0.0,0.0,2313.04788,7475.720736953426,1.1185783996707626,299403490,77.97090948946422,14,9091.609435190927,623
Barangay 638,barangay,San Miguel,1303901638,828.0,283948.46468309395,1614896.0447429195,3.0,0.0,0.0,0.0,0.0,0.0,1.0,2.0,2.0,0.0,0.0,1450.911852,26938.93021057223,1.1185783996707626,244128005,11.784930503849523,12,29736.287525312924,624
Barangay 639,barangay,San Miguel,1303901639,475.0,284133.63168421725,1614660.9038544418,1.0,0.0,0.0,0.0,0.0,0.0,1.0,0.0,0.0,1.0,0.0,832.346775,4325.239202487179,1.1185783996707626,244128014,262.4574796806151,7,4219.612124883078,625
Barangay 640,barangay,San Miguel,1303901640,2179.0,284267.78918426385,1614835.5054088354,0.0,0.0,5.0,0.0,0.0,0.0,1.0,0.0,0.0,1.0,0.0,3818.2813109999997,2018.918091259304,1.1185783996707626,299403490,78.01902752963981,14,2455.254417734393,626
Barangay 641,barangay,San Miguel,1303901641,805.0,283686.5482447761,1614845.1867479987,3.0,1.0,1.0,0.0,0.0,0.0,0.0,3.0,3.0,0.0,5.0,1410.608745,24003.64931379397,1.1185783996707626,9932875467,112.57013860396849,12,21975.025122554172,627
Barangay 642,barangay,San Miguel,1303901642,1355.0,283757.93433388916,1614581.7430915078,0.0,0.0,1.0,0.0,0.0,0.0,0.0,0.0,1.0,0.0,1.0,2374.378695,1881.9917860116684,1.1185783996707626,68129169,89.3831536363927,5,1516.5616981362245,628
Barangay 643,barangay,San Miguel,1303901643,659.0,283855.75667607214,1614423.563660271,0.0,0.0,11.0,0.0,0.0,0.0,0.0,1.0,2.0,0.0,2.0,1154.7716309999998,5454.749209442662,1.1185783996707626,1037130964,60.39579924498396,5,3996.7541442929314,629
Barangay 644,barangay,San Miguel,1303901644,735.0,283690.08337063494,1614319.97338086,0.0,0.0,1.0,0.0,0.0,0.0,0.0,0.0,0.0,0.0,0.0,1287.947115,135.15501484037878,1.1185783996707626,1895942111,159.95586853990073,5,95.10762571470133,630
Barangay 645,barangay,San Miguel,1303901645,1716.0,283577.04816411703,1614249.9804591818,0.0,2.0,2.0,0.0,0.0,0.0,1.0,0.0,0.0,0.0,1.0,3006.9622440000003,1435.995151853801,1.1185783996707626,1895942111,33.3488949653923,6,1075.876697242878,631
Barangay 646,barangay,San Miguel,1303901646,970.0,283312.0238061198,1614252.0187979294,1.0,0.0,3.0,0.0,0.0,0.0,0.0,0.0,1.0,1.0,2.0,1699.7397299999998,6074.272536947757,1.1185783996707626,1863859431,19.802547753746065,6,4936.786344058796,632
Barangay 647,barangay,San Miguel,1303901647,3019.0,282899.13300714846,1614329.1644742968,0.0,0.0,1.0,0.0,0.0,0.0,1.0,2.0,0.0,0.0,5.0,5290.220871,9467.694894354445,1.1185783996707626,1423836685,213.02833006791042,24,8609.237705345218,633
Barangay 648,barangay,San Miguel,1303901648,9086.0,283130.36568614974,1614334.6454852521,0.0,0.0,0.0,0.0,0.0,0.0,1.0,0.0,0.0,0.0,1.0,15921.479574000003,466.4350414787414,1.1185783996707626,1423836685,86.10575133597126,6,396.0174712394787,634
Barangay 649,barangay,Port Area,1303901649,69769.0,280584.8959866818,1613321.703800012,4.0,1.0,11.0,0.0,0.0,1.0,5.0,4.0,1.0,7.0,2.0,122256.84662099999,24343.63404356465,1.1185783996707626,7235003481,487.86377347568316,11,13513.394030017687,635
Barangay 650,barangay,Port Area,1303901650,4889.0,281168.9089331926,1613879.4931389764,0.0,0.0,2.0,0.0,0.0,0.0,0.0,0.0,1.0,6.0,7.0,8567.038701,6403.563439529503,1.1185783996707626,163749365,54.726659048452234,11,5276.489591470902,636
Barangay 651,barangay,Port Area,1303901651,2033.0,281314.7289797517,1613673.5751339288,0.0,1.0,2.0,0.0,0.0,0.0,0.0,0.0,0.0,0.0,9.0,3562.4441970000007,9094.076976754794,1.1185783996707626,8659280506,28.69893477172909,11,7185.181110133644,637
Barangay 652,barangay,Port Area,1303901652,34.0,281436.1381073716,1613444.5632117144,0.0,0.0,5.0,0.0,0.0,0.0,0.0,0.0,0.0,0.0,5.0,59.578506000000004,3914.6910168513673,1.1185783996707626,1326072344,70.04461873184131,11,3296.1321215839635,638
Barangay 653,barangay,Port Area,1303901653,58.0,281605.91596610076,1613225.0835594176,0.0,0.0,3.0,0.0,0.0,4.0,0.0,0.0,5.0,1.0,14.0,101.633922,9054.082267724949,1.1185783996707626,11206868467,24.128726169967088,14,7723.172268686196,639
Barangay 654,barangay,Intramuros,1303901654,1492.0,282044.8535809608,1614213.7473322554,1.0,0.0,2.0,0.0,0.0,0.0,0.0,4.0,4.0,3.0,4.0,2614.445028,14883.816239018986,1.1185783996707626,163723134,45.1243495657236,32,12459.875334095383,640
Barangay 655,barangay,Intramuros,1303901655,1714.0,281719.22147808265,1614038.786380871,1.0,2.0,5.0,0.0,0.0,0.0,1.0,6.0,14.0,13.0,12.0,3003.4576260000003,22322.4906002191,1.1185783996707626,163732367,80.76235039905768,12,18644.97935349343,641
Barangay 656,barangay,Intramuros,1303901656,519.0,281469.4998626098,1614305.7762587457,0.0,3.0,3.0,0.0,0.0,0.0,0.0,14.0,15.0,7.0,10.0,909.4483710000001,18798.798637820793,1.1185783996707626,997427853,71.86156320172876,42,16917.0198464357,642
Barangay 657,barangay,Intramuros,1303901657,919.0,282094.8883186879,1613555.436124931,3.0,3.0,3.0,0.0,0.0,0.0,0.0,4.0,7.0,3.0,9.0,1610.371971,45878.57386505585,1.1185783996707626,291714725,39.30398133558132,43,43906.155702263124,643
Barangay 658,barangay,Intramuros,1303901658,2793.0,282104.33537166915,1613910.4734954357,3.0,3.0,4.0,0.0,0.0,0.0,2.0,6.0,11.0,7.0,8.0,4894.199037,36971.492771416735,1.1185783996707626,163724859,52.97391473364341,43,33113.65746564311,644
Barangay 659,barangay,Ermita,1303901659,439.0,282694.5608684544,1613763.4426464364,2.0,9.0,4.0,1.0,2.0,0.0,0.0,3.0,103.0,185.0,17.0,769.263651,80812.32959692695,1.1185783996707626,6765985717,119.20192486364138,33,75691.74584532545,645
Barangay 660,barangay,Ermita,1303901660,387.0,282857.8529636635,1613625.9754634127,1.0,0.0,1.0,0.0,0.0,0.0,0.0,0.0,2.0,3.0,2.0,678.143583,15208.715427993964,1.1185783996707626,159468974,117.0438418566118,33,14398.920928651154,646
Barangay 661,barangay,Ermita,1303901661,486.0,283243.59164092306,1613735.6579818325,0.0,0.0,0.0,0.0,0.0,0.0,0.0,0.0,3.0,4.0,6.0,851.622174,3569.97087096755,1.1185783996707626,1059036057,138.176189061539,27,3267.4057923174814,647
Barangay 662,barangay,Paco,1303901662,1753.0,283776.2303775557,1613731.9387489087,0.0,0.0,0.0,0.0,0.0,0.0,0.0,0.0,0.0,0.0,0.0,3071.797677,97.2066078518652,1.1185783996707626,8313778237,54.43523713776847,1,68.60276145573951,648
Barangay 663,barangay,Ermita,1303901663,704.0,283108.3600130885,1613899.942242329,0.0,0.0,1.0,0.0,0.0,0.0,0.0,0.0,0.0,0.0,5.0,1233.6255359999998,3156.5082977809698,1.1185783996707626,33957094,55.24057568489982,4,2569.719575043767,649
Barangay 664,barangay,Ermita,1303901664,555.0,283225.62098298816,1613421.8291787747,1.0,0.0,2.0,0.0,1.0,0.0,0.0,0.0,12.0,0.0,7.0,972.531495,27382.28785962657,1.1185783996707626,163760331,168.31881958839745,25,24039.560771404886,650
Barangay 666,barangay,Ermita,1303901666,904.0,282390.0884948368,1613188.0029841608,4.0,11.0,5.0,0.0,0.0,1.0,1.0,13.0,35.0,14.0,20.0,1584.0873359999998,51011.98781455319,1.1185783996707626,9772962384,148.82555555624097,43,43026.77872243266,651
Barangay 667,barangay,Ermita,1303901667,3010.0,282330.979367589,1612658.2349729785,2.0,15.0,5.0,0.0,1.0,0.0,2.0,2.0,30.0,21.0,7.0,5274.450089999999,27215.23158636293,1.1185783996707626,316966618,20.012141446161746,19,24457.45207204493,652
Barangay 668,barangay,Ermita,1303901668,2905.0,282534.1006920758,1612278.5154394843,1.0,9.0,6.0,0.0,0.0,2.0,0.0,4.0,14.0,19.0,10.0,5090.457645,21245.534680160505,1.1185783996707626,26032773,22.09189564512837,19,18022.451869386972,653
Barangay 669,barangay,Ermita,1303901669,3738.0,282926.3768124537,1612484.3320940528,6.0,11.0,7.0,1.0,3.0,1.0,1.0,0.0,84.0,129.0,5.0,6550.131041999999,115167.48670055238,1.1185783996707626,2192028218,205.95509068653877,31,96381.30908795497,654
Barangay 670,barangay,Ermita,1303901670,2904.0,282766.2401038312,1612859.7379289174,2.0,8.0,8.0,0.0,0.0,0.0,0.0,1.0,10.0,5.0,6.0,5088.705336,31529.168229691044,1.1185783996707626,5828739366,129.16700990698308,28,27644.51975765618,655
Barangay 671,barangay,Paco,1303901671,1239.0,283795.2007543837,1613022.6190310998,1.0,0.0,0.0,0.0,0.0,0.0,0.0,0.0,0.0,0.0,0.0,2171.110851,4723.981806282871,1.1185783996707626,400704058,73.06919607673198,4,3972.490764927309,656
Barangay 672,barangay,Paco,1303901672,3268.0,283651.61742452625,1613188.6137702493,0.0,0.0,1.0,0.0,3.0,0.0,0.0,0.0,2.0,4.0,1.0,5726.545811999999,2545.879601833267,1.1185783996707626,1673074275,82.03357527829408,2,1890.1080571836549,657
Barangay 673,barangay,Paco,1303901673,2539.0,283660.82028983044,1612781.3873696695,0.0,0.0,2.0,0.0,1.0,0.0,0.0,0.0,0.0,2.0,2.0,4449.112551,2186.8533238556447,1.1185783996707626,159443614,7.527853283183268,7,2209.524939870019,658
Barangay 674,barangay,Paco,1303901674,1629.0,283321.3115244163,1613036.3655148535,3.0,2.0,1.0,0.0,0.0,0.0,4.0,2.0,4.0,12.0,5.0,2854.5113610000003,20262.99264731589,1.1185783996707626,33957090,37.22672292589424,24,19829.256450903005,659
Barangay 675,barangay,Paco,1303901675,2044.0,283459.3236827678,1612559.8135090717,1.0,5.0,0.0,0.0,1.0,1.0,3.0,0.0,5.0,8.0,8.0,3581.719596,12736.256344646892,1.1185783996707626,33956702,75.76665889366289,27,13969.276391345184,660
Barangay 676,barangay,Paco,1303901676,2564.0,283286.54107142065,1612774.5135012215,1.0,12.0,1.0,0.0,0.0,1.0,3.0,1.0,5.0,6.0,13.0,4492.920276,22614.6276031086,1.1185783996707626,33957033,20.40571785142363,27,23552.927407850908,661
Barangay 677,barangay,Paco,1303901677,2235.0,283901.43732693256,1613181.2493302568,0.0,0.0,3.0,0.0,0.0,0.0,1.0,0.0,1.0,0.0,3.0,3916.4106150000002,2328.4780766281187,1.1185783996707626,360789972,21.324425891876263,4,2197.688757735786,662
Barangay 678,barangay,Paco,1303901678,1335.0,284078.81585496844,1613167.831969087,1.0,0.0,0.0,0.0,0.0,0.0,0.0,1.0,2.0,5.0,0.0,2339.332515,8624.959287262378,1.1185783996707626,13114942014,26.222804087857142,10,9581.447862488614,663
Barangay 679,barangay,Paco,1303901679,860.0,283922.2499539183,1612813.1918376167,1.0,0.0,0.0,0.0,0.0,0.0,1.0,0.0,1.0,2.0,1.0,1506.98574,9434.369857849164,1.1185783996707626,314143521,17.636508347033683,14,10503.490967738297,664
Barangay 680,barangay,Paco,1303901680,1085.0,284120.80367151205,1612931.6398351952,0.0,0.0,1.0,0.0,0.0,0.0,0.0,0.0,3.0,4.0,1.0,1901.255265,1962.658217709016,1.1185783996707626,34010248,36.76993473254136,11,2284.7260281016347,665
Barangay 681,barangay,Paco,1303901681,1453.0,284130.0737393025,1612757.7128451504,1.0,1.0,0.0,0.0,0.0,0.0,0.0,0.0,5.0,2.0,1.0,2546.104977,2114.92686120108,1.1185783996707626,34010345,31.37130359470309,13,2548.6446570863145,666
Barangay 682,barangay,Paco,1303901682,747.0,284367.2801444658,1612897.2560733093,0.0,0.0,1.0,0.0,0.0,0.0,0.0,1.0,0.0,2.0,1.0,1308.974823,1560.3383157783194,1.1185783996707626,34010240,46.290212832292696,13,1910.1197052942111,667
Barangay 683,barangay,Paco,1303901683,869.0,284063.15826887346,1612532.0332817575,0.0,0.0,0.0,0.0,0.0,0.0,1.0,0.0,3.0,2.0,0.0,1522.756521,928.4251622162408,1.1185783996707626,151044964,31.442134780472742,14,1046.6850543189446,668
Barangay 684,barangay,Paco,1303901684,2685.0,283956.8156113458,1612542.3302982687,0.0,2.0,0.0,0.0,0.0,0.0,1.0,0.0,4.0,8.0,2.0,4704.949665,3213.167089083471,1.1185783996707626,252166889,49.58282424142926,14,3563.6149930472693,669
Barangay 685,barangay,Paco,1303901685,869.0,284170.55879463337,1612538.6975677232,0.0,0.0,0.0,0.0,0.0,0.0,0.0,0.0,0.0,2.0,3.0,1522.756521,1601.525253845843,1.1185783996707626,1669636082,16.955726678234278,14,1883.4459189030167,670
Barangay 686,barangay,Paco,1303901686,3306.0,283947.6341416433,1612421.7194941146,0.0,1.0,0.0,0.0,1.0,0.0,0.0,0.0,1.0,5.0,0.0,5793.133554,2623.09113800328,1.1185783996707626,33956008,70.31500269731038,13,2877.949078752001,671
Barangay 687,barangay,Paco,1303901687,2106.0,283791.6658809331,1612465.1864478341,0.0,0.0,0.0,0.0,2.0,0.0,0.0,0.0,0.0,8.0,2.0,3690.3627540000007,4881.462210376312,1.1185783996707626,2512386115,61.702386308403725,8,5138.16877234765,672
Barangay 688,barangay,Malate,1303901688,756.0,283840.1320971609,1612242.5096399256,0.0,0.0,0.0,0.0,0.0,0.0,0.0,0.0,0.0,0.0,5.0,1324.745604,1092.2084187614605,1.1185783996707626,33956001,56.45269556175776,8,1200.6165011588714,673
Barangay 689,barangay,Malate,1303901689,736.0,283747.00781866093,1612129.030588645,0.0,0.0,0.0,0.0,0.0,0.0,1.0,0.0,1.0,4.0,0.0,1289.6994240000001,1398.3977792104886,1.1185783996707626,33956709,3.288915168970614,25,1608.1567661757872,674
Barangay 690,barangay,Malate,1303901690,544.0,283637.4057282759,1612162.6604028717,0.0,0.0,0.0,0.0,0.0,0.0,0.0,0.0,0.0,0.0,1.0,953.2560960000001,209.83541774260974,1.1185783996707626,316546252,78.86692295906457,25,227.46809924853767,675
Barangay 691,barangay,Malate,1303901691,434.0,283715.0083890634,1612019.8105583405,0.0,2.0,0.0,0.0,0.0,0.0,0.0,0.0,1.0,3.0,3.0,760.502106,2125.052743184717,1.1185783996707626,33956697,81.28274890771097,26,2442.2602754070203,676
Barangay 692,barangay,Malate,1303901692,2508.0,283611.98336586135,1611943.8562926776,0.0,3.0,0.0,0.0,0.0,0.0,0.0,0.0,1.0,3.0,3.0,4394.790972000001,3344.510956875412,1.1185783996707626,33956664,102.84315722212018,26,3527.982638505891,677
Barangay 693,barangay,Malate,1303901693,557.0,283527.02903750713,1612102.0473913501,0.0,3.0,0.0,0.0,0.0,0.0,0.0,0.0,1.0,2.0,1.0,976.0361130000001,1957.4285578047522,1.1185783996707626,33956664,77.18765934649397,25,2089.3277362818226,678
Barangay 694,barangay,Malate,1303901694,1478.0,283461.1975216424,1612307.0783278681,2.0,5.0,1.0,0.0,0.0,0.0,0.0,1.0,3.0,8.0,3.0,2589.912702,20001.306566372987,1.1185783996707626,316546673,8.673346904314585,26,21101.231405452043,679
Barangay 695,barangay,Malate,1303901695,722.0,283642.6068611114,1612421.1356086172,1.0,1.0,1.0,0.0,1.0,0.0,1.0,0.0,0.0,1.0,5.0,1265.167098,10036.618784414184,1.1185783996707626,33956027,15.179431630279085,27,11070.820070118465,680
Barangay 696,barangay,Malate,1303901696,4121.0,283303.77323368675,1612147.1623334528,3.0,2.0,0.0,0.0,0.0,0.0,4.0,0.0,2.0,11.0,6.0,7221.265389,21496.045887123255,1.1185783996707626,33956176,57.965085773938334,27,22424.78478727051,681
Barangay 697,barangay,Malate,1303901697,3568.0,283145.1607037045,1612063.5572922104,3.0,2.0,0.0,0.0,0.0,0.0,0.0,0.0,6.0,3.0,5.0,6252.238512,21612.00138198155,1.1185783996707626,33956012,59.53572175219254,30,21081.050237608837,682
Barangay 698,barangay,Malate,1303901698,1759.0,282992.68885225244,1611982.2262213891,0.0,0.0,0.0,0.0,0.0,0.0,2.0,0.0,25.0,5.0,3.0,3082.3115310000003,5891.707596122145,1.1185783996707626,459406041,5.3851021683959,6,4744.8634921722005,683
Barangay 699,barangay,Malate,1303901699,2733.0,282739.59142309905,1611884.254261497,0.0,5.0,0.0,0.0,1.0,0.0,0.0,1.0,27.0,17.0,12.0,4789.060497,22509.01442653221,1.1185783996707626,26032782,25.781598729448902,19,19086.278529458967,684
Barangay 700,barangay,Malate,1303901700,140.0,282923.2879576923,1611621.9853335705,1.0,0.0,0.0,0.0,0.0,0.0,1.0,1.0,3.0,2.0,0.0,245.32325999999998,6823.710379889126,1.1185783996707626,416500361,24.12594342674763,19,6075.3353066305435,685
Barangay 701,barangay,Malate,1303901701,3328.0,282996.2173371016,1611346.5965471873,0.0,1.0,2.0,0.0,0.0,0.0,0.0,0.0,6.0,8.0,8.0,5831.684352,8128.6130878218055,1.1185783996707626,21720762,118.304000451954,20,6804.146470531938,686
Barangay 702,barangay,Malate,1303901702,3572.0,283183.98995327554,1611724.0444899686,0.0,1.0,1.0,0.0,1.0,0.0,0.0,1.0,4.0,7.0,0.0,6259.247748,5821.299510179263,1.1185783996707626,33956049,83.8482963203547,29,5715.693439069921,687
Barangay 703,barangay,Malate,1303901703,848.0,283436.57506097073,1611808.88825749,2.0,3.0,1.0,0.0,0.0,1.0,0.0,1.0,0.0,1.0,4.0,1485.958032,13958.865300035115,1.1185783996707626,33956170,79.56153361964071,26,14465.477900896589,688
Barangay 704,barangay,Malate,1303901704,5339.0,283230.01321044995,1611482.0718233995,0.0,0.0,0.0,0.0,0.0,0.0,0.0,1.0,0.0,0.0,0.0,9355.577751,147.3376658953518,1.1185783996707626,25629738,137.74000584851393,7,125.16795783178664,689
Barangay 705,barangay,Malate,1303901705,2696.0,283312.94268448,1611545.1973165483,0.0,4.0,2.0,0.0,0.0,0.0,0.0,1.0,0.0,4.0,0.0,4724.225064,1551.4634673804599,1.1185783996707626,33956181,99.16516923669417,6,1429.1757268440276,690
Barangay 706,barangay,Malate,1303901706,301.0,283420.99778193294,1611618.4980466412,0.0,0.0,0.0,0.0,2.0,0.0,0.0,0.0,0.0,1.0,1.0,527.445009,2701.932790949549,1.1185783996707626,241232835,72.03735055352637,24,2694.1741556428924,691
Barangay 707,barangay,Malate,1303901707,1081.0,283478.1361303032,1611512.1298054839,0.0,0.0,0.0,0.0,0.0,0.0,0.0,0.0,0.0,0.0,0.0,1894.2460289999997,204.85669504052086,1.1185783996707626,411302037,51.860301516721435,23,203.902836128568,692
Barangay 708,barangay,Malate,1303901708,788.0,283673.82368816005,1611319.1354449,0.0,0.0,0.0,0.0,0.0,0.0,0.0,1.0,38.0,12.0,0.0,1380.819492,6305.59194818885,1.1185783996707626,246784192,37.80934720382138,24,5853.5117062036,693
Barangay 709,barangay,Malate,1303901709,5339.0,283689.6105611017,1611480.7462246683,0.0,5.0,1.0,1.0,1.0,0.0,0.0,0.0,53.0,35.0,9.0,9355.577751,21226.19562073356,1.1185783996707626,8479580664,63.65841893565607,25,19667.120731706567,694
Barangay 710,barangay,Malate,1303901710,747.0,283458.59965554124,1611433.0291142692,0.0,0.0,0.0,0.0,0.0,0.0,0.0,0.0,0.0,1.0,2.0,1308.974823,684.066085566288,1.1185783996707626,411301894,47.558010829752256,23,636.946295220555,695
Barangay 711,barangay,Malate,1303901711,1308.0,283500.60756190016,1611359.0137979835,0.0,0.0,0.0,0.0,0.0,0.0,0.0,0.0,0.0,0.0,0.0,2292.0201719999995,204.85669504052086,1.1185783996707626,411301894,37.69232468756368,23,191.6248560306364,696
Barangay 712,barangay,Malate,1303901712,1225.0,283569.97089804773,1611462.0893928912,0.0,0.0,0.0,0.0,0.0,0.0,0.0,0.0,2.0,0.0,1.0,2146.578525,330.35214384758905,1.1185783996707626,8323924178,29.735918467129732,23,302.2095350500103,697
Barangay 713,barangay,Malate,1303901713,2091.0,283590.0806076111,1611297.2492331257,0.0,0.0,0.0,0.0,0.0,0.0,0.0,0.0,0.0,0.0,0.0,3664.078119,204.85669504052086,1.1185783996707626,411302036,70.6731947779008,23,178.03015302689607,698
Barangay 714,barangay,Malate,1303901714,1617.0,283550.37684789905,1611621.6417626229,0.0,0.0,1.0,0.0,0.0,0.0,0.0,0.0,1.0,6.0,0.0,2833.4836530000002,1513.9292437860036,1.1185783996707626,32614798,63.90251772533694,23,1405.1803970575208,699
Barangay 715,barangay,Malate,1303901715,217.0,283511.2086907407,1611269.1220310144,0.0,0.0,0.0,0.0,0.0,0.0,0.0,0.0,0.0,0.0,0.0,380.251053,204.85669504052086,1.1185783996707626,411302036,17.056852448868305,23,182.4990591922859,700
Barangay 716,barangay,Malate,1303901716,836.0,283580.21435828763,1611251.0794289785,0.0,0.0,0.0,0.0,0.0,0.0,0.0,0.0,0.0,0.0,0.0,1464.9303240000002,204.85669504052086,1.1185783996707626,411302036,67.53634787576476,23,178.2729082205793,701
Barangay 717,barangay,Malate,1303901717,491.0,283647.8771743226,1611239.7407042463,0.0,0.0,0.0,0.0,0.0,0.0,0.0,0.0,0.0,0.0,0.0,860.383719,207.38091772761706,1.1185783996707626,1385443507,35.17993857362063,24,166.6047957369955,702
Barangay 718,barangay,Malate,1303901718,1196.0,283616.7063084189,1611191.9272771091,0.0,0.0,0.0,0.0,0.0,0.0,0.0,0.0,0.0,0.0,0.0,2095.761564,207.38091772761706,1.1185783996707626,4089307764,12.146689269180781,24,169.77001567493173,703
Barangay 719,barangay,Malate,1303901719,8846.0,283466.76424369763,1610867.7228777935,3.0,4.0,6.0,1.0,1.0,1.0,4.0,18.0,33.0,22.0,8.0,15500.925414,69961.39822780983,1.1185783996707626,25526904,246.0502958518448,42,58004.376236611104,704
Barangay 720,barangay,Malate,1303901720,1604.0,283423.58063141606,1611063.298892132,0.0,0.0,1.0,0.0,0.0,0.0,0.0,0.0,0.0,1.0,0.0,2810.703636,1596.822741978465,1.1185783996707626,5867161256,95.45555645199356,42,1445.0463159401609,705
Barangay 721,barangay,Malate,1303901721,583.0,283280.04631890624,1611181.495503225,0.0,1.0,0.0,0.0,0.0,0.0,2.0,3.0,2.0,3.0,0.0,1021.5961470000002,4233.257116336337,1.1185783996707626,32548282,93.03657777075637,20,3965.507875302811,706
Barangay 722,barangay,Malate,1303901722,682.0,283870.0533960768,1611957.5361979033,0.0,0.0,0.0,0.0,0.0,0.0,1.0,0.0,1.0,2.0,1.0,1195.074738,918.0480943025844,1.1185783996707626,252166861,65.58188044381156,24,1048.2566865284734,707
Barangay 723,barangay,Malate,1303901723,588.0,283776.02560004446,1611847.934667308,0.0,0.0,0.0,0.0,0.0,0.0,0.0,0.0,1.0,5.0,3.0,1030.357692,2328.4105568899754,1.1185783996707626,252166866,50.06562293701724,24,2531.2267810838325,708
Barangay 724,barangay,Malate,1303901724,2459.0,283889.5116641966,1611684.3228265108,0.0,2.0,0.0,0.0,0.0,0.0,0.0,2.0,1.0,3.0,2.0,4308.927831000001,1935.9495900285262,1.1185783996707626,1132110713,126.25260081348442,24,1966.605776080336,709
Barangay 725,barangay,Malate,1303901725,1990.0,283770.3619158098,1611527.0284411996,1.0,3.0,1.0,0.0,0.0,0.0,0.0,0.0,23.0,22.0,13.0,3487.09491,20631.747689084124,1.1185783996707626,1740381235,50.9834499251878,25,20986.11985365525,710
Barangay 726,barangay,Malate,1303901726,738.0,283991.90331143356,1611448.5324406703,0.0,0.0,1.0,0.0,0.0,0.0,0.0,0.0,1.0,0.0,1.0,1293.204042,661.240166111019,1.1185783996707626,1768565202,69.15696785511821,23,533.123879728546,711
Barangay 727,barangay,Malate,1303901727,2842.0,284032.34608090564,1611263.195765062,0.0,1.0,1.0,0.0,0.0,0.0,0.0,1.0,30.0,16.0,5.0,4980.062177999999,13112.687572910085,1.1185783996707626,1132110711,26.338208396220374,23,11518.957075344602,712
Barangay 728,barangay,Malate,1303901728,886.0,284104.6006815791,1611065.1421275267,2.0,2.0,1.0,0.0,0.0,0.0,1.0,2.0,14.0,6.0,3.0,1552.5457740000002,26522.93700608582,1.1185783996707626,241236183,109.04663890466976,23,22469.378460742635,713
Barangay 729,barangay,Malate,1303901729,1775.0,284087.0378717013,1610839.1566836021,0.0,0.0,0.0,1.0,2.0,0.0,0.0,0.0,15.0,4.0,0.0,3110.3484750000002,5255.070416885644,1.1185783996707626,1517391666,87.73645552154873,23,4235.618026691883,714
Barangay 730,barangay,Malate,1303901730,2443.0,284244.6750040067,1610907.6936746156,1.0,0.0,0.0,0.0,0.0,0.0,0.0,0.0,4.0,2.0,0.0,4280.8908870000005,6757.196105758006,1.1185783996707626,8585985238,55.11921189037007,23,5429.5823045964235,715
Barangay 731,barangay,Malate,1303901731,2933.0,284158.8430845229,1611750.6191605185,0.0,1.0,2.0,0.0,0.0,0.0,0.0,0.0,2.0,2.0,1.0,5139.522297,962.0700894949842,1.1185783996707626,9816682215,27.971092348662978,10,904.9517140940546,716
Barangay 732,barangay,Malate,1303901732,1983.0,284256.58015447843,1611709.9645703658,1.0,0.0,0.0,0.0,0.0,0.0,0.0,0.0,0.0,0.0,0.0,3474.8287470000005,2621.4582794546827,1.1185783996707626,6660451442,36.589031580347616,9,2597.507278036526,717
Barangay 733,barangay,Malate,1303901733,4317.0,284197.306497499,1611405.4350822442,0.0,0.0,0.0,0.0,0.0,0.0,0.0,0.0,3.0,2.0,0.0,7564.717952999999,618.0518782047604,1.1185783996707626,1669635977,28.23597469872688,23,544.7384887036036,718
Barangay 734,barangay,Malate,1303901734,792.0,284205.44672548946,1612420.836094826,0.0,0.0,0.0,0.0,0.0,0.0,0.0,0.0,0.0,0.0,0.0,1387.828728,174.27103084753864,1.1185783996707626,12026051181,34.543031302042486,13,209.32011276522542,719
Barangay 735,barangay,Malate,1303901735,2038.0,284253.46500560606,1612274.6483199548,0.0,0.0,0.0,0.0,0.0,0.0,0.0,0.0,0.0,0.0,0.0,3571.205742,162.10805496544654,1.1185783996707626,9816935386,20.960573524435077,10,183.3989339323297,720
Barangay 736,barangay,Malate,1303901736,3825.0,284104.82920463197,1612274.6483199548,0.0,0.0,0.0,0.0,0.0,0.0,0.0,0.0,0.0,0.0,0.0,6702.581925,162.10805496544654,1.1185783996707626,5507942946,77.37753310141758,10,186.54840415727617,721
Barangay 737,barangay,Malate,1303901737,2615.0,284310.410221273,1612161.4913156978,0.0,0.0,0.0,0.0,0.0,0.0,0.0,0.0,0.0,0.0,0.0,4582.288035,162.10805496544654,1.1185783996707626,9816935380,73.22004063367545,10,177.49163891002593,722
Barangay 738,barangay,Malate,1303901738,3548.0,284333.65597056365,1612060.3860633182,0.0,1.0,1.0,0.0,0.0,0.0,0.0,0.0,0.0,1.0,0.0,6217.192332,350.6913343035911,1.1185783996707626,3668086648,47.19039873723587,10,340.5147611375696,723
Barangay 739,barangay,Malate,1303901739,4598.0,284307.9582105641,1611895.8281499716,0.0,0.0,0.0,0.0,1.0,0.0,1.0,0.0,0.0,0.0,0.0,8057.116782,465.1934721540335,1.1185783996707626,1669636027,82.88763301051229,9,509.83407715721216,724
Barangay 740,barangay,Malate,1303901740,4185.0,284137.425175986,1612056.950253205,0.0,1.0,0.0,0.0,0.0,0.0,0.0,0.0,0.0,1.0,0.0,7333.413165,302.2939217139016,1.1185783996707626,151030406,81.0361937062452,10,322.2890030081404,725
Barangay 741,barangay,Malate,1303901741,1296.0,284139.5376873624,1612188.3986688592,0.0,0.0,0.0,0.0,0.0,0.0,0.0,0.0,0.0,0.0,0.0,2270.992464,162.10805496544654,1.1185783996707626,151030406,60.869554078616495,10,174.25335940411344,726
Barangay 742,barangay,Malate,1303901742,836.0,284039.38914936304,1612152.5659784614,0.0,0.0,1.0,0.0,0.0,0.0,0.0,0.0,0.0,0.0,0.0,1464.9303240000002,162.10805496544654,1.1185783996707626,151030403,51.38591473381555,10,177.85786699652004,727
Barangay 743,barangay,Malate,1303901743,2028.0,283991.615716067,1612023.3814826051,0.0,0.0,0.0,0.0,0.0,0.0,0.0,0.0,1.0,3.0,1.0,3553.6826520000004,634.9983736443663,1.1185783996707626,6509105665,92.28807942976914,4,613.8781422052318,728
Barangay 744,barangay,Malate,1303901744,1253.0,284065.7733145572,1611717.4313827902,1.0,0.0,0.0,0.0,0.0,0.0,1.0,1.0,1.0,1.0,1.0,2195.6431770000004,4000.1813935857685,1.1185783996707626,1132110709,50.76158861980529,4,3864.404074061244,729
Barangay 745,barangay,Santa Ana,1303901745,1826.0,284359.9258160265,1611464.1170799052,0.0,0.0,0.0,0.0,0.0,0.0,0.0,0.0,0.0,0.0,0.0,3199.716234,152.63690182160764,1.1185783996707626,2372984656,96.81364596414456,8,144.89955305817753,730
Barangay 746,barangay,Santa Ana,1303901746,1494.0,284366.315408271,1611347.3873715494,1.0,2.0,0.0,0.0,0.0,0.0,1.0,0.0,4.0,5.0,2.0,2617.949646,3435.2043068476783,1.1185783996707626,2372984656,27.129685681969395,8,3385.49600252395,731
Barangay 747,barangay,Santa Ana,1303901747,381.0,284591.20838403085,1611700.429864698,0.0,0.0,0.0,0.0,0.0,0.0,0.0,0.0,0.0,2.0,0.0,667.629729,405.74396077515763,1.1185783996707626,243426399,92.91484591345953,9,427.70277248603463,732
Barangay 748,barangay,Santa Ana,1303901748,888.0,284569.48102190474,1611582.6857132225,0.0,0.0,0.0,0.0,0.0,0.0,0.0,0.0,0.0,1.0,0.0,1556.050392,157.5385302572518,1.1185783996707626,243426349,3.5683698601092426,9,168.6015515358661,733
Barangay 749,barangay,Santa Ana,1303901749,673.0,284671.6995814983,1611535.4063339906,0.0,0.0,0.0,0.0,0.0,0.0,0.0,0.0,1.0,2.0,1.0,1179.303957,393.61973120106154,1.1185783996707626,12010346511,49.37850568431713,8,410.94258125780397,734
Barangay 750,barangay,Santa Ana,1303901750,1220.0,284486.53458416136,1611849.9486540575,0.0,0.0,0.0,0.0,1.0,0.0,0.0,0.0,0.0,3.0,0.0,2137.81698,1133.371367647534,1.1185783996707626,243426351,74.28447308067094,9,1238.44471847858,735
Barangay 751,barangay,Santa Ana,1303901751,1175.0,284419.5869919667,1611728.9134370321,0.0,0.0,0.0,0.0,0.0,0.0,0.0,0.0,0.0,0.0,0.0,2058.963075,157.5385302572518,1.1185783996707626,312933354,2.1176834477483615,9,165.5291772231911,736
Barangay 752,barangay,Santa Ana,1303901752,782.0,284507.2529252323,1611478.3520091446,0.0,0.0,0.0,0.0,0.0,0.0,0.0,0.0,0.0,0.0,1.0,1370.305638,152.63690182160764,1.1185783996707626,1669635978,40.42482546996058,8,151.1835113047109,737
Barangay 753,barangay,Santa Ana,1303901753,2531.0,284334.9745867044,1611649.3446529075,0.0,0.0,0.0,0.0,0.0,0.0,0.0,0.0,0.0,0.0,0.0,4435.094079,157.5385302572518,1.1185783996707626,141465395,40.767850325774326,9,161.07967123073666,738
Barangay 754,barangay,Santa Ana,1303901754,2595.0,284315.9983358727,1611562.7362845386,0.0,0.0,1.0,0.0,0.0,0.0,0.0,0.0,0.0,0.0,0.0,4547.241854999999,152.63690182160764,1.1185783996707626,141465395,128.52775667928896,8,146.6101617522272,739
Barangay 755,barangay,Santa Ana,1303901755,1722.0,284416.517416296,1610943.2829371244,0.0,1.0,0.0,0.0,0.0,0.0,0.0,0.0,0.0,0.0,1.0,3017.476098,218.43592062551875,1.1185783996707626,4415647415,41.01953403253676,2,200.87853969940784,740
Barangay 756,barangay,Santa Ana,1303901756,736.0,284532.0872325332,1611039.5068585332,0.0,1.0,0.0,0.0,0.0,0.0,0.0,0.0,1.0,2.0,1.0,1289.6994240000001,829.8967437745773,1.1185783996707626,4462444173,8.229010769161412,7,862.3261685837579,741
Barangay 757,barangay,Santa Ana,1303901757,488.0,284623.8931788789,1611136.073410982,0.0,0.0,0.0,0.0,0.0,0.0,0.0,0.0,1.0,2.0,2.0,855.126792,685.9468036226408,1.1185783996707626,4180500833,62.011932171021385,8,713.6023853255649,742
Barangay 758,barangay,Santa Ana,1303901758,487.0,284721.8810274707,1611205.6160513,0.0,1.0,2.0,0.0,0.0,0.0,0.0,0.0,2.0,0.0,2.0,853.3744829999999,929.7802643580466,1.1185783996707626,79674485,49.63000497564255,8,1011.1816031022677,743
Barangay 759,barangay,Santa Ana,1303901759,802.0,284718.15480529075,1611354.355779712,0.0,0.0,0.0,0.0,0.0,0.0,0.0,0.0,0.0,1.0,1.0,1405.351818,332.3829008038049,1.1185783996707626,79674345,6.391496192461729,8,362.91247063945417,744
Barangay 760,barangay,Santa Ana,1303901760,966.0,284581.0064455661,1611290.2074981867,0.0,0.0,1.0,0.0,0.0,0.0,0.0,0.0,0.0,0.0,0.0,1692.7304940000001,152.63690182160764,1.1185783996707626,79674061,3.6426862522065067,8,160.56571313885092,745
Barangay 761,barangay,Santa Ana,1303901761,1097.0,284446.55844171543,1611223.9765302357,0.0,0.0,0.0,0.0,0.0,0.0,1.0,0.0,0.0,0.0,0.0,1922.2829729999999,147.3376658953518,1.1185783996707626,243426291,3.0937930420097137,7,150.04964837291203,746
Barangay 762,barangay,Santa Ana,1303901762,391.0,284317.20425933896,1611166.1222774861,0.0,0.0,1.0,0.0,0.0,0.0,0.0,0.0,5.0,2.0,1.0,685.152819,1154.464540325106,1.1185783996707626,1669635971,7.827788448923003,2,1035.7122594774598,747
Barangay 763,barangay,Santa Ana,1303901763,1984.0,285026.8589139796,1611573.2666083262,0.0,1.0,1.0,0.0,0.0,0.0,0.0,0.0,1.0,1.0,0.0,3476.5810560000004,583.959084379987,1.1185783996707626,2355630658,87.3092414232971,8,619.48027277488,748
Barangay 764,barangay,Santa Ana,1303901764,2073.0,284887.4011452808,1611413.663235399,0.0,0.0,2.0,0.0,0.0,1.0,0.0,0.0,0.0,1.0,0.0,3632.536557,442.77452702956407,1.1185783996707626,4210478466,30.78610742918861,8,475.35287760553746,749
Barangay 765,barangay,Santa Ana,1303901765,2215.0,285132.9921230858,1611681.9957123117,0.0,1.0,1.0,0.0,0.0,0.0,0.0,0.0,0.0,1.0,0.0,3881.3644349999995,176.70142071258542,1.1185783996707626,2355630674,88.41886177756123,0,163.35061238699998,750
Barangay 766,barangay,Santa Ana,1303901766,3321.0,285228.47640691686,1611772.179052628,0.0,0.0,0.0,0.0,0.0,0.0,0.0,0.0,0.0,0.0,0.0,5819.418189,78.95630016933836,1.1185783996707626,6585753902,84.4568813616527,0,73.39721531864642,751
Barangay 767,barangay,Santa Ana,1303901767,5497.0,285050.65757128183,1611860.0977096339,0.0,1.0,1.0,0.0,1.0,0.0,0.0,0.0,0.0,2.0,0.0,9632.442572999998,1618.093585483355,1.1185783996707626,79659093,85.74028903832611,5,1621.2002141097037,752
Barangay 768,barangay,Santa Ana,1303901768,1403.0,284910.99113103375,1611718.7207665364,0.0,0.0,0.0,0.0,0.0,0.0,0.0,0.0,0.0,0.0,1.0,2458.489527,176.7506067539405,1.1185783996707626,136903572,86.8363030380331,9,180.84751875327663,753
Barangay 769,barangay,Santa Ana,1303901769,2317.0,284795.61089013563,1611594.5887333879,0.0,0.0,0.0,0.0,0.0,0.0,0.0,0.0,0.0,0.0,0.0,4060.099953,157.5385302572518,1.1185783996707626,6585753927,28.152128052334007,9,163.57286108324857,754
Barangay 770,barangay,Santa Ana,1303901770,9673.0,285456.34485066286,1612047.0639561242,2.0,0.0,0.0,0.0,0.0,0.0,1.0,0.0,0.0,1.0,1.0,16950.084957,3203.722190539817,1.1185783996707626,141450984,74.36365161289596,1,2965.9926704968143,755
Barangay 771,barangay,Santa Ana,1303901771,1902.0,285054.38226115867,1612124.126778389,1.0,1.0,1.0,0.0,1.0,0.0,0.0,0.0,0.0,0.0,0.0,3332.8917180000003,1904.1346287856168,1.1185783996707626,141449446,93.87613979636949,1,1657.4959307791626,756
Barangay 772,barangay,Santa Ana,1303901772,2439.0,285202.5173585881,1612136.1830550984,0.0,0.0,0.0,0.0,0.0,0.0,0.0,0.0,2.0,2.0,0.0,4273.881651,282.08976802348104,1.1185783996707626,141455109,17.438107198471645,1,251.73875089643332,757
Barangay 773,barangay,Santa Ana,1303901773,2656.0,285255.41320091835,1612189.7411437342,0.0,0.0,1.0,0.0,0.0,0.0,0.0,0.0,1.0,2.0,0.0,4654.132704000001,357.07521242442465,1.1185783996707626,193586303,17.966759459860246,1,316.21778379207865,758
Barangay 774,barangay,Santa Ana,1303901774,2909.0,285231.6788938173,1612320.6434067818,0.0,0.0,0.0,0.0,0.0,0.0,1.0,0.0,0.0,0.0,0.0,5097.466881,97.2066078518652,1.1185783996707626,8314063240,23.275761923411267,1,85.59525893165754,759
Barangay 775,barangay,Santa Ana,1303901775,12116.0,285248.25311742094,1611919.6277149883,0.0,0.0,1.0,0.0,0.0,0.0,0.0,0.0,0.0,0.0,0.0,21230.975844,97.2066078518652,1.1185783996707626,141449447,32.0165333057872,1,92.88998454280433,760
Barangay 776,barangay,Santa Ana,1303901776,4606.0,285538.18541279953,1612272.6109000929,1.0,3.0,2.0,0.0,0.0,0.0,0.0,0.0,0.0,1.0,0.0,8071.135254000001,3285.566688683808,1.1185783996707626,3931650040,30.800003019471102,3,3077.0715796048753,761
Barangay 777,barangay,Santa Ana,1303901777,3100.0,285331.2446334545,1612436.964208427,1.0,0.0,0.0,0.0,0.0,0.0,0.0,0.0,0.0,0.0,0.0,5432.1579,1163.7522586021228,1.1185783996707626,141467039,78.53247030394789,3,1065.8901501783778,762
Barangay 778,barangay,Santa Ana,1303901778,1860.0,285638.2489405142,1612109.6297884712,0.0,0.0,0.0,0.0,0.0,0.0,0.0,0.0,0.0,0.0,0.0,3259.2947400000003,119.6753721970339,1.1185783996707626,1671447766,48.64300309377302,3,110.07359995088008,763
Barangay 779,barangay,Santa Ana,1303901779,4450.0,285423.23002983263,1612233.202226417,0.0,1.0,0.0,0.0,0.0,0.0,0.0,1.0,0.0,2.0,1.0,7797.77505,497.35094596731693,1.1185783996707626,141451494,52.685120082186856,3,417.4791813526552,764
Barangay 780,barangay,Santa Ana,1303901780,2340.0,285573.6554838553,1612465.3329830046,0.0,0.0,0.0,0.0,0.0,0.0,0.0,0.0,0.0,0.0,1.0,4100.40306,155.5415526036974,1.1185783996707626,141452464,75.16395060918808,2,144.72719704776213,765
Barangay 781,barangay,Santa Ana,1303901781,4337.0,285482.2487171757,1612562.2627686635,0.0,0.0,0.0,0.0,0.0,0.0,0.0,0.0,3.0,2.0,0.0,7599.764133000001,439.5123107308509,1.1185783996707626,79660529,96.86405172999876,3,429.83858795568455,766
Barangay 782,barangay,Santa Ana,1303901782,1619.0,285643.5935864417,1612373.2456408497,0.0,0.0,1.0,0.0,1.0,0.0,0.0,0.0,0.0,3.0,1.0,2836.988271,786.7256324291915,1.1185783996707626,141454091,15.445790178876443,3,750.4722348381379,767
Barangay 783,barangay,Santa Ana,1303901783,2341.0,285733.48528371047,1612286.9744413197,0.0,1.0,0.0,0.0,0.0,0.0,0.0,0.0,0.0,3.0,0.0,4102.155369,526.5493451144283,1.1185783996707626,141453308,6.383839270020763,3,533.6152871633545,768
Barangay 784,barangay,Santa Ana,1303901784,3425.0,284819.4699677406,1612427.7138326243,0.0,0.0,0.0,0.0,0.0,0.0,0.0,0.0,0.0,0.0,0.0,6001.658325,119.6753721970339,1.1185783996707626,141466832,41.61119527117294,3,113.95293961915257,769
Barangay 785,barangay,Santa Ana,1303901785,1081.0,284994.6191327227,1612278.5868950412,0.0,1.0,0.0,0.0,0.0,0.0,0.0,0.0,0.0,1.0,0.0,1894.2460289999997,181.7377264846205,1.1185783996707626,141449663,48.24037361460056,1,168.30779385308176,770
Barangay 786,barangay,Santa Ana,1303901786,1476.0,284852.87891175237,1612292.4787002164,0.0,0.0,0.0,0.0,0.0,0.0,0.0,0.0,0.0,3.0,0.0,2586.408084,400.7687001850378,1.1185783996707626,303691792,12.211206364638487,3,374.32799288113046,771
Barangay 787,barangay,Santa Ana,1303901787,3646.0,284940.47110635194,1612482.220760007,0.0,0.0,0.0,0.0,0.0,0.0,0.0,0.0,0.0,0.0,0.0,6388.918614,119.6753721970339,1.1185783996707626,2876141899,0.5733884048011558,3,115.1719119114953,772
Barangay 788,barangay,Santa Ana,1303901788,933.0,284888.70578948525,1612607.5960602805,0.0,0.0,0.0,0.0,0.0,0.0,0.0,0.0,0.0,0.0,0.0,1634.9042969999998,119.6753721970339,1.1185783996707626,11987733036,14.83127232054109,3,115.15585175061418,773
Barangay 789,barangay,Santa Ana,1303901789,1763.0,284998.2958225544,1612638.713214036,0.0,0.0,0.0,0.0,0.0,0.0,0.0,0.0,0.0,0.0,0.0,3089.320767,119.6753721970339,1.1185783996707626,141466886,19.61108375455746,3,113.21524876516345,774
Barangay 790,barangay,Santa Ana,1303901790,1825.0,285104.7507151915,1612513.1480069305,0.0,1.0,1.0,0.0,0.0,0.0,0.0,0.0,0.0,4.0,1.0,3197.963925,1080.0355159811616,1.1185783996707626,141467008,30.889644820148757,3,1010.7259596445223,775
Barangay 791,barangay,Santa Ana,1303901791,2060.0,285222.2166760904,1612567.7756912308,0.0,1.0,0.0,0.0,0.0,0.0,0.0,0.0,0.0,2.0,1.0,3609.7565400000003,348.0523260003767,1.1185783996707626,141467019,38.86111990267166,3,336.70728786547795,776
Barangay 792,barangay,Santa Ana,1303901792,2648.0,285230.7718043653,1612672.5498559214,0.0,0.0,0.0,0.0,1.0,0.0,1.0,0.0,0.0,1.0,0.0,4640.114232000001,343.33487146514284,1.1185783996707626,32547387,47.43024953296501,3,351.50739932937887,777
Barangay 793,barangay,Santa Ana,1303901793,1735.0,285289.44564791437,1612752.2636708133,0.0,1.0,0.0,0.0,0.0,0.0,0.0,0.0,0.0,5.0,0.0,3040.256115,651.8824533030033,1.1185783996707626,1669636122,9.488408559914914,3,660.2522147016025,778
Barangay 794,barangay,Santa Ana,1303901794,709.0,284722.51089773467,1612309.2436054708,0.0,0.0,1.0,0.0,0.0,0.0,0.0,0.0,0.0,0.0,0.0,1242.3870809999999,157.5385302572518,1.1185783996707626,141441280,28.90847834615059,9,179.20579249633616,779
Barangay 795,barangay,Santa Ana,1303901795,1214.0,284647.20040121255,1612315.4559586942,0.0,0.0,0.0,0.0,0.0,0.0,0.0,0.0,0.0,0.0,0.0,2127.3031260000002,166.39534145628159,1.1185783996707626,141442157,31.462814741568863,11,175.53379347126176,780
Barangay 796,barangay,Santa Ana,1303901796,672.0,284580.9587678425,1612302.3118355114,0.0,2.0,0.0,0.0,0.0,0.0,0.0,0.0,1.0,5.0,1.0,1177.551648,1162.5761338516643,1.1185783996707626,8314025778,12.80295223494138,9,1245.311810488341,781
Barangay 797,barangay,Santa Ana,1303901797,268.0,284627.8587839494,1612232.2900997498,0.0,0.0,0.0,0.0,0.0,0.0,0.0,0.0,0.0,0.0,0.0,469.618812,157.5385302572518,1.1185783996707626,151044776,50.86857322017185,9,161.88059121656858,782
Barangay 798,barangay,Santa Ana,1303901798,1586.0,284571.58099305,1612137.2123982923,0.0,0.0,0.0,0.0,0.0,0.0,0.0,0.0,0.0,3.0,1.0,2779.162074,643.7994284069382,1.1185783996707626,1669636035,50.0479756178596,9,691.5114519460474,783
Barangay 799,barangay,Santa Ana,1303901799,570.0,284469.0814439064,1612168.8112789583,0.0,0.0,0.0,0.0,0.0,1.0,0.0,0.0,0.0,0.0,0.0,998.8161300000002,157.5385302572518,1.1185783996707626,1669636044,27.45882287705278,9,166.21819836753556,784
Barangay 800,barangay,Santa Ana,1303901800,1541.0,284393.56530213123,1612248.2481489102,0.0,0.0,0.0,0.0,0.0,0.0,0.0,0.0,0.0,0.0,0.0,2700.3081690000004,170.43932090184643,1.1185783996707626,9371316874,32.61569216035696,12,162.17181327546606,785
Barangay 801,barangay,Santa Ana,1303901801,832.0,284826.7391685023,1612174.9589916281,0.0,1.0,0.0,0.0,1.0,0.0,0.0,0.0,1.0,2.0,0.0,1457.921088,509.21568335585556,1.1185783996707626,303691859,8.786676994633165,1,477.53519398851574,786
Barangay 802,barangay,Santa Ana,1303901802,1840.0,284740.2706938783,1612088.6154191466,1.0,1.0,1.0,0.0,0.0,0.0,1.0,0.0,4.0,1.0,0.0,3224.24856,1283.3215140740797,1.1185783996707626,1669636036,29.511613424263636,9,1382.6914249524916,787
Barangay 803,barangay,Santa Ana,1303901803,1830.0,284618.1892116881,1611944.3537181774,0.0,0.0,0.0,0.0,0.0,0.0,1.0,0.0,1.0,2.0,0.0,3206.72547,622.725469911846,1.1185783996707626,136903568,57.74653703427779,9,677.1912144592814,788
Barangay 804,barangay,Santa Ana,1303901804,1331.0,284958.4934540396,1612027.5614792814,0.0,1.0,1.0,0.0,0.0,0.0,0.0,0.0,2.0,6.0,1.0,2332.3232789999997,1015.7403268280257,1.1185783996707626,8594165019,93.28371066154483,1,879.3260254375847,789
Barangay 805,barangay,Santa Ana,1303901805,1396.0,284888.9774162302,1611940.8002017927,0.0,2.0,0.0,0.0,0.0,0.0,2.0,1.0,0.0,1.0,0.0,2446.223364,707.0973891273085,1.1185783996707626,136906734,80.54972234322419,9,730.286672821756,790
Barangay 806,barangay,Santa Ana,1303901806,1604.0,284791.52733161696,1611862.4580379804,0.0,0.0,0.0,0.0,0.0,0.0,1.0,0.0,0.0,2.0,1.0,2810.703636,589.2781430345017,1.1185783996707626,1669669716,94.29438680897968,9,611.7130183900894,791
Barangay 807,barangay,Santa Ana,1303901807,2066.0,284684.8393909603,1611769.6388305072,0.0,0.0,0.0,0.0,0.0,0.0,0.0,0.0,0.0,0.0,0.0,3620.2703939999997,157.5385302572518,1.1185783996707626,1669669729,76.97935037564196,9,145.17620558043134,792
Barangay 808,barangay,Santa Ana,1303901808,2330.0,284384.2429127631,1612512.392398222,0.0,0.0,0.0,0.0,0.0,0.0,2.0,0.0,0.0,2.0,0.0,4082.87997,473.6711671638494,1.1185783996707626,5783835069,30.472645256024812,11,562.2629253415214,793
Barangay 809,barangay,Paco,1303901809,1479.0,284528.722495085,1612471.6430331036,1.0,0.0,0.0,0.0,0.0,0.0,1.0,0.0,0.0,0.0,0.0,2591.665011,2237.7806722168098,1.1185783996707626,141467063,25.243435678259274,12,2771.98203250019,794
Barangay 810,barangay,Paco,1303901810,2073.0,284446.1618709621,1612365.775755933,0.0,0.0,0.0,0.0,0.0,0.0,0.0,0.0,0.0,0.0,0.0,3632.536557,170.43932090184643,1.1185783996707626,686423261,11.029471004380117,12,194.29036470433044,795
Barangay 811,barangay,Paco,1303901811,2242.0,284288.1703786893,1612520.4807296665,0.0,1.0,0.0,0.0,0.0,0.0,1.0,0.0,1.0,7.0,0.0,3928.6767780000005,1355.1332989267946,1.1185783996707626,729234290,39.61663509507461,12,1596.495508173425,796
Barangay 812,barangay,Paco,1303901812,1722.0,284752.4279886631,1612574.7284393976,1.0,0.0,0.0,0.0,0.0,0.0,0.0,0.0,1.0,2.0,0.0,3017.476098,5857.254576897869,1.1185783996707626,141467086,21.564743976566902,10,7205.5392374712665,797
Barangay 813,barangay,Paco,1303901813,967.0,284607.07123683277,1612541.6737719,0.0,2.0,0.0,0.0,0.0,0.0,0.0,0.0,1.0,10.0,2.0,1694.482803,1985.1156910578902,1.1185783996707626,141467236,55.753268879583786,12,2496.8327811051763,798
Barangay 814,barangay,Paco,1303901814,2528.0,284686.51332888356,1612787.5306074782,0.0,0.0,0.0,0.0,0.0,0.0,0.0,0.0,2.0,1.0,1.0,4429.837152,506.15960434982713,1.1185783996707626,5830999420,41.57831874041644,9,635.5744802099737,799
Barangay 815,barangay,Paco,1303901815,1470.0,284610.85243467626,1612818.1930912957,0.0,2.0,1.0,0.0,0.0,0.0,0.0,1.0,1.0,2.0,0.0,2575.89423,678.0188738748785,1.1185783996707626,5830999420,75.47210679054955,11,845.1795147335981,800
Barangay 816,barangay,Paco,1303901816,806.0,284815.24224322336,1612744.8226041445,0.0,0.0,0.0,0.0,0.0,0.0,0.0,0.0,0.0,0.0,0.0,1412.361054,157.5385302572518,1.1185783996707626,158220941,96.99925979802221,9,193.42823305358056,801
Barangay 817,barangay,Paco,1303901817,1395.0,284712.53974413493,1612712.6932127494,0.0,0.0,0.0,0.0,0.0,0.0,0.0,0.0,1.0,1.0,0.0,2444.471055,266.2279054061852,1.1185783996707626,141437570,62.08737007562028,9,344.67854608707387,802
Barangay 818,barangay,Paco,1303901818,1424.0,284921.8211461539,1612981.1944164045,0.0,0.0,0.0,0.0,0.0,0.0,0.0,0.0,0.0,0.0,0.0,2495.288016,157.5385302572518,1.1185783996707626,158220911,64.44190209117718,9,167.59273102043846,803
Barangay 819,barangay,Paco,1303901819,2280.0,284972.5873708617,1612841.908476663,0.0,0.0,0.0,0.0,0.0,0.0,0.0,0.0,0.0,0.0,0.0,3995.2645200000006,157.5385302572518,1.1185783996707626,158221304,34.549714956385955,9,181.73505329724694,804
Barangay 820,barangay,Paco,1303901820,1362.0,284833.1295800959,1612881.4936669008,1.0,0.0,0.0,0.0,0.0,0.0,1.0,0.0,0.0,0.0,0.0,2386.644858,10218.431864788296,1.1185783996707626,158220975,79.37471696318984,9,12021.111023122801,805
Barangay 821,barangay,Paco,1303901821,2474.0,284308.5975417243,1613132.721452811,0.0,1.0,0.0,0.0,0.0,0.0,1.0,0.0,0.0,0.0,0.0,4335.212466000001,241.8982286774904,1.1185783996707626,34010461,72.9711096002857,11,289.4992389491089,806
Barangay 822,barangay,Paco,1303901822,1087.0,284449.29975151876,1613247.5538214182,0.0,0.0,0.0,0.0,0.0,0.0,0.0,0.0,1.0,3.0,0.0,1904.7598830000002,402.916225985833,1.1185783996707626,244092742,11.919834071535139,11,461.44207997297315,807
Barangay 823,barangay,Paco,1303901823,3590.0,284549.2232370082,1613170.9035198302,0.0,0.0,0.0,0.0,0.0,0.0,0.0,0.0,0.0,0.0,0.0,6290.789309999999,166.39534145628159,1.1185783996707626,9813500387,63.24119610454561,11,173.52716322146213,808
Barangay 824,barangay,Paco,1303901824,1378.0,284445.4478508732,1613048.801080856,1.0,0.0,1.0,0.0,0.0,0.0,0.0,9.0,0.0,0.0,0.0,2414.681802,7551.703785905846,1.1185783996707626,6507927308,76.81985658503639,11,9133.762919599716,809
Barangay 825,barangay,Paco,1303901825,463.0,284557.14847298,1612901.8926719492,0.0,0.0,0.0,0.0,0.0,1.0,0.0,1.0,0.0,0.0,0.0,811.319067,174.27103084753864,1.1185783996707626,12018246307,22.36943750239863,13,222.75635945127044,810
Barangay 826,barangay,Paco,1303901826,2048.0,284389.6526617261,1613383.063670398,0.0,0.0,0.0,0.0,0.0,0.0,1.0,0.0,2.0,3.0,0.0,3588.728832,600.0222989923742,1.1185783996707626,244092745,43.988481765047105,5,625.3574007723211,811
Barangay 827,barangay,Paco,1303901827,2719.0,284142.41214568715,1613359.7764407133,2.0,2.0,1.0,0.0,1.0,0.0,3.0,1.0,2.0,12.0,3.0,4764.528171,11902.327838577921,1.1185783996707626,9813506084,103.56035585073315,6,11432.878609488498,812
Barangay 828,barangay,Paco,1303901828,2715.0,284347.00523744087,1613588.6503702211,0.0,0.0,0.0,0.0,0.0,0.0,0.0,0.0,0.0,0.0,0.0,4757.518935,109.77998468366025,1.1185783996707626,5507596321,57.00721651409003,2,87.76286348443132,813
Barangay 829,barangay,Paco,1303901829,4375.0,284103.46907419467,1613918.5399858449,1.0,0.0,0.0,0.0,0.0,0.0,0.0,0.0,3.0,6.0,3.0,7666.351875000001,6420.977498116312,1.1185783996707626,316161517,142.760860744055,4,6476.000495920126,814
Barangay 830,barangay,Paco,1303901830,5407.0,284456.30187332566,1614316.3906779664,1.0,4.0,6.0,0.0,1.0,0.0,1.0,10.0,3.0,7.0,4.0,9474.734763,11245.381295328309,1.1185783996707626,4068442866,116.27797077480167,5,12110.888573205782,815
Barangay 831,barangay,Paco,1303901831,3678.0,284268.1546593349,1613748.3022714586,0.0,3.0,2.0,1.0,1.0,0.0,0.0,1.0,14.0,23.0,2.0,6444.992502,14577.1812450561,1.1185783996707626,316161504,29.901252004235182,5,15140.562187539175,816
Barangay 832,barangay,Paco,1303901832,2990.0,284683.7847227246,1614075.9611783605,0.0,0.0,1.0,0.0,0.0,0.0,0.0,0.0,2.0,8.0,5.0,5239.403909999999,4122.2918440115445,1.1185783996707626,9881242502,36.3955429473386,5,5290.566855744202,817
Barangay 833,barangay,Pandacan,1303901833,1517.0,284960.3621453906,1614464.0257631375,2.0,0.0,3.0,0.0,0.0,0.0,1.0,0.0,0.0,0.0,0.0,2658.252753,3593.4341166832583,1.1185783996707626,8313759201,35.17901862843545,5,3854.8649031231876,818
Barangay 834,barangay,Pandacan,1303901834,1918.0,285353.1406261567,1614407.142830294,0.0,0.0,0.0,0.0,0.0,0.0,0.0,6.0,1.0,3.0,0.0,3360.928662,1067.8433019047477,1.1185783996707626,12835229608,300.8084427644644,5,895.5435048164096,819
Barangay 835,barangay,Pandacan,1303901835,2943.0,285370.23258533824,1614118.4554745732,0.0,2.0,0.0,0.0,0.0,0.0,2.0,2.0,4.0,1.0,5.0,5157.045387,2492.381438782764,1.1185783996707626,6007835305,118.18648543895023,5,2390.7525181878887,820
Barangay 836,barangay,Pandacan,1303901836,5673.0,285752.9890197016,1614367.0666347349,0.0,0.0,0.0,0.0,0.0,0.0,0.0,1.0,0.0,0.0,2.0,9940.848957,786.0184953149667,1.1185783996707626,5284491698,110.53315134372052,1,476.82141246522815,821
Barangay 837,barangay,Pandacan,1303901837,3188.0,286000.7713536718,1614172.8864046936,0.0,1.0,1.0,0.0,0.0,0.0,1.0,1.0,0.0,8.0,1.0,5586.361092,1358.9016101356672,1.1185783996707626,5284495964,39.66809559774381,6,1052.2018276232945,822
Barangay 838,barangay,Pandacan,1303901838,3238.0,285766.11964731046,1614181.0198755157,0.0,0.0,0.0,0.0,0.0,0.0,1.0,0.0,0.0,7.0,0.0,5673.976542,907.6816797691614,1.1185783996707626,5284567484,11.391899228260687,6,718.7488618557885,823
Barangay 839,barangay,Pandacan,1303901839,2052.0,286084.0652316337,1614032.692929455,2.0,0.0,2.0,0.0,0.0,1.0,0.0,1.0,0.0,2.0,5.0,3595.738068,8061.6697840533,1.1185783996707626,252166905,126.54881884107247,7,6357.983164223212,824
Barangay 840,barangay,Pandacan,1303901840,2820.0,285759.74456720636,1614079.5405799085,0.0,0.0,0.0,0.0,0.0,0.0,0.0,0.0,0.0,6.0,2.0,4941.51138,768.3785987024767,1.1185783996707626,252167156,36.024307570394996,5,640.078628693384,825
Barangay 841,barangay,Pandacan,1303901841,2541.0,284522.14289446257,1613466.8001526257,0.0,0.0,0.0,0.0,0.0,0.0,0.0,0.0,0.0,0.0,0.0,4452.617169,152.63690182160764,1.1185783996707626,5371745508,10.735736412096049,8,170.75861160869889,826
Barangay 842,barangay,Pandacan,1303901842,2831.0,284660.05465233506,1613563.8827902249,1.0,3.0,3.0,0.0,1.0,0.0,0.0,1.0,0.0,4.0,0.0,4960.786779,4768.914273491469,1.1185783996707626,8318323294,84.29956171119007,8,5260.625680347454,827
Barangay 843,barangay,Pandacan,1303901843,9355.0,284461.2501411456,1613684.2657771076,0.0,0.0,0.0,0.0,0.0,0.0,0.0,0.0,0.0,0.0,0.0,16392.850695,135.15501484037878,1.1185783996707626,5750541848,51.19536085596205,5,131.4628378911062,828
Barangay 844,barangay,Pandacan,1303901844,4285.0,284568.55494217103,1613747.2220755955,0.0,0.0,0.0,0.0,0.0,0.0,0.0,0.0,0.0,0.0,0.0,7508.644065,157.5385302572518,1.1185783996707626,8311462474,80.14036295204086,9,181.5823151973565,829
Barangay 845,barangay,Pandacan,1303901845,1527.0,284703.9956132569,1613781.5588119903,0.0,2.0,1.0,0.0,0.0,0.0,0.0,0.0,0.0,0.0,0.0,2675.7758430000004,251.0972127647525,1.1185783996707626,6053144305,34.288189982138306,4,289.46886739274936,830
Barangay 846,barangay,Pandacan,1303901846,1996.0,284788.6667992604,1613832.131758612,0.0,0.0,0.0,0.0,0.0,0.0,0.0,0.0,1.0,0.0,0.0,3497.608764,127.96104871989209,1.1185783996707626,6053144305,80.98469825316518,4,144.35832011323558,831
Barangay 847,barangay,Pandacan,1303901847,3132.0,284890.88400510023,1613965.9085156275,1.0,0.0,1.0,0.0,0.0,0.0,1.0,1.0,0.0,0.0,1.0,5488.231788,1311.140714569369,1.1185783996707626,6982003739,65.06632310815216,5,1380.1066131113862,832
Barangay 848,barangay,Pandacan,1303901848,1589.0,284987.13794481516,1614115.3848342984,0.0,3.0,2.0,0.0,0.0,0.0,0.0,0.0,3.0,3.0,3.0,2784.419001,2342.0210672102994,1.1185783996707626,358851783,52.931348516645116,5,2420.5902385979316,833
Barangay 849,barangay,Pandacan,1303901849,1908.0,284572.67098448984,1613311.751741128,0.0,0.0,1.0,0.0,0.0,0.0,0.0,0.0,1.0,2.0,0.0,3343.405572,427.1621783384229,1.1185783996707626,5358463938,71.56216947266657,10,489.25898547594124,834
Barangay 850,barangay,Pandacan,1303901850,2655.0,284648.9764393604,1613360.4290021919,0.0,0.0,0.0,0.0,0.0,0.0,0.0,0.0,1.0,2.0,1.0,4652.380395,816.8646702188578,1.1185783996707626,5371747035,62.0107869425963,8,945.8910342901731,835
Barangay 851,barangay,Pandacan,1303901851,1121.0,284736.98467702954,1613311.2332985546,0.0,0.0,0.0,0.0,1.0,0.0,1.0,0.0,2.0,1.0,1.0,1964.3383890000002,1282.1594735350957,1.1185783996707626,1400765434,62.573020703810656,10,1499.4926281711166,836
Barangay 852,barangay,Pandacan,1303901852,979.0,284652.8421956823,1613240.207336383,0.0,0.0,0.0,0.0,0.0,0.0,0.0,0.0,0.0,0.0,1.0,1715.5105110000002,258.0460587193427,1.1185783996707626,9813500387,72.45505902763851,10,267.5541443640746,837
Barangay 853,barangay,Pandacan,1303901853,291.0,284630.63389785425,1613170.9035198302,0.0,0.0,0.0,0.0,0.0,0.0,0.0,0.0,0.0,0.0,0.0,509.92191900000006,162.10805496544654,1.1185783996707626,9813500387,21.227551350988808,10,172.125519501504,838
Barangay 855,barangay,Pandacan,1303901855,2319.0,284837.54675169487,1613327.680975303,0.0,0.0,1.0,0.0,0.0,0.0,0.0,0.0,1.0,0.0,1.0,4063.604571,505.2630666472124,1.1185783996707626,1400765357,12.670108490481056,8,575.0858262671137,839
Barangay 856,barangay,Pandacan,1303901856,1733.0,284817.9788826974,1613693.7852954632,1.0,0.0,2.0,0.0,0.0,0.0,0.0,1.0,0.0,1.0,0.0,3036.751497,5579.127444248446,1.1185783996707626,6016179154,68.11603563454904,8,6801.625285579518,840
Barangay 857,barangay,Pandacan,1303901857,1907.0,284932.45804915915,1613471.931862959,0.0,0.0,0.0,0.0,0.0,0.0,0.0,0.0,0.0,0.0,1.0,3341.6532630000006,287.30613421930224,1.1185783996707626,8403749903,17.835271861573318,8,292.0032831565231,841
Barangay 858,barangay,Pandacan,1303901858,718.0,284909.0572909168,1613735.4775190663,0.0,0.0,0.0,0.0,0.0,0.0,0.0,0.0,0.0,1.0,1.0,1258.157862,407.84478782933394,1.1185783996707626,252166919,36.193451920537406,8,415.35596923808885,842
Barangay 859,barangay,Pandacan,1303901859,1377.0,284956.3023525276,1613686.3098983592,0.0,0.0,1.0,0.0,0.0,0.0,1.0,2.0,1.0,7.0,1.0,2412.929493,1351.3410121201089,1.1185783996707626,252167056,32.48998771134454,8,1393.7700819909294,843
Barangay 860,barangay,Pandacan,1303901860,3480.0,285275.9480181122,1613854.8130944103,0.0,0.0,0.0,0.0,1.0,0.0,0.0,2.0,0.0,0.0,0.0,6098.03532,434.7168306402127,1.1185783996707626,252167090,2.619065230363395,5,442.35826069306916,844
Barangay 861,barangay,Pandacan,1303901861,1131.0,285298.34134612663,1613963.7604017402,0.0,0.0,0.0,0.0,1.0,0.0,0.0,0.0,0.0,0.0,1.0,1981.8614789999997,336.2149838946194,1.1185783996707626,252167091,58.1178634136177,5,333.2788090553201,845
Barangay 862,barangay,Pandacan,1303901862,2525.0,285138.18816192995,1613710.042118606,1.0,1.0,0.0,0.0,0.0,0.0,0.0,0.0,0.0,1.0,0.0,4424.580225,2557.9844476804583,1.1185783996707626,11981592171,91.42281531708716,8,2756.196573019782,846
Barangay 863,barangay,Pandacan,1303901863,1492.0,285064.48949700687,1613849.9477002241,0.0,0.0,0.0,0.0,0.0,0.0,0.0,0.0,0.0,1.0,0.0,2614.445028,170.38340643331642,1.1185783996707626,252167132,51.640209632803824,8,181.8937631620065,847
Barangay 864,barangay,Pandacan,1303901864,822.0,285062.68825120945,1613575.24124027,0.0,0.0,0.0,0.0,0.0,0.0,0.0,1.0,0.0,1.0,0.0,1440.397998,198.58899279734203,1.1185783996707626,252167072,33.91282463963907,8,215.0301796381408,848
Barangay 865,barangay,Pandacan,1303901865,86.0,285540.45757571235,1613752.2321709017,0.0,0.0,1.0,0.0,0.0,1.0,0.0,0.0,0.0,0.0,1.0,150.698574,1079.1115946651682,1.1185783996707626,158295356,115.76121670469244,6,681.1493736543206,849
Barangay 866,barangay,Santa Ana,1303901866,4046.0,285277.9957247884,1613150.3591407798,2.0,1.0,0.0,0.0,0.0,0.0,0.0,0.0,2.0,9.0,13.0,7089.842214,15699.420570192431,1.1185783996707626,158223175,114.86919505989896,10,18280.154368245363,850
Barangay 867,barangay,Pandacan,1303901867,2396.0,285081.71542945644,1613257.1995205628,0.0,0.0,2.0,0.0,0.0,0.0,0.0,1.0,0.0,0.0,0.0,4198.532364000001,233.87237968912603,1.1185783996707626,1671448230,74.72164276138993,8,242.81088373189357,851
Barangay 868,barangay,Pandacan,1303901868,3002.0,284995.28212929703,1613325.845694657,0.0,0.0,0.0,0.0,0.0,0.0,0.0,0.0,0.0,0.0,0.0,5260.4316180000005,152.63690182160764,1.1185783996707626,79653476,69.03813229574072,8,170.79046628239095,852
Barangay 869,barangay,Pandacan,1303901869,2078.0,285081.61521993554,1612855.786991145,0.0,2.0,0.0,0.0,1.0,0.0,0.0,0.0,0.0,1.0,2.0,3641.298102,492.73145225405085,1.1185783996707626,158223660,69.55723109587856,3,485.1667952218581,853
Barangay 870,barangay,Pandacan,1303901870,3139.0,285078.5778900222,1613110.6049593622,0.0,0.0,0.0,0.0,0.0,0.0,0.0,0.0,0.0,0.0,0.0,5500.497951,157.5385302572518,1.1185783996707626,303691602,10.431664915263315,9,174.21969669600185,854
Barangay 871,barangay,Pandacan,1303901871,2480.0,284942.3593097428,1613111.7865199985,0.0,0.0,0.0,0.0,0.0,0.0,0.0,0.0,0.0,0.0,0.0,4345.726320000001,157.5385302572518,1.1185783996707626,158220911,83.61751180349886,9,166.1244720618889,855
Barangay 872,barangay,Pandacan,1303901872,1950.0,284829.1594814254,1613147.4840925958,0.0,0.0,0.0,0.0,0.0,0.0,0.0,0.0,0.0,0.0,0.0,3417.00255,162.10805496544654,1.1185783996707626,158222092,66.29906157565765,10,151.23040433880612,856
Barangay 873,barangay,Santa Ana,1303901873,1335.0,285842.3776100635,1612786.521166616,4.0,2.0,1.0,0.0,0.0,0.0,1.0,1.0,6.0,10.0,0.0,2339.332515,10287.247228631428,1.1185783996707626,156701601,38.98661689889759,3,9618.396659509885,857
Barangay 874,barangay,Santa Ana,1303901874,2030.0,285799.7291837868,1612469.9798451005,0.0,2.0,0.0,0.0,0.0,0.0,0.0,0.0,3.0,10.0,1.0,3557.18727,1824.2575264166333,1.1185783996707626,156671634,24.471877836740845,4,1839.7631121148797,858
Barangay 875,barangay,Santa Ana,1303901875,1003.0,285871.6646327984,1612638.1570214522,0.0,1.0,2.0,0.0,0.0,0.0,2.0,0.0,5.0,19.0,12.0,1757.565927,3894.8413856924167,1.1185783996707626,9942429001,41.692802236052145,3,3477.902055459102,859
Barangay 876,barangay,Santa Ana,1303901876,601.0,285749.7135863523,1612971.1557932561,2.0,5.0,2.0,0.0,1.0,1.0,0.0,2.0,10.0,10.0,4.0,1053.137709,7462.094696609121,1.1185783996707626,8366179230,79.68230362528685,4,7842.1309315888375,860
Barangay 877,barangay,Santa Ana,1303901877,805.0,285559.3638697624,1612794.30152395,1.0,1.0,0.0,0.0,0.0,0.0,0.0,0.0,1.0,0.0,1.0,1410.608745,836.0692045779604,1.1185783996707626,6601846174,44.37613964566563,3,837.7464834624606,861
Barangay 878,barangay,Santa Ana,1303901878,504.0,285600.01628961647,1612699.553413717,0.0,0.0,0.0,0.0,0.0,0.0,0.0,0.0,0.0,1.0,0.0,883.163736,247.7165687667614,1.1185783996707626,156700352,3.086687563990588,3,247.90885145410098,862
Barangay 879,barangay,Santa Ana,1303901879,544.0,285892.4643787816,1613023.6451272296,0.0,5.0,2.0,1.0,2.0,2.0,0.0,1.0,11.0,15.0,6.0,953.2560960000001,6434.297062149894,1.1185783996707626,79656028,73.22256628625823,2,6259.583552864472,863
Barangay 880,barangay,Santa Ana,1303901880,3751.0,285513.4725267256,1612929.3897818169,3.0,2.0,3.0,0.0,0.0,0.0,1.0,1.0,5.0,3.0,9.0,6572.911058999999,7729.582851944881,1.1185783996707626,6601846173,52.368202777748195,3,7876.936949169466,864
Barangay 881,barangay,Santa Ana,1303901881,2443.0,285932.8921290466,1612440.8781226496,0.0,0.0,0.0,0.0,0.0,0.0,0.0,0.0,0.0,4.0,0.0,4280.8908870000005,727.4645681881316,1.1185783996707626,156671071,58.45393620933762,3,701.8019693471084,865
Barangay 882,barangay,Santa Ana,1303901882,1312.0,286090.58184834593,1612593.3542376454,0.0,1.0,1.0,0.0,0.0,0.0,0.0,1.0,0.0,1.0,0.0,2299.029408,364.56606882221274,1.1185783996707626,156671095,76.31712724202487,2,347.5072270343908,866
Barangay 883,barangay,Santa Ana,1303901883,2239.0,286170.0048718917,1612726.756907983,0.0,0.0,0.0,0.0,0.0,0.0,1.0,0.0,0.0,0.0,0.0,3923.4198509999997,97.2066078518652,1.1185783996707626,6554799320,43.71664442439847,1,90.85297784300671,867
Barangay 884,barangay,Santa Ana,1303901884,2341.0,286176.9388784158,1612874.6980211958,0.0,2.0,1.0,0.0,0.0,0.0,1.0,1.0,4.0,6.0,3.0,4102.155369,1439.5869699140665,1.1185783996707626,156701503,46.87649430715458,1,1292.6324532532349,868
Barangay 885,barangay,Santa Ana,1303901885,694.0,286132.0201923967,1613073.4050005423,1.0,0.0,0.0,0.0,0.0,0.0,3.0,0.0,0.0,0.0,1.0,1216.102446,2334.009442521675,1.1185783996707626,10732976200,34.24235094052579,1,1730.2388986631843,869
Barangay 886,barangay,Santa Ana,1303901886,406.0,286282.34332505893,1613131.4155565267,0.0,2.0,0.0,0.0,0.0,0.0,0.0,0.0,0.0,0.0,0.0,711.437454,658.3933348741949,1.1185783996707626,304907471,55.55372374032576,1,435.37815943331935,870
Barangay 887,barangay,Santa Ana,1303901887,723.0,286393.2466165043,1613160.1469672164,0.0,3.0,2.0,0.0,0.0,0.0,0.0,1.0,0.0,1.0,4.0,1266.919407,1471.0134524588104,1.1185783996707626,304907461,57.944657055441205,1,1095.726208787872,871
Barangay 888,barangay,Santa Ana,1303901888,846.0,286561.76997949136,1613310.2650501453,0.0,0.0,0.0,0.0,0.0,0.0,0.0,0.0,0.0,0.0,4.0,1482.453414,2036.8437525313784,1.1185783996707626,3077651937,92.30203089986942,7,1434.7125667712712,872
Barangay 889,barangay,Santa Ana,1303901889,952.0,286021.6342780036,1613227.3910886305,1.0,0.0,0.0,0.0,0.0,0.0,0.0,0.0,0.0,1.0,4.0,1668.1981680000001,3126.9718341829944,1.1185783996707626,158296254,63.76743004716782,2,2835.9120478104114,873
Barangay 890,barangay,Santa Ana,1303901890,1063.0,286272.77026222215,1613339.9305836386,0.0,2.0,0.0,0.0,0.0,0.0,0.0,0.0,0.0,0.0,6.0,1862.7044669999998,3712.0992913639384,1.1185783996707626,3077651950,167.59184006266872,6,3664.4306867944715,874
Barangay 891,barangay,Santa Ana,1303901891,931.0,286500.0557187958,1613436.8878708384,0.0,0.0,0.0,0.0,0.0,0.0,0.0,0.0,0.0,0.0,0.0,1631.3996789999999,152.63690182160764,1.1185783996707626,3077651950,79.55494821114532,8,158.99568484555175,875
Barangay 892,barangay,Santa Ana,1303901892,1294.0,286797.73987441533,1613601.9601721996,0.0,1.0,1.0,0.0,0.0,0.0,1.0,1.0,3.0,10.0,2.0,2267.487846,2481.0696213572514,1.1185783996707626,321733495,17.10848847659291,9,2906.5621649671884,876
Barangay 893,barangay,Santa Ana,1303901893,674.0,287120.21909461677,1613994.4508908885,1.0,2.0,1.0,1.0,2.0,1.0,0.0,1.0,8.0,10.0,1.0,1181.056266,12675.234785054312,1.1185783996707626,1859742277,52.04664902302874,12,15270.592160802618,877
Barangay 894,barangay,Santa Ana,1303901894,1724.0,286721.46357031853,1613668.9052124047,0.0,1.0,0.0,0.0,0.0,0.0,0.0,0.0,0.0,5.0,0.0,3020.980716,875.0071344346819,1.1185783996707626,8322180878,33.51149776255134,8,997.0098575777939,878
Barangay 895,barangay,Santa Ana,1303901895,720.0,286844.7996653285,1613755.3748215274,0.0,2.0,1.0,0.0,1.0,0.0,0.0,0.0,2.0,4.0,2.0,1261.6624800000002,3822.7106927925765,1.1185783996707626,5819850921,57.65996095012876,9,4534.677556706246,879
Barangay 896,barangay,Santa Ana,1303901896,1371.0,286162.55728237267,1613609.1862942078,0.0,0.0,0.0,0.0,0.0,0.0,1.0,0.0,0.0,0.0,1.0,2402.415639,1629.2637721573917,1.1185783996707626,158295755,118.26651246145491,8,1377.0617908845297,880
Barangay 897,barangay,Santa Ana,1303901897,2184.0,286445.46197287017,1613625.7994505698,1.0,1.0,2.0,0.0,0.0,2.0,0.0,0.0,0.0,1.0,0.0,3827.042856,5174.89504771777,1.1185783996707626,5819731662,55.23128241151251,8,5190.1624953921755,881
Barangay 898,barangay,Santa Ana,1303901898,7812.0,285888.4453817821,1613661.3797435113,1.0,0.0,1.0,0.0,0.0,1.0,4.0,1.0,1.0,19.0,1.0,13689.037908,4871.936927163304,1.1185783996707626,159115672,37.49285339624853,6,3895.212543940099,882
Barangay 899,barangay,Santa Ana,1303901899,1569.0,285738.4408331889,1613590.1076278058,1.0,0.0,0.0,0.0,0.0,0.0,0.0,1.0,0.0,1.0,0.0,2749.372821,3875.589943497841,1.1185783996707626,158295202,125.13533789627867,6,2636.3777785188668,883
Barangay 900,barangay,Santa Ana,1303901900,8689.0,285765.26557874226,1613219.815925079,0.0,0.0,0.0,0.0,0.0,3.0,0.0,0.0,0.0,1.0,5.0,15225.812901,1825.8563656773863,1.1185783996707626,12368996443,44.337219695411484,2,1082.8227853293906,884
Barangay 901,barangay,Santa Ana,1303901901,1616.0,285686.9100965803,1613590.1076278058,0.0,0.0,1.0,0.0,0.0,1.0,0.0,0.0,0.0,0.0,0.0,2831.7313440000003,135.15501484037878,1.1185783996707626,158295202,82.63843779625473,5,93.1887797260052,885
Barangay 902,barangay,Santa Ana,1303901902,1337.0,285647.30043630715,1613588.6945583313,0.0,0.0,1.0,0.0,0.0,0.0,0.0,1.0,0.0,0.0,0.0,2342.837133,149.26769590969514,1.1185783996707626,158295272,59.016158795177006,5,98.22485681182637,886
Barangay 903,barangay,Santa Ana,1303901903,3879.0,285579.8057650126,1613566.5789276026,0.0,1.0,0.0,0.0,0.0,0.0,0.0,1.0,0.0,4.0,0.0,6797.2066110000005,523.0081412466199,1.1185783996707626,158295170,47.90182714613343,5,363.836104683651,887
Barangay 904,barangay,Santa Ana,1303901904,1799.0,285743.07573175203,1613414.7758811726,0.0,0.0,0.0,0.0,0.0,0.0,0.0,0.0,2.0,0.0,0.0,3152.403891,97.2066078518652,1.1185783996707626,158295392,40.45817729438165,1,67.76578736335539,888
Barangay 905,barangay,Santa Ana,1303901905,7428.0,285489.14437051065,1613352.9219963262,0.0,0.0,2.0,0.0,0.0,0.0,0.0,0.0,2.0,4.0,1.0,13016.151252000001,1325.187326546491,1.1185783996707626,158295993,71.69874886910695,7,878.5018670631962,889
Manila North Cemetery,barangay,Manila (unmatched),1303901906,0.0,282867.58256772486,1618712.0590894236,0.0,0.0,0.0,0.0,0.0,0.0,0.0,1.0,2.0,1.0,1.0,0.0,707.4865029817262,1.1185783996707626,1479792246,237.40843433378828,20,674.1508136026422,890
"Tutuban Mall (Claimed by Five Barangays of Tondo, Manila)",barangay,Manila (unmatched),1303901907,0.0,281622.8499950591,1615983.715070105,0.0,0.0,1.0,0.0,2.0,0.0,0.0,2.0,5.0,4.0,6.0,0.0,15661.832830228499,1.1185783996707626,3721091801,91.8424644772788,13,17325.828982709154,891
Barangay 818-A,barangay,Santa Ana,1303901918,1659.0,285041.82542486954,1612981.032178513,0.0,0.0,0.0,0.0,0.0,0.0,0.0,0.0,0.0,0.0,0.0,2907.0806310000003,157.5385302572518,1.1185783996707626,13119092568,26.564211078817756,9,179.25380274418274,892
Barangay 202-A,barangay,Tondo I/II,1303901922,1037.0,282464.56354680896,1618687.7104333818,0.0,1.0,0.0,0.0,1.0,0.0,0.0,0.0,2.0,1.0,1.0,1817.144433,984.9136311179481,1.1185783996707626,67747835,44.458365009288805,7,1059.1711508152368,893
Barangay 659-A,barangay,Ermita,1303901959,3547.0,282522.74275699025,1614329.1644742968,1.0,0.0,10.0,0.0,0.0,5.0,0.0,6.0,6.0,5.0,6.0,6215.440023,25818.011727094756,1.1185783996707626,333595933,129.80058483820693,34,20852.8860879754,894
Barangay 660-A,barangay,Ermita,1303901960,3099.0,282941.8095923448,1613288.0775244294,2.0,0.0,3.0,0.0,1.0,0.0,1.0,2.0,1.0,0.0,4.0,5430.405591,25507.21818406627,1.1185783996707626,5760423130,77.61272980489447,31,23845.85320326996,895
Barangay 663-A,barangay,Ermita,1303901963,185.0,283325.100003142,1614014.619799078,0.0,0.0,0.0,0.0,0.0,0.0,1.0,0.0,0.0,0.0,1.0,324.177165,275.5598515661941,1.1185783996707626,1863859409,176.56366041031876,4,209.52470130336368,896
Barangay 664-A,barangay,Paco,1303901964,689.0,283633.5085733388,1613681.6782189386,0.0,0.0,1.0,0.0,0.0,0.0,1.0,0.0,1.0,3.0,2.0,1207.340901,1089.6706582527509,1.1185783996707626,8313783720,163.72778955987644,1,710.723738222901,897
Barangay 587-A,barangay,Sampaloc,1303901987,1227.0,286222.4810308467,1615240.7678356082,0.0,0.0,1.0,0.0,0.0,0.0,1.0,0.0,0.0,5.0,1.0,2150.0831430000003,1368.3663700691413,1.1185783996707626,266525196,67.84404469099617,12,1599.3968385085125,898
Caloocan,city,Caloocan,,1446020.0,286820.6809769331,1627488.1288532228,,,,,,,,,,,,2439372.6979710674,2434989.0119498586,1.0499846757386293,5646920543,90.51910938538504,71,2923143.6849971414,899
Las Piñas,city,Las Piñas,,615549.0,283747.7315090302,1597941.9753626294,,,,,,,,,,,,987105.901572766,984863.7315982978,1.0477429787234043,345515055,57.60567795493768,79,996160.6459156122,900
Makati,city,Makati,,664036.0,288695.1466929678,1609958.8201536003,,,,,,,,,,,,1562230.789376911,1581151.4438352203,1.3369597553921164,200399637,83.67767846876771,124,1824089.744563832,901
Malabon,city,Malabon,,389929.0,280412.67776528676,1622629.4931162614,,,,,,,,,,,,601791.5146543521,600599.7921018752,1.0913210187517492,264475400,39.67437577908889,42,602924.5247712603,902
Mandaluyong,city,Mandaluyong,,465902.0,288581.06125195185,1612863.1827580647,,,,,,,,,,,,1026544.3281448467,1031804.2189693593,1.2977771587743732,11690019434,12.208855090205597,37,1221547.165926932,903
Marikina,city,Marikina,,471323.0,295851.7208979941,1620430.238401711,,,,,,,,,,,,811222.2085936073,814082.4289908676,1.076079908675799,32821540,74.22995147306149,30,633244.7797845518,904
Muntinlupa,city,Muntinlupa,,552225.0,288366.88572013483,1593530.1671955027,,,,,,,,,,,,1030822.2966313163,1033361.2225514661,1.1483156581409857,8370284000,136.15251665046154,137,977713.2652419717,905
Navotas,city,Navotas,,252878.0,278705.35814438574,1621724.6555476936,,,,,,,,,,,,353765.15847984643,353602.0740115163,0.9707408829174664,11409859946,65.52489406909574,13,290944.94439479534,906
Parañaque,city,Parañaque,,703245.0,285960.62207136006,1601998.0838289682,,,,,,,,,,,,1458262.1640772128,1455402.61009887,1.1036487758945386,663936161,56.82138042973483,212,1362866.8165845585,907
Pasay,city,Pasay,,453186.0,284960.1293656788,1608073.2934830259,,,,,,,,,,,,902664.1145454545,914534.3555801105,1.1380863887493722,10965009571,60.30635710764448,193,816931.6111177179,908
Pasig,city,Pasig,,853050.0,294079.34350227605,1612075.003364193,,,,,,,,,,,,1459597.752175805,1462480.848346388,1.2373803307223672,11921629327,29.405195517725748,59,1468440.3928658143,909
Pateros,city,Pateros,,67319.0,292013.97107600776,1608902.6917438437,,,,,,,,,,,,98842.28327459618,98717.7282966226,0.9885315712187959,1323151455,38.01492065420283,4,76287.56047995893,910
Quezon City,city,Quezon City,,3084270.0,290467.77099781483,1623237.1627347928,,,,,,,,,,,,5380993.489871598,5378637.384283514,1.0560760143810992,250547307,16.948100314343705,151,5294554.996965543,911
San Juan,city,San Juan,,134312.0,288383.71575657756,1615382.296645554,,,,,,,,,,,,226793.21286530612,230694.2912,1.0964244897959183,1684194195,45.89204607636792,25,205984.82543375695,912
Taguig,city,Taguig,,953819.0,291013.05314425746,1605046.2715414762,,,,,,,,,,,,1419808.477514255,1420285.77214693,1.3369597553921164,4305412124,4.538822477495079,127,1391008.7641578456,913
Valenzuela,city,Valenzuela,,725173.0,282730.00855999574,1626632.1783624173,,,,,,,,,,,,1146339.2578989496,1146530.315651159,1.20922627980657,1342141424,57.0484053399823,49,1246421.0510864132,914
Bulacan,province,Bulacan,,,283066.79124504543,1629789.8571232855,,,,,,,,,,,,4628907.5,4615163.75,1.25,481795014,67.55007855813577,36,4494372.0205401825,915
Rizal,province,Rizal,,,296396.4449184756,1613849.6193749546,,,,,,,,,,,,4372570.0,4350498.75,1.25,286960106,23.077910321309332,8,4298901.546676257,916
Cavite,province,Cavite,,,282254.90153529955,1599030.926445256,,,,,,,,,,,,4725642.5,4732705.0,1.25,310734691,34.420204373693345,5,4616736.516195437,917
Laguna,province,Laguna,,,289188.7630645187,1590117.7569249482,,,,,,,,,,,,3618137.5,3620062.5,1.25,1083562534,23.31560505937486,98,3541036.0835849177,918
